timestamp,lat,lon
2014-05-19 07:00:00,-25.374540548,-49.2243601686
2014-05-19 07:00:10,-25.374540548,-49.2243601686
2014-05-19 07:00:20,-25.374540548,-49.2243601686
2014-05-19 07:00:30,-25.374540548,-49.2243601686
2014-05-19 07:00:40,-25.374540548,-49.2243601686
2014-05-19 07:00:50,-25.374540548,-49.2243601686
2014-05-19 07:01:00,-25.374540548,-49.2243601686
2014-05-19 07:01:10,-25.374540548,-49.2243601686
2014-05-19 07:01:20,-25.374540548,-49.2243601686
2014-05-19 07:01:30,-25.374540548,-49.2243601686
2014-05-19 07:01:40,-25.374540548,-49.2243601686
2014-05-19 07:01:50,-25.374540548,-49.2243601686
2014-05-19 07:02:00,-25.374540548,-49.2243601686
2014-05-19 07:02:10,-25.374540548,-49.2243601686
2014-05-19 07:02:20,-25.374540548,-49.2243601686
2014-05-19 07:02:30,-25.374540548,-49.2243601686
2014-05-19 07:02:40,-25.374540548,-49.2243601686
2014-05-19 07:02:50,-25.374540548,-49.2243601686
2014-05-19 07:03:00,-25.374540548,-49.2243601686
2014-05-19 07:03:10,-25.374540548,-49.2243601686
2014-05-19 07:03:20,-25.374540548,-49.2243601686
2014-05-19 07:03:30,-25.374540548,-49.2243601686
2014-05-19 07:03:40,-25.374540548,-49.2243601686
2014-05-19 07:03:50,-25.374540548,-49.2243601686
2014-05-19 07:04:00,-25.374540548,-49.2243601686
2014-05-19 07:04:10,-25.374540548,-49.2243601686
2014-05-19 07:04:20,-25.374540548,-49.2243601686
2014-05-19 07:04:30,-25.374540548,-49.2243601686
2014-05-19 07:04:40,-25.374540548,-49.2243601686
2014-05-19 07:04:50,-25.374540548,-49.2243601686
2014-05-19 07:05:00,-25.374540548,-49.2243601686
2014-05-19 07:05:10,-25.374540548,-49.2243601686
2014-05-19 07:05:20,-25.374540548,-49.2243601686
2014-05-19 07:05:30,-25.374540548,-49.2243601686
2014-05-19 07:05:40,-25.374540548,-49.2243601686
2014-05-19 07:05:50,-25.374540548,-49.2243601686
2014-05-19 07:06:00,-25.374540548,-49.2243601686
2014-05-19 07:06:10,-25.374540548,-49.2243601686
2014-05-19 07:06:20,-25.374540548,-49.2243601686
2014-05-19 07:06:30,-25.374540548,-49.2243601686
2014-05-19 07:06:40,-25.374540548,-49.2243601686
2014-05-19 07:06:50,-25.374540548,-49.2243601686
2014-05-19 07:07:00,-25.374540548,-49.2243601686
2014-05-19 07:07:10,-25.374540548,-49.2243601686
2014-05-19 07:07:20,-25.374540548,-49.2243601686
2014-05-19 07:07:30,-25.374540548,-49.2243601686
2014-05-19 07:07:40,-25.374540548,-49.2243601686
2014-05-19 07:07:50,-25.374540548,-49.2243601686
2014-05-19 07:08:00,-25.374540548,-49.2243601686
2014-05-19 07:08:10,-25.374540548,-49.2243601686
2014-05-19 07:08:20,-25.374540548,-49.2243601686
2014-05-19 07:08:30,-25.374540548,-49.2243601686
2014-05-19 07:08:40,-25.374540548,-49.2243601686
2014-05-19 07:08:50,-25.374540548,-49.2243601686
2014-05-19 07:09:00,-25.374540548,-49.2243601686
2014-05-19 07:09:10,-25.374540548,-49.2243601686
2014-05-19 07:09:20,-25.374540548,-49.2243601686
2014-05-19 07:09:30,-25.374540548,-49.2243601686
2014-05-19 07:09:40,-25.374540548,-49.2243601686
2014-05-19 07:09:50,-25.374540548,-49.2243601686
2014-05-19 07:10:00,-25.374540548,-49.2243601686
2014-05-19 07:10:10,-25.374540548,-49.2243601686
2014-05-19 07:10:20,-25.374540548,-49.2243601686
2014-05-19 07:10:30,-25.374540548,-49.2243601686
2014-05-19 07:10:40,-25.374540548,-49.2243601686
2014-05-19 07:10:50,-25.374540548,-49.2243601686
2014-05-19 07:11:00,-25.374540548,-49.2243601686
2014-05-19 07:11:10,-25.374540548,-49.2243601686
2014-05-19 07:11:20,-25.374540548,-49.2243601686
2014-05-19 07:11:30,-25.374540548,-49.2243601686
2014-05-19 07:11:40,-25.374540548,-49.2243601686
2014-05-19 07:11:50,-25.374540548,-49.2243601686
2014-05-19 07:12:00,-25.374540548,-49.2243601686
2014-05-19 07:12:10,-25.374540548,-49.2243601686
2014-05-19 07:12:20,-25.374540548,-49.2243601686
2014-05-19 07:12:30,-25.374540548,-49.2243601686
2014-05-19 07:12:40,-25.374540548,-49.2243601686
2014-05-19 07:12:50,-25.374540548,-49.2243601686
2014-05-19 07:13:00,-25.374540548,-49.2243601686
2014-05-19 07:13:10,-25.374540548,-49.2243601686
2014-05-19 07:13:20,-25.374540548,-49.2243601686
2014-05-19 07:13:30,-25.374540548,-49.2243601686
2014-05-19 07:13:40,-25.374540548,-49.2243601686
2014-05-19 07:13:50,-25.374540548,-49.2243601686
2014-05-19 07:14:00,-25.374540548,-49.2243601686
2014-05-19 07:14:10,-25.374540548,-49.2243601686
2014-05-19 07:14:20,-25.374540548,-49.2243601686
2014-05-19 07:14:30,-25.374540548,-49.2243601686
2014-05-19 07:14:40,-25.374540548,-49.2243601686
2014-05-19 07:14:50,-25.374540548,-49.2243601686
2014-05-19 07:15:00,-25.374540548,-49.2243601686
2014-05-19 07:15:10,-25.374540548,-49.2243601686
2014-05-19 07:15:20,-25.374540548,-49.2243601686
2014-05-19 07:15:30,-25.374540548,-49.2243601686
2014-05-19 07:15:40,-25.374540548,-49.2243601686
2014-05-19 07:15:50,-25.374540548,-49.2243601686
2014-05-19 07:16:00,-25.374540548,-49.2243601686
2014-05-19 07:16:10,-25.374540548,-49.2243601686
2014-05-19 07:16:20,-25.374540548,-49.2243601686
2014-05-19 07:16:30,-25.374540548,-49.2243601686
2014-05-19 07:16:40,-25.374540548,-49.2243601686
2014-05-19 07:16:50,-25.374540548,-49.2243601686
2014-05-19 07:17:00,-25.374540548,-49.2243601686
2014-05-19 07:17:10,-25.374540548,-49.2243601686
2014-05-19 07:17:20,-25.374540548,-49.2243601686
2014-05-19 07:17:30,-25.374540548,-49.2243601686
2014-05-19 07:17:40,-25.374540548,-49.2243601686
2014-05-19 07:17:50,-25.374540548,-49.2243601686
2014-05-19 07:18:00,-25.374540548,-49.2243601686
2014-05-19 07:18:10,-25.374540548,-49.2243601686
2014-05-19 07:18:20,-25.374540548,-49.2243601686
2014-05-19 07:18:30,-25.374540548,-49.2243601686
2014-05-19 07:18:40,-25.374540548,-49.2243601686
2014-05-19 07:18:50,-25.374540548,-49.2243601686
2014-05-19 07:19:00,-25.374540548,-49.2243601686
2014-05-19 07:19:10,-25.374540548,-49.2243601686
2014-05-19 07:19:20,-25.374540548,-49.2243601686
2014-05-19 07:19:30,-25.374540548,-49.2243601686
2014-05-19 07:19:40,-25.374540548,-49.2243601686
2014-05-19 07:19:50,-25.374540548,-49.2243601686
2014-05-19 07:20:00,-25.374540548,-49.2243601686
2014-05-19 07:20:10,-25.374540548,-49.2243601686
2014-05-19 07:20:20,-25.374540548,-49.2243601686
2014-05-19 07:20:30,-25.374540548,-49.2243601686
2014-05-19 07:20:40,-25.374540548,-49.2243601686
2014-05-19 07:20:50,-25.374540548,-49.2243601686
2014-05-19 07:21:00,-25.374540548,-49.2243601686
2014-05-19 07:21:10,-25.374540548,-49.2243601686
2014-05-19 07:21:20,-25.374540548,-49.2243601686
2014-05-19 07:21:30,-25.374540548,-49.2243601686
2014-05-19 07:21:40,-25.374540548,-49.2243601686
2014-05-19 07:21:50,-25.374540548,-49.2243601686
2014-05-19 07:22:00,-25.374540548,-49.2243601686
2014-05-19 07:22:10,-25.374540548,-49.2243601686
2014-05-19 07:22:20,-25.374540548,-49.2243601686
2014-05-19 07:22:30,-25.374540548,-49.2243601686
2014-05-19 07:22:40,-25.374540548,-49.2243601686
2014-05-19 07:22:50,-25.374540548,-49.2243601686
2014-05-19 07:23:00,-25.374540548,-49.2243601686
2014-05-19 07:23:10,-25.374540548,-49.2243601686
2014-05-19 07:23:20,-25.374540548,-49.2243601686
2014-05-19 07:23:30,-25.374540548,-49.2243601686
2014-05-19 07:23:40,-25.374540548,-49.2243601686
2014-05-19 07:23:50,-25.374540548,-49.2243601686
2014-05-19 07:24:00,-25.374540548,-49.2243601686
2014-05-19 07:24:10,-25.374540548,-49.2243601686
2014-05-19 07:24:20,-25.374540548,-49.2243601686
2014-05-19 07:24:30,-25.374540548,-49.2243601686
2014-05-19 07:24:40,-25.374540548,-49.2243601686
2014-05-19 07:24:50,-25.374540548,-49.2243601686
2014-05-19 07:25:00,-25.374540548,-49.2243601686
2014-05-19 07:25:10,-25.374540548,-49.2243601686
2014-05-19 07:25:20,-25.374540548,-49.2243601686
2014-05-19 07:25:30,-25.374540548,-49.2243601686
2014-05-19 07:25:40,-25.374540548,-49.2243601686
2014-05-19 07:25:50,-25.374540548,-49.2243601686
2014-05-19 07:26:00,-25.374540548,-49.2243601686
2014-05-19 07:26:10,-25.374540548,-49.2243601686
2014-05-19 07:26:20,-25.374540548,-49.2243601686
2014-05-19 07:26:30,-25.374540548,-49.2243601686
2014-05-19 07:26:40,-25.374540548,-49.2243601686
2014-05-19 07:26:50,-25.374540548,-49.2243601686
2014-05-19 07:27:00,-25.374540548,-49.2243601686
2014-05-19 07:27:10,-25.374540548,-49.2243601686
2014-05-19 07:27:20,-25.374540548,-49.2243601686
2014-05-19 07:27:30,-25.374540548,-49.2243601686
2014-05-19 07:27:40,-25.374540548,-49.2243601686
2014-05-19 07:27:50,-25.374540548,-49.2243601686
2014-05-19 07:28:00,-25.374540548,-49.2243601686
2014-05-19 07:28:10,-25.374540548,-49.2243601686
2014-05-19 07:28:20,-25.374540548,-49.2243601686
2014-05-19 07:28:30,-25.374540548,-49.2243601686
2014-05-19 07:28:40,-25.374540548,-49.2243601686
2014-05-19 07:28:50,-25.374540548,-49.2243601686
2014-05-19 07:29:00,-25.374540548,-49.2243601686
2014-05-19 07:29:10,-25.374540548,-49.2243601686
2014-05-19 07:29:20,-25.374540548,-49.2243601686
2014-05-19 07:29:30,-25.374540548,-49.2243601686
2014-05-19 07:29:40,-25.374540548,-49.2243601686
2014-05-19 07:29:50,-25.374540548,-49.2243601686
2014-05-19 07:30:00,-25.374540548,-49.2243601686
2014-05-19 07:30:10,-25.374540548,-49.2243601686
2014-05-19 07:30:20,-25.374540548,-49.2243601686
2014-05-19 07:30:30,-25.374540548,-49.2243601686
2014-05-19 07:30:40,-25.374540548,-49.2243601686
2014-05-19 07:30:50,-25.374540548,-49.2243601686
2014-05-19 07:31:00,-25.374540548,-49.2243601686
2014-05-19 07:31:10,-25.374540548,-49.2243601686
2014-05-19 07:31:20,-25.374540548,-49.2243601686
2014-05-19 07:31:30,-25.374540548,-49.2243601686
2014-05-19 07:31:40,-25.374540548,-49.2243601686
2014-05-19 07:31:50,-25.374540548,-49.2243601686
2014-05-19 07:32:00,-25.374540548,-49.2243601686
2014-05-19 07:32:10,-25.374540548,-49.2243601686
2014-05-19 07:32:20,-25.374540548,-49.2243601686
2014-05-19 07:32:30,-25.374540548,-49.2243601686
2014-05-19 07:32:40,-25.374540548,-49.2243601686
2014-05-19 07:32:50,-25.374540548,-49.2243601686
2014-05-19 07:33:00,-25.374540548,-49.2243601686
2014-05-19 07:33:10,-25.374540548,-49.2243601686
2014-05-19 07:33:20,-25.374540548,-49.2243601686
2014-05-19 07:33:30,-25.374540548,-49.2243601686
2014-05-19 07:33:40,-25.374540548,-49.2243601686
2014-05-19 07:33:50,-25.374540548,-49.2243601686
2014-05-19 07:34:00,-25.374540548,-49.2243601686
2014-05-19 07:34:10,-25.374540548,-49.2243601686
2014-05-19 07:34:20,-25.374540548,-49.2243601686
2014-05-19 07:34:30,-25.374540548,-49.2243601686
2014-05-19 07:34:40,-25.374540548,-49.2243601686
2014-05-19 07:34:50,-25.374540548,-49.2243601686
2014-05-19 07:35:00,-25.374540548,-49.2243601686
2014-05-19 07:35:10,-25.374540548,-49.2243601686
2014-05-19 07:35:20,-25.374540548,-49.2243601686
2014-05-19 07:35:30,-25.374540548,-49.2243601686
2014-05-19 07:35:40,-25.374540548,-49.2243601686
2014-05-19 07:35:50,-25.374540548,-49.2243601686
2014-05-19 07:36:00,-25.374540548,-49.2243601686
2014-05-19 07:36:10,-25.374540548,-49.2243601686
2014-05-19 07:36:20,-25.374540548,-49.2243601686
2014-05-19 07:36:30,-25.374540548,-49.2243601686
2014-05-19 07:36:40,-25.374540548,-49.2243601686
2014-05-19 07:36:50,-25.374540548,-49.2243601686
2014-05-19 07:37:00,-25.374540548,-49.2243601686
2014-05-19 07:37:10,-25.374540548,-49.2243601686
2014-05-19 07:37:20,-25.374540548,-49.2243601686
2014-05-19 07:37:30,-25.374540548,-49.2243601686
2014-05-19 07:37:40,-25.374540548,-49.2243601686
2014-05-19 07:37:50,-25.374540548,-49.2243601686
2014-05-19 07:38:00,-25.374540548,-49.2243601686
2014-05-19 07:38:10,-25.374540548,-49.2243601686
2014-05-19 07:38:20,-25.374540548,-49.2243601686
2014-05-19 07:38:30,-25.374540548,-49.2243601686
2014-05-19 07:38:40,-25.374540548,-49.2243601686
2014-05-19 07:38:50,-25.374540548,-49.2243601686
2014-05-19 07:39:00,-25.374540548,-49.2243601686
2014-05-19 07:39:10,-25.374540548,-49.2243601686
2014-05-19 07:39:20,-25.374540548,-49.2243601686
2014-05-19 07:39:30,-25.374540548,-49.2243601686
2014-05-19 07:39:40,-25.374540548,-49.2243601686
2014-05-19 07:39:50,-25.374540548,-49.2243601686
2014-05-19 07:40:00,-25.374540548,-49.2243601686
2014-05-19 07:40:10,-25.374540548,-49.2243601686
2014-05-19 07:40:20,-25.374540548,-49.2243601686
2014-05-19 07:40:30,-25.374540548,-49.2243601686
2014-05-19 07:40:40,-25.374540548,-49.2243601686
2014-05-19 07:40:50,-25.374540548,-49.2243601686
2014-05-19 07:41:00,-25.374540548,-49.2243601686
2014-05-19 07:41:10,-25.374540548,-49.2243601686
2014-05-19 07:41:20,-25.374540548,-49.2243601686
2014-05-19 07:41:30,-25.374540548,-49.2243601686
2014-05-19 07:41:40,-25.374540548,-49.2243601686
2014-05-19 07:41:50,-25.374540548,-49.2243601686
2014-05-19 07:42:00,-25.374540548,-49.2243601686
2014-05-19 07:42:10,-25.374540548,-49.2243601686
2014-05-19 07:42:20,-25.374540548,-49.2243601686
2014-05-19 07:42:30,-25.374540548,-49.2243601686
2014-05-19 07:42:40,-25.374540548,-49.2243601686
2014-05-19 07:42:50,-25.374540548,-49.2243601686
2014-05-19 07:43:00,-25.374540548,-49.2243601686
2014-05-19 07:43:10,-25.374540548,-49.2243601686
2014-05-19 07:43:20,-25.374540548,-49.2243601686
2014-05-19 07:43:30,-25.374540548,-49.2243601686
2014-05-19 07:43:40,-25.374540548,-49.2243601686
2014-05-19 07:43:50,-25.374540548,-49.2243601686
2014-05-19 07:44:00,-25.374540548,-49.2243601686
2014-05-19 07:44:10,-25.374540548,-49.2243601686
2014-05-19 07:44:20,-25.374540548,-49.2243601686
2014-05-19 07:44:30,-25.374540548,-49.2243601686
2014-05-19 07:44:40,-25.374540548,-49.2243601686
2014-05-19 07:44:50,-25.374540548,-49.2243601686
2014-05-19 07:45:00,-25.374540548,-49.2243601686
2014-05-19 07:45:10,-25.374540548,-49.2243601686
2014-05-19 07:45:20,-25.374540548,-49.2243601686
2014-05-19 07:45:30,-25.374540548,-49.2243601686
2014-05-19 07:45:40,-25.374540548,-49.2243601686
2014-05-19 07:45:50,-25.374540548,-49.2243601686
2014-05-19 07:46:00,-25.374540548,-49.2243601686
2014-05-19 07:46:10,-25.374540548,-49.2243601686
2014-05-19 07:46:20,-25.374540548,-49.2243601686
2014-05-19 07:46:30,-25.374540548,-49.2243601686
2014-05-19 07:46:40,-25.374540548,-49.2243601686
2014-05-19 07:46:50,-25.374540548,-49.2243601686
2014-05-19 07:47:00,-25.374540548,-49.2243601686
2014-05-19 07:47:10,-25.374540548,-49.2243601686
2014-05-19 07:47:20,-25.374540548,-49.2243601686
2014-05-19 07:47:30,-25.374540548,-49.2243601686
2014-05-19 07:47:40,-25.374540548,-49.2243601686
2014-05-19 07:47:50,-25.374540548,-49.2243601686
2014-05-19 07:48:00,-25.374540548,-49.2243601686
2014-05-19 07:48:10,-25.374540548,-49.2243601686
2014-05-19 07:48:20,-25.374540548,-49.2243601686
2014-05-19 07:48:30,-25.374540548,-49.2243601686
2014-05-19 07:48:40,-25.374540548,-49.2243601686
2014-05-19 07:48:50,-25.374540548,-49.2243601686
2014-05-19 07:49:00,-25.374540548,-49.2243601686
2014-05-19 07:49:10,-25.374540548,-49.2243601686
2014-05-19 07:49:20,-25.374540548,-49.2243601686
2014-05-19 07:49:30,-25.374540548,-49.2243601686
2014-05-19 07:49:40,-25.374540548,-49.2243601686
2014-05-19 07:49:50,-25.374540548,-49.2243601686
2014-05-19 07:50:00,-25.374540548,-49.2243601686
2014-05-19 07:50:10,-25.374540548,-49.2243601686
2014-05-19 07:50:20,-25.374540548,-49.2243601686
2014-05-19 07:50:30,-25.374540548,-49.2243601686
2014-05-19 07:50:40,-25.374540548,-49.2243601686
2014-05-19 07:50:50,-25.374540548,-49.2243601686
2014-05-19 07:51:00,-25.374540548,-49.2243601686
2014-05-19 07:51:10,-25.374540548,-49.2243601686
2014-05-19 07:51:20,-25.374540548,-49.2243601686
2014-05-19 07:51:30,-25.374540548,-49.2243601686
2014-05-19 07:51:40,-25.374540548,-49.2243601686
2014-05-19 07:51:50,-25.374540548,-49.2243601686
2014-05-19 07:52:00,-25.374540548,-49.2243601686
2014-05-19 07:52:10,-25.374540548,-49.2243601686
2014-05-19 07:52:20,-25.374540548,-49.2243601686
2014-05-19 07:52:30,-25.374540548,-49.2243601686
2014-05-19 07:52:40,-25.374540548,-49.2243601686
2014-05-19 07:52:50,-25.374540548,-49.2243601686
2014-05-19 07:53:00,-25.374540548,-49.2243601686
2014-05-19 07:53:10,-25.374540548,-49.2243601686
2014-05-19 07:53:20,-25.374540548,-49.2243601686
2014-05-19 07:53:30,-25.374540548,-49.2243601686
2014-05-19 07:53:40,-25.374540548,-49.2243601686
2014-05-19 07:53:50,-25.374540548,-49.2243601686
2014-05-19 07:54:00,-25.374540548,-49.2243601686
2014-05-19 07:54:10,-25.374540548,-49.2243601686
2014-05-19 07:54:20,-25.374540548,-49.2243601686
2014-05-19 07:54:30,-25.374540548,-49.2243601686
2014-05-19 07:54:40,-25.374540548,-49.2243601686
2014-05-19 07:54:50,-25.374540548,-49.2243601686
2014-05-19 07:55:00,-25.374540548,-49.2243601686
2014-05-19 07:55:10,-25.374540548,-49.2243601686
2014-05-19 07:55:20,-25.374540548,-49.2243601686
2014-05-19 07:55:30,-25.374540548,-49.2243601686
2014-05-19 07:55:40,-25.374540548,-49.2243601686
2014-05-19 07:55:50,-25.374540548,-49.2243601686
2014-05-19 07:56:00,-25.374540548,-49.2243601686
2014-05-19 07:56:10,-25.374540548,-49.2243601686
2014-05-19 07:56:20,-25.374540548,-49.2243601686
2014-05-19 07:56:30,-25.374540548,-49.2243601686
2014-05-19 07:56:40,-25.374540548,-49.2243601686
2014-05-19 07:56:50,-25.374540548,-49.2243601686
2014-05-19 07:57:00,-25.374540548,-49.2243601686
2014-05-19 07:57:10,-25.374540548,-49.2243601686
2014-05-19 07:57:20,-25.374540548,-49.2243601686
2014-05-19 07:57:30,-25.374540548,-49.2243601686
2014-05-19 07:57:40,-25.374540548,-49.2243601686
2014-05-19 07:57:50,-25.374540548,-49.2243601686
2014-05-19 07:58:00,-25.374540548,-49.2243601686
2014-05-19 07:58:10,-25.374540548,-49.2243601686
2014-05-19 07:58:20,-25.374540548,-49.2243601686
2014-05-19 07:58:30,-25.374540548,-49.2243601686
2014-05-19 07:58:40,-25.374540548,-49.2243601686
2014-05-19 07:58:50,-25.374540548,-49.2243601686
2014-05-19 07:59:00,-25.374540548,-49.2243601686
2014-05-19 07:59:10,-25.374540548,-49.2243601686
2014-05-19 07:59:20,-25.374540548,-49.2243601686
2014-05-19 07:59:30,-25.374540548,-49.2243601686
2014-05-19 07:59:40,-25.374540548,-49.2243601686
2014-05-19 07:59:50,-25.374540548,-49.2243601686
2014-05-19 08:00:00,-25.374540548,-49.2243601686
2014-05-19 08:00:10,-25.374540548,-49.2243601686
2014-05-19 08:00:20,-25.374540548,-49.2243601686
2014-05-19 08:00:30,-25.374540548,-49.2243601686
2014-05-19 08:00:40,-25.374540548,-49.2243601686
2014-05-19 08:00:50,-25.374540548,-49.2243601686
2014-05-19 08:01:00,-25.374540548,-49.2243601686
2014-05-19 08:01:10,-25.374540548,-49.2243601686
2014-05-19 08:01:20,-25.374540548,-49.2243601686
2014-05-19 08:01:30,-25.374540548,-49.2243601686
2014-05-19 08:01:40,-25.374540548,-49.2243601686
2014-05-19 08:01:50,-25.374540548,-49.2243601686
2014-05-19 08:02:00,-25.374540548,-49.2243601686
2014-05-19 08:02:10,-25.374540548,-49.2243601686
2014-05-19 08:02:20,-25.374540548,-49.2243601686
2014-05-19 08:02:30,-25.374540548,-49.2243601686
2014-05-19 08:02:40,-25.374540548,-49.2243601686
2014-05-19 08:02:50,-25.374540548,-49.2243601686
2014-05-19 08:03:00,-25.374540548,-49.2243601686
2014-05-19 08:03:10,-25.374540548,-49.2243601686
2014-05-19 08:03:20,-25.374540548,-49.2243601686
2014-05-19 08:03:30,-25.374540548,-49.2243601686
2014-05-19 08:03:40,-25.374540548,-49.2243601686
2014-05-19 08:03:50,-25.374540548,-49.2243601686
2014-05-19 08:04:00,-25.374540548,-49.2243601686
2014-05-19 08:04:10,-25.374540548,-49.2243601686
2014-05-19 08:04:20,-25.374540548,-49.2243601686
2014-05-19 08:04:30,-25.374540548,-49.2243601686
2014-05-19 08:04:40,-25.374540548,-49.2243601686
2014-05-19 08:04:50,-25.374540548,-49.2243601686
2014-05-19 08:05:00,-25.374540548,-49.2243601686
2014-05-19 08:05:10,-25.374540548,-49.2243601686
2014-05-19 08:05:20,-25.374540548,-49.2243601686
2014-05-19 08:05:30,-25.374540548,-49.2243601686
2014-05-19 08:05:40,-25.374540548,-49.2243601686
2014-05-19 08:05:50,-25.374540548,-49.2243601686
2014-05-19 08:06:00,-25.374540548,-49.2243601686
2014-05-19 08:06:10,-25.374540548,-49.2243601686
2014-05-19 08:06:20,-25.374540548,-49.2243601686
2014-05-19 08:06:30,-25.374540548,-49.2243601686
2014-05-19 08:06:40,-25.374540548,-49.2243601686
2014-05-19 08:06:50,-25.374540548,-49.2243601686
2014-05-19 08:07:00,-25.374540548,-49.2243601686
2014-05-19 08:07:10,-25.374540548,-49.2243601686
2014-05-19 08:07:20,-25.374540548,-49.2243601686
2014-05-19 08:07:30,-25.374540548,-49.2243601686
2014-05-19 08:07:40,-25.374540548,-49.2243601686
2014-05-19 08:07:50,-25.374540548,-49.2243601686
2014-05-19 08:08:00,-25.374540548,-49.2243601686
2014-05-19 08:08:10,-25.374540548,-49.2243601686
2014-05-19 08:08:20,-25.374540548,-49.2243601686
2014-05-19 08:08:30,-25.374540548,-49.2243601686
2014-05-19 08:08:40,-25.374540548,-49.2243601686
2014-05-19 08:08:50,-25.374540548,-49.2243601686
2014-05-19 08:09:00,-25.374540548,-49.2243601686
2014-05-19 08:09:10,-25.374540548,-49.2243601686
2014-05-19 08:09:20,-25.374540548,-49.2243601686
2014-05-19 08:09:30,-25.374540548,-49.2243601686
2014-05-19 08:09:40,-25.374540548,-49.2243601686
2014-05-19 08:09:50,-25.374540548,-49.2243601686
2014-05-19 08:10:00,-25.374540548,-49.2243601686
2014-05-19 08:10:10,-25.374540548,-49.2243601686
2014-05-19 08:10:20,-25.374540548,-49.2243601686
2014-05-19 08:10:30,-25.374540548,-49.2243601686
2014-05-19 08:10:40,-25.374540548,-49.2243601686
2014-05-19 08:10:50,-25.374540548,-49.2243601686
2014-05-19 08:11:00,-25.374540548,-49.2243601686
2014-05-19 08:11:10,-25.374540548,-49.2243601686
2014-05-19 08:11:20,-25.374540548,-49.2243601686
2014-05-19 08:11:30,-25.374540548,-49.2243601686
2014-05-19 08:11:40,-25.374540548,-49.2243601686
2014-05-19 08:11:50,-25.374540548,-49.2243601686
2014-05-19 08:12:00,-25.374540548,-49.2243601686
2014-05-19 08:12:10,-25.374540548,-49.2243601686
2014-05-19 08:12:20,-25.374540548,-49.2243601686
2014-05-19 08:12:30,-25.374540548,-49.2243601686
2014-05-19 08:12:40,-25.374540548,-49.2243601686
2014-05-19 08:12:50,-25.374540548,-49.2243601686
2014-05-19 08:13:00,-25.374540548,-49.2243601686
2014-05-19 08:13:10,-25.374540548,-49.2243601686
2014-05-19 08:13:20,-25.374540548,-49.2243601686
2014-05-19 08:13:30,-25.374540548,-49.2243601686
2014-05-19 08:13:40,-25.374540548,-49.2243601686
2014-05-19 08:13:50,-25.374540548,-49.2243601686
2014-05-19 08:14:00,-25.374540548,-49.2243601686
2014-05-19 08:14:10,-25.374540548,-49.2243601686
2014-05-19 08:14:20,-25.374540548,-49.2243601686
2014-05-19 08:14:30,-25.374540548,-49.2243601686
2014-05-19 08:14:40,-25.374540548,-49.2243601686
2014-05-19 08:14:50,-25.374540548,-49.2243601686
2014-05-19 08:15:00,-25.374540548,-49.2243601686
2014-05-19 08:15:10,-25.374540548,-49.2243601686
2014-05-19 08:15:20,-25.374540548,-49.2243601686
2014-05-19 08:15:30,-25.374540548,-49.2243601686
2014-05-19 08:15:40,-25.374540548,-49.2243601686
2014-05-19 08:15:50,-25.374540548,-49.2243601686
2014-05-19 08:16:00,-25.374540548,-49.2243601686
2014-05-19 08:16:10,-25.374540548,-49.2243601686
2014-05-19 08:16:20,-25.374540548,-49.2243601686
2014-05-19 08:16:30,-25.374540548,-49.2243601686
2014-05-19 08:16:40,-25.374540548,-49.2243601686
2014-05-19 08:16:50,-25.374540548,-49.2243601686
2014-05-19 08:17:00,-25.374540548,-49.2243601686
2014-05-19 08:17:10,-25.374540548,-49.2243601686
2014-05-19 08:17:20,-25.374540548,-49.2243601686
2014-05-19 08:17:30,-25.374540548,-49.2243601686
2014-05-19 08:17:40,-25.374540548,-49.2243601686
2014-05-19 08:17:50,-25.374540548,-49.2243601686
2014-05-19 08:18:00,-25.374540548,-49.2243601686
2014-05-19 08:18:10,-25.374540548,-49.2243601686
2014-05-19 08:18:20,-25.374540548,-49.2243601686
2014-05-19 08:18:30,-25.374540548,-49.2243601686
2014-05-19 08:18:40,-25.374540548,-49.2243601686
2014-05-19 08:18:50,-25.374540548,-49.2243601686
2014-05-19 08:19:00,-25.374540548,-49.2243601686
2014-05-19 08:19:10,-25.374540548,-49.2243601686
2014-05-19 08:19:20,-25.374540548,-49.2243601686
2014-05-19 08:19:30,-25.374540548,-49.2243601686
2014-05-19 08:19:40,-25.374540548,-49.2243601686
2014-05-19 08:19:50,-25.374540548,-49.2243601686
2014-05-19 08:20:00,-25.374540548,-49.2243601686
2014-05-19 08:20:10,-25.374540548,-49.2243601686
2014-05-19 08:20:20,-25.374540548,-49.2243601686
2014-05-19 08:20:30,-25.374540548,-49.2243601686
2014-05-19 08:20:40,-25.374540548,-49.2243601686
2014-05-19 08:20:50,-25.374540548,-49.2243601686
2014-05-19 08:21:00,-25.374540548,-49.2243601686
2014-05-19 08:21:10,-25.374540548,-49.2243601686
2014-05-19 08:21:20,-25.374540548,-49.2243601686
2014-05-19 08:21:30,-25.374540548,-49.2243601686
2014-05-19 08:21:40,-25.374540548,-49.2243601686
2014-05-19 08:21:50,-25.374540548,-49.2243601686
2014-05-19 08:22:00,-25.374540548,-49.2243601686
2014-05-19 08:22:10,-25.374540548,-49.2243601686
2014-05-19 08:22:20,-25.374540548,-49.2243601686
2014-05-19 08:22:30,-25.374540548,-49.2243601686
2014-05-19 08:22:40,-25.374540548,-49.2243601686
2014-05-19 08:22:50,-25.374540548,-49.2243601686
2014-05-19 08:23:00,-25.374540548,-49.2243601686
2014-05-19 08:23:10,-25.374540548,-49.2243601686
2014-05-19 08:23:20,-25.374540548,-49.2243601686
2014-05-19 08:23:30,-25.374540548,-49.2243601686
2014-05-19 08:23:40,-25.374540548,-49.2243601686
2014-05-19 08:23:50,-25.374540548,-49.2243601686
2014-05-19 08:24:00,-25.374540548,-49.2243601686
2014-05-19 08:24:10,-25.374540548,-49.2243601686
2014-05-19 08:24:20,-25.374540548,-49.2243601686
2014-05-19 08:24:30,-25.374540548,-49.2243601686
2014-05-19 08:24:40,-25.374540548,-49.2243601686
2014-05-19 08:24:50,-25.374540548,-49.2243601686
2014-05-19 08:25:00,-25.374540548,-49.2243601686
2014-05-19 08:25:10,-25.374540548,-49.2243601686
2014-05-19 08:25:20,-25.374540548,-49.2243601686
2014-05-19 08:25:30,-25.374540548,-49.2243601686
2014-05-19 08:25:40,-25.374540548,-49.2243601686
2014-05-19 08:25:50,-25.374540548,-49.2243601686
2014-05-19 08:26:00,-25.374540548,-49.2243601686
2014-05-19 08:26:10,-25.374540548,-49.2243601686
2014-05-19 08:26:20,-25.374540548,-49.2243601686
2014-05-19 08:26:30,-25.374540548,-49.2243601686
2014-05-19 08:26:40,-25.374540548,-49.2243601686
2014-05-19 08:26:50,-25.374540548,-49.2243601686
2014-05-19 08:27:00,-25.374540548,-49.2243601686
2014-05-19 08:27:10,-25.374540548,-49.2243601686
2014-05-19 08:27:20,-25.374540548,-49.2243601686
2014-05-19 08:27:30,-25.374540548,-49.2243601686
2014-05-19 08:27:40,-25.374540548,-49.2243601686
2014-05-19 08:27:50,-25.374540548,-49.2243601686
2014-05-19 08:28:00,-25.374540548,-49.2243601686
2014-05-19 08:28:10,-25.374540548,-49.2243601686
2014-05-19 08:28:20,-25.374540548,-49.2243601686
2014-05-19 08:28:30,-25.374540548,-49.2243601686
2014-05-19 08:28:40,-25.374540548,-49.2243601686
2014-05-19 08:28:50,-25.374540548,-49.2243601686
2014-05-19 08:29:00,-25.374540548,-49.2243601686
2014-05-19 08:29:10,-25.374540548,-49.2243601686
2014-05-19 08:29:20,-25.374540548,-49.2243601686
2014-05-19 08:29:30,-25.374540548,-49.2243601686
2014-05-19 08:29:40,-25.374540548,-49.2243601686
2014-05-19 08:29:50,-25.374540548,-49.2243601686
2014-05-19 08:30:00,-25.374540548,-49.2243601686
2014-05-19 08:30:10,-25.374540548,-49.2243601686
2014-05-19 08:30:20,-25.374540548,-49.2243601686
2014-05-19 08:30:30,-25.374540548,-49.2243601686
2014-05-19 08:30:40,-25.374540548,-49.2243601686
2014-05-19 08:30:50,-25.374540548,-49.2243601686
2014-05-19 08:31:00,-25.374540548,-49.2243601686
2014-05-19 08:31:10,-25.374540548,-49.2243601686
2014-05-19 08:31:20,-25.374540548,-49.2243601686
2014-05-19 08:31:30,-25.374540548,-49.2243601686
2014-05-19 08:31:40,-25.374540548,-49.2243601686
2014-05-19 08:31:50,-25.374540548,-49.2243601686
2014-05-19 08:32:00,-25.374540548,-49.2243601686
2014-05-19 08:32:10,-25.374540548,-49.2243601686
2014-05-19 08:32:20,-25.374540548,-49.2243601686
2014-05-19 08:32:30,-25.374540548,-49.2243601686
2014-05-19 08:32:40,-25.374540548,-49.2243601686
2014-05-19 08:32:50,-25.374540548,-49.2243601686
2014-05-19 08:33:00,-25.374540548,-49.2243601686
2014-05-19 08:33:10,-25.374540548,-49.2243601686
2014-05-19 08:33:20,-25.374540548,-49.2243601686
2014-05-19 08:33:30,-25.374540548,-49.2243601686
2014-05-19 08:33:40,-25.374540548,-49.2243601686
2014-05-19 08:33:50,-25.374540548,-49.2243601686
2014-05-19 08:34:00,-25.374540548,-49.2243601686
2014-05-19 08:34:10,-25.374540548,-49.2243601686
2014-05-19 08:34:20,-25.374540548,-49.2243601686
2014-05-19 08:34:30,-25.374540548,-49.2243601686
2014-05-19 08:34:40,-25.374540548,-49.2243601686
2014-05-19 08:34:50,-25.374540548,-49.2243601686
2014-05-19 08:35:00,-25.374540548,-49.2243601686
2014-05-19 08:35:10,-25.374540548,-49.2243601686
2014-05-19 08:35:20,-25.374540548,-49.2243601686
2014-05-19 08:35:30,-25.374540548,-49.2243601686
2014-05-19 08:35:40,-25.374540548,-49.2243601686
2014-05-19 08:35:50,-25.374540548,-49.2243601686
2014-05-19 08:36:00,-25.374540548,-49.2243601686
2014-05-19 08:36:10,-25.374540548,-49.2243601686
2014-05-19 08:36:20,-25.374540548,-49.2243601686
2014-05-19 08:36:30,-25.374540548,-49.2243601686
2014-05-19 08:36:40,-25.374540548,-49.2243601686
2014-05-19 08:36:50,-25.374540548,-49.2243601686
2014-05-19 08:37:00,-25.374540548,-49.2243601686
2014-05-19 08:37:10,-25.374540548,-49.2243601686
2014-05-19 08:37:20,-25.374540548,-49.2243601686
2014-05-19 08:37:30,-25.374540548,-49.2243601686
2014-05-19 08:37:40,-25.374540548,-49.2243601686
2014-05-19 08:37:50,-25.374540548,-49.2243601686
2014-05-19 08:38:00,-25.374540548,-49.2243601686
2014-05-19 08:38:10,-25.374540548,-49.2243601686
2014-05-19 08:38:20,-25.374540548,-49.2243601686
2014-05-19 08:38:30,-25.374540548,-49.2243601686
2014-05-19 08:38:40,-25.374540548,-49.2243601686
2014-05-19 08:38:50,-25.374540548,-49.2243601686
2014-05-19 08:39:00,-25.374540548,-49.2243601686
2014-05-19 08:39:10,-25.374540548,-49.2243601686
2014-05-19 08:39:20,-25.374540548,-49.2243601686
2014-05-19 08:39:30,-25.374540548,-49.2243601686
2014-05-19 08:39:40,-25.374540548,-49.2243601686
2014-05-19 08:39:50,-25.374540548,-49.2243601686
2014-05-19 08:40:00,-25.374540548,-49.2243601686
2014-05-19 08:40:10,-25.374540548,-49.2243601686
2014-05-19 08:40:20,-25.374540548,-49.2243601686
2014-05-19 08:40:30,-25.374540548,-49.2243601686
2014-05-19 08:40:40,-25.374540548,-49.2243601686
2014-05-19 08:40:50,-25.374540548,-49.2243601686
2014-05-19 08:41:00,-25.374540548,-49.2243601686
2014-05-19 08:41:10,-25.374540548,-49.2243601686
2014-05-19 08:41:20,-25.374540548,-49.2243601686
2014-05-19 08:41:30,-25.374540548,-49.2243601686
2014-05-19 08:41:40,-25.374540548,-49.2243601686
2014-05-19 08:41:50,-25.374540548,-49.2243601686
2014-05-19 08:42:00,-25.374540548,-49.2243601686
2014-05-19 08:42:10,-25.374540548,-49.2243601686
2014-05-19 08:42:20,-25.374540548,-49.2243601686
2014-05-19 08:42:30,-25.374540548,-49.2243601686
2014-05-19 08:42:40,-25.374540548,-49.2243601686
2014-05-19 08:42:50,-25.374540548,-49.2243601686
2014-05-19 08:43:00,-25.374540548,-49.2243601686
2014-05-19 08:43:10,-25.374540548,-49.2243601686
2014-05-19 08:43:20,-25.374540548,-49.2243601686
2014-05-19 08:43:30,-25.374540548,-49.2243601686
2014-05-19 08:43:40,-25.374540548,-49.2243601686
2014-05-19 08:43:50,-25.374540548,-49.2243601686
2014-05-19 08:44:00,-25.374540548,-49.2243601686
2014-05-19 08:44:10,-25.374540548,-49.2243601686
2014-05-19 08:44:20,-25.374540548,-49.2243601686
2014-05-19 08:44:30,-25.374540548,-49.2243601686
2014-05-19 08:44:40,-25.374540548,-49.2243601686
2014-05-19 08:44:50,-25.374540548,-49.2243601686
2014-05-19 08:45:00,-25.374540548,-49.2243601686
2014-05-19 08:45:10,-25.374540548,-49.2243601686
2014-05-19 08:45:20,-25.374540548,-49.2243601686
2014-05-19 08:45:30,-25.374540548,-49.2243601686
2014-05-19 08:45:40,-25.374540548,-49.2243601686
2014-05-19 08:45:50,-25.374540548,-49.2243601686
2014-05-19 08:46:00,-25.374540548,-49.2243601686
2014-05-19 08:46:10,-25.374540548,-49.2243601686
2014-05-19 08:46:20,-25.374540548,-49.2243601686
2014-05-19 08:46:30,-25.374540548,-49.2243601686
2014-05-19 08:46:40,-25.374540548,-49.2243601686
2014-05-19 08:46:50,-25.374540548,-49.2243601686
2014-05-19 08:47:00,-25.374540548,-49.2243601686
2014-05-19 08:47:10,-25.374540548,-49.2243601686
2014-05-19 08:47:20,-25.374540548,-49.2243601686
2014-05-19 08:47:30,-25.374540548,-49.2243601686
2014-05-19 08:47:40,-25.374540548,-49.2243601686
2014-05-19 08:47:50,-25.374540548,-49.2243601686
2014-05-19 08:48:00,-25.374540548,-49.2243601686
2014-05-19 08:48:10,-25.374540548,-49.2243601686
2014-05-19 08:48:20,-25.374540548,-49.2243601686
2014-05-19 08:48:30,-25.374540548,-49.2243601686
2014-05-19 08:48:40,-25.374540548,-49.2243601686
2014-05-19 08:48:50,-25.374540548,-49.2243601686
2014-05-19 08:49:00,-25.374540548,-49.2243601686
2014-05-19 08:49:10,-25.374540548,-49.2243601686
2014-05-19 08:49:20,-25.374540548,-49.2243601686
2014-05-19 08:49:30,-25.374540548,-49.2243601686
2014-05-19 08:49:40,-25.374540548,-49.2243601686
2014-05-19 08:49:50,-25.374540548,-49.2243601686
2014-05-19 08:50:00,-25.374540548,-49.2243601686
2014-05-19 08:50:10,-25.374540548,-49.2243601686
2014-05-19 08:50:20,-25.374540548,-49.2243601686
2014-05-19 08:50:30,-25.374540548,-49.2243601686
2014-05-19 08:50:40,-25.374540548,-49.2243601686
2014-05-19 08:50:50,-25.374540548,-49.2243601686
2014-05-19 08:51:00,-25.374540548,-49.2243601686
2014-05-19 08:51:10,-25.374540548,-49.2243601686
2014-05-19 08:51:20,-25.374540548,-49.2243601686
2014-05-19 08:51:30,-25.374540548,-49.2243601686
2014-05-19 08:51:40,-25.374540548,-49.2243601686
2014-05-19 08:51:50,-25.374540548,-49.2243601686
2014-05-19 08:52:00,-25.374540548,-49.2243601686
2014-05-19 08:52:10,-25.374540548,-49.2243601686
2014-05-19 08:52:20,-25.374540548,-49.2243601686
2014-05-19 08:52:30,-25.374540548,-49.2243601686
2014-05-19 08:52:40,-25.374540548,-49.2243601686
2014-05-19 08:52:50,-25.374540548,-49.2243601686
2014-05-19 08:53:00,-25.374540548,-49.2243601686
2014-05-19 08:53:10,-25.374540548,-49.2243601686
2014-05-19 08:53:20,-25.374540548,-49.2243601686
2014-05-19 08:53:30,-25.374540548,-49.2243601686
2014-05-19 08:53:40,-25.374540548,-49.2243601686
2014-05-19 08:53:50,-25.374540548,-49.2243601686
2014-05-19 08:54:00,-25.374540548,-49.2243601686
2014-05-19 08:54:10,-25.374540548,-49.2243601686
2014-05-19 08:54:20,-25.374540548,-49.2243601686
2014-05-19 08:54:30,-25.374540548,-49.2243601686
2014-05-19 08:54:40,-25.374540548,-49.2243601686
2014-05-19 08:54:50,-25.374540548,-49.2243601686
2014-05-19 08:55:00,-25.374540548,-49.2243601686
2014-05-19 08:55:10,-25.374540548,-49.2243601686
2014-05-19 08:55:20,-25.374540548,-49.2243601686
2014-05-19 08:55:30,-25.374540548,-49.2243601686
2014-05-19 08:55:40,-25.374540548,-49.2243601686
2014-05-19 08:55:50,-25.374540548,-49.2243601686
2014-05-19 08:56:00,-25.374540548,-49.2243601686
2014-05-19 08:56:10,-25.374540548,-49.2243601686
2014-05-19 08:56:20,-25.374540548,-49.2243601686
2014-05-19 08:56:30,-25.374540548,-49.2243601686
2014-05-19 08:56:40,-25.374540548,-49.2243601686
2014-05-19 08:56:50,-25.374540548,-49.2243601686
2014-05-19 08:57:00,-25.374540548,-49.2243601686
2014-05-19 08:57:10,-25.374540548,-49.2243601686
2014-05-19 08:57:20,-25.374540548,-49.2243601686
2014-05-19 08:57:30,-25.374540548,-49.2243601686
2014-05-19 08:57:40,-25.374540548,-49.2243601686
2014-05-19 08:57:50,-25.374540548,-49.2243601686
2014-05-19 08:58:00,-25.374540548,-49.2243601686
2014-05-19 08:58:10,-25.374540548,-49.2243601686
2014-05-19 08:58:20,-25.374540548,-49.2243601686
2014-05-19 08:58:30,-25.374540548,-49.2243601686
2014-05-19 08:58:40,-25.374540548,-49.2243601686
2014-05-19 08:58:50,-25.374540548,-49.2243601686
2014-05-19 08:59:00,-25.374540548,-49.2243601686
2014-05-19 08:59:10,-25.374540548,-49.2243601686
2014-05-19 08:59:20,-25.374540548,-49.2243601686
2014-05-19 08:59:30,-25.374540548,-49.2243601686
2014-05-19 08:59:40,-25.374540548,-49.2243601686
2014-05-19 08:59:50,-25.374540548,-49.2243601686
2014-05-19 09:00:00,-25.374540548,-49.2243601686
2014-05-19 09:00:10,-25.374540548,-49.2243601686
2014-05-19 09:00:20,-25.374540548,-49.2243601686
2014-05-19 09:00:30,-25.374540548,-49.2243601686
2014-05-19 09:00:40,-25.374540548,-49.2243601686
2014-05-19 09:00:50,-25.374540548,-49.2243601686
2014-05-19 09:01:00,-25.374540548,-49.2243601686
2014-05-19 09:01:10,-25.374540548,-49.2243601686
2014-05-19 09:01:20,-25.374540548,-49.2243601686
2014-05-19 09:01:30,-25.374540548,-49.2243601686
2014-05-19 09:01:40,-25.374540548,-49.2243601686
2014-05-19 09:01:50,-25.374540548,-49.2243601686
2014-05-19 09:02:00,-25.374540548,-49.2243601686
2014-05-19 09:02:10,-25.374540548,-49.2243601686
2014-05-19 09:02:20,-25.374540548,-49.2243601686
2014-05-19 09:02:30,-25.374540548,-49.2243601686
2014-05-19 09:02:40,-25.374540548,-49.2243601686
2014-05-19 09:02:50,-25.374540548,-49.2243601686
2014-05-19 09:03:00,-25.374540548,-49.2243601686
2014-05-19 09:03:10,-25.374540548,-49.2243601686
2014-05-19 09:03:20,-25.374540548,-49.2243601686
2014-05-19 09:03:30,-25.374540548,-49.2243601686
2014-05-19 09:03:40,-25.374540548,-49.2243601686
2014-05-19 09:03:50,-25.374540548,-49.2243601686
2014-05-19 09:04:00,-25.374540548,-49.2243601686
2014-05-19 09:04:10,-25.374540548,-49.2243601686
2014-05-19 09:04:20,-25.374540548,-49.2243601686
2014-05-19 09:04:30,-25.374540548,-49.2243601686
2014-05-19 09:04:40,-25.374540548,-49.2243601686
2014-05-19 09:04:50,-25.374540548,-49.2243601686
2014-05-19 09:05:00,-25.374540548,-49.2243601686
2014-05-19 09:05:10,-25.374540548,-49.2243601686
2014-05-19 09:05:20,-25.374540548,-49.2243601686
2014-05-19 09:05:30,-25.374540548,-49.2243601686
2014-05-19 09:05:40,-25.374540548,-49.2243601686
2014-05-19 09:05:50,-25.374540548,-49.2243601686
2014-05-19 09:06:00,-25.374540548,-49.2243601686
2014-05-19 09:06:10,-25.374540548,-49.2243601686
2014-05-19 09:06:20,-25.374540548,-49.2243601686
2014-05-19 09:06:30,-25.374540548,-49.2243601686
2014-05-19 09:06:40,-25.374540548,-49.2243601686
2014-05-19 09:06:50,-25.374540548,-49.2243601686
2014-05-19 09:07:00,-25.374540548,-49.2243601686
2014-05-19 09:07:10,-25.374540548,-49.2243601686
2014-05-19 09:07:20,-25.374540548,-49.2243601686
2014-05-19 09:07:30,-25.374540548,-49.2243601686
2014-05-19 09:07:40,-25.374540548,-49.2243601686
2014-05-19 09:07:50,-25.374540548,-49.2243601686
2014-05-19 09:08:00,-25.374540548,-49.2243601686
2014-05-19 09:08:10,-25.374540548,-49.2243601686
2014-05-19 09:08:20,-25.374540548,-49.2243601686
2014-05-19 09:08:30,-25.374540548,-49.2243601686
2014-05-19 09:08:40,-25.374540548,-49.2243601686
2014-05-19 09:08:50,-25.374540548,-49.2243601686
2014-05-19 09:09:00,-25.374540548,-49.2243601686
2014-05-19 09:09:10,-25.374540548,-49.2243601686
2014-05-19 09:09:20,-25.374540548,-49.2243601686
2014-05-19 09:09:30,-25.374540548,-49.2243601686
2014-05-19 09:09:40,-25.374540548,-49.2243601686
2014-05-19 09:09:50,-25.374540548,-49.2243601686
2014-05-19 09:10:00,-25.374540548,-49.2243601686
2014-05-19 09:10:10,-25.374540548,-49.2243601686
2014-05-19 09:10:20,-25.374540548,-49.2243601686
2014-05-19 09:10:30,-25.374540548,-49.2243601686
2014-05-19 09:10:40,-25.374540548,-49.2243601686
2014-05-19 09:10:50,-25.374540548,-49.2243601686
2014-05-19 09:11:00,-25.374540548,-49.2243601686
2014-05-19 09:11:10,-25.374540548,-49.2243601686
2014-05-19 09:11:20,-25.374540548,-49.2243601686
2014-05-19 09:11:30,-25.374540548,-49.2243601686
2014-05-19 09:11:40,-25.374540548,-49.2243601686
2014-05-19 09:11:50,-25.374540548,-49.2243601686
2014-05-19 09:12:00,-25.374540548,-49.2243601686
2014-05-19 09:12:10,-25.374540548,-49.2243601686
2014-05-19 09:12:20,-25.374540548,-49.2243601686
2014-05-19 09:12:30,-25.374540548,-49.2243601686
2014-05-19 09:12:40,-25.374540548,-49.2243601686
2014-05-19 09:12:50,-25.374540548,-49.2243601686
2014-05-19 09:13:00,-25.374540548,-49.2243601686
2014-05-19 09:13:10,-25.374540548,-49.2243601686
2014-05-19 09:13:20,-25.374540548,-49.2243601686
2014-05-19 09:13:30,-25.374540548,-49.2243601686
2014-05-19 09:13:40,-25.374540548,-49.2243601686
2014-05-19 09:13:50,-25.374540548,-49.2243601686
2014-05-19 09:14:00,-25.374540548,-49.2243601686
2014-05-19 09:14:10,-25.374540548,-49.2243601686
2014-05-19 09:14:20,-25.374540548,-49.2243601686
2014-05-19 09:14:30,-25.374540548,-49.2243601686
2014-05-19 09:14:40,-25.374540548,-49.2243601686
2014-05-19 09:14:50,-25.374540548,-49.2243601686
2014-05-19 09:15:00,-25.374540548,-49.2243601686
2014-05-19 09:15:10,-25.374540548,-49.2243601686
2014-05-19 09:15:20,-25.374540548,-49.2243601686
2014-05-19 09:15:30,-25.374540548,-49.2243601686
2014-05-19 09:15:40,-25.374540548,-49.2243601686
2014-05-19 09:15:50,-25.374540548,-49.2243601686
2014-05-19 09:16:00,-25.374540548,-49.2243601686
2014-05-19 09:16:10,-25.374540548,-49.2243601686
2014-05-19 09:16:20,-25.374540548,-49.2243601686
2014-05-19 09:16:30,-25.374540548,-49.2243601686
2014-05-19 09:16:40,-25.374540548,-49.2243601686
2014-05-19 09:16:50,-25.374540548,-49.2243601686
2014-05-19 09:17:00,-25.374540548,-49.2243601686
2014-05-19 09:17:10,-25.374540548,-49.2243601686
2014-05-19 09:17:20,-25.374540548,-49.2243601686
2014-05-19 09:17:30,-25.374540548,-49.2243601686
2014-05-19 09:17:40,-25.374540548,-49.2243601686
2014-05-19 09:17:50,-25.374540548,-49.2243601686
2014-05-19 09:18:00,-25.374540548,-49.2243601686
2014-05-19 09:18:10,-25.374540548,-49.2243601686
2014-05-19 09:18:20,-25.374540548,-49.2243601686
2014-05-19 09:18:30,-25.374540548,-49.2243601686
2014-05-19 09:18:40,-25.374540548,-49.2243601686
2014-05-19 09:18:50,-25.374540548,-49.2243601686
2014-05-19 09:19:00,-25.374540548,-49.2243601686
2014-05-19 09:19:10,-25.374540548,-49.2243601686
2014-05-19 09:19:20,-25.374540548,-49.2243601686
2014-05-19 09:19:30,-25.374540548,-49.2243601686
2014-05-19 09:19:40,-25.374540548,-49.2243601686
2014-05-19 09:19:50,-25.374540548,-49.2243601686
2014-05-19 09:20:00,-25.374540548,-49.2243601686
2014-05-19 09:20:10,-25.374540548,-49.2243601686
2014-05-19 09:20:20,-25.374540548,-49.2243601686
2014-05-19 09:20:30,-25.374540548,-49.2243601686
2014-05-19 09:20:40,-25.374540548,-49.2243601686
2014-05-19 09:20:50,-25.374540548,-49.2243601686
2014-05-19 09:21:00,-25.374540548,-49.2243601686
2014-05-19 09:21:10,-25.374540548,-49.2243601686
2014-05-19 09:21:20,-25.374540548,-49.2243601686
2014-05-19 09:21:30,-25.374540548,-49.2243601686
2014-05-19 09:21:40,-25.374540548,-49.2243601686
2014-05-19 09:21:50,-25.374540548,-49.2243601686
2014-05-19 09:22:00,-25.374540548,-49.2243601686
2014-05-19 09:22:10,-25.374540548,-49.2243601686
2014-05-19 09:22:20,-25.374540548,-49.2243601686
2014-05-19 09:22:30,-25.374540548,-49.2243601686
2014-05-19 09:22:40,-25.374540548,-49.2243601686
2014-05-19 09:22:50,-25.374540548,-49.2243601686
2014-05-19 09:23:00,-25.374540548,-49.2243601686
2014-05-19 09:23:10,-25.374540548,-49.2243601686
2014-05-19 09:23:20,-25.374540548,-49.2243601686
2014-05-19 09:23:30,-25.374540548,-49.2243601686
2014-05-19 09:23:40,-25.374540548,-49.2243601686
2014-05-19 09:23:50,-25.374540548,-49.2243601686
2014-05-19 09:24:00,-25.374540548,-49.2243601686
2014-05-19 09:24:10,-25.374540548,-49.2243601686
2014-05-19 09:24:20,-25.374540548,-49.2243601686
2014-05-19 09:24:30,-25.374540548,-49.2243601686
2014-05-19 09:24:40,-25.374540548,-49.2243601686
2014-05-19 09:24:50,-25.374540548,-49.2243601686
2014-05-19 09:25:00,-25.374540548,-49.2243601686
2014-05-19 09:25:10,-25.374540548,-49.2243601686
2014-05-19 09:25:20,-25.374540548,-49.2243601686
2014-05-19 09:25:30,-25.374540548,-49.2243601686
2014-05-19 09:25:40,-25.374540548,-49.2243601686
2014-05-19 09:25:50,-25.374540548,-49.2243601686
2014-05-19 09:26:00,-25.374540548,-49.2243601686
2014-05-19 09:26:10,-25.374540548,-49.2243601686
2014-05-19 09:26:20,-25.374540548,-49.2243601686
2014-05-19 09:26:30,-25.374540548,-49.2243601686
2014-05-19 09:26:40,-25.374540548,-49.2243601686
2014-05-19 09:26:50,-25.374540548,-49.2243601686
2014-05-19 09:27:00,-25.374540548,-49.2243601686
2014-05-19 09:27:10,-25.374540548,-49.2243601686
2014-05-19 09:27:20,-25.374540548,-49.2243601686
2014-05-19 09:27:30,-25.374540548,-49.2243601686
2014-05-19 09:27:40,-25.374540548,-49.2243601686
2014-05-19 09:27:50,-25.374540548,-49.2243601686
2014-05-19 09:28:00,-25.374540548,-49.2243601686
2014-05-19 09:28:10,-25.374540548,-49.2243601686
2014-05-19 09:28:20,-25.374540548,-49.2243601686
2014-05-19 09:28:30,-25.374540548,-49.2243601686
2014-05-19 09:28:40,-25.374540548,-49.2243601686
2014-05-19 09:28:50,-25.374540548,-49.2243601686
2014-05-19 09:29:00,-25.374540548,-49.2243601686
2014-05-19 09:29:10,-25.374540548,-49.2243601686
2014-05-19 09:29:20,-25.374540548,-49.2243601686
2014-05-19 09:29:30,-25.374540548,-49.2243601686
2014-05-19 09:29:40,-25.374540548,-49.2243601686
2014-05-19 09:29:50,-25.374540548,-49.2243601686
2014-05-19 09:30:00,-25.374540548,-49.2243601686
2014-05-19 09:30:10,-25.374540548,-49.2243601686
2014-05-19 09:30:20,-25.374540548,-49.2243601686
2014-05-19 09:30:30,-25.374540548,-49.2243601686
2014-05-19 09:30:40,-25.374540548,-49.2243601686
2014-05-19 09:30:50,-25.374540548,-49.2243601686
2014-05-19 09:31:00,-25.374540548,-49.2243601686
2014-05-19 09:31:10,-25.374540548,-49.2243601686
2014-05-19 09:31:20,-25.374540548,-49.2243601686
2014-05-19 09:31:30,-25.374540548,-49.2243601686
2014-05-19 09:31:40,-25.374540548,-49.2243601686
2014-05-19 09:31:50,-25.374540548,-49.2243601686
2014-05-19 09:32:00,-25.374540548,-49.2243601686
2014-05-19 09:32:10,-25.374540548,-49.2243601686
2014-05-19 09:32:20,-25.374540548,-49.2243601686
2014-05-19 09:32:30,-25.374540548,-49.2243601686
2014-05-19 09:32:40,-25.374540548,-49.2243601686
2014-05-19 09:32:50,-25.374540548,-49.2243601686
2014-05-19 09:33:00,-25.374540548,-49.2243601686
2014-05-19 09:33:10,-25.374540548,-49.2243601686
2014-05-19 09:33:20,-25.374540548,-49.2243601686
2014-05-19 09:33:30,-25.374540548,-49.2243601686
2014-05-19 09:33:40,-25.374540548,-49.2243601686
2014-05-19 09:33:50,-25.374540548,-49.2243601686
2014-05-19 09:34:00,-25.374540548,-49.2243601686
2014-05-19 09:34:10,-25.374540548,-49.2243601686
2014-05-19 09:34:20,-25.374540548,-49.2243601686
2014-05-19 09:34:30,-25.374540548,-49.2243601686
2014-05-19 09:34:40,-25.374540548,-49.2243601686
2014-05-19 09:34:50,-25.374540548,-49.2243601686
2014-05-19 09:35:00,-25.374540548,-49.2243601686
2014-05-19 09:35:10,-25.374540548,-49.2243601686
2014-05-19 09:35:20,-25.374540548,-49.2243601686
2014-05-19 09:35:30,-25.374540548,-49.2243601686
2014-05-19 09:35:40,-25.374540548,-49.2243601686
2014-05-19 09:35:50,-25.374540548,-49.2243601686
2014-05-19 09:36:00,-25.374540548,-49.2243601686
2014-05-19 09:36:10,-25.374540548,-49.2243601686
2014-05-19 09:36:20,-25.374540548,-49.2243601686
2014-05-19 09:36:30,-25.374540548,-49.2243601686
2014-05-19 09:36:40,-25.374540548,-49.2243601686
2014-05-19 09:36:50,-25.374540548,-49.2243601686
2014-05-19 09:37:00,-25.374540548,-49.2243601686
2014-05-19 09:37:10,-25.374540548,-49.2243601686
2014-05-19 09:37:20,-25.374540548,-49.2243601686
2014-05-19 09:37:30,-25.374540548,-49.2243601686
2014-05-19 09:37:40,-25.374540548,-49.2243601686
2014-05-19 09:37:50,-25.374540548,-49.2243601686
2014-05-19 09:38:00,-25.374540548,-49.2243601686
2014-05-19 09:38:10,-25.374540548,-49.2243601686
2014-05-19 09:38:20,-25.374540548,-49.2243601686
2014-05-19 09:38:30,-25.374540548,-49.2243601686
2014-05-19 09:38:40,-25.374540548,-49.2243601686
2014-05-19 09:38:50,-25.374540548,-49.2243601686
2014-05-19 09:39:00,-25.374540548,-49.2243601686
2014-05-19 09:39:10,-25.374540548,-49.2243601686
2014-05-19 09:39:20,-25.374540548,-49.2243601686
2014-05-19 09:39:30,-25.374540548,-49.2243601686
2014-05-19 09:39:40,-25.374540548,-49.2243601686
2014-05-19 09:39:50,-25.374540548,-49.2243601686
2014-05-19 09:40:00,-25.374540548,-49.2243601686
2014-05-19 09:40:10,-25.374540548,-49.2243601686
2014-05-19 09:40:20,-25.374540548,-49.2243601686
2014-05-19 09:40:30,-25.374540548,-49.2243601686
2014-05-19 09:40:40,-25.374540548,-49.2243601686
2014-05-19 09:40:50,-25.374540548,-49.2243601686
2014-05-19 09:41:00,-25.374540548,-49.2243601686
2014-05-19 09:41:10,-25.374540548,-49.2243601686
2014-05-19 09:41:20,-25.374540548,-49.2243601686
2014-05-19 09:41:30,-25.374540548,-49.2243601686
2014-05-19 09:41:40,-25.374540548,-49.2243601686
2014-05-19 09:41:50,-25.374540548,-49.2243601686
2014-05-19 09:42:00,-25.374540548,-49.2243601686
2014-05-19 09:42:10,-25.374540548,-49.2243601686
2014-05-19 09:42:20,-25.374540548,-49.2243601686
2014-05-19 09:42:30,-25.374540548,-49.2243601686
2014-05-19 09:42:40,-25.374540548,-49.2243601686
2014-05-19 09:42:50,-25.374540548,-49.2243601686
2014-05-19 09:43:00,-25.374540548,-49.2243601686
2014-05-19 09:43:10,-25.374540548,-49.2243601686
2014-05-19 09:43:20,-25.374540548,-49.2243601686
2014-05-19 09:43:30,-25.374540548,-49.2243601686
2014-05-19 09:43:40,-25.374540548,-49.2243601686
2014-05-19 09:43:50,-25.374540548,-49.2243601686
2014-05-19 09:44:00,-25.374540548,-49.2243601686
2014-05-19 09:44:10,-25.374540548,-49.2243601686
2014-05-19 09:44:20,-25.374540548,-49.2243601686
2014-05-19 09:44:30,-25.374540548,-49.2243601686
2014-05-19 09:44:40,-25.374540548,-49.2243601686
2014-05-19 09:44:50,-25.374540548,-49.2243601686
2014-05-19 09:45:00,-25.374540548,-49.2243601686
2014-05-19 09:45:10,-25.374540548,-49.2243601686
2014-05-19 09:45:20,-25.374540548,-49.2243601686
2014-05-19 09:45:30,-25.374540548,-49.2243601686
2014-05-19 09:45:40,-25.374540548,-49.2243601686
2014-05-19 09:45:50,-25.374540548,-49.2243601686
2014-05-19 09:46:00,-25.374540548,-49.2243601686
2014-05-19 09:46:10,-25.374540548,-49.2243601686
2014-05-19 09:46:20,-25.374540548,-49.2243601686
2014-05-19 09:46:30,-25.374540548,-49.2243601686
2014-05-19 09:46:40,-25.374540548,-49.2243601686
2014-05-19 09:46:50,-25.374540548,-49.2243601686
2014-05-19 09:47:00,-25.374540548,-49.2243601686
2014-05-19 09:47:10,-25.374540548,-49.2243601686
2014-05-19 09:47:20,-25.374540548,-49.2243601686
2014-05-19 09:47:30,-25.374540548,-49.2243601686
2014-05-19 09:47:40,-25.374540548,-49.2243601686
2014-05-19 09:47:50,-25.374540548,-49.2243601686
2014-05-19 09:48:00,-25.374540548,-49.2243601686
2014-05-19 09:48:10,-25.374540548,-49.2243601686
2014-05-19 09:48:20,-25.374540548,-49.2243601686
2014-05-19 09:48:30,-25.374540548,-49.2243601686
2014-05-19 09:48:40,-25.374540548,-49.2243601686
2014-05-19 09:48:50,-25.374540548,-49.2243601686
2014-05-19 09:49:00,-25.374540548,-49.2243601686
2014-05-19 09:49:10,-25.374540548,-49.2243601686
2014-05-19 09:49:20,-25.374540548,-49.2243601686
2014-05-19 09:49:30,-25.374540548,-49.2243601686
2014-05-19 09:49:40,-25.374540548,-49.2243601686
2014-05-19 09:49:50,-25.374540548,-49.2243601686
2014-05-19 09:50:00,-25.374540548,-49.2243601686
2014-05-19 09:50:10,-25.374540548,-49.2243601686
2014-05-19 09:50:20,-25.374540548,-49.2243601686
2014-05-19 09:50:30,-25.374540548,-49.2243601686
2014-05-19 09:50:40,-25.374540548,-49.2243601686
2014-05-19 09:50:50,-25.374540548,-49.2243601686
2014-05-19 09:51:00,-25.374540548,-49.2243601686
2014-05-19 09:51:10,-25.374540548,-49.2243601686
2014-05-19 09:51:20,-25.374540548,-49.2243601686
2014-05-19 09:51:30,-25.374540548,-49.2243601686
2014-05-19 09:51:40,-25.374540548,-49.2243601686
2014-05-19 09:51:50,-25.374540548,-49.2243601686
2014-05-19 09:52:00,-25.374540548,-49.2243601686
2014-05-19 09:52:10,-25.374540548,-49.2243601686
2014-05-19 09:52:20,-25.374540548,-49.2243601686
2014-05-19 09:52:30,-25.374540548,-49.2243601686
2014-05-19 09:52:40,-25.374540548,-49.2243601686
2014-05-19 09:52:50,-25.374540548,-49.2243601686
2014-05-19 09:53:00,-25.374540548,-49.2243601686
2014-05-19 09:53:10,-25.374540548,-49.2243601686
2014-05-19 09:53:20,-25.374540548,-49.2243601686
2014-05-19 09:53:30,-25.374540548,-49.2243601686
2014-05-19 09:53:40,-25.374540548,-49.2243601686
2014-05-19 09:53:50,-25.374540548,-49.2243601686
2014-05-19 09:54:00,-25.374540548,-49.2243601686
2014-05-19 09:54:10,-25.374540548,-49.2243601686
2014-05-19 09:54:20,-25.374540548,-49.2243601686
2014-05-19 09:54:30,-25.374540548,-49.2243601686
2014-05-19 09:54:40,-25.374540548,-49.2243601686
2014-05-19 09:54:50,-25.374540548,-49.2243601686
2014-05-19 09:55:00,-25.374540548,-49.2243601686
2014-05-19 09:55:10,-25.374540548,-49.2243601686
2014-05-19 09:55:20,-25.374540548,-49.2243601686
2014-05-19 09:55:30,-25.374540548,-49.2243601686
2014-05-19 09:55:40,-25.374540548,-49.2243601686
2014-05-19 09:55:50,-25.374540548,-49.2243601686
2014-05-19 09:56:00,-25.374540548,-49.2243601686
2014-05-19 09:56:10,-25.374540548,-49.2243601686
2014-05-19 09:56:20,-25.374540548,-49.2243601686
2014-05-19 09:56:30,-25.374540548,-49.2243601686
2014-05-19 09:56:40,-25.374540548,-49.2243601686
2014-05-19 09:56:50,-25.374540548,-49.2243601686
2014-05-19 09:57:00,-25.374540548,-49.2243601686
2014-05-19 09:57:10,-25.374540548,-49.2243601686
2014-05-19 09:57:20,-25.374540548,-49.2243601686
2014-05-19 09:57:30,-25.374540548,-49.2243601686
2014-05-19 09:57:40,-25.374540548,-49.2243601686
2014-05-19 09:57:50,-25.374540548,-49.2243601686
2014-05-19 09:58:00,-25.374540548,-49.2243601686
2014-05-19 09:58:10,-25.374540548,-49.2243601686
2014-05-19 09:58:20,-25.374540548,-49.2243601686
2014-05-19 09:58:30,-25.374540548,-49.2243601686
2014-05-19 09:58:40,-25.374540548,-49.2243601686
2014-05-19 09:58:50,-25.374540548,-49.2243601686
2014-05-19 09:59:00,-25.374540548,-49.2243601686
2014-05-19 09:59:10,-25.374540548,-49.2243601686
2014-05-19 09:59:20,-25.374540548,-49.2243601686
2014-05-19 09:59:30,-25.374540548,-49.2243601686
2014-05-19 09:59:40,-25.374540548,-49.2243601686
2014-05-19 09:59:50,-25.374540548,-49.2243601686
2014-05-19 10:00:00,-25.374540548,-49.2243601686
2014-05-19 10:00:10,-25.374540548,-49.2243601686
2014-05-19 10:00:20,-25.374540548,-49.2243601686
2014-05-19 10:00:30,-25.374540548,-49.2243601686
2014-05-19 10:00:40,-25.374540548,-49.2243601686
2014-05-19 10:00:50,-25.374540548,-49.2243601686
2014-05-19 10:01:00,-25.374540548,-49.2243601686
2014-05-19 10:01:10,-25.374540548,-49.2243601686
2014-05-19 10:01:20,-25.374540548,-49.2243601686
2014-05-19 10:01:30,-25.374540548,-49.2243601686
2014-05-19 10:01:40,-25.374540548,-49.2243601686
2014-05-19 10:01:50,-25.374540548,-49.2243601686
2014-05-19 10:02:00,-25.374540548,-49.2243601686
2014-05-19 10:02:10,-25.374540548,-49.2243601686
2014-05-19 10:02:20,-25.374540548,-49.2243601686
2014-05-19 10:02:30,-25.374540548,-49.2243601686
2014-05-19 10:02:40,-25.374540548,-49.2243601686
2014-05-19 10:02:50,-25.374540548,-49.2243601686
2014-05-19 10:03:00,-25.374540548,-49.2243601686
2014-05-19 10:03:10,-25.374540548,-49.2243601686
2014-05-19 10:03:20,-25.374540548,-49.2243601686
2014-05-19 10:03:30,-25.374540548,-49.2243601686
2014-05-19 10:03:40,-25.374540548,-49.2243601686
2014-05-19 10:03:50,-25.374540548,-49.2243601686
2014-05-19 10:04:00,-25.374540548,-49.2243601686
2014-05-19 10:04:10,-25.374540548,-49.2243601686
2014-05-19 10:04:20,-25.374540548,-49.2243601686
2014-05-19 10:04:30,-25.374540548,-49.2243601686
2014-05-19 10:04:40,-25.374540548,-49.2243601686
2014-05-19 10:04:50,-25.374540548,-49.2243601686
2014-05-19 10:05:00,-25.374540548,-49.2243601686
2014-05-19 10:05:10,-25.374540548,-49.2243601686
2014-05-19 10:05:20,-25.374540548,-49.2243601686
2014-05-19 10:05:30,-25.374540548,-49.2243601686
2014-05-19 10:05:40,-25.374540548,-49.2243601686
2014-05-19 10:05:50,-25.374540548,-49.2243601686
2014-05-19 10:06:00,-25.374540548,-49.2243601686
2014-05-19 10:06:10,-25.374540548,-49.2243601686
2014-05-19 10:06:20,-25.374540548,-49.2243601686
2014-05-19 10:06:30,-25.374540548,-49.2243601686
2014-05-19 10:06:40,-25.374540548,-49.2243601686
2014-05-19 10:06:50,-25.374540548,-49.2243601686
2014-05-19 10:07:00,-25.374540548,-49.2243601686
2014-05-19 10:07:10,-25.374540548,-49.2243601686
2014-05-19 10:07:20,-25.374540548,-49.2243601686
2014-05-19 10:07:30,-25.374540548,-49.2243601686
2014-05-19 10:07:40,-25.374540548,-49.2243601686
2014-05-19 10:07:50,-25.374540548,-49.2243601686
2014-05-19 10:08:00,-25.374540548,-49.2243601686
2014-05-19 10:08:10,-25.374540548,-49.2243601686
2014-05-19 10:08:20,-25.374540548,-49.2243601686
2014-05-19 10:08:30,-25.374540548,-49.2243601686
2014-05-19 10:08:40,-25.374540548,-49.2243601686
2014-05-19 10:08:50,-25.374540548,-49.2243601686
2014-05-19 10:09:00,-25.374540548,-49.2243601686
2014-05-19 10:09:10,-25.374540548,-49.2243601686
2014-05-19 10:09:20,-25.374540548,-49.2243601686
2014-05-19 10:09:30,-25.374540548,-49.2243601686
2014-05-19 10:09:40,-25.374540548,-49.2243601686
2014-05-19 10:09:50,-25.374540548,-49.2243601686
2014-05-19 10:10:00,-25.374540548,-49.2243601686
2014-05-19 10:10:10,-25.374540548,-49.2243601686
2014-05-19 10:10:20,-25.374540548,-49.2243601686
2014-05-19 10:10:30,-25.374540548,-49.2243601686
2014-05-19 10:10:40,-25.374540548,-49.2243601686
2014-05-19 10:10:50,-25.374540548,-49.2243601686
2014-05-19 10:11:00,-25.374540548,-49.2243601686
2014-05-19 10:11:10,-25.374540548,-49.2243601686
2014-05-19 10:11:20,-25.374540548,-49.2243601686
2014-05-19 10:11:30,-25.374540548,-49.2243601686
2014-05-19 10:11:40,-25.374540548,-49.2243601686
2014-05-19 10:11:50,-25.374540548,-49.2243601686
2014-05-19 10:12:00,-25.374540548,-49.2243601686
2014-05-19 10:12:10,-25.374540548,-49.2243601686
2014-05-19 10:12:20,-25.374540548,-49.2243601686
2014-05-19 10:12:30,-25.374540548,-49.2243601686
2014-05-19 10:12:40,-25.374540548,-49.2243601686
2014-05-19 10:12:50,-25.374540548,-49.2243601686
2014-05-19 10:13:00,-25.374540548,-49.2243601686
2014-05-19 10:13:10,-25.374540548,-49.2243601686
2014-05-19 10:13:20,-25.374540548,-49.2243601686
2014-05-19 10:13:30,-25.374540548,-49.2243601686
2014-05-19 10:13:40,-25.374540548,-49.2243601686
2014-05-19 10:13:50,-25.374540548,-49.2243601686
2014-05-19 10:14:00,-25.374540548,-49.2243601686
2014-05-19 10:14:10,-25.374540548,-49.2243601686
2014-05-19 10:14:20,-25.374540548,-49.2243601686
2014-05-19 10:14:30,-25.374540548,-49.2243601686
2014-05-19 10:14:40,-25.374540548,-49.2243601686
2014-05-19 10:14:50,-25.374540548,-49.2243601686
2014-05-19 10:15:00,-25.374540548,-49.2243601686
2014-05-19 10:15:10,-25.374540548,-49.2243601686
2014-05-19 10:15:20,-25.374540548,-49.2243601686
2014-05-19 10:15:30,-25.374540548,-49.2243601686
2014-05-19 10:15:40,-25.374540548,-49.2243601686
2014-05-19 10:15:50,-25.374540548,-49.2243601686
2014-05-19 10:16:00,-25.374540548,-49.2243601686
2014-05-19 10:16:10,-25.374540548,-49.2243601686
2014-05-19 10:16:20,-25.374540548,-49.2243601686
2014-05-19 10:16:30,-25.374540548,-49.2243601686
2014-05-19 10:16:40,-25.374540548,-49.2243601686
2014-05-19 10:16:50,-25.374540548,-49.2243601686
2014-05-19 10:17:00,-25.374540548,-49.2243601686
2014-05-19 10:17:10,-25.374540548,-49.2243601686
2014-05-19 10:17:20,-25.374540548,-49.2243601686
2014-05-19 10:17:30,-25.374540548,-49.2243601686
2014-05-19 10:17:40,-25.374540548,-49.2243601686
2014-05-19 10:17:50,-25.374540548,-49.2243601686
2014-05-19 10:18:00,-25.374540548,-49.2243601686
2014-05-19 10:18:10,-25.374540548,-49.2243601686
2014-05-19 10:18:20,-25.374540548,-49.2243601686
2014-05-19 10:18:30,-25.374540548,-49.2243601686
2014-05-19 10:18:40,-25.374540548,-49.2243601686
2014-05-19 10:18:50,-25.374540548,-49.2243601686
2014-05-19 10:19:00,-25.374540548,-49.2243601686
2014-05-19 10:19:10,-25.374540548,-49.2243601686
2014-05-19 10:19:20,-25.374540548,-49.2243601686
2014-05-19 10:19:30,-25.374540548,-49.2243601686
2014-05-19 10:19:40,-25.374540548,-49.2243601686
2014-05-19 10:19:50,-25.374540548,-49.2243601686
2014-05-19 10:20:00,-25.374540548,-49.2243601686
2014-05-19 10:20:10,-25.374540548,-49.2243601686
2014-05-19 10:20:20,-25.374540548,-49.2243601686
2014-05-19 10:20:30,-25.374540548,-49.2243601686
2014-05-19 10:20:40,-25.374540548,-49.2243601686
2014-05-19 10:20:50,-25.374540548,-49.2243601686
2014-05-19 10:21:00,-25.374540548,-49.2243601686
2014-05-19 10:21:10,-25.374540548,-49.2243601686
2014-05-19 10:21:20,-25.374540548,-49.2243601686
2014-05-19 10:21:30,-25.374540548,-49.2243601686
2014-05-19 10:21:40,-25.374540548,-49.2243601686
2014-05-19 10:21:50,-25.374540548,-49.2243601686
2014-05-19 10:22:00,-25.374540548,-49.2243601686
2014-05-19 10:22:10,-25.374540548,-49.2243601686
2014-05-19 10:22:20,-25.374540548,-49.2243601686
2014-05-19 10:22:30,-25.374540548,-49.2243601686
2014-05-19 10:22:40,-25.374540548,-49.2243601686
2014-05-19 10:22:50,-25.374540548,-49.2243601686
2014-05-19 10:23:00,-25.374540548,-49.2243601686
2014-05-19 10:23:10,-25.374540548,-49.2243601686
2014-05-19 10:23:20,-25.374540548,-49.2243601686
2014-05-19 10:23:30,-25.374540548,-49.2243601686
2014-05-19 10:23:40,-25.374540548,-49.2243601686
2014-05-19 10:23:50,-25.374540548,-49.2243601686
2014-05-19 10:24:00,-25.374540548,-49.2243601686
2014-05-19 10:24:10,-25.374540548,-49.2243601686
2014-05-19 10:24:20,-25.374540548,-49.2243601686
2014-05-19 10:24:30,-25.374540548,-49.2243601686
2014-05-19 10:24:40,-25.374540548,-49.2243601686
2014-05-19 10:24:50,-25.374540548,-49.2243601686
2014-05-19 10:25:00,-25.374540548,-49.2243601686
2014-05-19 10:25:10,-25.374540548,-49.2243601686
2014-05-19 10:25:20,-25.374540548,-49.2243601686
2014-05-19 10:25:30,-25.374540548,-49.2243601686
2014-05-19 10:25:40,-25.374540548,-49.2243601686
2014-05-19 10:25:50,-25.374540548,-49.2243601686
2014-05-19 10:26:00,-25.374540548,-49.2243601686
2014-05-19 10:26:10,-25.374540548,-49.2243601686
2014-05-19 10:26:20,-25.374540548,-49.2243601686
2014-05-19 10:26:30,-25.374540548,-49.2243601686
2014-05-19 10:26:40,-25.374540548,-49.2243601686
2014-05-19 10:26:50,-25.374540548,-49.2243601686
2014-05-19 10:27:00,-25.374540548,-49.2243601686
2014-05-19 10:27:10,-25.374540548,-49.2243601686
2014-05-19 10:27:20,-25.374540548,-49.2243601686
2014-05-19 10:27:30,-25.374540548,-49.2243601686
2014-05-19 10:27:40,-25.374540548,-49.2243601686
2014-05-19 10:27:50,-25.374540548,-49.2243601686
2014-05-19 10:28:00,-25.374540548,-49.2243601686
2014-05-19 10:28:10,-25.374540548,-49.2243601686
2014-05-19 10:28:20,-25.374540548,-49.2243601686
2014-05-19 10:28:30,-25.374540548,-49.2243601686
2014-05-19 10:28:40,-25.374540548,-49.2243601686
2014-05-19 10:28:50,-25.374540548,-49.2243601686
2014-05-19 10:29:00,-25.374540548,-49.2243601686
2014-05-19 10:29:10,-25.374540548,-49.2243601686
2014-05-19 10:29:20,-25.374540548,-49.2243601686
2014-05-19 10:29:30,-25.374540548,-49.2243601686
2014-05-19 10:29:40,-25.374540548,-49.2243601686
2014-05-19 10:29:50,-25.374540548,-49.2243601686
2014-05-19 10:30:00,-25.374540548,-49.2243601686
2014-05-19 10:30:10,-25.374540548,-49.2243601686
2014-05-19 10:30:20,-25.374540548,-49.2243601686
2014-05-19 10:30:30,-25.374540548,-49.2243601686
2014-05-19 10:30:40,-25.374540548,-49.2243601686
2014-05-19 10:30:50,-25.374540548,-49.2243601686
2014-05-19 10:31:00,-25.374540548,-49.2243601686
2014-05-19 10:31:10,-25.374540548,-49.2243601686
2014-05-19 10:31:20,-25.374540548,-49.2243601686
2014-05-19 10:31:30,-25.374540548,-49.2243601686
2014-05-19 10:31:40,-25.374540548,-49.2243601686
2014-05-19 10:31:50,-25.374540548,-49.2243601686
2014-05-19 10:32:00,-25.374540548,-49.2243601686
2014-05-19 10:32:10,-25.374540548,-49.2243601686
2014-05-19 10:32:20,-25.374540548,-49.2243601686
2014-05-19 10:32:30,-25.374540548,-49.2243601686
2014-05-19 10:32:40,-25.374540548,-49.2243601686
2014-05-19 10:32:50,-25.374540548,-49.2243601686
2014-05-19 10:33:00,-25.374540548,-49.2243601686
2014-05-19 10:33:10,-25.374540548,-49.2243601686
2014-05-19 10:33:20,-25.374540548,-49.2243601686
2014-05-19 10:33:30,-25.374540548,-49.2243601686
2014-05-19 10:33:40,-25.374540548,-49.2243601686
2014-05-19 10:33:50,-25.374540548,-49.2243601686
2014-05-19 10:34:00,-25.374540548,-49.2243601686
2014-05-19 10:34:10,-25.374540548,-49.2243601686
2014-05-19 10:34:20,-25.374540548,-49.2243601686
2014-05-19 10:34:30,-25.374540548,-49.2243601686
2014-05-19 10:34:40,-25.374540548,-49.2243601686
2014-05-19 10:34:50,-25.374540548,-49.2243601686
2014-05-19 10:35:00,-25.374540548,-49.2243601686
2014-05-19 10:35:10,-25.374540548,-49.2243601686
2014-05-19 10:35:20,-25.374540548,-49.2243601686
2014-05-19 10:35:30,-25.374540548,-49.2243601686
2014-05-19 10:35:40,-25.374540548,-49.2243601686
2014-05-19 10:35:50,-25.374540548,-49.2243601686
2014-05-19 10:36:00,-25.374540548,-49.2243601686
2014-05-19 10:36:10,-25.374540548,-49.2243601686
2014-05-19 10:36:20,-25.374540548,-49.2243601686
2014-05-19 10:36:30,-25.374540548,-49.2243601686
2014-05-19 10:36:40,-25.374540548,-49.2243601686
2014-05-19 10:36:50,-25.374540548,-49.2243601686
2014-05-19 10:37:00,-25.374540548,-49.2243601686
2014-05-19 10:37:10,-25.374540548,-49.2243601686
2014-05-19 10:37:20,-25.374540548,-49.2243601686
2014-05-19 10:37:30,-25.374540548,-49.2243601686
2014-05-19 10:37:40,-25.374540548,-49.2243601686
2014-05-19 10:37:50,-25.374540548,-49.2243601686
2014-05-19 10:38:00,-25.374540548,-49.2243601686
2014-05-19 10:38:10,-25.374540548,-49.2243601686
2014-05-19 10:38:20,-25.374540548,-49.2243601686
2014-05-19 10:38:30,-25.374540548,-49.2243601686
2014-05-19 10:38:40,-25.374540548,-49.2243601686
2014-05-19 10:38:50,-25.374540548,-49.2243601686
2014-05-19 10:39:00,-25.374540548,-49.2243601686
2014-05-19 10:39:10,-25.374540548,-49.2243601686
2014-05-19 10:39:20,-25.374540548,-49.2243601686
2014-05-19 10:39:30,-25.374540548,-49.2243601686
2014-05-19 10:39:40,-25.374540548,-49.2243601686
2014-05-19 10:39:50,-25.374540548,-49.2243601686
2014-05-19 10:40:00,-25.374540548,-49.2243601686
2014-05-19 10:40:10,-25.374540548,-49.2243601686
2014-05-19 10:40:20,-25.374540548,-49.2243601686
2014-05-19 10:40:30,-25.374540548,-49.2243601686
2014-05-19 10:40:40,-25.374540548,-49.2243601686
2014-05-19 10:40:50,-25.374540548,-49.2243601686
2014-05-19 10:41:00,-25.374540548,-49.2243601686
2014-05-19 10:41:10,-25.374540548,-49.2243601686
2014-05-19 10:41:20,-25.374540548,-49.2243601686
2014-05-19 10:41:30,-25.374540548,-49.2243601686
2014-05-19 10:41:40,-25.374540548,-49.2243601686
2014-05-19 10:41:50,-25.374540548,-49.2243601686
2014-05-19 10:42:00,-25.374540548,-49.2243601686
2014-05-19 10:42:10,-25.374540548,-49.2243601686
2014-05-19 10:42:20,-25.374540548,-49.2243601686
2014-05-19 10:42:30,-25.374540548,-49.2243601686
2014-05-19 10:42:40,-25.374540548,-49.2243601686
2014-05-19 10:42:50,-25.374540548,-49.2243601686
2014-05-19 10:43:00,-25.374540548,-49.2243601686
2014-05-19 10:43:10,-25.374540548,-49.2243601686
2014-05-19 10:43:20,-25.374540548,-49.2243601686
2014-05-19 10:43:30,-25.374540548,-49.2243601686
2014-05-19 10:43:40,-25.374540548,-49.2243601686
2014-05-19 10:43:50,-25.374540548,-49.2243601686
2014-05-19 10:44:00,-25.374540548,-49.2243601686
2014-05-19 10:44:10,-25.374540548,-49.2243601686
2014-05-19 10:44:20,-25.374540548,-49.2243601686
2014-05-19 10:44:30,-25.374540548,-49.2243601686
2014-05-19 10:44:40,-25.374540548,-49.2243601686
2014-05-19 10:44:50,-25.374540548,-49.2243601686
2014-05-19 10:45:00,-25.374540548,-49.2243601686
2014-05-19 10:45:10,-25.374540548,-49.2243601686
2014-05-19 10:45:20,-25.374540548,-49.2243601686
2014-05-19 10:45:30,-25.374540548,-49.2243601686
2014-05-19 10:45:40,-25.374540548,-49.2243601686
2014-05-19 10:45:50,-25.374540548,-49.2243601686
2014-05-19 10:46:00,-25.374540548,-49.2243601686
2014-05-19 10:46:10,-25.374540548,-49.2243601686
2014-05-19 10:46:20,-25.374540548,-49.2243601686
2014-05-19 10:46:30,-25.374540548,-49.2243601686
2014-05-19 10:46:40,-25.374540548,-49.2243601686
2014-05-19 10:46:50,-25.374540548,-49.2243601686
2014-05-19 10:47:00,-25.374540548,-49.2243601686
2014-05-19 10:47:10,-25.374540548,-49.2243601686
2014-05-19 10:47:20,-25.374540548,-49.2243601686
2014-05-19 10:47:30,-25.374540548,-49.2243601686
2014-05-19 10:47:40,-25.374540548,-49.2243601686
2014-05-19 10:47:50,-25.374540548,-49.2243601686
2014-05-19 10:48:00,-25.374540548,-49.2243601686
2014-05-19 10:48:10,-25.374540548,-49.2243601686
2014-05-19 10:48:20,-25.374540548,-49.2243601686
2014-05-19 10:48:30,-25.374540548,-49.2243601686
2014-05-19 10:48:40,-25.374540548,-49.2243601686
2014-05-19 10:48:50,-25.374540548,-49.2243601686
2014-05-19 10:49:00,-25.374540548,-49.2243601686
2014-05-19 10:49:10,-25.374540548,-49.2243601686
2014-05-19 10:49:20,-25.374540548,-49.2243601686
2014-05-19 10:49:30,-25.374540548,-49.2243601686
2014-05-19 10:49:40,-25.374540548,-49.2243601686
2014-05-19 10:49:50,-25.374540548,-49.2243601686
2014-05-19 10:50:00,-25.374540548,-49.2243601686
2014-05-19 10:50:10,-25.374540548,-49.2243601686
2014-05-19 10:50:20,-25.374540548,-49.2243601686
2014-05-19 10:50:30,-25.374540548,-49.2243601686
2014-05-19 10:50:40,-25.374540548,-49.2243601686
2014-05-19 10:50:50,-25.374540548,-49.2243601686
2014-05-19 10:51:00,-25.374540548,-49.2243601686
2014-05-19 10:51:10,-25.374540548,-49.2243601686
2014-05-19 10:51:20,-25.374540548,-49.2243601686
2014-05-19 10:51:30,-25.374540548,-49.2243601686
2014-05-19 10:51:40,-25.374540548,-49.2243601686
2014-05-19 10:51:50,-25.374540548,-49.2243601686
2014-05-19 10:52:00,-25.374540548,-49.2243601686
2014-05-19 10:52:10,-25.374540548,-49.2243601686
2014-05-19 10:52:20,-25.374540548,-49.2243601686
2014-05-19 10:52:30,-25.374540548,-49.2243601686
2014-05-19 10:52:40,-25.374540548,-49.2243601686
2014-05-19 10:52:50,-25.374540548,-49.2243601686
2014-05-19 10:53:00,-25.374540548,-49.2243601686
2014-05-19 10:53:10,-25.374540548,-49.2243601686
2014-05-19 10:53:20,-25.374540548,-49.2243601686
2014-05-19 10:53:30,-25.374540548,-49.2243601686
2014-05-19 10:53:40,-25.374540548,-49.2243601686
2014-05-19 10:53:50,-25.374540548,-49.2243601686
2014-05-19 10:54:00,-25.374540548,-49.2243601686
2014-05-19 10:54:10,-25.374540548,-49.2243601686
2014-05-19 10:54:20,-25.374540548,-49.2243601686
2014-05-19 10:54:30,-25.374540548,-49.2243601686
2014-05-19 10:54:40,-25.374540548,-49.2243601686
2014-05-19 10:54:50,-25.374540548,-49.2243601686
2014-05-19 10:55:00,-25.374540548,-49.2243601686
2014-05-19 10:55:10,-25.374540548,-49.2243601686
2014-05-19 10:55:20,-25.374540548,-49.2243601686
2014-05-19 10:55:30,-25.374540548,-49.2243601686
2014-05-19 10:55:40,-25.374540548,-49.2243601686
2014-05-19 10:55:50,-25.374540548,-49.2243601686
2014-05-19 10:56:00,-25.374540548,-49.2243601686
2014-05-19 10:56:10,-25.374540548,-49.2243601686
2014-05-19 10:56:20,-25.374540548,-49.2243601686
2014-05-19 10:56:30,-25.374540548,-49.2243601686
2014-05-19 10:56:40,-25.374540548,-49.2243601686
2014-05-19 10:56:50,-25.374540548,-49.2243601686
2014-05-19 10:57:00,-25.374540548,-49.2243601686
2014-05-19 10:57:10,-25.374540548,-49.2243601686
2014-05-19 10:57:20,-25.374540548,-49.2243601686
2014-05-19 10:57:30,-25.374540548,-49.2243601686
2014-05-19 10:57:40,-25.374540548,-49.2243601686
2014-05-19 10:57:50,-25.374540548,-49.2243601686
2014-05-19 10:58:00,-25.374540548,-49.2243601686
2014-05-19 10:58:10,-25.374540548,-49.2243601686
2014-05-19 10:58:20,-25.374540548,-49.2243601686
2014-05-19 10:58:30,-25.374540548,-49.2243601686
2014-05-19 10:58:40,-25.374540548,-49.2243601686
2014-05-19 10:58:50,-25.374540548,-49.2243601686
2014-05-19 10:59:00,-25.374540548,-49.2243601686
2014-05-19 10:59:10,-25.374540548,-49.2243601686
2014-05-19 10:59:20,-25.374540548,-49.2243601686
2014-05-19 10:59:30,-25.374540548,-49.2243601686
2014-05-19 10:59:40,-25.374540548,-49.2243601686
2014-05-19 10:59:50,-25.374540548,-49.2243601686
2014-05-19 11:00:00,-25.374540548,-49.2243601686
2014-05-19 11:00:10,-25.374540548,-49.2243601686
2014-05-19 11:00:20,-25.374540548,-49.2243601686
2014-05-19 11:00:30,-25.374540548,-49.2243601686
2014-05-19 11:00:40,-25.374540548,-49.2243601686
2014-05-19 11:00:50,-25.374540548,-49.2243601686
2014-05-19 11:01:00,-25.374540548,-49.2243601686
2014-05-19 11:01:10,-25.374540548,-49.2243601686
2014-05-19 11:01:20,-25.374540548,-49.2243601686
2014-05-19 11:01:30,-25.374540548,-49.2243601686
2014-05-19 11:01:40,-25.374540548,-49.2243601686
2014-05-19 11:01:50,-25.374540548,-49.2243601686
2014-05-19 11:02:00,-25.374540548,-49.2243601686
2014-05-19 11:02:10,-25.374540548,-49.2243601686
2014-05-19 11:02:20,-25.374540548,-49.2243601686
2014-05-19 11:02:30,-25.374540548,-49.2243601686
2014-05-19 11:02:40,-25.374540548,-49.2243601686
2014-05-19 11:02:50,-25.374540548,-49.2243601686
2014-05-19 11:03:00,-25.374540548,-49.2243601686
2014-05-19 11:03:10,-25.374540548,-49.2243601686
2014-05-19 11:03:20,-25.374540548,-49.2243601686
2014-05-19 11:03:30,-25.374540548,-49.2243601686
2014-05-19 11:03:40,-25.374540548,-49.2243601686
2014-05-19 11:03:50,-25.374540548,-49.2243601686
2014-05-19 11:04:00,-25.374540548,-49.2243601686
2014-05-19 11:04:10,-25.374540548,-49.2243601686
2014-05-19 11:04:20,-25.374540548,-49.2243601686
2014-05-19 11:04:30,-25.374540548,-49.2243601686
2014-05-19 11:04:40,-25.374540548,-49.2243601686
2014-05-19 11:04:50,-25.374540548,-49.2243601686
2014-05-19 11:05:00,-25.374540548,-49.2243601686
2014-05-19 11:05:10,-25.374540548,-49.2243601686
2014-05-19 11:05:20,-25.374540548,-49.2243601686
2014-05-19 11:05:30,-25.374540548,-49.2243601686
2014-05-19 11:05:40,-25.374540548,-49.2243601686
2014-05-19 11:05:50,-25.374540548,-49.2243601686
2014-05-19 11:06:00,-25.374540548,-49.2243601686
2014-05-19 11:06:10,-25.374540548,-49.2243601686
2014-05-19 11:06:20,-25.374540548,-49.2243601686
2014-05-19 11:06:30,-25.374540548,-49.2243601686
2014-05-19 11:06:40,-25.374540548,-49.2243601686
2014-05-19 11:06:50,-25.374540548,-49.2243601686
2014-05-19 11:07:00,-25.374540548,-49.2243601686
2014-05-19 11:07:10,-25.374540548,-49.2243601686
2014-05-19 11:07:20,-25.374540548,-49.2243601686
2014-05-19 11:07:30,-25.374540548,-49.2243601686
2014-05-19 11:07:40,-25.374540548,-49.2243601686
2014-05-19 11:07:50,-25.374540548,-49.2243601686
2014-05-19 11:08:00,-25.374540548,-49.2243601686
2014-05-19 11:08:10,-25.374540548,-49.2243601686
2014-05-19 11:08:20,-25.374540548,-49.2243601686
2014-05-19 11:08:30,-25.374540548,-49.2243601686
2014-05-19 11:08:40,-25.374540548,-49.2243601686
2014-05-19 11:08:50,-25.374540548,-49.2243601686
2014-05-19 11:09:00,-25.374540548,-49.2243601686
2014-05-19 11:09:10,-25.374540548,-49.2243601686
2014-05-19 11:09:20,-25.374540548,-49.2243601686
2014-05-19 11:09:30,-25.374540548,-49.2243601686
2014-05-19 11:09:40,-25.374540548,-49.2243601686
2014-05-19 11:09:50,-25.374540548,-49.2243601686
2014-05-19 11:10:00,-25.374540548,-49.2243601686
2014-05-19 11:10:10,-25.374540548,-49.2243601686
2014-05-19 11:10:20,-25.374540548,-49.2243601686
2014-05-19 11:10:30,-25.374540548,-49.2243601686
2014-05-19 11:10:40,-25.374540548,-49.2243601686
2014-05-19 11:10:50,-25.374540548,-49.2243601686
2014-05-19 11:11:00,-25.374540548,-49.2243601686
2014-05-19 11:11:10,-25.374540548,-49.2243601686
2014-05-19 11:11:20,-25.374540548,-49.2243601686
2014-05-19 11:11:30,-25.374540548,-49.2243601686
2014-05-19 11:11:40,-25.374540548,-49.2243601686
2014-05-19 11:11:50,-25.374540548,-49.2243601686
2014-05-19 11:12:00,-25.374540548,-49.2243601686
2014-05-19 11:12:10,-25.374540548,-49.2243601686
2014-05-19 11:12:20,-25.374540548,-49.2243601686
2014-05-19 11:12:30,-25.374540548,-49.2243601686
2014-05-19 11:12:40,-25.374540548,-49.2243601686
2014-05-19 11:12:50,-25.374540548,-49.2243601686
2014-05-19 11:13:00,-25.374540548,-49.2243601686
2014-05-19 11:13:10,-25.374540548,-49.2243601686
2014-05-19 11:13:20,-25.374540548,-49.2243601686
2014-05-19 11:13:30,-25.374540548,-49.2243601686
2014-05-19 11:13:40,-25.374540548,-49.2243601686
2014-05-19 11:13:50,-25.374540548,-49.2243601686
2014-05-19 11:14:00,-25.374540548,-49.2243601686
2014-05-19 11:14:10,-25.374540548,-49.2243601686
2014-05-19 11:14:20,-25.374540548,-49.2243601686
2014-05-19 11:14:30,-25.374540548,-49.2243601686
2014-05-19 11:14:40,-25.374540548,-49.2243601686
2014-05-19 11:14:50,-25.374540548,-49.2243601686
2014-05-19 11:15:00,-25.374540548,-49.2243601686
2014-05-19 11:15:10,-25.374540548,-49.2243601686
2014-05-19 11:15:20,-25.374540548,-49.2243601686
2014-05-19 11:15:30,-25.374540548,-49.2243601686
2014-05-19 11:15:40,-25.374540548,-49.2243601686
2014-05-19 11:15:50,-25.374540548,-49.2243601686
2014-05-19 11:16:00,-25.374540548,-49.2243601686
2014-05-19 11:16:10,-25.374540548,-49.2243601686
2014-05-19 11:16:20,-25.374540548,-49.2243601686
2014-05-19 11:16:30,-25.374540548,-49.2243601686
2014-05-19 11:16:40,-25.374540548,-49.2243601686
2014-05-19 11:16:50,-25.374540548,-49.2243601686
2014-05-19 11:17:00,-25.374540548,-49.2243601686
2014-05-19 11:17:10,-25.374540548,-49.2243601686
2014-05-19 11:17:20,-25.374540548,-49.2243601686
2014-05-19 11:17:30,-25.374540548,-49.2243601686
2014-05-19 11:17:40,-25.374540548,-49.2243601686
2014-05-19 11:17:50,-25.374540548,-49.2243601686
2014-05-19 11:18:00,-25.374540548,-49.2243601686
2014-05-19 11:18:10,-25.374540548,-49.2243601686
2014-05-19 11:18:20,-25.374540548,-49.2243601686
2014-05-19 11:18:30,-25.374540548,-49.2243601686
2014-05-19 11:18:40,-25.374540548,-49.2243601686
2014-05-19 11:18:50,-25.374540548,-49.2243601686
2014-05-19 11:19:00,-25.374540548,-49.2243601686
2014-05-19 11:19:10,-25.374540548,-49.2243601686
2014-05-19 11:19:20,-25.374540548,-49.2243601686
2014-05-19 11:19:30,-25.374540548,-49.2243601686
2014-05-19 11:19:40,-25.374540548,-49.2243601686
2014-05-19 11:19:50,-25.374540548,-49.2243601686
2014-05-19 11:20:00,-25.374540548,-49.2243601686
2014-05-19 11:20:10,-25.374540548,-49.2243601686
2014-05-19 11:20:20,-25.374540548,-49.2243601686
2014-05-19 11:20:30,-25.374540548,-49.2243601686
2014-05-19 11:20:40,-25.374540548,-49.2243601686
2014-05-19 11:20:50,-25.374540548,-49.2243601686
2014-05-19 11:21:00,-25.374540548,-49.2243601686
2014-05-19 11:21:10,-25.374540548,-49.2243601686
2014-05-19 11:21:20,-25.374540548,-49.2243601686
2014-05-19 11:21:30,-25.374540548,-49.2243601686
2014-05-19 11:21:40,-25.374540548,-49.2243601686
2014-05-19 11:21:50,-25.374540548,-49.2243601686
2014-05-19 11:22:00,-25.374540548,-49.2243601686
2014-05-19 11:22:10,-25.374540548,-49.2243601686
2014-05-19 11:22:20,-25.374540548,-49.2243601686
2014-05-19 11:22:30,-25.374540548,-49.2243601686
2014-05-19 11:22:40,-25.374540548,-49.2243601686
2014-05-19 11:22:50,-25.374540548,-49.2243601686
2014-05-19 11:23:00,-25.374540548,-49.2243601686
2014-05-19 11:23:10,-25.374540548,-49.2243601686
2014-05-19 11:23:20,-25.374540548,-49.2243601686
2014-05-19 11:23:30,-25.374540548,-49.2243601686
2014-05-19 11:23:40,-25.374540548,-49.2243601686
2014-05-19 11:23:50,-25.374540548,-49.2243601686
2014-05-19 11:24:00,-25.374540548,-49.2243601686
2014-05-19 11:24:10,-25.374540548,-49.2243601686
2014-05-19 11:24:20,-25.374540548,-49.2243601686
2014-05-19 11:24:30,-25.374540548,-49.2243601686
2014-05-19 11:24:40,-25.374540548,-49.2243601686
2014-05-19 11:24:50,-25.374540548,-49.2243601686
2014-05-19 11:25:00,-25.374540548,-49.2243601686
2014-05-19 11:25:10,-25.374540548,-49.2243601686
2014-05-19 11:25:20,-25.374540548,-49.2243601686
2014-05-19 11:25:30,-25.374540548,-49.2243601686
2014-05-19 11:25:40,-25.374540548,-49.2243601686
2014-05-19 11:25:50,-25.374540548,-49.2243601686
2014-05-19 11:26:00,-25.374540548,-49.2243601686
2014-05-19 11:26:10,-25.374540548,-49.2243601686
2014-05-19 11:26:20,-25.374540548,-49.2243601686
2014-05-19 11:26:30,-25.374540548,-49.2243601686
2014-05-19 11:26:40,-25.374540548,-49.2243601686
2014-05-19 11:26:50,-25.374540548,-49.2243601686
2014-05-19 11:27:00,-25.374540548,-49.2243601686
2014-05-19 11:27:10,-25.374540548,-49.2243601686
2014-05-19 11:27:20,-25.374540548,-49.2243601686
2014-05-19 11:27:30,-25.374540548,-49.2243601686
2014-05-19 11:27:40,-25.374540548,-49.2243601686
2014-05-19 11:27:50,-25.374540548,-49.2243601686
2014-05-19 11:28:00,-25.374540548,-49.2243601686
2014-05-19 11:28:10,-25.374540548,-49.2243601686
2014-05-19 11:28:20,-25.374540548,-49.2243601686
2014-05-19 11:28:30,-25.374540548,-49.2243601686
2014-05-19 11:28:40,-25.374540548,-49.2243601686
2014-05-19 11:28:50,-25.374540548,-49.2243601686
2014-05-19 11:29:00,-25.374540548,-49.2243601686
2014-05-19 11:29:10,-25.374540548,-49.2243601686
2014-05-19 11:29:20,-25.374540548,-49.2243601686
2014-05-19 11:29:30,-25.374540548,-49.2243601686
2014-05-19 11:29:40,-25.374540548,-49.2243601686
2014-05-19 11:29:50,-25.374540548,-49.2243601686
2014-05-19 11:30:00,-25.374540548,-49.2243601686
2014-05-19 11:30:10,-25.374540548,-49.2243601686
2014-05-19 11:30:20,-25.374540548,-49.2243601686
2014-05-19 11:30:30,-25.374540548,-49.2243601686
2014-05-19 11:30:40,-25.374540548,-49.2243601686
2014-05-19 11:30:50,-25.374540548,-49.2243601686
2014-05-19 11:31:00,-25.374540548,-49.2243601686
2014-05-19 11:31:10,-25.374540548,-49.2243601686
2014-05-19 11:31:20,-25.374540548,-49.2243601686
2014-05-19 11:31:30,-25.374540548,-49.2243601686
2014-05-19 11:31:40,-25.374540548,-49.2243601686
2014-05-19 11:31:50,-25.374540548,-49.2243601686
2014-05-19 11:32:00,-25.374540548,-49.2243601686
2014-05-19 11:32:10,-25.374540548,-49.2243601686
2014-05-19 11:32:20,-25.374540548,-49.2243601686
2014-05-19 11:32:30,-25.374540548,-49.2243601686
2014-05-19 11:32:40,-25.374540548,-49.2243601686
2014-05-19 11:32:50,-25.374540548,-49.2243601686
2014-05-19 11:33:00,-25.374540548,-49.2243601686
2014-05-19 11:33:10,-25.374540548,-49.2243601686
2014-05-19 11:33:20,-25.374540548,-49.2243601686
2014-05-19 11:33:30,-25.374540548,-49.2243601686
2014-05-19 11:33:40,-25.374540548,-49.2243601686
2014-05-19 11:33:50,-25.374540548,-49.2243601686
2014-05-19 11:34:00,-25.374540548,-49.2243601686
2014-05-19 11:34:10,-25.374540548,-49.2243601686
2014-05-19 11:34:20,-25.374540548,-49.2243601686
2014-05-19 11:34:30,-25.374540548,-49.2243601686
2014-05-19 11:34:40,-25.374540548,-49.2243601686
2014-05-19 11:34:50,-25.374540548,-49.2243601686
2014-05-19 11:35:00,-25.374540548,-49.2243601686
2014-05-19 11:35:10,-25.374540548,-49.2243601686
2014-05-19 11:35:20,-25.374540548,-49.2243601686
2014-05-19 11:35:30,-25.374540548,-49.2243601686
2014-05-19 11:35:40,-25.374540548,-49.2243601686
2014-05-19 11:35:50,-25.374540548,-49.2243601686
2014-05-19 11:36:00,-25.374540548,-49.2243601686
2014-05-19 11:36:10,-25.374540548,-49.2243601686
2014-05-19 11:36:20,-25.374540548,-49.2243601686
2014-05-19 11:36:30,-25.374540548,-49.2243601686
2014-05-19 11:36:40,-25.374540548,-49.2243601686
2014-05-19 11:36:50,-25.374540548,-49.2243601686
2014-05-19 11:37:00,-25.374540548,-49.2243601686
2014-05-19 11:37:10,-25.374540548,-49.2243601686
2014-05-19 11:37:20,-25.374540548,-49.2243601686
2014-05-19 11:37:30,-25.374540548,-49.2243601686
2014-05-19 11:37:40,-25.374540548,-49.2243601686
2014-05-19 11:37:50,-25.374540548,-49.2243601686
2014-05-19 11:38:00,-25.374540548,-49.2243601686
2014-05-19 11:38:10,-25.374540548,-49.2243601686
2014-05-19 11:38:20,-25.374540548,-49.2243601686
2014-05-19 11:38:30,-25.374540548,-49.2243601686
2014-05-19 11:38:40,-25.374540548,-49.2243601686
2014-05-19 11:38:50,-25.374540548,-49.2243601686
2014-05-19 11:39:00,-25.374540548,-49.2243601686
2014-05-19 11:39:10,-25.374540548,-49.2243601686
2014-05-19 11:39:20,-25.374540548,-49.2243601686
2014-05-19 11:39:30,-25.374540548,-49.2243601686
2014-05-19 11:39:40,-25.374540548,-49.2243601686
2014-05-19 11:39:50,-25.374540548,-49.2243601686
2014-05-19 11:40:00,-25.374540548,-49.2243601686
2014-05-19 11:40:10,-25.374540548,-49.2243601686
2014-05-19 11:40:20,-25.374540548,-49.2243601686
2014-05-19 11:40:30,-25.374540548,-49.2243601686
2014-05-19 11:40:40,-25.374540548,-49.2243601686
2014-05-19 11:40:50,-25.374540548,-49.2243601686
2014-05-19 11:41:00,-25.374540548,-49.2243601686
2014-05-19 11:41:10,-25.374540548,-49.2243601686
2014-05-19 11:41:20,-25.374540548,-49.2243601686
2014-05-19 11:41:30,-25.374540548,-49.2243601686
2014-05-19 11:41:40,-25.374540548,-49.2243601686
2014-05-19 11:41:50,-25.374540548,-49.2243601686
2014-05-19 11:42:00,-25.374540548,-49.2243601686
2014-05-19 11:42:10,-25.374540548,-49.2243601686
2014-05-19 11:42:20,-25.374540548,-49.2243601686
2014-05-19 11:42:30,-25.374540548,-49.2243601686
2014-05-19 11:42:40,-25.374540548,-49.2243601686
2014-05-19 11:42:50,-25.374540548,-49.2243601686
2014-05-19 11:43:00,-25.374540548,-49.2243601686
2014-05-19 11:43:10,-25.374540548,-49.2243601686
2014-05-19 11:43:20,-25.374540548,-49.2243601686
2014-05-19 11:43:30,-25.374540548,-49.2243601686
2014-05-19 11:43:40,-25.374540548,-49.2243601686
2014-05-19 11:43:50,-25.374540548,-49.2243601686
2014-05-19 11:44:00,-25.374540548,-49.2243601686
2014-05-19 11:44:10,-25.374540548,-49.2243601686
2014-05-19 11:44:20,-25.374540548,-49.2243601686
2014-05-19 11:44:30,-25.374540548,-49.2243601686
2014-05-19 11:44:40,-25.374540548,-49.2243601686
2014-05-19 11:44:50,-25.374540548,-49.2243601686
2014-05-19 11:45:00,-25.374540548,-49.2243601686
2014-05-19 11:45:10,-25.374540548,-49.2243601686
2014-05-19 11:45:20,-25.374540548,-49.2243601686
2014-05-19 11:45:30,-25.374540548,-49.2243601686
2014-05-19 11:45:40,-25.374540548,-49.2243601686
2014-05-19 11:45:50,-25.374540548,-49.2243601686
2014-05-19 11:46:00,-25.374540548,-49.2243601686
2014-05-19 11:46:10,-25.374540548,-49.2243601686
2014-05-19 11:46:20,-25.374540548,-49.2243601686
2014-05-19 11:46:30,-25.374540548,-49.2243601686
2014-05-19 11:46:40,-25.374540548,-49.2243601686
2014-05-19 11:46:50,-25.374540548,-49.2243601686
2014-05-19 11:47:00,-25.374540548,-49.2243601686
2014-05-19 11:47:10,-25.374540548,-49.2243601686
2014-05-19 11:47:20,-25.374540548,-49.2243601686
2014-05-19 11:47:30,-25.374540548,-49.2243601686
2014-05-19 11:47:40,-25.374540548,-49.2243601686
2014-05-19 11:47:50,-25.374540548,-49.2243601686
2014-05-19 11:48:00,-25.374540548,-49.2243601686
2014-05-19 11:48:10,-25.374540548,-49.2243601686
2014-05-19 11:48:20,-25.374540548,-49.2243601686
2014-05-19 11:48:30,-25.374540548,-49.2243601686
2014-05-19 11:48:40,-25.374540548,-49.2243601686
2014-05-19 11:48:50,-25.374540548,-49.2243601686
2014-05-19 11:49:00,-25.374540548,-49.2243601686
2014-05-19 11:49:10,-25.374540548,-49.2243601686
2014-05-19 11:49:20,-25.374540548,-49.2243601686
2014-05-19 11:49:30,-25.374540548,-49.2243601686
2014-05-19 11:49:40,-25.374540548,-49.2243601686
2014-05-19 11:49:50,-25.374540548,-49.2243601686
2014-05-19 11:50:00,-25.374540548,-49.2243601686
2014-05-19 11:50:10,-25.374540548,-49.2243601686
2014-05-19 11:50:20,-25.374540548,-49.2243601686
2014-05-19 11:50:30,-25.374540548,-49.2243601686
2014-05-19 11:50:40,-25.374540548,-49.2243601686
2014-05-19 11:50:50,-25.374540548,-49.2243601686
2014-05-19 11:51:00,-25.374540548,-49.2243601686
2014-05-19 11:51:10,-25.374540548,-49.2243601686
2014-05-19 11:51:20,-25.374540548,-49.2243601686
2014-05-19 11:51:30,-25.374540548,-49.2243601686
2014-05-19 11:51:40,-25.374540548,-49.2243601686
2014-05-19 11:51:50,-25.374540548,-49.2243601686
2014-05-19 11:52:00,-25.374540548,-49.2243601686
2014-05-19 11:52:10,-25.374540548,-49.2243601686
2014-05-19 11:52:20,-25.374540548,-49.2243601686
2014-05-19 11:52:30,-25.374540548,-49.2243601686
2014-05-19 11:52:40,-25.374540548,-49.2243601686
2014-05-19 11:52:50,-25.374540548,-49.2243601686
2014-05-19 11:53:00,-25.374540548,-49.2243601686
2014-05-19 11:53:10,-25.374540548,-49.2243601686
2014-05-19 11:53:20,-25.374540548,-49.2243601686
2014-05-19 11:53:30,-25.374540548,-49.2243601686
2014-05-19 11:53:40,-25.374540548,-49.2243601686
2014-05-19 11:53:50,-25.374540548,-49.2243601686
2014-05-19 11:54:00,-25.374540548,-49.2243601686
2014-05-19 11:54:10,-25.374540548,-49.2243601686
2014-05-19 11:54:20,-25.374540548,-49.2243601686
2014-05-19 11:54:30,-25.374540548,-49.2243601686
2014-05-19 11:54:40,-25.374540548,-49.2243601686
2014-05-19 11:54:50,-25.374540548,-49.2243601686
2014-05-19 11:55:00,-25.374540548,-49.2243601686
2014-05-19 11:55:10,-25.374540548,-49.2243601686
2014-05-19 11:55:20,-25.374540548,-49.2243601686
2014-05-19 11:55:30,-25.374540548,-49.2243601686
2014-05-19 11:55:40,-25.374540548,-49.2243601686
2014-05-19 11:55:50,-25.374540548,-49.2243601686
2014-05-19 11:56:00,-25.374540548,-49.2243601686
2014-05-19 11:56:10,-25.374540548,-49.2243601686
2014-05-19 11:56:20,-25.374540548,-49.2243601686
2014-05-19 11:56:30,-25.374540548,-49.2243601686
2014-05-19 11:56:40,-25.374540548,-49.2243601686
2014-05-19 11:56:50,-25.374540548,-49.2243601686
2014-05-19 11:57:00,-25.374540548,-49.2243601686
2014-05-19 11:57:10,-25.374540548,-49.2243601686
2014-05-19 11:57:20,-25.374540548,-49.2243601686
2014-05-19 11:57:30,-25.374540548,-49.2243601686
2014-05-19 11:57:40,-25.374540548,-49.2243601686
2014-05-19 11:57:50,-25.374540548,-49.2243601686
2014-05-19 11:58:00,-25.374540548,-49.2243601686
2014-05-19 11:58:10,-25.374540548,-49.2243601686
2014-05-19 11:58:20,-25.374540548,-49.2243601686
2014-05-19 11:58:30,-25.374540548,-49.2243601686
2014-05-19 11:58:40,-25.374540548,-49.2243601686
2014-05-19 11:58:50,-25.374540548,-49.2243601686
2014-05-19 11:59:00,-25.374540548,-49.2243601686
2014-05-19 11:59:10,-25.374540548,-49.2243601686
2014-05-19 11:59:20,-25.374540548,-49.2243601686
2014-05-19 11:59:30,-25.374540548,-49.2243601686
2014-05-19 11:59:40,-25.374540548,-49.2243601686
2014-05-19 11:59:50,-25.374540548,-49.2243601686
2014-05-19 12:00:00,-25.374540548,-49.2243601686
2014-05-19 12:00:10,-25.374540548,-49.2243601686
2014-05-19 12:00:20,-25.374540548,-49.2243601686
2014-05-19 12:00:30,-25.374540548,-49.2243601686
2014-05-19 12:00:40,-25.374540548,-49.2243601686
2014-05-19 12:00:50,-25.374540548,-49.2243601686
2014-05-19 12:01:00,-25.374540548,-49.2243601686
2014-05-19 12:01:10,-25.374540548,-49.2243601686
2014-05-19 12:01:20,-25.374540548,-49.2243601686
2014-05-19 12:01:30,-25.374540548,-49.2243601686
2014-05-19 12:01:40,-25.374540548,-49.2243601686
2014-05-19 12:01:50,-25.374540548,-49.2243601686
2014-05-19 12:02:00,-25.374540548,-49.2243601686
2014-05-19 12:02:10,-25.374540548,-49.2243601686
2014-05-19 12:02:20,-25.374540548,-49.2243601686
2014-05-19 12:02:30,-25.374540548,-49.2243601686
2014-05-19 12:02:40,-25.374540548,-49.2243601686
2014-05-19 12:02:50,-25.374540548,-49.2243601686
2014-05-19 12:03:00,-25.374540548,-49.2243601686
2014-05-19 12:03:10,-25.374540548,-49.2243601686
2014-05-19 12:03:20,-25.374540548,-49.2243601686
2014-05-19 12:03:30,-25.374540548,-49.2243601686
2014-05-19 12:03:40,-25.374540548,-49.2243601686
2014-05-19 12:03:50,-25.374540548,-49.2243601686
2014-05-19 12:04:00,-25.374540548,-49.2243601686
2014-05-19 12:04:10,-25.374540548,-49.2243601686
2014-05-19 12:04:20,-25.374540548,-49.2243601686
2014-05-19 12:04:30,-25.374540548,-49.2243601686
2014-05-19 12:04:40,-25.374540548,-49.2243601686
2014-05-19 12:04:50,-25.374540548,-49.2243601686
2014-05-19 12:05:00,-25.374540548,-49.2243601686
2014-05-19 12:05:10,-25.374540548,-49.2243601686
2014-05-19 12:05:20,-25.374540548,-49.2243601686
2014-05-19 12:05:30,-25.374540548,-49.2243601686
2014-05-19 12:05:40,-25.374540548,-49.2243601686
2014-05-19 12:05:50,-25.374540548,-49.2243601686
2014-05-19 12:06:00,-25.374540548,-49.2243601686
2014-05-19 12:06:10,-25.374540548,-49.2243601686
2014-05-19 12:06:20,-25.374540548,-49.2243601686
2014-05-19 12:06:30,-25.374540548,-49.2243601686
2014-05-19 12:06:40,-25.374540548,-49.2243601686
2014-05-19 12:06:50,-25.374540548,-49.2243601686
2014-05-19 12:07:00,-25.374540548,-49.2243601686
2014-05-19 12:07:10,-25.374540548,-49.2243601686
2014-05-19 12:07:20,-25.374540548,-49.2243601686
2014-05-19 12:07:30,-25.374540548,-49.2243601686
2014-05-19 12:07:40,-25.374540548,-49.2243601686
2014-05-19 12:07:50,-25.374540548,-49.2243601686
2014-05-19 12:08:00,-25.374540548,-49.2243601686
2014-05-19 12:08:10,-25.374540548,-49.2243601686
2014-05-19 12:08:20,-25.374540548,-49.2243601686
2014-05-19 12:08:30,-25.374540548,-49.2243601686
2014-05-19 12:08:40,-25.374540548,-49.2243601686
2014-05-19 12:08:50,-25.374540548,-49.2243601686
2014-05-19 12:09:00,-25.374540548,-49.2243601686
2014-05-19 12:09:10,-25.374540548,-49.2243601686
2014-05-19 12:09:20,-25.374540548,-49.2243601686
2014-05-19 12:09:30,-25.374540548,-49.2243601686
2014-05-19 12:09:40,-25.374540548,-49.2243601686
2014-05-19 12:09:50,-25.374540548,-49.2243601686
2014-05-19 12:10:00,-25.374540548,-49.2243601686
2014-05-19 12:10:10,-25.374540548,-49.2243601686
2014-05-19 12:10:20,-25.374540548,-49.2243601686
2014-05-19 12:10:30,-25.374540548,-49.2243601686
2014-05-19 12:10:40,-25.374540548,-49.2243601686
2014-05-19 12:10:50,-25.374540548,-49.2243601686
2014-05-19 12:11:00,-25.374540548,-49.2243601686
2014-05-19 12:11:10,-25.374540548,-49.2243601686
2014-05-19 12:11:20,-25.374540548,-49.2243601686
2014-05-19 12:11:30,-25.374540548,-49.2243601686
2014-05-19 12:11:40,-25.374540548,-49.2243601686
2014-05-19 12:11:50,-25.374540548,-49.2243601686
2014-05-19 12:12:00,-25.374540548,-49.2243601686
2014-05-19 12:12:10,-25.374540548,-49.2243601686
2014-05-19 12:12:20,-25.374540548,-49.2243601686
2014-05-19 12:12:30,-25.374540548,-49.2243601686
2014-05-19 12:12:40,-25.374540548,-49.2243601686
2014-05-19 12:12:50,-25.374540548,-49.2243601686
2014-05-19 12:13:00,-25.374540548,-49.2243601686
2014-05-19 12:13:10,-25.374540548,-49.2243601686
2014-05-19 12:13:20,-25.374540548,-49.2243601686
2014-05-19 12:13:30,-25.374540548,-49.2243601686
2014-05-19 12:13:40,-25.374540548,-49.2243601686
2014-05-19 12:13:50,-25.374540548,-49.2243601686
2014-05-19 12:14:00,-25.374540548,-49.2243601686
2014-05-19 12:14:10,-25.374540548,-49.2243601686
2014-05-19 12:14:20,-25.374540548,-49.2243601686
2014-05-19 12:14:30,-25.374540548,-49.2243601686
2014-05-19 12:14:40,-25.374540548,-49.2243601686
2014-05-19 12:14:50,-25.374540548,-49.2243601686
2014-05-19 12:15:00,-25.374540548,-49.2243601686
2014-05-19 12:15:10,-25.374540548,-49.2243601686
2014-05-19 12:15:20,-25.374540548,-49.2243601686
2014-05-19 12:15:30,-25.374540548,-49.2243601686
2014-05-19 12:15:40,-25.374540548,-49.2243601686
2014-05-19 12:15:50,-25.374540548,-49.2243601686
2014-05-19 12:16:00,-25.374540548,-49.2243601686
2014-05-19 12:16:10,-25.374540548,-49.2243601686
2014-05-19 12:16:20,-25.374540548,-49.2243601686
2014-05-19 12:16:30,-25.374540548,-49.2243601686
2014-05-19 12:16:40,-25.374540548,-49.2243601686
2014-05-19 12:16:50,-25.374540548,-49.2243601686
2014-05-19 12:17:00,-25.374540548,-49.2243601686
2014-05-19 12:17:10,-25.374540548,-49.2243601686
2014-05-19 12:17:20,-25.374540548,-49.2243601686
2014-05-19 12:17:30,-25.374540548,-49.2243601686
2014-05-19 12:17:40,-25.374540548,-49.2243601686
2014-05-19 12:17:50,-25.374540548,-49.2243601686
2014-05-19 12:18:00,-25.374540548,-49.2243601686
2014-05-19 12:18:10,-25.374540548,-49.2243601686
2014-05-19 12:18:20,-25.374540548,-49.2243601686
2014-05-19 12:18:30,-25.374540548,-49.2243601686
2014-05-19 12:18:40,-25.374540548,-49.2243601686
2014-05-19 12:18:50,-25.374540548,-49.2243601686
2014-05-19 12:19:00,-25.374540548,-49.2243601686
2014-05-19 12:19:10,-25.374540548,-49.2243601686
2014-05-19 12:19:20,-25.374540548,-49.2243601686
2014-05-19 12:19:30,-25.374540548,-49.2243601686
2014-05-19 12:19:40,-25.374540548,-49.2243601686
2014-05-19 12:19:50,-25.374540548,-49.2243601686
2014-05-19 12:20:00,-25.374540548,-49.2243601686
2014-05-19 12:20:10,-25.374540548,-49.2243601686
2014-05-19 12:20:20,-25.374540548,-49.2243601686
2014-05-19 12:20:30,-25.374540548,-49.2243601686
2014-05-19 12:20:40,-25.374540548,-49.2243601686
2014-05-19 12:20:50,-25.374540548,-49.2243601686
2014-05-19 12:21:00,-25.374540548,-49.2243601686
2014-05-19 12:21:10,-25.374540548,-49.2243601686
2014-05-19 12:21:20,-25.374540548,-49.2243601686
2014-05-19 12:21:30,-25.374540548,-49.2243601686
2014-05-19 12:21:40,-25.374540548,-49.2243601686
2014-05-19 12:21:50,-25.374540548,-49.2243601686
2014-05-19 12:22:00,-25.374540548,-49.2243601686
2014-05-19 12:22:10,-25.374540548,-49.2243601686
2014-05-19 12:22:20,-25.374540548,-49.2243601686
2014-05-19 12:22:30,-25.374540548,-49.2243601686
2014-05-19 12:22:40,-25.374540548,-49.2243601686
2014-05-19 12:22:50,-25.374540548,-49.2243601686
2014-05-19 12:23:00,-25.374540548,-49.2243601686
2014-05-19 12:23:10,-25.374540548,-49.2243601686
2014-05-19 12:23:20,-25.374540548,-49.2243601686
2014-05-19 12:23:30,-25.374540548,-49.2243601686
2014-05-19 12:23:40,-25.374540548,-49.2243601686
2014-05-19 12:23:50,-25.374540548,-49.2243601686
2014-05-19 12:24:00,-25.374540548,-49.2243601686
2014-05-19 12:24:10,-25.374540548,-49.2243601686
2014-05-19 12:24:20,-25.374540548,-49.2243601686
2014-05-19 12:24:30,-25.374540548,-49.2243601686
2014-05-19 12:24:40,-25.374540548,-49.2243601686
2014-05-19 12:24:50,-25.374540548,-49.2243601686
2014-05-19 12:25:00,-25.374540548,-49.2243601686
2014-05-19 12:25:10,-25.374540548,-49.2243601686
2014-05-19 12:25:20,-25.374540548,-49.2243601686
2014-05-19 12:25:30,-25.374540548,-49.2243601686
2014-05-19 12:25:40,-25.374540548,-49.2243601686
2014-05-19 12:25:50,-25.374540548,-49.2243601686
2014-05-19 12:26:00,-25.374540548,-49.2243601686
2014-05-19 12:26:10,-25.374540548,-49.2243601686
2014-05-19 12:26:20,-25.374540548,-49.2243601686
2014-05-19 12:26:30,-25.374540548,-49.2243601686
2014-05-19 12:26:40,-25.374540548,-49.2243601686
2014-05-19 12:26:50,-25.374540548,-49.2243601686
2014-05-19 12:27:00,-25.374540548,-49.2243601686
2014-05-19 12:27:10,-25.374540548,-49.2243601686
2014-05-19 12:27:20,-25.374540548,-49.2243601686
2014-05-19 12:27:30,-25.374540548,-49.2243601686
2014-05-19 12:27:40,-25.374540548,-49.2243601686
2014-05-19 12:27:50,-25.374540548,-49.2243601686
2014-05-19 12:28:00,-25.374540548,-49.2243601686
2014-05-19 12:28:10,-25.374540548,-49.2243601686
2014-05-19 12:28:20,-25.374540548,-49.2243601686
2014-05-19 12:28:30,-25.374540548,-49.2243601686
2014-05-19 12:28:40,-25.374540548,-49.2243601686
2014-05-19 12:28:50,-25.374540548,-49.2243601686
2014-05-19 12:29:00,-25.374540548,-49.2243601686
2014-05-19 12:29:10,-25.374540548,-49.2243601686
2014-05-19 12:29:20,-25.374540548,-49.2243601686
2014-05-19 12:29:30,-25.374540548,-49.2243601686
2014-05-19 12:29:40,-25.374540548,-49.2243601686
2014-05-19 12:29:50,-25.374540548,-49.2243601686
2014-05-19 12:30:00,-25.374540548,-49.2243601686
2014-05-19 12:30:10,-25.374540548,-49.2243601686
2014-05-19 12:30:20,-25.374540548,-49.2243601686
2014-05-19 12:30:30,-25.374540548,-49.2243601686
2014-05-19 12:30:40,-25.374540548,-49.2243601686
2014-05-19 12:30:50,-25.374540548,-49.2243601686
2014-05-19 12:31:00,-25.374540548,-49.2243601686
2014-05-19 12:31:10,-25.374540548,-49.2243601686
2014-05-19 12:31:20,-25.374540548,-49.2243601686
2014-05-19 12:31:30,-25.374540548,-49.2243601686
2014-05-19 12:31:40,-25.374540548,-49.2243601686
2014-05-19 12:31:50,-25.374540548,-49.2243601686
2014-05-19 12:32:00,-25.374540548,-49.2243601686
2014-05-19 12:32:10,-25.374540548,-49.2243601686
2014-05-19 12:32:20,-25.374540548,-49.2243601686
2014-05-19 12:32:30,-25.374540548,-49.2243601686
2014-05-19 12:32:40,-25.374540548,-49.2243601686
2014-05-19 12:32:50,-25.374540548,-49.2243601686
2014-05-19 12:33:00,-25.374540548,-49.2243601686
2014-05-19 12:33:10,-25.374540548,-49.2243601686
2014-05-19 12:33:20,-25.374540548,-49.2243601686
2014-05-19 12:33:30,-25.374540548,-49.2243601686
2014-05-19 12:33:40,-25.374540548,-49.2243601686
2014-05-19 12:33:50,-25.374540548,-49.2243601686
2014-05-19 12:34:00,-25.374540548,-49.2243601686
2014-05-19 12:34:10,-25.374540548,-49.2243601686
2014-05-19 12:34:20,-25.374540548,-49.2243601686
2014-05-19 12:34:30,-25.374540548,-49.2243601686
2014-05-19 12:34:40,-25.374540548,-49.2243601686
2014-05-19 12:34:50,-25.374540548,-49.2243601686
2014-05-19 12:35:00,-25.374540548,-49.2243601686
2014-05-19 12:35:10,-25.374540548,-49.2243601686
2014-05-19 12:35:20,-25.374540548,-49.2243601686
2014-05-19 12:35:30,-25.374540548,-49.2243601686
2014-05-19 12:35:40,-25.374540548,-49.2243601686
2014-05-19 12:35:50,-25.374540548,-49.2243601686
2014-05-19 12:36:00,-25.374540548,-49.2243601686
2014-05-19 12:36:10,-25.374627844248213,-49.22444733106786
2014-05-19 12:36:20,-25.374715140496427,-49.224534493535714
2014-05-19 12:36:30,-25.37480243674464,-49.22462165600357
2014-05-19 12:36:40,-25.374889732992855,-49.22470881847143
2014-05-19 12:36:50,-25.37497702924107,-49.224795980939284
2014-05-19 12:37:00,-25.375064325489284,-49.22488314340714
2014-05-19 12:37:10,-25.375151621737498,-49.224970305875
2014-05-19 12:37:20,-25.375238917985712,-49.22505746834286
2014-05-19 12:37:30,-25.375326214233926,-49.22514463081072
2014-05-19 12:37:40,-25.37541351048214,-49.225231793278574
2014-05-19 12:37:50,-25.375500806730354,-49.22531895574643
2014-05-19 12:38:00,-25.375588102978572,-49.22540611821429
2014-05-19 12:38:10,-25.375675399226786,-49.225493280682144
2014-05-19 12:38:20,-25.375762695475,-49.22558044315
2014-05-19 12:38:30,-25.375849991723214,-49.22566760561786
2014-05-19 12:38:40,-25.37593728797143,-49.225754768085714
2014-05-19 12:38:50,-25.376024584219643,-49.22584193055357
2014-05-19 12:39:00,-25.376111880467857,-49.22592909302143
2014-05-19 12:39:10,-25.37619917671607,-49.226016255489284
2014-05-19 12:39:20,-25.376286472964285,-49.22610341795714
2014-05-19 12:39:30,-25.3763737692125,-49.226190580425
2014-05-19 12:39:40,-25.376461065460713,-49.226277742892854
2014-05-19 12:39:50,-25.376548361708927,-49.22636490536072
2014-05-19 12:40:00,-25.37663565795714,-49.226452067828575
2014-05-19 12:40:10,-25.376722954205356,-49.22653923029643
2014-05-19 12:40:20,-25.37681025045357,-49.22662639276429
2014-05-19 12:40:30,-25.376897546701784,-49.226713555232145
2014-05-19 12:40:40,-25.376984842949998,-49.2268007177
2014-05-19 12:40:50,-25.377072139198212,-49.22688788016786
2014-05-19 12:41:00,-25.377159435446426,-49.226975042635715
2014-05-19 12:41:10,-25.37724673169464,-49.22706220510357
2014-05-19 12:41:20,-25.377334027942855,-49.22714936757143
2014-05-19 12:41:30,-25.37742132419107,-49.227236530039285
2014-05-19 12:41:40,-25.377508620439283,-49.22732369250714
2014-05-19 12:41:50,-25.3775959166875,-49.227410854975
2014-05-19 12:42:00,-25.377683212935715,-49.227498017442855
2014-05-19 12:42:10,-25.37777050918393,-49.22758517991071
2014-05-19 12:42:20,-25.377857805432143,-49.22767234237857
2014-05-19 12:42:30,-25.377945101680357,-49.22775950484643
2014-05-19 12:42:40,-25.37803239792857,-49.22784666731429
2014-05-19 12:42:50,-25.378119694176785,-49.227933829782145
2014-05-19 12:43:00,-25.378206990425,-49.22802099225
2014-05-19 12:43:10,-25.378294286673214,-49.22810815471786
2014-05-19 12:43:20,-25.378381582921428,-49.228195317185715
2014-05-19 12:43:30,-25.378468879169642,-49.22828247965357
2014-05-19 12:43:40,-25.378556175417856,-49.22836964212143
2014-05-19 12:43:50,-25.37864347166607,-49.228456804589285
2014-05-19 12:44:00,-25.378730767914284,-49.22854396705714
2014-05-19 12:44:10,-25.3788180641625,-49.228631129525
2014-05-19 12:44:20,-25.378905360410712,-49.228718291992855
2014-05-19 12:44:30,-25.378992656658927,-49.22880545446071
2014-05-19 12:44:40,-25.37907995290714,-49.22889261692857
2014-05-19 12:44:50,-25.379167249155355,-49.228979779396425
2014-05-19 12:45:00,-25.37925454540357,-49.22906694186429
2014-05-19 12:45:10,-25.379341841651783,-49.229154104332146
2014-05-19 12:45:20,-25.379429137899997,-49.2292412668
2014-05-19 12:45:30,-25.37951643414821,-49.22932842926786
2014-05-19 12:45:40,-25.37960373039643,-49.229415591735716
2014-05-19 12:45:50,-25.379691026644643,-49.22950275420357
2014-05-19 12:46:00,-25.379778322892857,-49.22958991667143
2014-05-19 12:46:10,-25.37986561914107,-49.229677079139286
2014-05-19 12:46:20,-25.379952915389286,-49.22976424160714
2014-05-19 12:46:30,-25.3800402116375,-49.229851404075
2014-05-19 12:46:40,-25.380127507885714,-49.229938566542856
2014-05-19 12:46:50,-25.380214804133928,-49.23002572901071
2014-05-19 12:47:00,-25.380302100382142,-49.23011289147857
2014-05-19 12:47:10,-25.380389396630356,-49.230200053946426
2014-05-19 12:47:20,-25.38047669287857,-49.23028721641428
2014-05-19 12:47:30,-25.380563989126784,-49.230374378882146
2014-05-19 12:47:40,-25.380651285375,-49.23046154135
2014-05-19 12:47:50,-25.380738581623213,-49.23054870381786
2014-05-19 12:48:00,-25.380825877871427,-49.230635866285716
2014-05-19 12:48:10,-25.38091317411964,-49.23072302875357
2014-05-19 12:48:20,-25.381000470367855,-49.23081019122143
2014-05-19 12:48:30,-25.38108776661607,-49.230897353689286
2014-05-19 12:48:40,-25.381175062864283,-49.23098451615714
2014-05-19 12:48:50,-25.381262359112498,-49.231071678625
2014-05-19 12:49:00,-25.38134965536071,-49.23115884109286
2014-05-19 12:49:10,-25.381436951608926,-49.23124600356071
2014-05-19 12:49:20,-25.38152424785714,-49.23133316602857
2014-05-19 12:49:30,-25.381611544105358,-49.23142032849643
2014-05-19 12:49:40,-25.38169884035357,-49.23150749096428
2014-05-19 12:49:50,-25.381786136601786,-49.23159465343214
2014-05-19 12:50:00,-25.38187343285,-49.231681815900004
2014-05-19 12:50:10,-25.381960729098214,-49.23176897836786
2014-05-19 12:50:20,-25.38204802534643,-49.23185614083572
2014-05-19 12:50:30,-25.382135321594642,-49.231943303303574
2014-05-19 12:50:40,-25.382222617842856,-49.23203046577143
2014-05-19 12:50:50,-25.38230991409107,-49.23211762823929
2014-05-19 12:51:00,-25.382397210339285,-49.232204790707144
2014-05-19 12:51:10,-25.3824845065875,-49.232291953175
2014-05-19 12:51:20,-25.382571802835713,-49.23237911564286
2014-05-19 12:51:30,-25.382659099083927,-49.232466278110714
2014-05-19 12:51:40,-25.38274639533214,-49.23255344057857
2014-05-19 12:51:50,-25.382833691580355,-49.23264060304643
2014-05-19 12:52:00,-25.38292098782857,-49.232727765514284
2014-05-19 12:52:10,-25.383008284076784,-49.23281492798214
2014-05-19 12:52:20,-25.383095580324998,-49.23290209045
2014-05-19 12:52:30,-25.383182876573212,-49.232989252917854
2014-05-19 12:52:40,-25.383270172821426,-49.23307641538572
2014-05-19 12:52:50,-25.38335746906964,-49.233163577853574
2014-05-19 12:53:00,-25.383444765317854,-49.23325074032143
2014-05-19 12:53:10,-25.38353206156607,-49.23333790278929
2014-05-19 12:53:20,-25.383619357814286,-49.233425065257144
2014-05-19 12:53:30,-25.3837066540625,-49.233512227725
2014-05-19 12:53:40,-25.383793950310714,-49.23359939019286
2014-05-19 12:53:50,-25.38388124655893,-49.233686552660714
2014-05-19 12:54:00,-25.383968542807143,-49.23377371512857
2014-05-19 12:54:10,-25.384055839055357,-49.23386087759643
2014-05-19 12:54:20,-25.38414313530357,-49.233948040064284
2014-05-19 12:54:30,-25.384230431551785,-49.23403520253214
2014-05-19 12:54:40,-25.3843177278,-49.234122365
2014-05-19 12:54:50,-25.384405024048213,-49.234209527467854
2014-05-19 12:55:00,-25.384492320296427,-49.23429668993571
2014-05-19 12:55:10,-25.38457961654464,-49.234383852403575
2014-05-19 12:55:20,-25.384666912792856,-49.23447101487143
2014-05-19 12:55:30,-25.38475420904107,-49.23455817733929
2014-05-19 12:55:40,-25.384841505289284,-49.234645339807145
2014-05-19 12:55:50,-25.384928801537498,-49.234732502275
2014-05-19 12:56:00,-25.385016097785712,-49.23481966474286
2014-05-19 12:56:10,-25.385103394033926,-49.234906827210715
2014-05-19 12:56:20,-25.38519069028214,-49.23499398967857
2014-05-19 12:56:30,-25.385277986530355,-49.23508115214643
2014-05-19 12:56:40,-25.38536528277857,-49.235168314614285
2014-05-19 12:56:50,-25.385452579026783,-49.23525547708214
2014-05-19 12:57:00,-25.385539875275,-49.23534263955
2014-05-19 12:57:10,-25.385627171523215,-49.235429802017855
2014-05-19 12:57:20,-25.38571446777143,-49.23551696448571
2014-05-19 12:57:30,-25.385801764019643,-49.23560412695357
2014-05-19 12:57:40,-25.385889060267857,-49.23569128942143
2014-05-19 12:57:50,-25.38597635651607,-49.23577845188929
2014-05-19 12:58:00,-25.386063652764285,-49.235865614357145
2014-05-19 12:58:10,-25.3861509490125,-49.235952776825
2014-05-19 12:58:20,-25.386238245260714,-49.23603993929286
2014-05-19 12:58:30,-25.386325541508928,-49.236127101760715
2014-05-19 12:58:40,-25.386412837757142,-49.23621426422857
2014-05-19 12:58:50,-25.386500134005356,-49.23630142669643
2014-05-19 12:59:00,-25.38658743025357,-49.236388589164285
2014-05-19 12:59:10,-25.386674726501784,-49.23647575163214
2014-05-19 12:59:20,-25.38676202275,-49.2365629141
2014-05-19 12:59:30,-25.386849318998213,-49.236650076567855
2014-05-19 12:59:40,-25.386936615246427,-49.23673723903571
2014-05-19 12:59:50,-25.38702391149464,-49.23682440150357
2014-05-19 13:00:00,-25.387111207742855,-49.236911563971425
2014-05-19 13:00:10,-25.38719850399107,-49.23699872643928
2014-05-19 13:00:20,-25.387285800239283,-49.237085888907146
2014-05-19 13:00:30,-25.387373096487497,-49.237173051375
2014-05-19 13:00:40,-25.38746039273571,-49.23726021384286
2014-05-19 13:00:50,-25.38754768898393,-49.237347376310716
2014-05-19 13:01:00,-25.387634985232143,-49.23743453877857
2014-05-19 13:01:10,-25.387722281480357,-49.23752170124643
2014-05-19 13:01:20,-25.38780957772857,-49.237608863714286
2014-05-19 13:01:30,-25.387896873976786,-49.23769602618214
2014-05-19 13:01:40,-25.387984170225,-49.23778318865
2014-05-19 13:01:50,-25.388071466473214,-49.237870351117856
2014-05-19 13:02:00,-25.388158762721428,-49.23795751358571
2014-05-19 13:02:10,-25.388246058969642,-49.23804467605357
2014-05-19 13:02:20,-25.388333355217856,-49.238131838521426
2014-05-19 13:02:30,-25.38842065146607,-49.23821900098928
2014-05-19 13:02:40,-25.388507947714285,-49.23830616345714
2014-05-19 13:02:50,-25.3885952439625,-49.238393325925
2014-05-19 13:03:00,-25.388682540210713,-49.23848048839286
2014-05-19 13:03:10,-25.388769836458927,-49.238567650860716
2014-05-19 13:03:20,-25.38885713270714,-49.23865481332857
2014-05-19 13:03:30,-25.388944428955355,-49.23874197579643
2014-05-19 13:03:40,-25.38903172520357,-49.238829138264286
2014-05-19 13:03:50,-25.389119021451783,-49.23891630073214
2014-05-19 13:04:00,-25.389206317699998,-49.2390034632
2014-05-19 13:04:10,-25.38929361394821,-49.239090625667856
2014-05-19 13:04:20,-25.389380910196426,-49.23917778813571
2014-05-19 13:04:30,-25.38946820644464,-49.23926495060357
2014-05-19 13:04:40,-25.389555502692858,-49.239352113071426
2014-05-19 13:04:50,-25.389642798941072,-49.23943927553928
2014-05-19 13:05:00,-25.389730095189286,-49.23952643800714
2014-05-19 13:05:10,-25.3898173914375,-49.239613600474996
2014-05-19 13:05:20,-25.389904687685714,-49.23970076294286
2014-05-19 13:05:30,-25.38999198393393,-49.23978792541072
2014-05-19 13:05:40,-25.390079280182142,-49.23987508787857
2014-05-19 13:05:50,-25.390166576430357,-49.23996225034643
2014-05-19 13:06:00,-25.39025387267857,-49.24004941281429
2014-05-19 13:06:10,-25.390341168926785,-49.24013657528214
2014-05-19 13:06:20,-25.390428465175,-49.24022373775
2014-05-19 13:06:30,-25.390515761423213,-49.24031090021786
2014-05-19 13:06:40,-25.390603057671427,-49.24039806268571
2014-05-19 13:06:50,-25.39069035391964,-49.24048522515357
2014-05-19 13:07:00,-25.390777650167855,-49.24057238762143
2014-05-19 13:07:10,-25.39086494641607,-49.24065955008928
2014-05-19 13:07:20,-25.390952242664284,-49.24074671255714
2014-05-19 13:07:30,-25.391039538912498,-49.240833875025
2014-05-19 13:07:40,-25.391126835160712,-49.24092103749285
2014-05-19 13:07:50,-25.391214131408926,-49.24100819996072
2014-05-19 13:08:00,-25.39130142765714,-49.241095362428574
2014-05-19 13:08:10,-25.391388723905354,-49.24118252489643
2014-05-19 13:08:20,-25.39147602015357,-49.24126968736429
2014-05-19 13:08:30,-25.391563316401786,-49.241356849832144
2014-05-19 13:08:40,-25.39165061265,-49.2414440123
2014-05-19 13:08:50,-25.391737908898214,-49.24153117476786
2014-05-19 13:09:00,-25.39182520514643,-49.241618337235714
2014-05-19 13:09:10,-25.391912501394643,-49.24170549970357
2014-05-19 13:09:20,-25.391999797642857,-49.24179266217143
2014-05-19 13:09:30,-25.39208709389107,-49.241879824639284
2014-05-19 13:09:40,-25.392174390139285,-49.24196698710714
2014-05-19 13:09:50,-25.3922616863875,-49.242054149575
2014-05-19 13:10:00,-25.392348982635713,-49.242141312042854
2014-05-19 13:10:10,-25.392436278883928,-49.24222847451071
2014-05-19 13:10:20,-25.39252357513214,-49.24231563697857
2014-05-19 13:10:30,-25.392610871380356,-49.24240279944643
2014-05-19 13:10:40,-25.39269816762857,-49.24248996191429
2014-05-19 13:10:50,-25.392785463876784,-49.242577124382144
2014-05-19 13:11:00,-25.392872760124998,-49.24266428685
2014-05-19 13:11:10,-25.392960056373212,-49.24275144931786
2014-05-19 13:11:20,-25.393047352621426,-49.242838611785714
2014-05-19 13:11:30,-25.39313464886964,-49.24292577425357
2014-05-19 13:11:40,-25.393221945117855,-49.24301293672143
2014-05-19 13:11:50,-25.39330924136607,-49.243100099189284
2014-05-19 13:12:00,-25.393396537614283,-49.24318726165714
2014-05-19 13:12:10,-25.393483833862497,-49.243274424125
2014-05-19 13:12:20,-25.393571130110715,-49.243361586592854
2014-05-19 13:12:30,-25.39365842635893,-49.24344874906071
2014-05-19 13:12:40,-25.393745722607143,-49.24353591152857
2014-05-19 13:12:50,-25.393833018855357,-49.243623073996424
2014-05-19 13:13:00,-25.39392031510357,-49.24371023646429
2014-05-19 13:13:10,-25.394007611351785,-49.243797398932145
2014-05-19 13:13:20,-25.3940949076,-49.2438845614
2014-05-19 13:13:30,-25.394182203848214,-49.24397172386786
2014-05-19 13:13:40,-25.394269500096428,-49.244058886335715
2014-05-19 13:13:50,-25.394356796344642,-49.24414604880357
2014-05-19 13:14:00,-25.394444092592856,-49.24423321127143
2014-05-19 13:14:10,-25.39453138884107,-49.244320373739285
2014-05-19 13:14:20,-25.394618685089284,-49.24440753620714
2014-05-19 13:14:30,-25.3947059813375,-49.244494698675
2014-05-19 13:14:40,-25.394793277585713,-49.244581861142855
2014-05-19 13:14:50,-25.394880573833927,-49.24466902361071
2014-05-19 13:15:00,-25.39496787008214,-49.24475618607857
2014-05-19 13:15:10,-25.395055166330355,-49.244843348546425
2014-05-19 13:15:20,-25.39514246257857,-49.24493051101428
2014-05-19 13:15:30,-25.395229758826783,-49.245017673482145
2014-05-19 13:15:40,-25.395317055074997,-49.24510483595
2014-05-19 13:15:50,-25.39540435132321,-49.24519199841786
2014-05-19 13:16:00,-25.395491647571426,-49.245279160885715
2014-05-19 13:16:10,-25.395578943819643,-49.24536632335357
2014-05-19 13:16:20,-25.395666240067857,-49.24545348582143
2014-05-19 13:16:30,-25.39575353631607,-49.245540648289285
2014-05-19 13:16:40,-25.395840832564286,-49.24562781075714
2014-05-19 13:16:50,-25.3959281288125,-49.245714973225
2014-05-19 13:17:00,-25.396015425060714,-49.245802135692855
2014-05-19 13:17:10,-25.396102721308928,-49.24588929816071
2014-05-19 13:17:20,-25.396190017557142,-49.24597646062857
2014-05-19 13:17:30,-25.396277313805356,-49.246063623096425
2014-05-19 13:17:40,-25.39636461005357,-49.24615078556428
2014-05-19 13:17:50,-25.396451906301785,-49.24623794803214
2014-05-19 13:18:00,-25.39653920255,-49.246325110499996
2014-05-19 13:18:10,-25.396626498798213,-49.24641227296786
2014-05-19 13:18:20,-25.396713795046427,-49.246499435435716
2014-05-19 13:18:30,-25.39680109129464,-49.24658659790357
2014-05-19 13:18:40,-25.396888387542855,-49.24667376037143
2014-05-19 13:18:50,-25.39697568379107,-49.246760922839286
2014-05-19 13:19:00,-25.397062980039284,-49.24684808530714
2014-05-19 13:19:10,-25.397150276287498,-49.246935247775
2014-05-19 13:19:20,-25.397237572535712,-49.247022410242856
2014-05-19 13:19:30,-25.397324868783926,-49.24710957271071
2014-05-19 13:19:40,-25.39741216503214,-49.24719673517857
2014-05-19 13:19:50,-25.397499461280354,-49.247283897646426
2014-05-19 13:20:00,-25.397586757528572,-49.24737106011428
2014-05-19 13:20:10,-25.397674053776786,-49.24745822258214
2014-05-19 13:20:20,-25.397761350025,-49.247545385049996
2014-05-19 13:20:30,-25.397848646273214,-49.24763254751785
2014-05-19 13:20:40,-25.39793594252143,-49.24771970998572
2014-05-19 13:20:50,-25.398023238769643,-49.24780687245357
2014-05-19 13:21:00,-25.398110535017857,-49.24789403492143
2014-05-19 13:21:10,-25.39819783126607,-49.24798119738929
2014-05-19 13:21:20,-25.398285127514285,-49.24806835985714
2014-05-19 13:21:30,-25.3983724237625,-49.248155522325
2014-05-19 13:21:40,-25.398459720010713,-49.24824268479286
2014-05-19 13:21:50,-25.398547016258927,-49.24832984726071
2014-05-19 13:22:00,-25.39863431250714,-49.24841700972857
2014-05-19 13:22:10,-25.398721608755356,-49.24850417219643
2014-05-19 13:22:20,-25.39880890500357,-49.24859133466428
2014-05-19 13:22:30,-25.398896201251784,-49.24867849713214
2014-05-19 13:22:40,-25.398983497499998,-49.2487656596
2014-05-19 13:22:50,-25.399070793748212,-49.24885282206785
2014-05-19 13:23:00,-25.399158089996426,-49.24893998453571
2014-05-19 13:23:10,-25.39924538624464,-49.249027147003574
2014-05-19 13:23:20,-25.399332682492854,-49.24911430947143
2014-05-19 13:23:30,-25.39941997874107,-49.24920147193929
2014-05-19 13:23:40,-25.399507274989283,-49.249288634407144
2014-05-19 13:23:50,-25.3995945712375,-49.249375796875
2014-05-19 13:24:00,-25.399681867485715,-49.24946295934286
2014-05-19 13:24:10,-25.39976916373393,-49.249550121810714
2014-05-19 13:24:20,-25.399856459982143,-49.24963728427857
2014-05-19 13:24:30,-25.399943756230357,-49.24972444674643
2014-05-19 13:24:40,-25.40003105247857,-49.249811609214284
2014-05-19 13:24:50,-25.400118348726785,-49.24989877168214
2014-05-19 13:25:00,-25.400205644975,-49.24998593415
2014-05-19 13:25:10,-25.400292941223213,-49.250073096617854
2014-05-19 13:25:20,-25.400380237471428,-49.25016025908571
2014-05-19 13:25:30,-25.40046753371964,-49.25024742155357
2014-05-19 13:25:40,-25.400554829967856,-49.25033458402143
2014-05-19 13:25:50,-25.40064212621607,-49.25042174648929
2014-05-19 13:26:00,-25.400729422464284,-49.250508908957144
2014-05-19 13:26:10,-25.4008167187125,-49.250596071425
2014-05-19 13:26:20,-25.400904014960712,-49.25068323389286
2014-05-19 13:26:30,-25.400991311208927,-49.250770396360714
2014-05-19 13:26:40,-25.40107860745714,-49.25085755882857
2014-05-19 13:26:50,-25.401165903705355,-49.25094472129643
2014-05-19 13:27:00,-25.40125319995357,-49.251031883764284
2014-05-19 13:27:10,-25.401340496201783,-49.25111904623214
2014-05-19 13:27:20,-25.401427792449997,-49.2512062087
2014-05-19 13:27:30,-25.40151508869821,-49.251293371167854
2014-05-19 13:27:40,-25.40160238494643,-49.25138053363571
2014-05-19 13:27:50,-25.401689681194643,-49.25146769610357
2014-05-19 13:28:00,-25.401776977442857,-49.251554858571424
2014-05-19 13:28:10,-25.40186427369107,-49.25164202103928
2014-05-19 13:28:20,-25.401951569939285,-49.251729183507145
2014-05-19 13:28:30,-25.4020388661875,-49.251816345975
2014-05-19 13:28:40,-25.402126162435714,-49.25190350844286
2014-05-19 13:28:50,-25.402213458683928,-49.251990670910715
2014-05-19 13:29:00,-25.402300754932142,-49.25207783337857
2014-05-19 13:29:10,-25.402388051180356,-49.25216499584643
2014-05-19 13:29:20,-25.40247534742857,-49.252252158314285
2014-05-19 13:29:30,-25.402562643676784,-49.25233932078214
2014-05-19 13:29:40,-25.402649939925,-49.25242648325
2014-05-19 13:29:50,-25.402737236173213,-49.252513645717855
2014-05-19 13:30:00,-25.402824532421427,-49.25260080818571
2014-05-19 13:30:10,-25.40291182866964,-49.25268797065357
2014-05-19 13:30:20,-25.402999124917855,-49.252775133121425
2014-05-19 13:30:30,-25.40308642116607,-49.25286229558928
2014-05-19 13:30:40,-25.403173717414283,-49.25294945805714
2014-05-19 13:30:50,-25.403261013662497,-49.253036620525
2014-05-19 13:31:00,-25.40334830991071,-49.25312378299286
2014-05-19 13:31:10,-25.403435606158926,-49.253210945460715
2014-05-19 13:31:20,-25.40352290240714,-49.25329810792857
2014-05-19 13:31:30,-25.403610198655358,-49.25338527039643
2014-05-19 13:31:40,-25.40369749490357,-49.253472432864285
2014-05-19 13:31:50,-25.403784791151786,-49.25355959533214
2014-05-19 13:32:00,-25.4038720874,-49.2536467578
2014-05-19 13:32:10,-25.403959383648214,-49.253733920267855
2014-05-19 13:32:20,-25.404046679896428,-49.25382108273571
2014-05-19 13:32:30,-25.404133976144642,-49.25390824520357
2014-05-19 13:32:40,-25.404221272392856,-49.253995407671425
2014-05-19 13:32:50,-25.40430856864107,-49.25408257013928
2014-05-19 13:33:00,-25.404395864889285,-49.25416973260714
2014-05-19 13:33:10,-25.4044831611375,-49.254256895074995
2014-05-19 13:33:20,-25.404570457385713,-49.25434405754286
2014-05-19 13:33:30,-25.404657753633927,-49.254431220010716
2014-05-19 13:33:40,-25.40474504988214,-49.25451838247857
2014-05-19 13:33:50,-25.404832346130355,-49.25460554494643
2014-05-19 13:34:00,-25.40491964237857,-49.254692707414286
2014-05-19 13:34:10,-25.405006938626784,-49.25477986988214
2014-05-19 13:34:20,-25.405094234874998,-49.25486703235
2014-05-19 13:34:30,-25.405181531123212,-49.254954194817856
2014-05-19 13:34:40,-25.405268827371426,-49.25504135728571
2014-05-19 13:34:50,-25.40535612361964,-49.25512851975357
2014-05-19 13:35:00,-25.405443419867854,-49.255215682221426
2014-05-19 13:35:10,-25.40553071611607,-49.25530284468928
2014-05-19 13:35:20,-25.405618012364286,-49.25539000715714
2014-05-19 13:35:30,-25.4057053086125,-49.255477169624996
2014-05-19 13:35:40,-25.405792604860714,-49.25556433209285
2014-05-19 13:35:50,-25.40587990110893,-49.255651494560716
2014-05-19 13:36:00,-25.405967197357143,-49.25573865702857
2014-05-19 13:36:10,-25.406054493605357,-49.25582581949643
2014-05-19 13:36:20,-25.40614178985357,-49.255912981964286
2014-05-19 13:36:30,-25.406229086101785,-49.25600014443214
2014-05-19 13:36:40,-25.40631638235,-49.2560873069
2014-05-19 13:36:50,-25.406403678598213,-49.256174469367856
2014-05-19 13:37:00,-25.406490974846427,-49.25626163183571
2014-05-19 13:37:10,-25.40657827109464,-49.25634879430357
2014-05-19 13:37:20,-25.406665567342856,-49.256435956771426
2014-05-19 13:37:30,-25.40675286359107,-49.25652311923928
2014-05-19 13:37:40,-25.406840159839284,-49.25661028170714
2014-05-19 13:37:50,-25.406927456087498,-49.256697444174996
2014-05-19 13:38:00,-25.407014752335712,-49.25678460664285
2014-05-19 13:38:10,-25.407102048583926,-49.25687176911071
2014-05-19 13:38:20,-25.40718934483214,-49.256958931578566
2014-05-19 13:38:30,-25.407276641080355,-49.25704609404643
2014-05-19 13:38:40,-25.40736393732857,-49.25713325651429
2014-05-19 13:38:50,-25.407451233576783,-49.25722041898214
2014-05-19 13:39:00,-25.407538529824997,-49.25730758145
2014-05-19 13:39:10,-25.407625826073215,-49.25739474391786
2014-05-19 13:39:20,-25.40771312232143,-49.25748190638571
2014-05-19 13:39:30,-25.407800418569643,-49.25756906885357
2014-05-19 13:39:40,-25.407887714817857,-49.25765623132143
2014-05-19 13:39:50,-25.40797501106607,-49.25774339378928
2014-05-19 13:40:00,-25.408062307314285,-49.25783055625714
2014-05-19 13:40:10,-25.4081496035625,-49.257917718725
2014-05-19 13:40:20,-25.408236899810714,-49.25800488119285
2014-05-19 13:40:30,-25.408324196058928,-49.25809204366071
2014-05-19 13:40:40,-25.408411492307142,-49.25817920612857
2014-05-19 13:40:50,-25.408498788555356,-49.25826636859642
2014-05-19 13:41:00,-25.40858608480357,-49.25835353106429
2014-05-19 13:41:10,-25.408673381051784,-49.258440693532144
2014-05-19 13:41:20,-25.4087606773,-49.258527856
2014-05-19 13:41:30,-25.408847973548212,-49.25861501846786
2014-05-19 13:41:40,-25.408935269796427,-49.258702180935714
2014-05-19 13:41:50,-25.40902256604464,-49.25878934340357
2014-05-19 13:42:00,-25.409109862292855,-49.25887650587143
2014-05-19 13:42:10,-25.40919715854107,-49.258963668339284
2014-05-19 13:42:20,-25.409284454789283,-49.25905083080714
2014-05-19 13:42:30,-25.409371751037497,-49.259137993275
2014-05-19 13:42:40,-25.40945904728571,-49.259225155742854
2014-05-19 13:42:50,-25.40954634353393,-49.25931231821071
2014-05-19 13:43:00,-25.409633639782143,-49.25939948067857
2014-05-19 13:43:10,-25.409720936030357,-49.259486643146424
2014-05-19 13:43:20,-25.40980823227857,-49.25957380561428
2014-05-19 13:43:30,-25.409895528526786,-49.259660968082144
2014-05-19 13:43:40,-25.409982824775,-49.25974813055
2014-05-19 13:43:50,-25.410070121023214,-49.25983529301786
2014-05-19 13:44:00,-25.410157417271428,-49.259922455485714
2014-05-19 13:44:10,-25.410244713519642,-49.26000961795357
2014-05-19 13:44:20,-25.410332009767856,-49.26009678042143
2014-05-19 13:44:30,-25.41041930601607,-49.260183942889284
2014-05-19 13:44:40,-25.410506602264284,-49.26027110535714
2014-05-19 13:44:50,-25.4105938985125,-49.260358267825
2014-05-19 13:45:00,-25.410681194760713,-49.260445430292854
2014-05-19 13:45:10,-25.410768491008927,-49.26053259276071
2014-05-19 13:45:20,-25.41085578725714,-49.26061975522857
2014-05-19 13:45:30,-25.410943083505355,-49.260706917696425
2014-05-19 13:45:40,-25.41103037975357,-49.26079408016428
2014-05-19 13:45:50,-25.411117676001783,-49.26088124263214
2014-05-19 13:46:00,-25.411204972249998,-49.2609684051
2014-05-19 13:46:10,-25.41129226849821,-49.26105556756786
2014-05-19 13:46:20,-25.411379564746426,-49.261142730035715
2014-05-19 13:46:30,-25.41146686099464,-49.26122989250357
2014-05-19 13:46:40,-25.411554157242858,-49.26131705497143
2014-05-19 13:46:50,-25.41164145349107,-49.261404217439285
2014-05-19 13:47:00,-25.411728749739286,-49.26149137990714
2014-05-19 13:47:10,-25.4118160459875,-49.261578542375
2014-05-19 13:47:20,-25.411903342235714,-49.261665704842855
2014-05-19 13:47:30,-25.41199063848393,-49.26175286731071
2014-05-19 13:47:40,-25.412077934732142,-49.26184002977857
2014-05-19 13:47:50,-25.412165230980357,-49.261927192246425
2014-05-19 13:48:00,-25.41225252722857,-49.26201435471428
2014-05-19 13:48:10,-25.412339823476785,-49.26210151718214
2014-05-19 13:48:20,-25.412427119725,-49.262188679649995
2014-05-19 13:48:30,-25.412514415973213,-49.26227584211785
2014-05-19 13:48:40,-25.412601712221427,-49.262363004585715
2014-05-19 13:48:50,-25.41268900846964,-49.26245016705357
2014-05-19 13:49:00,-25.412776304717855,-49.26253732952143
2014-05-19 13:49:10,-25.41286360096607,-49.262624491989286
2014-05-19 13:49:20,-25.412950897214284,-49.26271165445714
2014-05-19 13:49:30,-25.413038193462498,-49.262798816925
2014-05-19 13:49:40,-25.413125489710712,-49.262885979392856
2014-05-19 13:49:50,-25.413212785958926,-49.26297314186071
2014-05-19 13:50:00,-25.41330008220714,-49.26306030432857
2014-05-19 13:50:10,-25.413387378455354,-49.263147466796426
2014-05-19 13:50:20,-25.41347467470357,-49.26323462926428
2014-05-19 13:50:30,-25.413561970951786,-49.26332179173214
2014-05-19 13:50:40,-25.4136492672,-49.263408954199996
2014-05-19 13:50:50,-25.413736563448214,-49.26349611666785
2014-05-19 13:51:00,-25.41382385969643,-49.26358327913571
2014-05-19 13:51:10,-25.413911155944643,-49.26367044160357
2014-05-19 13:51:20,-25.413998452192857,-49.26375760407143
2014-05-19 13:51:30,-25.41408574844107,-49.263844766539286
2014-05-19 13:51:40,-25.414173044689285,-49.26393192900714
2014-05-19 13:51:50,-25.4142603409375,-49.264019091475
2014-05-19 13:52:00,-25.414347637185713,-49.264106253942856
2014-05-19 13:52:10,-25.414434933433927,-49.26419341641071
2014-05-19 13:52:20,-25.41452222968214,-49.26428057887857
2014-05-19 13:52:30,-25.414609525930356,-49.264367741346426
2014-05-19 13:52:40,-25.41469682217857,-49.26445490381428
2014-05-19 13:52:50,-25.414784118426784,-49.26454206628214
2014-05-19 13:53:00,-25.414871414674998,-49.264629228749996
2014-05-19 13:53:10,-25.414958710923212,-49.26471639121785
2014-05-19 13:53:20,-25.415046007171426,-49.26480355368571
2014-05-19 13:53:30,-25.41513330341964,-49.264890716153566
2014-05-19 13:53:40,-25.415220599667855,-49.26497787862143
2014-05-19 13:53:50,-25.41530789591607,-49.26506504108929
2014-05-19 13:54:00,-25.415395192164283,-49.26515220355714
2014-05-19 13:54:10,-25.415482488412497,-49.265239366025
2014-05-19 13:54:20,-25.415569784660715,-49.26532652849286
2014-05-19 13:54:30,-25.41565708090893,-49.26541369096071
2014-05-19 13:54:40,-25.415744377157143,-49.26550085342857
2014-05-19 13:54:50,-25.415831673405357,-49.26558801589643
2014-05-19 13:55:00,-25.41591896965357,-49.26567517836428
2014-05-19 13:55:10,-25.416006265901785,-49.26576234083214
2014-05-19 13:55:20,-25.41609356215,-49.2658495033
2014-05-19 13:55:30,-25.416180858398214,-49.26593666576785
2014-05-19 13:55:40,-25.416268154646428,-49.26602382823571
2014-05-19 13:55:50,-25.416355450894642,-49.26611099070357
2014-05-19 13:56:00,-25.416442747142856,-49.26619815317142
2014-05-19 13:56:10,-25.41653004339107,-49.26628531563928
2014-05-19 13:56:20,-25.416617339639284,-49.266372478107144
2014-05-19 13:56:30,-25.4167046358875,-49.266459640575
2014-05-19 13:56:40,-25.416791932135713,-49.26654680304286
2014-05-19 13:56:50,-25.416879228383927,-49.266633965510714
2014-05-19 13:57:00,-25.41696652463214,-49.26672112797857
2014-05-19 13:57:10,-25.417053820880355,-49.26680829044643
2014-05-19 13:57:20,-25.41714111712857,-49.266895452914284
2014-05-19 13:57:30,-25.417228413376783,-49.26698261538214
2014-05-19 13:57:40,-25.417315709624997,-49.26706977785
2014-05-19 13:57:50,-25.41740300587321,-49.267156940317854
2014-05-19 13:58:00,-25.417490302121426,-49.26724410278571
2014-05-19 13:58:10,-25.417577598369643,-49.26733126525357
2014-05-19 13:58:20,-25.417664894617857,-49.267418427721424
2014-05-19 13:58:30,-25.41775219086607,-49.26750559018928
2014-05-19 13:58:40,-25.417839487114286,-49.26759275265714
2014-05-19 13:58:50,-25.4179267833625,-49.267679915125
2014-05-19 13:59:00,-25.418014079610714,-49.26776707759286
2014-05-19 13:59:10,-25.418101375858928,-49.267854240060714
2014-05-19 13:59:20,-25.418188672107142,-49.26794140252857
2014-05-19 13:59:30,-25.418275968355356,-49.26802856499643
2014-05-19 13:59:40,-25.41836326460357,-49.268115727464284
2014-05-19 13:59:50,-25.418450560851785,-49.26820288993214
2014-05-19 14:00:00,-25.4185378571,-49.2682900524
2014-05-19 14:00:10,-25.4185378571,-49.2682900524
2014-05-19 14:00:20,-25.4185378571,-49.2682900524
2014-05-19 14:00:30,-25.4185378571,-49.2682900524
2014-05-19 14:00:40,-25.4185378571,-49.2682900524
2014-05-19 14:00:50,-25.4185378571,-49.2682900524
2014-05-19 14:01:00,-25.4185378571,-49.2682900524
2014-05-19 14:01:10,-25.4185378571,-49.2682900524
2014-05-19 14:01:20,-25.4185378571,-49.2682900524
2014-05-19 14:01:30,-25.4185378571,-49.2682900524
2014-05-19 14:01:40,-25.4185378571,-49.2682900524
2014-05-19 14:01:50,-25.4185378571,-49.2682900524
2014-05-19 14:02:00,-25.4185378571,-49.2682900524
2014-05-19 14:02:10,-25.4185378571,-49.2682900524
2014-05-19 14:02:20,-25.4185378571,-49.2682900524
2014-05-19 14:02:30,-25.4185378571,-49.2682900524
2014-05-19 14:02:40,-25.4185378571,-49.2682900524
2014-05-19 14:02:50,-25.4185378571,-49.2682900524
2014-05-19 14:03:00,-25.4185378571,-49.2682900524
2014-05-19 14:03:10,-25.4185378571,-49.2682900524
2014-05-19 14:03:20,-25.4185378571,-49.2682900524
2014-05-19 14:03:30,-25.4185378571,-49.2682900524
2014-05-19 14:03:40,-25.4185378571,-49.2682900524
2014-05-19 14:03:50,-25.4185378571,-49.2682900524
2014-05-19 14:04:00,-25.4185378571,-49.2682900524
2014-05-19 14:04:10,-25.4185378571,-49.2682900524
2014-05-19 14:04:20,-25.4185378571,-49.2682900524
2014-05-19 14:04:30,-25.4185378571,-49.2682900524
2014-05-19 14:04:40,-25.4185378571,-49.2682900524
2014-05-19 14:04:50,-25.4185378571,-49.2682900524
2014-05-19 14:05:00,-25.4185378571,-49.2682900524
2014-05-19 14:05:10,-25.4185378571,-49.2682900524
2014-05-19 14:05:20,-25.4185378571,-49.2682900524
2014-05-19 14:05:30,-25.4185378571,-49.2682900524
2014-05-19 14:05:40,-25.4185378571,-49.2682900524
2014-05-19 14:05:50,-25.4185378571,-49.2682900524
2014-05-19 14:06:00,-25.4185378571,-49.2682900524
2014-05-19 14:06:10,-25.4185378571,-49.2682900524
2014-05-19 14:06:20,-25.4185378571,-49.2682900524
2014-05-19 14:06:30,-25.4185378571,-49.2682900524
2014-05-19 14:06:40,-25.4185378571,-49.2682900524
2014-05-19 14:06:50,-25.4185378571,-49.2682900524
2014-05-19 14:07:00,-25.4185378571,-49.2682900524
2014-05-19 14:07:10,-25.4185378571,-49.2682900524
2014-05-19 14:07:20,-25.4185378571,-49.2682900524
2014-05-19 14:07:30,-25.4185378571,-49.2682900524
2014-05-19 14:07:40,-25.4185378571,-49.2682900524
2014-05-19 14:07:50,-25.4185378571,-49.2682900524
2014-05-19 14:08:00,-25.4185378571,-49.2682900524
2014-05-19 14:08:10,-25.4185378571,-49.2682900524
2014-05-19 14:08:20,-25.4185378571,-49.2682900524
2014-05-19 14:08:30,-25.4185378571,-49.2682900524
2014-05-19 14:08:40,-25.4185378571,-49.2682900524
2014-05-19 14:08:50,-25.4185378571,-49.2682900524
2014-05-19 14:09:00,-25.4185378571,-49.2682900524
2014-05-19 14:09:10,-25.4185378571,-49.2682900524
2014-05-19 14:09:20,-25.4185378571,-49.2682900524
2014-05-19 14:09:30,-25.4185378571,-49.2682900524
2014-05-19 14:09:40,-25.4185378571,-49.2682900524
2014-05-19 14:09:50,-25.4185378571,-49.2682900524
2014-05-19 14:10:00,-25.4185378571,-49.2682900524
2014-05-19 14:10:10,-25.4185378571,-49.2682900524
2014-05-19 14:10:20,-25.4185378571,-49.2682900524
2014-05-19 14:10:30,-25.4185378571,-49.2682900524
2014-05-19 14:10:40,-25.4185378571,-49.2682900524
2014-05-19 14:10:50,-25.4185378571,-49.2682900524
2014-05-19 14:11:00,-25.4185378571,-49.2682900524
2014-05-19 14:11:10,-25.4185378571,-49.2682900524
2014-05-19 14:11:20,-25.4185378571,-49.2682900524
2014-05-19 14:11:30,-25.4185378571,-49.2682900524
2014-05-19 14:11:40,-25.4185378571,-49.2682900524
2014-05-19 14:11:50,-25.4185378571,-49.2682900524
2014-05-19 14:12:00,-25.4185378571,-49.2682900524
2014-05-19 14:12:10,-25.4185378571,-49.2682900524
2014-05-19 14:12:20,-25.4185378571,-49.2682900524
2014-05-19 14:12:30,-25.4185378571,-49.2682900524
2014-05-19 14:12:40,-25.4185378571,-49.2682900524
2014-05-19 14:12:50,-25.4185378571,-49.2682900524
2014-05-19 14:13:00,-25.4185378571,-49.2682900524
2014-05-19 14:13:10,-25.4185378571,-49.2682900524
2014-05-19 14:13:20,-25.4185378571,-49.2682900524
2014-05-19 14:13:30,-25.4185378571,-49.2682900524
2014-05-19 14:13:40,-25.4185378571,-49.2682900524
2014-05-19 14:13:50,-25.4185378571,-49.2682900524
2014-05-19 14:14:00,-25.4185378571,-49.2682900524
2014-05-19 14:14:10,-25.4185378571,-49.2682900524
2014-05-19 14:14:20,-25.4185378571,-49.2682900524
2014-05-19 14:14:30,-25.4185378571,-49.2682900524
2014-05-19 14:14:40,-25.4185378571,-49.2682900524
2014-05-19 14:14:50,-25.4185378571,-49.2682900524
2014-05-19 14:15:00,-25.4185378571,-49.2682900524
2014-05-19 14:15:10,-25.4185378571,-49.2682900524
2014-05-19 14:15:20,-25.4185378571,-49.2682900524
2014-05-19 14:15:30,-25.4185378571,-49.2682900524
2014-05-19 14:15:40,-25.4185378571,-49.2682900524
2014-05-19 14:15:50,-25.4185378571,-49.2682900524
2014-05-19 14:16:00,-25.4185378571,-49.2682900524
2014-05-19 14:16:10,-25.4185378571,-49.2682900524
2014-05-19 14:16:20,-25.4185378571,-49.2682900524
2014-05-19 14:16:30,-25.4185378571,-49.2682900524
2014-05-19 14:16:40,-25.4185378571,-49.2682900524
2014-05-19 14:16:50,-25.4185378571,-49.2682900524
2014-05-19 14:17:00,-25.4185378571,-49.2682900524
2014-05-19 14:17:10,-25.4185378571,-49.2682900524
2014-05-19 14:17:20,-25.4185378571,-49.2682900524
2014-05-19 14:17:30,-25.4185378571,-49.2682900524
2014-05-19 14:17:40,-25.4185378571,-49.2682900524
2014-05-19 14:17:50,-25.4185378571,-49.2682900524
2014-05-19 14:18:00,-25.4185378571,-49.2682900524
2014-05-19 14:18:10,-25.4185378571,-49.2682900524
2014-05-19 14:18:20,-25.4185378571,-49.2682900524
2014-05-19 14:18:30,-25.4185378571,-49.2682900524
2014-05-19 14:18:40,-25.4185378571,-49.2682900524
2014-05-19 14:18:50,-25.4185378571,-49.2682900524
2014-05-19 14:19:00,-25.4185378571,-49.2682900524
2014-05-19 14:19:10,-25.4185378571,-49.2682900524
2014-05-19 14:19:20,-25.4185378571,-49.2682900524
2014-05-19 14:19:30,-25.4185378571,-49.2682900524
2014-05-19 14:19:40,-25.4185378571,-49.2682900524
2014-05-19 14:19:50,-25.4185378571,-49.2682900524
2014-05-19 14:20:00,-25.4185378571,-49.2682900524
2014-05-19 14:20:10,-25.4185378571,-49.2682900524
2014-05-19 14:20:20,-25.4185378571,-49.2682900524
2014-05-19 14:20:30,-25.4185378571,-49.2682900524
2014-05-19 14:20:40,-25.4185378571,-49.2682900524
2014-05-19 14:20:50,-25.4185378571,-49.2682900524
2014-05-19 14:21:00,-25.4185378571,-49.2682900524
2014-05-19 14:21:10,-25.4185378571,-49.2682900524
2014-05-19 14:21:20,-25.4185378571,-49.2682900524
2014-05-19 14:21:30,-25.4185378571,-49.2682900524
2014-05-19 14:21:40,-25.4185378571,-49.2682900524
2014-05-19 14:21:50,-25.4185378571,-49.2682900524
2014-05-19 14:22:00,-25.4185378571,-49.2682900524
2014-05-19 14:22:10,-25.4185378571,-49.2682900524
2014-05-19 14:22:20,-25.4185378571,-49.2682900524
2014-05-19 14:22:30,-25.4185378571,-49.2682900524
2014-05-19 14:22:40,-25.4185378571,-49.2682900524
2014-05-19 14:22:50,-25.4185378571,-49.2682900524
2014-05-19 14:23:00,-25.4185378571,-49.2682900524
2014-05-19 14:23:10,-25.4185378571,-49.2682900524
2014-05-19 14:23:20,-25.4185378571,-49.2682900524
2014-05-19 14:23:30,-25.4185378571,-49.2682900524
2014-05-19 14:23:40,-25.4185378571,-49.2682900524
2014-05-19 14:23:50,-25.4185378571,-49.2682900524
2014-05-19 14:24:00,-25.4185378571,-49.2682900524
2014-05-19 14:24:10,-25.4185378571,-49.2682900524
2014-05-19 14:24:20,-25.4185378571,-49.2682900524
2014-05-19 14:24:30,-25.4185378571,-49.2682900524
2014-05-19 14:24:40,-25.4185378571,-49.2682900524
2014-05-19 14:24:50,-25.4185378571,-49.2682900524
2014-05-19 14:25:00,-25.4185378571,-49.2682900524
2014-05-19 14:25:10,-25.4185378571,-49.2682900524
2014-05-19 14:25:20,-25.4185378571,-49.2682900524
2014-05-19 14:25:30,-25.4185378571,-49.2682900524
2014-05-19 14:25:40,-25.4185378571,-49.2682900524
2014-05-19 14:25:50,-25.4185378571,-49.2682900524
2014-05-19 14:26:00,-25.4185378571,-49.2682900524
2014-05-19 14:26:10,-25.4185378571,-49.2682900524
2014-05-19 14:26:20,-25.4185378571,-49.2682900524
2014-05-19 14:26:30,-25.4185378571,-49.2682900524
2014-05-19 14:26:40,-25.4185378571,-49.2682900524
2014-05-19 14:26:50,-25.4185378571,-49.2682900524
2014-05-19 14:27:00,-25.4185378571,-49.2682900524
2014-05-19 14:27:10,-25.4185378571,-49.2682900524
2014-05-19 14:27:20,-25.4185378571,-49.2682900524
2014-05-19 14:27:30,-25.4185378571,-49.2682900524
2014-05-19 14:27:40,-25.4185378571,-49.2682900524
2014-05-19 14:27:50,-25.4185378571,-49.2682900524
2014-05-19 14:28:00,-25.4185378571,-49.2682900524
2014-05-19 14:28:10,-25.4185378571,-49.2682900524
2014-05-19 14:28:20,-25.4185378571,-49.2682900524
2014-05-19 14:28:30,-25.4185378571,-49.2682900524
2014-05-19 14:28:40,-25.4185378571,-49.2682900524
2014-05-19 14:28:50,-25.4185378571,-49.2682900524
2014-05-19 14:29:00,-25.4185378571,-49.2682900524
2014-05-19 14:29:10,-25.4185378571,-49.2682900524
2014-05-19 14:29:20,-25.4185378571,-49.2682900524
2014-05-19 14:29:30,-25.4185378571,-49.2682900524
2014-05-19 14:29:40,-25.4185378571,-49.2682900524
2014-05-19 14:29:50,-25.4185378571,-49.2682900524
2014-05-19 14:30:00,-25.4185378571,-49.2682900524
2014-05-19 14:30:10,-25.4185378571,-49.2682900524
2014-05-19 14:30:20,-25.4185378571,-49.2682900524
2014-05-19 14:30:30,-25.4185378571,-49.2682900524
2014-05-19 14:30:40,-25.4185378571,-49.2682900524
2014-05-19 14:30:50,-25.4185378571,-49.2682900524
2014-05-19 14:31:00,-25.4185378571,-49.2682900524
2014-05-19 14:31:10,-25.4185378571,-49.2682900524
2014-05-19 14:31:20,-25.4185378571,-49.2682900524
2014-05-19 14:31:30,-25.4185378571,-49.2682900524
2014-05-19 14:31:40,-25.4185378571,-49.2682900524
2014-05-19 14:31:50,-25.4185378571,-49.2682900524
2014-05-19 14:32:00,-25.4185378571,-49.2682900524
2014-05-19 14:32:10,-25.4185378571,-49.2682900524
2014-05-19 14:32:20,-25.4185378571,-49.2682900524
2014-05-19 14:32:30,-25.4185378571,-49.2682900524
2014-05-19 14:32:40,-25.4185378571,-49.2682900524
2014-05-19 14:32:50,-25.4185378571,-49.2682900524
2014-05-19 14:33:00,-25.4185378571,-49.2682900524
2014-05-19 14:33:10,-25.4185378571,-49.2682900524
2014-05-19 14:33:20,-25.4185378571,-49.2682900524
2014-05-19 14:33:30,-25.4185378571,-49.2682900524
2014-05-19 14:33:40,-25.4185378571,-49.2682900524
2014-05-19 14:33:50,-25.4185378571,-49.2682900524
2014-05-19 14:34:00,-25.4185378571,-49.2682900524
2014-05-19 14:34:10,-25.4185378571,-49.2682900524
2014-05-19 14:34:20,-25.4185378571,-49.2682900524
2014-05-19 14:34:30,-25.4185378571,-49.2682900524
2014-05-19 14:34:40,-25.4185378571,-49.2682900524
2014-05-19 14:34:50,-25.4185378571,-49.2682900524
2014-05-19 14:35:00,-25.4185378571,-49.2682900524
2014-05-19 14:35:10,-25.4185378571,-49.2682900524
2014-05-19 14:35:20,-25.4185378571,-49.2682900524
2014-05-19 14:35:30,-25.4185378571,-49.2682900524
2014-05-19 14:35:40,-25.4185378571,-49.2682900524
2014-05-19 14:35:50,-25.4185378571,-49.2682900524
2014-05-19 14:36:00,-25.4185378571,-49.2682900524
2014-05-19 14:36:10,-25.4185378571,-49.2682900524
2014-05-19 14:36:20,-25.4185378571,-49.2682900524
2014-05-19 14:36:30,-25.4185378571,-49.2682900524
2014-05-19 14:36:40,-25.4185378571,-49.2682900524
2014-05-19 14:36:50,-25.4185378571,-49.2682900524
2014-05-19 14:37:00,-25.4185378571,-49.2682900524
2014-05-19 14:37:10,-25.4185378571,-49.2682900524
2014-05-19 14:37:20,-25.4185378571,-49.2682900524
2014-05-19 14:37:30,-25.4185378571,-49.2682900524
2014-05-19 14:37:40,-25.4185378571,-49.2682900524
2014-05-19 14:37:50,-25.4185378571,-49.2682900524
2014-05-19 14:38:00,-25.4185378571,-49.2682900524
2014-05-19 14:38:10,-25.4185378571,-49.2682900524
2014-05-19 14:38:20,-25.4185378571,-49.2682900524
2014-05-19 14:38:30,-25.4185378571,-49.2682900524
2014-05-19 14:38:40,-25.4185378571,-49.2682900524
2014-05-19 14:38:50,-25.4185378571,-49.2682900524
2014-05-19 14:39:00,-25.4185378571,-49.2682900524
2014-05-19 14:39:10,-25.4185378571,-49.2682900524
2014-05-19 14:39:20,-25.4185378571,-49.2682900524
2014-05-19 14:39:30,-25.4185378571,-49.2682900524
2014-05-19 14:39:40,-25.4185378571,-49.2682900524
2014-05-19 14:39:50,-25.4185378571,-49.2682900524
2014-05-19 14:40:00,-25.4185378571,-49.2682900524
2014-05-19 14:40:10,-25.4185378571,-49.2682900524
2014-05-19 14:40:20,-25.4185378571,-49.2682900524
2014-05-19 14:40:30,-25.4185378571,-49.2682900524
2014-05-19 14:40:40,-25.4185378571,-49.2682900524
2014-05-19 14:40:50,-25.4185378571,-49.2682900524
2014-05-19 14:41:00,-25.4185378571,-49.2682900524
2014-05-19 14:41:10,-25.4185378571,-49.2682900524
2014-05-19 14:41:20,-25.4185378571,-49.2682900524
2014-05-19 14:41:30,-25.4185378571,-49.2682900524
2014-05-19 14:41:40,-25.4185378571,-49.2682900524
2014-05-19 14:41:50,-25.4185378571,-49.2682900524
2014-05-19 14:42:00,-25.4185378571,-49.2682900524
2014-05-19 14:42:10,-25.4185378571,-49.2682900524
2014-05-19 14:42:20,-25.4185378571,-49.2682900524
2014-05-19 14:42:30,-25.4185378571,-49.2682900524
2014-05-19 14:42:40,-25.4185378571,-49.2682900524
2014-05-19 14:42:50,-25.4185378571,-49.2682900524
2014-05-19 14:43:00,-25.4185378571,-49.2682900524
2014-05-19 14:43:10,-25.4185378571,-49.2682900524
2014-05-19 14:43:20,-25.4185378571,-49.2682900524
2014-05-19 14:43:30,-25.4185378571,-49.2682900524
2014-05-19 14:43:40,-25.4185378571,-49.2682900524
2014-05-19 14:43:50,-25.4185378571,-49.2682900524
2014-05-19 14:44:00,-25.4185378571,-49.2682900524
2014-05-19 14:44:10,-25.4185378571,-49.2682900524
2014-05-19 14:44:20,-25.4185378571,-49.2682900524
2014-05-19 14:44:30,-25.4185378571,-49.2682900524
2014-05-19 14:44:40,-25.4185378571,-49.2682900524
2014-05-19 14:44:50,-25.4185378571,-49.2682900524
2014-05-19 14:45:00,-25.4185378571,-49.2682900524
2014-05-19 14:45:10,-25.4185378571,-49.2682900524
2014-05-19 14:45:20,-25.4185378571,-49.2682900524
2014-05-19 14:45:30,-25.4185378571,-49.2682900524
2014-05-19 14:45:40,-25.4185378571,-49.2682900524
2014-05-19 14:45:50,-25.4185378571,-49.2682900524
2014-05-19 14:46:00,-25.4185378571,-49.2682900524
2014-05-19 14:46:10,-25.4185378571,-49.2682900524
2014-05-19 14:46:20,-25.4185378571,-49.2682900524
2014-05-19 14:46:30,-25.4185378571,-49.2682900524
2014-05-19 14:46:40,-25.4185378571,-49.2682900524
2014-05-19 14:46:50,-25.4185378571,-49.2682900524
2014-05-19 14:47:00,-25.4185378571,-49.2682900524
2014-05-19 14:47:10,-25.4185378571,-49.2682900524
2014-05-19 14:47:20,-25.4185378571,-49.2682900524
2014-05-19 14:47:30,-25.4185378571,-49.2682900524
2014-05-19 14:47:40,-25.4185378571,-49.2682900524
2014-05-19 14:47:50,-25.4185378571,-49.2682900524
2014-05-19 14:48:00,-25.4185378571,-49.2682900524
2014-05-19 14:48:10,-25.4185378571,-49.2682900524
2014-05-19 14:48:20,-25.4185378571,-49.2682900524
2014-05-19 14:48:30,-25.4185378571,-49.2682900524
2014-05-19 14:48:40,-25.4185378571,-49.2682900524
2014-05-19 14:48:50,-25.4185378571,-49.2682900524
2014-05-19 14:49:00,-25.4185378571,-49.2682900524
2014-05-19 14:49:10,-25.4185378571,-49.2682900524
2014-05-19 14:49:20,-25.4185378571,-49.2682900524
2014-05-19 14:49:30,-25.4185378571,-49.2682900524
2014-05-19 14:49:40,-25.4185378571,-49.2682900524
2014-05-19 14:49:50,-25.4185378571,-49.2682900524
2014-05-19 14:50:00,-25.4185378571,-49.2682900524
2014-05-19 14:50:10,-25.4185378571,-49.2682900524
2014-05-19 14:50:20,-25.4185378571,-49.2682900524
2014-05-19 14:50:30,-25.4185378571,-49.2682900524
2014-05-19 14:50:40,-25.4185378571,-49.2682900524
2014-05-19 14:50:50,-25.4185378571,-49.2682900524
2014-05-19 14:51:00,-25.4185378571,-49.2682900524
2014-05-19 14:51:10,-25.4185378571,-49.2682900524
2014-05-19 14:51:20,-25.4185378571,-49.2682900524
2014-05-19 14:51:30,-25.4185378571,-49.2682900524
2014-05-19 14:51:40,-25.4185378571,-49.2682900524
2014-05-19 14:51:50,-25.4185378571,-49.2682900524
2014-05-19 14:52:00,-25.4185378571,-49.2682900524
2014-05-19 14:52:10,-25.4185378571,-49.2682900524
2014-05-19 14:52:20,-25.4185378571,-49.2682900524
2014-05-19 14:52:30,-25.4185378571,-49.2682900524
2014-05-19 14:52:40,-25.4185378571,-49.2682900524
2014-05-19 14:52:50,-25.4185378571,-49.2682900524
2014-05-19 14:53:00,-25.4185378571,-49.2682900524
2014-05-19 14:53:10,-25.4185378571,-49.2682900524
2014-05-19 14:53:20,-25.4185378571,-49.2682900524
2014-05-19 14:53:30,-25.4185378571,-49.2682900524
2014-05-19 14:53:40,-25.4185378571,-49.2682900524
2014-05-19 14:53:50,-25.4185378571,-49.2682900524
2014-05-19 14:54:00,-25.4185378571,-49.2682900524
2014-05-19 14:54:10,-25.4185378571,-49.2682900524
2014-05-19 14:54:20,-25.4185378571,-49.2682900524
2014-05-19 14:54:30,-25.4185378571,-49.2682900524
2014-05-19 14:54:40,-25.4185378571,-49.2682900524
2014-05-19 14:54:50,-25.4185378571,-49.2682900524
2014-05-19 14:55:00,-25.4185378571,-49.2682900524
2014-05-19 14:55:10,-25.4185378571,-49.2682900524
2014-05-19 14:55:20,-25.4185378571,-49.2682900524
2014-05-19 14:55:30,-25.4185378571,-49.2682900524
2014-05-19 14:55:40,-25.4185378571,-49.2682900524
2014-05-19 14:55:50,-25.4185378571,-49.2682900524
2014-05-19 14:56:00,-25.4185378571,-49.2682900524
2014-05-19 14:56:10,-25.4185378571,-49.2682900524
2014-05-19 14:56:20,-25.4185378571,-49.2682900524
2014-05-19 14:56:30,-25.4185378571,-49.2682900524
2014-05-19 14:56:40,-25.4185378571,-49.2682900524
2014-05-19 14:56:50,-25.4185378571,-49.2682900524
2014-05-19 14:57:00,-25.4185378571,-49.2682900524
2014-05-19 14:57:10,-25.4185378571,-49.2682900524
2014-05-19 14:57:20,-25.4185378571,-49.2682900524
2014-05-19 14:57:30,-25.4185378571,-49.2682900524
2014-05-19 14:57:40,-25.4185378571,-49.2682900524
2014-05-19 14:57:50,-25.4185378571,-49.2682900524
2014-05-19 14:58:00,-25.4185378571,-49.2682900524
2014-05-19 14:58:10,-25.4185378571,-49.2682900524
2014-05-19 14:58:20,-25.4185378571,-49.2682900524
2014-05-19 14:58:30,-25.4185378571,-49.2682900524
2014-05-19 14:58:40,-25.4185378571,-49.2682900524
2014-05-19 14:58:50,-25.4185378571,-49.2682900524
2014-05-19 14:59:00,-25.4185378571,-49.2682900524
2014-05-19 14:59:10,-25.4185378571,-49.2682900524
2014-05-19 14:59:20,-25.4185378571,-49.2682900524
2014-05-19 14:59:30,-25.4185378571,-49.2682900524
2014-05-19 14:59:40,-25.4185378571,-49.2682900524
2014-05-19 14:59:50,-25.4185378571,-49.2682900524
2014-05-19 15:00:00,-25.4185378571,-49.2682900524
2014-05-19 15:00:10,-25.4185378571,-49.2682900524
2014-05-19 15:00:20,-25.4185378571,-49.2682900524
2014-05-19 15:00:30,-25.4185378571,-49.2682900524
2014-05-19 15:00:40,-25.4185378571,-49.2682900524
2014-05-19 15:00:50,-25.4185378571,-49.2682900524
2014-05-19 15:01:00,-25.4185378571,-49.2682900524
2014-05-19 15:01:10,-25.4185378571,-49.2682900524
2014-05-19 15:01:20,-25.4185378571,-49.2682900524
2014-05-19 15:01:30,-25.4185378571,-49.2682900524
2014-05-19 15:01:40,-25.4185378571,-49.2682900524
2014-05-19 15:01:50,-25.4185378571,-49.2682900524
2014-05-19 15:02:00,-25.4185378571,-49.2682900524
2014-05-19 15:02:10,-25.4185378571,-49.2682900524
2014-05-19 15:02:20,-25.4185378571,-49.2682900524
2014-05-19 15:02:30,-25.4185378571,-49.2682900524
2014-05-19 15:02:40,-25.4185378571,-49.2682900524
2014-05-19 15:02:50,-25.4185378571,-49.2682900524
2014-05-19 15:03:00,-25.4185378571,-49.2682900524
2014-05-19 15:03:10,-25.4185378571,-49.2682900524
2014-05-19 15:03:20,-25.4185378571,-49.2682900524
2014-05-19 15:03:30,-25.4185378571,-49.2682900524
2014-05-19 15:03:40,-25.4185378571,-49.2682900524
2014-05-19 15:03:50,-25.4185378571,-49.2682900524
2014-05-19 15:04:00,-25.4185378571,-49.2682900524
2014-05-19 15:04:10,-25.4185378571,-49.2682900524
2014-05-19 15:04:20,-25.4185378571,-49.2682900524
2014-05-19 15:04:30,-25.4185378571,-49.2682900524
2014-05-19 15:04:40,-25.4185378571,-49.2682900524
2014-05-19 15:04:50,-25.4185378571,-49.2682900524
2014-05-19 15:05:00,-25.4185378571,-49.2682900524
2014-05-19 15:05:10,-25.4185378571,-49.2682900524
2014-05-19 15:05:20,-25.4185378571,-49.2682900524
2014-05-19 15:05:30,-25.4185378571,-49.2682900524
2014-05-19 15:05:40,-25.4185378571,-49.2682900524
2014-05-19 15:05:50,-25.4185378571,-49.2682900524
2014-05-19 15:06:00,-25.4185378571,-49.2682900524
2014-05-19 15:06:10,-25.4185378571,-49.2682900524
2014-05-19 15:06:20,-25.4185378571,-49.2682900524
2014-05-19 15:06:30,-25.4185378571,-49.2682900524
2014-05-19 15:06:40,-25.4185378571,-49.2682900524
2014-05-19 15:06:50,-25.4185378571,-49.2682900524
2014-05-19 15:07:00,-25.4185378571,-49.2682900524
2014-05-19 15:07:10,-25.4185378571,-49.2682900524
2014-05-19 15:07:20,-25.4185378571,-49.2682900524
2014-05-19 15:07:30,-25.4185378571,-49.2682900524
2014-05-19 15:07:40,-25.4185378571,-49.2682900524
2014-05-19 15:07:50,-25.4185378571,-49.2682900524
2014-05-19 15:08:00,-25.4185378571,-49.2682900524
2014-05-19 15:08:10,-25.4185378571,-49.2682900524
2014-05-19 15:08:20,-25.4185378571,-49.2682900524
2014-05-19 15:08:30,-25.4185378571,-49.2682900524
2014-05-19 15:08:40,-25.4185378571,-49.2682900524
2014-05-19 15:08:50,-25.4185378571,-49.2682900524
2014-05-19 15:09:00,-25.4185378571,-49.2682900524
2014-05-19 15:09:10,-25.4185378571,-49.2682900524
2014-05-19 15:09:20,-25.4185378571,-49.2682900524
2014-05-19 15:09:30,-25.4185378571,-49.2682900524
2014-05-19 15:09:40,-25.4185378571,-49.2682900524
2014-05-19 15:09:50,-25.4185378571,-49.2682900524
2014-05-19 15:10:00,-25.4185378571,-49.2682900524
2014-05-19 15:10:10,-25.4185378571,-49.2682900524
2014-05-19 15:10:20,-25.4185378571,-49.2682900524
2014-05-19 15:10:30,-25.4185378571,-49.2682900524
2014-05-19 15:10:40,-25.4185378571,-49.2682900524
2014-05-19 15:10:50,-25.4185378571,-49.2682900524
2014-05-19 15:11:00,-25.4185378571,-49.2682900524
2014-05-19 15:11:10,-25.4185378571,-49.2682900524
2014-05-19 15:11:20,-25.4185378571,-49.2682900524
2014-05-19 15:11:30,-25.4185378571,-49.2682900524
2014-05-19 15:11:40,-25.4185378571,-49.2682900524
2014-05-19 15:11:50,-25.4185378571,-49.2682900524
2014-05-19 15:12:00,-25.4185378571,-49.2682900524
2014-05-19 15:12:10,-25.4185378571,-49.2682900524
2014-05-19 15:12:20,-25.4185378571,-49.2682900524
2014-05-19 15:12:30,-25.4185378571,-49.2682900524
2014-05-19 15:12:40,-25.4185378571,-49.2682900524
2014-05-19 15:12:50,-25.4185378571,-49.2682900524
2014-05-19 15:13:00,-25.4185378571,-49.2682900524
2014-05-19 15:13:10,-25.4185378571,-49.2682900524
2014-05-19 15:13:20,-25.4185378571,-49.2682900524
2014-05-19 15:13:30,-25.4185378571,-49.2682900524
2014-05-19 15:13:40,-25.4185378571,-49.2682900524
2014-05-19 15:13:50,-25.4185378571,-49.2682900524
2014-05-19 15:14:00,-25.4185378571,-49.2682900524
2014-05-19 15:14:10,-25.4185378571,-49.2682900524
2014-05-19 15:14:20,-25.4185378571,-49.2682900524
2014-05-19 15:14:30,-25.4185378571,-49.2682900524
2014-05-19 15:14:40,-25.4185378571,-49.2682900524
2014-05-19 15:14:50,-25.4185378571,-49.2682900524
2014-05-19 15:15:00,-25.4185378571,-49.2682900524
2014-05-19 15:15:10,-25.4185378571,-49.2682900524
2014-05-19 15:15:20,-25.4185378571,-49.2682900524
2014-05-19 15:15:30,-25.4185378571,-49.2682900524
2014-05-19 15:15:40,-25.4185378571,-49.2682900524
2014-05-19 15:15:50,-25.4185378571,-49.2682900524
2014-05-19 15:16:00,-25.4185378571,-49.2682900524
2014-05-19 15:16:10,-25.4185378571,-49.2682900524
2014-05-19 15:16:20,-25.4185378571,-49.2682900524
2014-05-19 15:16:30,-25.4185378571,-49.2682900524
2014-05-19 15:16:40,-25.4185378571,-49.2682900524
2014-05-19 15:16:50,-25.4185378571,-49.2682900524
2014-05-19 15:17:00,-25.4185378571,-49.2682900524
2014-05-19 15:17:10,-25.4185378571,-49.2682900524
2014-05-19 15:17:20,-25.4185378571,-49.2682900524
2014-05-19 15:17:30,-25.4185378571,-49.2682900524
2014-05-19 15:17:40,-25.4185378571,-49.2682900524
2014-05-19 15:17:50,-25.4185378571,-49.2682900524
2014-05-19 15:18:00,-25.4185378571,-49.2682900524
2014-05-19 15:18:10,-25.4185378571,-49.2682900524
2014-05-19 15:18:20,-25.4185378571,-49.2682900524
2014-05-19 15:18:30,-25.4185378571,-49.2682900524
2014-05-19 15:18:40,-25.4185378571,-49.2682900524
2014-05-19 15:18:50,-25.4185378571,-49.2682900524
2014-05-19 15:19:00,-25.4185378571,-49.2682900524
2014-05-19 15:19:10,-25.4185378571,-49.2682900524
2014-05-19 15:19:20,-25.4185378571,-49.2682900524
2014-05-19 15:19:30,-25.4185378571,-49.2682900524
2014-05-19 15:19:40,-25.4185378571,-49.2682900524
2014-05-19 15:19:50,-25.4185378571,-49.2682900524
2014-05-19 15:20:00,-25.4185378571,-49.2682900524
2014-05-19 15:20:10,-25.4185378571,-49.2682900524
2014-05-19 15:20:20,-25.4185378571,-49.2682900524
2014-05-19 15:20:30,-25.4185378571,-49.2682900524
2014-05-19 15:20:40,-25.4185378571,-49.2682900524
2014-05-19 15:20:50,-25.4185378571,-49.2682900524
2014-05-19 15:21:00,-25.4185378571,-49.2682900524
2014-05-19 15:21:10,-25.4185378571,-49.2682900524
2014-05-19 15:21:20,-25.4185378571,-49.2682900524
2014-05-19 15:21:30,-25.4185378571,-49.2682900524
2014-05-19 15:21:40,-25.4185378571,-49.2682900524
2014-05-19 15:21:50,-25.4185378571,-49.2682900524
2014-05-19 15:22:00,-25.4185378571,-49.2682900524
2014-05-19 15:22:10,-25.4185378571,-49.2682900524
2014-05-19 15:22:20,-25.4185378571,-49.2682900524
2014-05-19 15:22:30,-25.4185378571,-49.2682900524
2014-05-19 15:22:40,-25.4185378571,-49.2682900524
2014-05-19 15:22:50,-25.4185378571,-49.2682900524
2014-05-19 15:23:00,-25.4185378571,-49.2682900524
2014-05-19 15:23:10,-25.4185378571,-49.2682900524
2014-05-19 15:23:20,-25.4185378571,-49.2682900524
2014-05-19 15:23:30,-25.4185378571,-49.2682900524
2014-05-19 15:23:40,-25.4185378571,-49.2682900524
2014-05-19 15:23:50,-25.4185378571,-49.2682900524
2014-05-19 15:24:00,-25.4185378571,-49.2682900524
2014-05-19 15:24:10,-25.4185378571,-49.2682900524
2014-05-19 15:24:20,-25.4185378571,-49.2682900524
2014-05-19 15:24:30,-25.4185378571,-49.2682900524
2014-05-19 15:24:40,-25.4185378571,-49.2682900524
2014-05-19 15:24:50,-25.4185378571,-49.2682900524
2014-05-19 15:25:00,-25.4185378571,-49.2682900524
2014-05-19 15:25:10,-25.4185378571,-49.2682900524
2014-05-19 15:25:20,-25.4185378571,-49.2682900524
2014-05-19 15:25:30,-25.4185378571,-49.2682900524
2014-05-19 15:25:40,-25.4185378571,-49.2682900524
2014-05-19 15:25:50,-25.4185378571,-49.2682900524
2014-05-19 15:26:00,-25.4185378571,-49.2682900524
2014-05-19 15:26:10,-25.4185378571,-49.2682900524
2014-05-19 15:26:20,-25.4185378571,-49.2682900524
2014-05-19 15:26:30,-25.4185378571,-49.2682900524
2014-05-19 15:26:40,-25.4185378571,-49.2682900524
2014-05-19 15:26:50,-25.4185378571,-49.2682900524
2014-05-19 15:27:00,-25.4185378571,-49.2682900524
2014-05-19 15:27:10,-25.4185378571,-49.2682900524
2014-05-19 15:27:20,-25.4185378571,-49.2682900524
2014-05-19 15:27:30,-25.4185378571,-49.2682900524
2014-05-19 15:27:40,-25.4185378571,-49.2682900524
2014-05-19 15:27:50,-25.4185378571,-49.2682900524
2014-05-19 15:28:00,-25.4185378571,-49.2682900524
2014-05-19 15:28:10,-25.4185378571,-49.2682900524
2014-05-19 15:28:20,-25.4185378571,-49.2682900524
2014-05-19 15:28:30,-25.4185378571,-49.2682900524
2014-05-19 15:28:40,-25.4185378571,-49.2682900524
2014-05-19 15:28:50,-25.4185378571,-49.2682900524
2014-05-19 15:29:00,-25.4185378571,-49.2682900524
2014-05-19 15:29:10,-25.4185378571,-49.2682900524
2014-05-19 15:29:20,-25.4185378571,-49.2682900524
2014-05-19 15:29:30,-25.4185378571,-49.2682900524
2014-05-19 15:29:40,-25.4185378571,-49.2682900524
2014-05-19 15:29:50,-25.4185378571,-49.2682900524
2014-05-19 15:30:00,-25.4185378571,-49.2682900524
2014-05-19 15:30:10,-25.4185378571,-49.2682900524
2014-05-19 15:30:20,-25.4185378571,-49.2682900524
2014-05-19 15:30:30,-25.4185378571,-49.2682900524
2014-05-19 15:30:40,-25.4185378571,-49.2682900524
2014-05-19 15:30:50,-25.4185378571,-49.2682900524
2014-05-19 15:31:00,-25.4185378571,-49.2682900524
2014-05-19 15:31:10,-25.4185378571,-49.2682900524
2014-05-19 15:31:20,-25.4185378571,-49.2682900524
2014-05-19 15:31:30,-25.4185378571,-49.2682900524
2014-05-19 15:31:40,-25.4185378571,-49.2682900524
2014-05-19 15:31:50,-25.4185378571,-49.2682900524
2014-05-19 15:32:00,-25.4185378571,-49.2682900524
2014-05-19 15:32:10,-25.4185378571,-49.2682900524
2014-05-19 15:32:20,-25.4185378571,-49.2682900524
2014-05-19 15:32:30,-25.4185378571,-49.2682900524
2014-05-19 15:32:40,-25.4185378571,-49.2682900524
2014-05-19 15:32:50,-25.4185378571,-49.2682900524
2014-05-19 15:33:00,-25.4185378571,-49.2682900524
2014-05-19 15:33:10,-25.4185378571,-49.2682900524
2014-05-19 15:33:20,-25.4185378571,-49.2682900524
2014-05-19 15:33:30,-25.4185378571,-49.2682900524
2014-05-19 15:33:40,-25.4185378571,-49.2682900524
2014-05-19 15:33:50,-25.4185378571,-49.2682900524
2014-05-19 15:34:00,-25.4185378571,-49.2682900524
2014-05-19 15:34:10,-25.4185378571,-49.2682900524
2014-05-19 15:34:20,-25.4185378571,-49.2682900524
2014-05-19 15:34:30,-25.4185378571,-49.2682900524
2014-05-19 15:34:40,-25.4185378571,-49.2682900524
2014-05-19 15:34:50,-25.4185378571,-49.2682900524
2014-05-19 15:35:00,-25.4185378571,-49.2682900524
2014-05-19 15:35:10,-25.4185378571,-49.2682900524
2014-05-19 15:35:20,-25.4185378571,-49.2682900524
2014-05-19 15:35:30,-25.4185378571,-49.2682900524
2014-05-19 15:35:40,-25.4185378571,-49.2682900524
2014-05-19 15:35:50,-25.4185378571,-49.2682900524
2014-05-19 15:36:00,-25.4185378571,-49.2682900524
2014-05-19 15:36:10,-25.4185378571,-49.2682900524
2014-05-19 15:36:20,-25.4185378571,-49.2682900524
2014-05-19 15:36:30,-25.4185378571,-49.2682900524
2014-05-19 15:36:40,-25.4185378571,-49.2682900524
2014-05-19 15:36:50,-25.4185378571,-49.2682900524
2014-05-19 15:37:00,-25.4185378571,-49.2682900524
2014-05-19 15:37:10,-25.4185378571,-49.2682900524
2014-05-19 15:37:20,-25.4185378571,-49.2682900524
2014-05-19 15:37:30,-25.4185378571,-49.2682900524
2014-05-19 15:37:40,-25.4185378571,-49.2682900524
2014-05-19 15:37:50,-25.4185378571,-49.2682900524
2014-05-19 15:38:00,-25.4185378571,-49.2682900524
2014-05-19 15:38:10,-25.4185378571,-49.2682900524
2014-05-19 15:38:20,-25.4185378571,-49.2682900524
2014-05-19 15:38:30,-25.4185378571,-49.2682900524
2014-05-19 15:38:40,-25.4185378571,-49.2682900524
2014-05-19 15:38:50,-25.4185378571,-49.2682900524
2014-05-19 15:39:00,-25.4185378571,-49.2682900524
2014-05-19 15:39:10,-25.4185378571,-49.2682900524
2014-05-19 15:39:20,-25.4185378571,-49.2682900524
2014-05-19 15:39:30,-25.4185378571,-49.2682900524
2014-05-19 15:39:40,-25.4185378571,-49.2682900524
2014-05-19 15:39:50,-25.4185378571,-49.2682900524
2014-05-19 15:40:00,-25.4185378571,-49.2682900524
2014-05-19 15:40:10,-25.4185378571,-49.2682900524
2014-05-19 15:40:20,-25.4185378571,-49.2682900524
2014-05-19 15:40:30,-25.4185378571,-49.2682900524
2014-05-19 15:40:40,-25.4185378571,-49.2682900524
2014-05-19 15:40:50,-25.4185378571,-49.2682900524
2014-05-19 15:41:00,-25.4185378571,-49.2682900524
2014-05-19 15:41:10,-25.4185378571,-49.2682900524
2014-05-19 15:41:20,-25.4185378571,-49.2682900524
2014-05-19 15:41:30,-25.4185378571,-49.2682900524
2014-05-19 15:41:40,-25.4185378571,-49.2682900524
2014-05-19 15:41:50,-25.4185378571,-49.2682900524
2014-05-19 15:42:00,-25.4185378571,-49.2682900524
2014-05-19 15:42:10,-25.4185378571,-49.2682900524
2014-05-19 15:42:20,-25.4185378571,-49.2682900524
2014-05-19 15:42:30,-25.4185378571,-49.2682900524
2014-05-19 15:42:40,-25.4185378571,-49.2682900524
2014-05-19 15:42:50,-25.4185378571,-49.2682900524
2014-05-19 15:43:00,-25.4185378571,-49.2682900524
2014-05-19 15:43:10,-25.4185378571,-49.2682900524
2014-05-19 15:43:20,-25.4185378571,-49.2682900524
2014-05-19 15:43:30,-25.4185378571,-49.2682900524
2014-05-19 15:43:40,-25.4185378571,-49.2682900524
2014-05-19 15:43:50,-25.4185378571,-49.2682900524
2014-05-19 15:44:00,-25.4185378571,-49.2682900524
2014-05-19 15:44:10,-25.4185378571,-49.2682900524
2014-05-19 15:44:20,-25.4185378571,-49.2682900524
2014-05-19 15:44:30,-25.4185378571,-49.2682900524
2014-05-19 15:44:40,-25.4185378571,-49.2682900524
2014-05-19 15:44:50,-25.4185378571,-49.2682900524
2014-05-19 15:45:00,-25.4185378571,-49.2682900524
2014-05-19 15:45:10,-25.4185378571,-49.2682900524
2014-05-19 15:45:20,-25.4185378571,-49.2682900524
2014-05-19 15:45:30,-25.4185378571,-49.2682900524
2014-05-19 15:45:40,-25.4185378571,-49.2682900524
2014-05-19 15:45:50,-25.4185378571,-49.2682900524
2014-05-19 15:46:00,-25.4185378571,-49.2682900524
2014-05-19 15:46:10,-25.4185378571,-49.2682900524
2014-05-19 15:46:20,-25.4185378571,-49.2682900524
2014-05-19 15:46:30,-25.4185378571,-49.2682900524
2014-05-19 15:46:40,-25.4185378571,-49.2682900524
2014-05-19 15:46:50,-25.4185378571,-49.2682900524
2014-05-19 15:47:00,-25.4185378571,-49.2682900524
2014-05-19 15:47:10,-25.4185378571,-49.2682900524
2014-05-19 15:47:20,-25.4185378571,-49.2682900524
2014-05-19 15:47:30,-25.4185378571,-49.2682900524
2014-05-19 15:47:40,-25.4185378571,-49.2682900524
2014-05-19 15:47:50,-25.4185378571,-49.2682900524
2014-05-19 15:48:00,-25.4185378571,-49.2682900524
2014-05-19 15:48:10,-25.4185378571,-49.2682900524
2014-05-19 15:48:20,-25.4185378571,-49.2682900524
2014-05-19 15:48:30,-25.4185378571,-49.2682900524
2014-05-19 15:48:40,-25.4185378571,-49.2682900524
2014-05-19 15:48:50,-25.4185378571,-49.2682900524
2014-05-19 15:49:00,-25.4185378571,-49.2682900524
2014-05-19 15:49:10,-25.4185378571,-49.2682900524
2014-05-19 15:49:20,-25.4185378571,-49.2682900524
2014-05-19 15:49:30,-25.4185378571,-49.2682900524
2014-05-19 15:49:40,-25.4185378571,-49.2682900524
2014-05-19 15:49:50,-25.4185378571,-49.2682900524
2014-05-19 15:50:00,-25.4185378571,-49.2682900524
2014-05-19 15:50:10,-25.4185378571,-49.2682900524
2014-05-19 15:50:20,-25.4185378571,-49.2682900524
2014-05-19 15:50:30,-25.4185378571,-49.2682900524
2014-05-19 15:50:40,-25.4185378571,-49.2682900524
2014-05-19 15:50:50,-25.4185378571,-49.2682900524
2014-05-19 15:51:00,-25.4185378571,-49.2682900524
2014-05-19 15:51:10,-25.4185378571,-49.2682900524
2014-05-19 15:51:20,-25.4185378571,-49.2682900524
2014-05-19 15:51:30,-25.4185378571,-49.2682900524
2014-05-19 15:51:40,-25.4185378571,-49.2682900524
2014-05-19 15:51:50,-25.4185378571,-49.2682900524
2014-05-19 15:52:00,-25.4185378571,-49.2682900524
2014-05-19 15:52:10,-25.4185378571,-49.2682900524
2014-05-19 15:52:20,-25.4185378571,-49.2682900524
2014-05-19 15:52:30,-25.4185378571,-49.2682900524
2014-05-19 15:52:40,-25.4185378571,-49.2682900524
2014-05-19 15:52:50,-25.4185378571,-49.2682900524
2014-05-19 15:53:00,-25.4185378571,-49.2682900524
2014-05-19 15:53:10,-25.4185378571,-49.2682900524
2014-05-19 15:53:20,-25.4185378571,-49.2682900524
2014-05-19 15:53:30,-25.4185378571,-49.2682900524
2014-05-19 15:53:40,-25.4185378571,-49.2682900524
2014-05-19 15:53:50,-25.4185378571,-49.2682900524
2014-05-19 15:54:00,-25.4185378571,-49.2682900524
2014-05-19 15:54:10,-25.4185378571,-49.2682900524
2014-05-19 15:54:20,-25.4185378571,-49.2682900524
2014-05-19 15:54:30,-25.4185378571,-49.2682900524
2014-05-19 15:54:40,-25.4185378571,-49.2682900524
2014-05-19 15:54:50,-25.4185378571,-49.2682900524
2014-05-19 15:55:00,-25.4185378571,-49.2682900524
2014-05-19 15:55:10,-25.4185378571,-49.2682900524
2014-05-19 15:55:20,-25.4185378571,-49.2682900524
2014-05-19 15:55:30,-25.4185378571,-49.2682900524
2014-05-19 15:55:40,-25.4185378571,-49.2682900524
2014-05-19 15:55:50,-25.4185378571,-49.2682900524
2014-05-19 15:56:00,-25.4185378571,-49.2682900524
2014-05-19 15:56:10,-25.4185378571,-49.2682900524
2014-05-19 15:56:20,-25.4185378571,-49.2682900524
2014-05-19 15:56:30,-25.4185378571,-49.2682900524
2014-05-19 15:56:40,-25.4185378571,-49.2682900524
2014-05-19 15:56:50,-25.4185378571,-49.2682900524
2014-05-19 15:57:00,-25.4185378571,-49.2682900524
2014-05-19 15:57:10,-25.4185378571,-49.2682900524
2014-05-19 15:57:20,-25.4185378571,-49.2682900524
2014-05-19 15:57:30,-25.4185378571,-49.2682900524
2014-05-19 15:57:40,-25.4185378571,-49.2682900524
2014-05-19 15:57:50,-25.4185378571,-49.2682900524
2014-05-19 15:58:00,-25.4185378571,-49.2682900524
2014-05-19 15:58:10,-25.4185378571,-49.2682900524
2014-05-19 15:58:20,-25.4185378571,-49.2682900524
2014-05-19 15:58:30,-25.4185378571,-49.2682900524
2014-05-19 15:58:40,-25.4185378571,-49.2682900524
2014-05-19 15:58:50,-25.4185378571,-49.2682900524
2014-05-19 15:59:00,-25.4185378571,-49.2682900524
2014-05-19 15:59:10,-25.4185378571,-49.2682900524
2014-05-19 15:59:20,-25.4185378571,-49.2682900524
2014-05-19 15:59:30,-25.4185378571,-49.2682900524
2014-05-19 15:59:40,-25.4185378571,-49.2682900524
2014-05-19 15:59:50,-25.4185378571,-49.2682900524
2014-05-19 16:00:00,-25.4185378571,-49.2682900524
2014-05-19 16:00:10,-25.4185378571,-49.2682900524
2014-05-19 16:00:20,-25.4185378571,-49.2682900524
2014-05-19 16:00:30,-25.4185378571,-49.2682900524
2014-05-19 16:00:40,-25.4185378571,-49.2682900524
2014-05-19 16:00:50,-25.4185378571,-49.2682900524
2014-05-19 16:01:00,-25.4185378571,-49.2682900524
2014-05-19 16:01:10,-25.4185378571,-49.2682900524
2014-05-19 16:01:20,-25.4185378571,-49.2682900524
2014-05-19 16:01:30,-25.4185378571,-49.2682900524
2014-05-19 16:01:40,-25.4185378571,-49.2682900524
2014-05-19 16:01:50,-25.4185378571,-49.2682900524
2014-05-19 16:02:00,-25.4185378571,-49.2682900524
2014-05-19 16:02:10,-25.4185378571,-49.2682900524
2014-05-19 16:02:20,-25.4185378571,-49.2682900524
2014-05-19 16:02:30,-25.4185378571,-49.2682900524
2014-05-19 16:02:40,-25.4185378571,-49.2682900524
2014-05-19 16:02:50,-25.4185378571,-49.2682900524
2014-05-19 16:03:00,-25.4185378571,-49.2682900524
2014-05-19 16:03:10,-25.4185378571,-49.2682900524
2014-05-19 16:03:20,-25.4185378571,-49.2682900524
2014-05-19 16:03:30,-25.4185378571,-49.2682900524
2014-05-19 16:03:40,-25.4185378571,-49.2682900524
2014-05-19 16:03:50,-25.4185378571,-49.2682900524
2014-05-19 16:04:00,-25.4185378571,-49.2682900524
2014-05-19 16:04:10,-25.4185378571,-49.2682900524
2014-05-19 16:04:20,-25.4185378571,-49.2682900524
2014-05-19 16:04:30,-25.4185378571,-49.2682900524
2014-05-19 16:04:40,-25.4185378571,-49.2682900524
2014-05-19 16:04:50,-25.4185378571,-49.2682900524
2014-05-19 16:05:00,-25.4185378571,-49.2682900524
2014-05-19 16:05:10,-25.4185378571,-49.2682900524
2014-05-19 16:05:20,-25.4185378571,-49.2682900524
2014-05-19 16:05:30,-25.4185378571,-49.2682900524
2014-05-19 16:05:40,-25.4185378571,-49.2682900524
2014-05-19 16:05:50,-25.4185378571,-49.2682900524
2014-05-19 16:06:00,-25.4185378571,-49.2682900524
2014-05-19 16:06:10,-25.4185378571,-49.2682900524
2014-05-19 16:06:20,-25.4185378571,-49.2682900524
2014-05-19 16:06:30,-25.4185378571,-49.2682900524
2014-05-19 16:06:40,-25.4185378571,-49.2682900524
2014-05-19 16:06:50,-25.4185378571,-49.2682900524
2014-05-19 16:07:00,-25.4185378571,-49.2682900524
2014-05-19 16:07:10,-25.4185378571,-49.2682900524
2014-05-19 16:07:20,-25.4185378571,-49.2682900524
2014-05-19 16:07:30,-25.4185378571,-49.2682900524
2014-05-19 16:07:40,-25.4185378571,-49.2682900524
2014-05-19 16:07:50,-25.4185378571,-49.2682900524
2014-05-19 16:08:00,-25.4185378571,-49.2682900524
2014-05-19 16:08:10,-25.4185378571,-49.2682900524
2014-05-19 16:08:20,-25.4185378571,-49.2682900524
2014-05-19 16:08:30,-25.4185378571,-49.2682900524
2014-05-19 16:08:40,-25.4185378571,-49.2682900524
2014-05-19 16:08:50,-25.4185378571,-49.2682900524
2014-05-19 16:09:00,-25.4185378571,-49.2682900524
2014-05-19 16:09:10,-25.4185378571,-49.2682900524
2014-05-19 16:09:20,-25.4185378571,-49.2682900524
2014-05-19 16:09:30,-25.4185378571,-49.2682900524
2014-05-19 16:09:40,-25.4185378571,-49.2682900524
2014-05-19 16:09:50,-25.4185378571,-49.2682900524
2014-05-19 16:10:00,-25.4185378571,-49.2682900524
2014-05-19 16:10:10,-25.4185378571,-49.2682900524
2014-05-19 16:10:20,-25.4185378571,-49.2682900524
2014-05-19 16:10:30,-25.4185378571,-49.2682900524
2014-05-19 16:10:40,-25.4185378571,-49.2682900524
2014-05-19 16:10:50,-25.4185378571,-49.2682900524
2014-05-19 16:11:00,-25.4185378571,-49.2682900524
2014-05-19 16:11:10,-25.4185378571,-49.2682900524
2014-05-19 16:11:20,-25.4185378571,-49.2682900524
2014-05-19 16:11:30,-25.4185378571,-49.2682900524
2014-05-19 16:11:40,-25.4185378571,-49.2682900524
2014-05-19 16:11:50,-25.4185378571,-49.2682900524
2014-05-19 16:12:00,-25.4185378571,-49.2682900524
2014-05-19 16:12:10,-25.4185378571,-49.2682900524
2014-05-19 16:12:20,-25.4185378571,-49.2682900524
2014-05-19 16:12:30,-25.4185378571,-49.2682900524
2014-05-19 16:12:40,-25.4185378571,-49.2682900524
2014-05-19 16:12:50,-25.4185378571,-49.2682900524
2014-05-19 16:13:00,-25.4185378571,-49.2682900524
2014-05-19 16:13:10,-25.4185378571,-49.2682900524
2014-05-19 16:13:20,-25.4185378571,-49.2682900524
2014-05-19 16:13:30,-25.4185378571,-49.2682900524
2014-05-19 16:13:40,-25.4185378571,-49.2682900524
2014-05-19 16:13:50,-25.4185378571,-49.2682900524
2014-05-19 16:14:00,-25.4185378571,-49.2682900524
2014-05-19 16:14:10,-25.4185378571,-49.2682900524
2014-05-19 16:14:20,-25.4185378571,-49.2682900524
2014-05-19 16:14:30,-25.4185378571,-49.2682900524
2014-05-19 16:14:40,-25.4185378571,-49.2682900524
2014-05-19 16:14:50,-25.4185378571,-49.2682900524
2014-05-19 16:15:00,-25.4185378571,-49.2682900524
2014-05-19 16:15:10,-25.4185378571,-49.2682900524
2014-05-19 16:15:20,-25.4185378571,-49.2682900524
2014-05-19 16:15:30,-25.4185378571,-49.2682900524
2014-05-19 16:15:40,-25.4185378571,-49.2682900524
2014-05-19 16:15:50,-25.4185378571,-49.2682900524
2014-05-19 16:16:00,-25.4185378571,-49.2682900524
2014-05-19 16:16:10,-25.4185378571,-49.2682900524
2014-05-19 16:16:20,-25.4185378571,-49.2682900524
2014-05-19 16:16:30,-25.4185378571,-49.2682900524
2014-05-19 16:16:40,-25.4185378571,-49.2682900524
2014-05-19 16:16:50,-25.4185378571,-49.2682900524
2014-05-19 16:17:00,-25.4185378571,-49.2682900524
2014-05-19 16:17:10,-25.4185378571,-49.2682900524
2014-05-19 16:17:20,-25.4185378571,-49.2682900524
2014-05-19 16:17:30,-25.4185378571,-49.2682900524
2014-05-19 16:17:40,-25.4185378571,-49.2682900524
2014-05-19 16:17:50,-25.4185378571,-49.2682900524
2014-05-19 16:18:00,-25.4185378571,-49.2682900524
2014-05-19 16:18:10,-25.4185378571,-49.2682900524
2014-05-19 16:18:20,-25.4185378571,-49.2682900524
2014-05-19 16:18:30,-25.4185378571,-49.2682900524
2014-05-19 16:18:40,-25.4185378571,-49.2682900524
2014-05-19 16:18:50,-25.4185378571,-49.2682900524
2014-05-19 16:19:00,-25.4185378571,-49.2682900524
2014-05-19 16:19:10,-25.4185378571,-49.2682900524
2014-05-19 16:19:20,-25.4185378571,-49.2682900524
2014-05-19 16:19:30,-25.4185378571,-49.2682900524
2014-05-19 16:19:40,-25.4185378571,-49.2682900524
2014-05-19 16:19:50,-25.4185378571,-49.2682900524
2014-05-19 16:20:00,-25.4185378571,-49.2682900524
2014-05-19 16:20:10,-25.4185378571,-49.2682900524
2014-05-19 16:20:20,-25.4185378571,-49.2682900524
2014-05-19 16:20:30,-25.4185378571,-49.2682900524
2014-05-19 16:20:40,-25.4185378571,-49.2682900524
2014-05-19 16:20:50,-25.4185378571,-49.2682900524
2014-05-19 16:21:00,-25.4185378571,-49.2682900524
2014-05-19 16:21:10,-25.4185378571,-49.2682900524
2014-05-19 16:21:20,-25.4185378571,-49.2682900524
2014-05-19 16:21:30,-25.4185378571,-49.2682900524
2014-05-19 16:21:40,-25.4185378571,-49.2682900524
2014-05-19 16:21:50,-25.4185378571,-49.2682900524
2014-05-19 16:22:00,-25.4185378571,-49.2682900524
2014-05-19 16:22:10,-25.4185378571,-49.2682900524
2014-05-19 16:22:20,-25.4185378571,-49.2682900524
2014-05-19 16:22:30,-25.4185378571,-49.2682900524
2014-05-19 16:22:40,-25.4185378571,-49.2682900524
2014-05-19 16:22:50,-25.4185378571,-49.2682900524
2014-05-19 16:23:00,-25.4185378571,-49.2682900524
2014-05-19 16:23:10,-25.4185378571,-49.2682900524
2014-05-19 16:23:20,-25.4185378571,-49.2682900524
2014-05-19 16:23:30,-25.4185378571,-49.2682900524
2014-05-19 16:23:40,-25.4185378571,-49.2682900524
2014-05-19 16:23:50,-25.4185378571,-49.2682900524
2014-05-19 16:24:00,-25.4185378571,-49.2682900524
2014-05-19 16:24:10,-25.418546134032407,-49.26829362706435
2014-05-19 16:24:20,-25.418554410964813,-49.2682972017287
2014-05-19 16:24:30,-25.41856268789722,-49.268300776393055
2014-05-19 16:24:40,-25.418570964829627,-49.2683043510574
2014-05-19 16:24:50,-25.418579241762036,-49.26830792572176
2014-05-19 16:25:00,-25.418587518694444,-49.26831150038611
2014-05-19 16:25:10,-25.41859579562685,-49.26831507505046
2014-05-19 16:25:20,-25.41860407255926,-49.268318649714814
2014-05-19 16:25:30,-25.418612349491667,-49.26832222437916
2014-05-19 16:25:40,-25.418620626424072,-49.26832579904352
2014-05-19 16:25:50,-25.41862890335648,-49.26832937370787
2014-05-19 16:26:00,-25.418637180288886,-49.26833294837222
2014-05-19 16:26:10,-25.418645457221295,-49.268336523036574
2014-05-19 16:26:20,-25.418653734153704,-49.26834009770092
2014-05-19 16:26:30,-25.41866201108611,-49.268343672365276
2014-05-19 16:26:40,-25.418670288018518,-49.268347247029624
2014-05-19 16:26:50,-25.418678564950923,-49.26835082169398
2014-05-19 16:27:00,-25.418686841883332,-49.26835439635833
2014-05-19 16:27:10,-25.41869511881574,-49.26835797102268
2014-05-19 16:27:20,-25.418703395748146,-49.268361545687036
2014-05-19 16:27:30,-25.418711672680555,-49.26836512035138
2014-05-19 16:27:40,-25.41871994961296,-49.26836869501574
2014-05-19 16:27:50,-25.41872822654537,-49.26837226968009
2014-05-19 16:28:00,-25.418736503477778,-49.26837584434444
2014-05-19 16:28:10,-25.418744780410183,-49.268379419008795
2014-05-19 16:28:20,-25.41875305734259,-49.26838299367314
2014-05-19 16:28:30,-25.418761334274997,-49.2683865683375
2014-05-19 16:28:40,-25.418769611207406,-49.26839014300185
2014-05-19 16:28:50,-25.418777888139815,-49.2683937176662
2014-05-19 16:29:00,-25.41878616507222,-49.268397292330555
2014-05-19 16:29:10,-25.41879444200463,-49.2684008669949
2014-05-19 16:29:20,-25.418802718937037,-49.26840444165926
2014-05-19 16:29:30,-25.418810995869443,-49.26840801632361
2014-05-19 16:29:40,-25.41881927280185,-49.26841159098796
2014-05-19 16:29:50,-25.418827549734257,-49.268415165652314
2014-05-19 16:30:00,-25.418835826666665,-49.26841874031666
2014-05-19 16:30:10,-25.418844103599074,-49.26842231498102
2014-05-19 16:30:20,-25.41885238053148,-49.26842588964537
2014-05-19 16:30:30,-25.41886065746389,-49.26842946430972
2014-05-19 16:30:40,-25.418868934396293,-49.268433038974074
2014-05-19 16:30:50,-25.418877211328702,-49.26843661363842
2014-05-19 16:31:00,-25.41888548826111,-49.268440188302776
2014-05-19 16:31:10,-25.418893765193516,-49.268443762967124
2014-05-19 16:31:20,-25.418902042125925,-49.26844733763148
2014-05-19 16:31:30,-25.418910319058334,-49.26845091229583
2014-05-19 16:31:40,-25.41891859599074,-49.26845448696018
2014-05-19 16:31:50,-25.418926872923148,-49.268458061624536
2014-05-19 16:32:00,-25.418935149855553,-49.26846163628888
2014-05-19 16:32:10,-25.418943426787962,-49.26846521095324
2014-05-19 16:32:20,-25.41895170372037,-49.26846878561759
2014-05-19 16:32:30,-25.418959980652776,-49.26847236028194
2014-05-19 16:32:40,-25.418968257585185,-49.268475934946295
2014-05-19 16:32:50,-25.41897653451759,-49.26847950961064
2014-05-19 16:33:00,-25.41898481145,-49.268483084275
2014-05-19 16:33:10,-25.418993088382408,-49.26848665893935
2014-05-19 16:33:20,-25.419001365314813,-49.2684902336037
2014-05-19 16:33:30,-25.41900964224722,-49.268493808268055
2014-05-19 16:33:40,-25.419017919179627,-49.2684973829324
2014-05-19 16:33:50,-25.419026196112036,-49.26850095759676
2014-05-19 16:34:00,-25.419034473044444,-49.26850453226111
2014-05-19 16:34:10,-25.41904274997685,-49.26850810692546
2014-05-19 16:34:20,-25.41905102690926,-49.268511681589814
2014-05-19 16:34:30,-25.419059303841664,-49.26851525625416
2014-05-19 16:34:40,-25.419067580774072,-49.26851883091852
2014-05-19 16:34:50,-25.41907585770648,-49.26852240558287
2014-05-19 16:35:00,-25.419084134638886,-49.26852598024722
2014-05-19 16:35:10,-25.419092411571295,-49.268529554911574
2014-05-19 16:35:20,-25.419100688503704,-49.26853312957592
2014-05-19 16:35:30,-25.41910896543611,-49.268536704240276
2014-05-19 16:35:40,-25.419117242368518,-49.268540278904624
2014-05-19 16:35:50,-25.419125519300923,-49.26854385356898
2014-05-19 16:36:00,-25.419133796233332,-49.26854742823333
2014-05-19 16:36:10,-25.41914207316574,-49.26855100289768
2014-05-19 16:36:20,-25.419150350098146,-49.268554577562035
2014-05-19 16:36:30,-25.419158627030555,-49.26855815222638
2014-05-19 16:36:40,-25.41916690396296,-49.26856172689074
2014-05-19 16:36:50,-25.41917518089537,-49.26856530155509
2014-05-19 16:37:00,-25.419183457827778,-49.26856887621944
2014-05-19 16:37:10,-25.419191734760183,-49.268572450883795
2014-05-19 16:37:20,-25.419200011692592,-49.26857602554814
2014-05-19 16:37:30,-25.419208288625,-49.2685796002125
2014-05-19 16:37:40,-25.419216565557406,-49.26858317487685
2014-05-19 16:37:50,-25.419224842489815,-49.2685867495412
2014-05-19 16:38:00,-25.41923311942222,-49.268590324205555
2014-05-19 16:38:10,-25.41924139635463,-49.2685938988699
2014-05-19 16:38:20,-25.419249673287037,-49.26859747353426
2014-05-19 16:38:30,-25.419257950219443,-49.26860104819861
2014-05-19 16:38:40,-25.41926622715185,-49.26860462286296
2014-05-19 16:38:50,-25.419274504084257,-49.268608197527314
2014-05-19 16:39:00,-25.419282781016665,-49.26861177219166
2014-05-19 16:39:10,-25.419291057949074,-49.268615346856016
2014-05-19 16:39:20,-25.41929933488148,-49.26861892152037
2014-05-19 16:39:30,-25.41930761181389,-49.26862249618472
2014-05-19 16:39:40,-25.419315888746294,-49.26862607084907
2014-05-19 16:39:50,-25.419324165678702,-49.26862964551342
2014-05-19 16:40:00,-25.41933244261111,-49.268633220177776
2014-05-19 16:40:10,-25.419340719543516,-49.26863679484212
2014-05-19 16:40:20,-25.419348996475925,-49.26864036950648
2014-05-19 16:40:30,-25.41935727340833,-49.26864394417083
2014-05-19 16:40:40,-25.41936555034074,-49.26864751883518
2014-05-19 16:40:50,-25.419373827273148,-49.268651093499535
2014-05-19 16:41:00,-25.419382104205553,-49.26865466816388
2014-05-19 16:41:10,-25.419390381137962,-49.26865824282824
2014-05-19 16:41:20,-25.41939865807037,-49.26866181749259
2014-05-19 16:41:30,-25.419406935002776,-49.26866539215694
2014-05-19 16:41:40,-25.419415211935185,-49.268668966821295
2014-05-19 16:41:50,-25.41942348886759,-49.26867254148564
2014-05-19 16:42:00,-25.4194317658,-49.26867611615
2014-05-19 16:42:10,-25.419440042732408,-49.26867969081435
2014-05-19 16:42:20,-25.419448319664813,-49.2686832654787
2014-05-19 16:42:30,-25.41945659659722,-49.268686840143054
2014-05-19 16:42:40,-25.419464873529627,-49.2686904148074
2014-05-19 16:42:50,-25.419473150462036,-49.26869398947176
2014-05-19 16:43:00,-25.419481427394444,-49.26869756413611
2014-05-19 16:43:10,-25.41948970432685,-49.26870113880046
2014-05-19 16:43:20,-25.41949798125926,-49.268704713464814
2014-05-19 16:43:30,-25.419506258191664,-49.26870828812916
2014-05-19 16:43:40,-25.419514535124073,-49.268711862793516
2014-05-19 16:43:50,-25.41952281205648,-49.26871543745787
2014-05-19 16:44:00,-25.419531088988887,-49.26871901212222
2014-05-19 16:44:10,-25.419539365921295,-49.26872258678657
2014-05-19 16:44:20,-25.419547642853704,-49.26872616145092
2014-05-19 16:44:30,-25.41955591978611,-49.268729736115276
2014-05-19 16:44:40,-25.419564196718518,-49.26873331077962
2014-05-19 16:44:50,-25.419572473650923,-49.26873688544398
2014-05-19 16:45:00,-25.419580750583332,-49.26874046010833
2014-05-19 16:45:10,-25.41958902751574,-49.26874403477268
2014-05-19 16:45:20,-25.419597304448146,-49.268747609437035
2014-05-19 16:45:30,-25.419605581380555,-49.26875118410138
2014-05-19 16:45:40,-25.41961385831296,-49.26875475876574
2014-05-19 16:45:50,-25.41962213524537,-49.26875833343009
2014-05-19 16:46:00,-25.419630412177778,-49.26876190809444
2014-05-19 16:46:10,-25.419638689110183,-49.268765482758795
2014-05-19 16:46:20,-25.419646966042592,-49.26876905742314
2014-05-19 16:46:30,-25.419655242974997,-49.2687726320875
2014-05-19 16:46:40,-25.419663519907406,-49.26877620675185
2014-05-19 16:46:50,-25.419671796839815,-49.2687797814162
2014-05-19 16:47:00,-25.41968007377222,-49.268783356080554
2014-05-19 16:47:10,-25.41968835070463,-49.2687869307449
2014-05-19 16:47:20,-25.419696627637038,-49.26879050540926
2014-05-19 16:47:30,-25.419704904569443,-49.26879408007361
2014-05-19 16:47:40,-25.41971318150185,-49.26879765473796
2014-05-19 16:47:50,-25.419721458434257,-49.268801229402314
2014-05-19 16:48:00,-25.419729735366666,-49.26880480406666
2014-05-19 16:48:10,-25.419738012299074,-49.268808378731016
2014-05-19 16:48:20,-25.41974628923148,-49.26881195339537
2014-05-19 16:48:30,-25.41975456616389,-49.26881552805972
2014-05-19 16:48:40,-25.419762843096294,-49.26881910272407
2014-05-19 16:48:50,-25.419771120028702,-49.26882267738842
2014-05-19 16:49:00,-25.41977939696111,-49.268826252052776
2014-05-19 16:49:10,-25.419787673893516,-49.26882982671712
2014-05-19 16:49:20,-25.419795950825925,-49.26883340138148
2014-05-19 16:49:30,-25.419804227758334,-49.26883697604583
2014-05-19 16:49:40,-25.41981250469074,-49.26884055071018
2014-05-19 16:49:50,-25.419820781623148,-49.268844125374535
2014-05-19 16:50:00,-25.419829058555553,-49.26884770003888
2014-05-19 16:50:10,-25.419837335487962,-49.26885127470324
2014-05-19 16:50:20,-25.41984561242037,-49.26885484936759
2014-05-19 16:50:30,-25.419853889352776,-49.26885842403194
2014-05-19 16:50:40,-25.419862166285185,-49.268861998696295
2014-05-19 16:50:50,-25.41987044321759,-49.26886557336064
2014-05-19 16:51:00,-25.41987872015,-49.268869148025
2014-05-19 16:51:10,-25.419886997082408,-49.26887272268935
2014-05-19 16:51:20,-25.419895274014813,-49.2688762973537
2014-05-19 16:51:30,-25.41990355094722,-49.268879872018054
2014-05-19 16:51:40,-25.419911827879627,-49.2688834466824
2014-05-19 16:51:50,-25.419920104812036,-49.26888702134676
2014-05-19 16:52:00,-25.419928381744445,-49.26889059601111
2014-05-19 16:52:10,-25.41993665867685,-49.26889417067546
2014-05-19 16:52:20,-25.41994493560926,-49.268897745339814
2014-05-19 16:52:30,-25.419953212541664,-49.26890132000416
2014-05-19 16:52:40,-25.419961489474073,-49.268904894668516
2014-05-19 16:52:50,-25.41996976640648,-49.26890846933287
2014-05-19 16:53:00,-25.419978043338887,-49.26891204399722
2014-05-19 16:53:10,-25.419986320271295,-49.26891561866157
2014-05-19 16:53:20,-25.419994597203704,-49.26891919332592
2014-05-19 16:53:30,-25.42000287413611,-49.268922767990276
2014-05-19 16:53:40,-25.42001115106852,-49.26892634265462
2014-05-19 16:53:50,-25.420019428000924,-49.26892991731898
2014-05-19 16:54:00,-25.420027704933332,-49.26893349198333
2014-05-19 16:54:10,-25.42003598186574,-49.26893706664768
2014-05-19 16:54:20,-25.420044258798146,-49.268940641312035
2014-05-19 16:54:30,-25.420052535730555,-49.26894421597638
2014-05-19 16:54:40,-25.42006081266296,-49.26894779064074
2014-05-19 16:54:50,-25.42006908959537,-49.26895136530509
2014-05-19 16:55:00,-25.420077366527778,-49.26895493996944
2014-05-19 16:55:10,-25.420085643460183,-49.268958514633795
2014-05-19 16:55:20,-25.420093920392592,-49.26896208929814
2014-05-19 16:55:30,-25.420102197325,-49.2689656639625
2014-05-19 16:55:40,-25.420110474257406,-49.26896923862685
2014-05-19 16:55:50,-25.420118751189815,-49.2689728132912
2014-05-19 16:56:00,-25.42012702812222,-49.268976387955554
2014-05-19 16:56:10,-25.42013530505463,-49.2689799626199
2014-05-19 16:56:20,-25.420143581987038,-49.26898353728426
2014-05-19 16:56:30,-25.420151858919443,-49.26898711194861
2014-05-19 16:56:40,-25.42016013585185,-49.26899068661296
2014-05-19 16:56:50,-25.420168412784257,-49.268994261277314
2014-05-19 16:57:00,-25.420176689716666,-49.26899783594166
2014-05-19 16:57:10,-25.420184966649074,-49.269001410606016
2014-05-19 16:57:20,-25.42019324358148,-49.26900498527037
2014-05-19 16:57:30,-25.42020152051389,-49.26900855993472
2014-05-19 16:57:40,-25.420209797446294,-49.26901213459907
2014-05-19 16:57:50,-25.420218074378703,-49.26901570926342
2014-05-19 16:58:00,-25.42022635131111,-49.269019283927776
2014-05-19 16:58:10,-25.420234628243517,-49.26902285859212
2014-05-19 16:58:20,-25.420242905175925,-49.26902643325648
2014-05-19 16:58:30,-25.42025118210833,-49.26903000792083
2014-05-19 16:58:40,-25.42025945904074,-49.26903358258518
2014-05-19 16:58:50,-25.420267735973148,-49.269037157249535
2014-05-19 16:59:00,-25.420276012905553,-49.26904073191388
2014-05-19 16:59:10,-25.420284289837962,-49.26904430657824
2014-05-19 16:59:20,-25.42029256677037,-49.26904788124259
2014-05-19 16:59:30,-25.420300843702776,-49.26905145590694
2014-05-19 16:59:40,-25.420309120635185,-49.269055030571295
2014-05-19 16:59:50,-25.42031739756759,-49.26905860523564
2014-05-19 17:00:00,-25.4203256745,-49.2690621799
2014-05-19 17:00:10,-25.4203256745,-49.2690621799
2014-05-19 17:00:20,-25.4203256745,-49.2690621799
2014-05-19 17:00:30,-25.4203256745,-49.2690621799
2014-05-19 17:00:40,-25.4203256745,-49.2690621799
2014-05-19 17:00:50,-25.4203256745,-49.2690621799
2014-05-19 17:01:00,-25.4203256745,-49.2690621799
2014-05-19 17:01:10,-25.4203256745,-49.2690621799
2014-05-19 17:01:20,-25.4203256745,-49.2690621799
2014-05-19 17:01:30,-25.4203256745,-49.2690621799
2014-05-19 17:01:40,-25.4203256745,-49.2690621799
2014-05-19 17:01:50,-25.4203256745,-49.2690621799
2014-05-19 17:02:00,-25.4203256745,-49.2690621799
2014-05-19 17:02:10,-25.4203256745,-49.2690621799
2014-05-19 17:02:20,-25.4203256745,-49.2690621799
2014-05-19 17:02:30,-25.4203256745,-49.2690621799
2014-05-19 17:02:40,-25.4203256745,-49.2690621799
2014-05-19 17:02:50,-25.4203256745,-49.2690621799
2014-05-19 17:03:00,-25.4203256745,-49.2690621799
2014-05-19 17:03:10,-25.4203256745,-49.2690621799
2014-05-19 17:03:20,-25.4203256745,-49.2690621799
2014-05-19 17:03:30,-25.4203256745,-49.2690621799
2014-05-19 17:03:40,-25.4203256745,-49.2690621799
2014-05-19 17:03:50,-25.4203256745,-49.2690621799
2014-05-19 17:04:00,-25.4203256745,-49.2690621799
2014-05-19 17:04:10,-25.4203256745,-49.2690621799
2014-05-19 17:04:20,-25.4203256745,-49.2690621799
2014-05-19 17:04:30,-25.4203256745,-49.2690621799
2014-05-19 17:04:40,-25.4203256745,-49.2690621799
2014-05-19 17:04:50,-25.4203256745,-49.2690621799
2014-05-19 17:05:00,-25.4203256745,-49.2690621799
2014-05-19 17:05:10,-25.4203256745,-49.2690621799
2014-05-19 17:05:20,-25.4203256745,-49.2690621799
2014-05-19 17:05:30,-25.4203256745,-49.2690621799
2014-05-19 17:05:40,-25.4203256745,-49.2690621799
2014-05-19 17:05:50,-25.4203256745,-49.2690621799
2014-05-19 17:06:00,-25.4203256745,-49.2690621799
2014-05-19 17:06:10,-25.4203256745,-49.2690621799
2014-05-19 17:06:20,-25.4203256745,-49.2690621799
2014-05-19 17:06:30,-25.4203256745,-49.2690621799
2014-05-19 17:06:40,-25.4203256745,-49.2690621799
2014-05-19 17:06:50,-25.4203256745,-49.2690621799
2014-05-19 17:07:00,-25.4203256745,-49.2690621799
2014-05-19 17:07:10,-25.4203256745,-49.2690621799
2014-05-19 17:07:20,-25.4203256745,-49.2690621799
2014-05-19 17:07:30,-25.4203256745,-49.2690621799
2014-05-19 17:07:40,-25.4203256745,-49.2690621799
2014-05-19 17:07:50,-25.4203256745,-49.2690621799
2014-05-19 17:08:00,-25.4203256745,-49.2690621799
2014-05-19 17:08:10,-25.4203256745,-49.2690621799
2014-05-19 17:08:20,-25.4203256745,-49.2690621799
2014-05-19 17:08:30,-25.4203256745,-49.2690621799
2014-05-19 17:08:40,-25.4203256745,-49.2690621799
2014-05-19 17:08:50,-25.4203256745,-49.2690621799
2014-05-19 17:09:00,-25.4203256745,-49.2690621799
2014-05-19 17:09:10,-25.4203256745,-49.2690621799
2014-05-19 17:09:20,-25.4203256745,-49.2690621799
2014-05-19 17:09:30,-25.4203256745,-49.2690621799
2014-05-19 17:09:40,-25.4203256745,-49.2690621799
2014-05-19 17:09:50,-25.4203256745,-49.2690621799
2014-05-19 17:10:00,-25.4203256745,-49.2690621799
2014-05-19 17:10:10,-25.4203256745,-49.2690621799
2014-05-19 17:10:20,-25.4203256745,-49.2690621799
2014-05-19 17:10:30,-25.4203256745,-49.2690621799
2014-05-19 17:10:40,-25.4203256745,-49.2690621799
2014-05-19 17:10:50,-25.4203256745,-49.2690621799
2014-05-19 17:11:00,-25.4203256745,-49.2690621799
2014-05-19 17:11:10,-25.4203256745,-49.2690621799
2014-05-19 17:11:20,-25.4203256745,-49.2690621799
2014-05-19 17:11:30,-25.4203256745,-49.2690621799
2014-05-19 17:11:40,-25.4203256745,-49.2690621799
2014-05-19 17:11:50,-25.4203256745,-49.2690621799
2014-05-19 17:12:00,-25.4203256745,-49.2690621799
2014-05-19 17:12:10,-25.4203256745,-49.2690621799
2014-05-19 17:12:20,-25.4203256745,-49.2690621799
2014-05-19 17:12:30,-25.4203256745,-49.2690621799
2014-05-19 17:12:40,-25.4203256745,-49.2690621799
2014-05-19 17:12:50,-25.4203256745,-49.2690621799
2014-05-19 17:13:00,-25.4203256745,-49.2690621799
2014-05-19 17:13:10,-25.4203256745,-49.2690621799
2014-05-19 17:13:20,-25.4203256745,-49.2690621799
2014-05-19 17:13:30,-25.4203256745,-49.2690621799
2014-05-19 17:13:40,-25.4203256745,-49.2690621799
2014-05-19 17:13:50,-25.4203256745,-49.2690621799
2014-05-19 17:14:00,-25.4203256745,-49.2690621799
2014-05-19 17:14:10,-25.4203256745,-49.2690621799
2014-05-19 17:14:20,-25.4203256745,-49.2690621799
2014-05-19 17:14:30,-25.4203256745,-49.2690621799
2014-05-19 17:14:40,-25.4203256745,-49.2690621799
2014-05-19 17:14:50,-25.4203256745,-49.2690621799
2014-05-19 17:15:00,-25.4203256745,-49.2690621799
2014-05-19 17:15:10,-25.4203256745,-49.2690621799
2014-05-19 17:15:20,-25.4203256745,-49.2690621799
2014-05-19 17:15:30,-25.4203256745,-49.2690621799
2014-05-19 17:15:40,-25.4203256745,-49.2690621799
2014-05-19 17:15:50,-25.4203256745,-49.2690621799
2014-05-19 17:16:00,-25.4203256745,-49.2690621799
2014-05-19 17:16:10,-25.4203256745,-49.2690621799
2014-05-19 17:16:20,-25.4203256745,-49.2690621799
2014-05-19 17:16:30,-25.4203256745,-49.2690621799
2014-05-19 17:16:40,-25.4203256745,-49.2690621799
2014-05-19 17:16:50,-25.4203256745,-49.2690621799
2014-05-19 17:17:00,-25.4203256745,-49.2690621799
2014-05-19 17:17:10,-25.4203256745,-49.2690621799
2014-05-19 17:17:20,-25.4203256745,-49.2690621799
2014-05-19 17:17:30,-25.4203256745,-49.2690621799
2014-05-19 17:17:40,-25.4203256745,-49.2690621799
2014-05-19 17:17:50,-25.4203256745,-49.2690621799
2014-05-19 17:18:00,-25.4203256745,-49.2690621799
2014-05-19 17:18:10,-25.4203256745,-49.2690621799
2014-05-19 17:18:20,-25.4203256745,-49.2690621799
2014-05-19 17:18:30,-25.4203256745,-49.2690621799
2014-05-19 17:18:40,-25.4203256745,-49.2690621799
2014-05-19 17:18:50,-25.4203256745,-49.2690621799
2014-05-19 17:19:00,-25.4203256745,-49.2690621799
2014-05-19 17:19:10,-25.4203256745,-49.2690621799
2014-05-19 17:19:20,-25.4203256745,-49.2690621799
2014-05-19 17:19:30,-25.4203256745,-49.2690621799
2014-05-19 17:19:40,-25.4203256745,-49.2690621799
2014-05-19 17:19:50,-25.4203256745,-49.2690621799
2014-05-19 17:20:00,-25.4203256745,-49.2690621799
2014-05-19 17:20:10,-25.4203256745,-49.2690621799
2014-05-19 17:20:20,-25.4203256745,-49.2690621799
2014-05-19 17:20:30,-25.4203256745,-49.2690621799
2014-05-19 17:20:40,-25.4203256745,-49.2690621799
2014-05-19 17:20:50,-25.4203256745,-49.2690621799
2014-05-19 17:21:00,-25.4203256745,-49.2690621799
2014-05-19 17:21:10,-25.4203256745,-49.2690621799
2014-05-19 17:21:20,-25.4203256745,-49.2690621799
2014-05-19 17:21:30,-25.4203256745,-49.2690621799
2014-05-19 17:21:40,-25.4203256745,-49.2690621799
2014-05-19 17:21:50,-25.4203256745,-49.2690621799
2014-05-19 17:22:00,-25.4203256745,-49.2690621799
2014-05-19 17:22:10,-25.4203256745,-49.2690621799
2014-05-19 17:22:20,-25.4203256745,-49.2690621799
2014-05-19 17:22:30,-25.4203256745,-49.2690621799
2014-05-19 17:22:40,-25.4203256745,-49.2690621799
2014-05-19 17:22:50,-25.4203256745,-49.2690621799
2014-05-19 17:23:00,-25.4203256745,-49.2690621799
2014-05-19 17:23:10,-25.4203256745,-49.2690621799
2014-05-19 17:23:20,-25.4203256745,-49.2690621799
2014-05-19 17:23:30,-25.4203256745,-49.2690621799
2014-05-19 17:23:40,-25.4203256745,-49.2690621799
2014-05-19 17:23:50,-25.4203256745,-49.2690621799
2014-05-19 17:24:00,-25.4203256745,-49.2690621799
2014-05-19 17:24:10,-25.4203256745,-49.2690621799
2014-05-19 17:24:20,-25.4203256745,-49.2690621799
2014-05-19 17:24:30,-25.4203256745,-49.2690621799
2014-05-19 17:24:40,-25.4203256745,-49.2690621799
2014-05-19 17:24:50,-25.4203256745,-49.2690621799
2014-05-19 17:25:00,-25.4203256745,-49.2690621799
2014-05-19 17:25:10,-25.4203256745,-49.2690621799
2014-05-19 17:25:20,-25.4203256745,-49.2690621799
2014-05-19 17:25:30,-25.4203256745,-49.2690621799
2014-05-19 17:25:40,-25.4203256745,-49.2690621799
2014-05-19 17:25:50,-25.4203256745,-49.2690621799
2014-05-19 17:26:00,-25.4203256745,-49.2690621799
2014-05-19 17:26:10,-25.4203256745,-49.2690621799
2014-05-19 17:26:20,-25.4203256745,-49.2690621799
2014-05-19 17:26:30,-25.4203256745,-49.2690621799
2014-05-19 17:26:40,-25.4203256745,-49.2690621799
2014-05-19 17:26:50,-25.4203256745,-49.2690621799
2014-05-19 17:27:00,-25.4203256745,-49.2690621799
2014-05-19 17:27:10,-25.4203256745,-49.2690621799
2014-05-19 17:27:20,-25.4203256745,-49.2690621799
2014-05-19 17:27:30,-25.4203256745,-49.2690621799
2014-05-19 17:27:40,-25.4203256745,-49.2690621799
2014-05-19 17:27:50,-25.4203256745,-49.2690621799
2014-05-19 17:28:00,-25.4203256745,-49.2690621799
2014-05-19 17:28:10,-25.4203256745,-49.2690621799
2014-05-19 17:28:20,-25.4203256745,-49.2690621799
2014-05-19 17:28:30,-25.4203256745,-49.2690621799
2014-05-19 17:28:40,-25.4203256745,-49.2690621799
2014-05-19 17:28:50,-25.4203256745,-49.2690621799
2014-05-19 17:29:00,-25.4203256745,-49.2690621799
2014-05-19 17:29:10,-25.4203256745,-49.2690621799
2014-05-19 17:29:20,-25.4203256745,-49.2690621799
2014-05-19 17:29:30,-25.4203256745,-49.2690621799
2014-05-19 17:29:40,-25.4203256745,-49.2690621799
2014-05-19 17:29:50,-25.4203256745,-49.2690621799
2014-05-19 17:30:00,-25.4203256745,-49.2690621799
2014-05-19 17:30:10,-25.4203256745,-49.2690621799
2014-05-19 17:30:20,-25.4203256745,-49.2690621799
2014-05-19 17:30:30,-25.4203256745,-49.2690621799
2014-05-19 17:30:40,-25.4203256745,-49.2690621799
2014-05-19 17:30:50,-25.4203256745,-49.2690621799
2014-05-19 17:31:00,-25.4203256745,-49.2690621799
2014-05-19 17:31:10,-25.4203256745,-49.2690621799
2014-05-19 17:31:20,-25.4203256745,-49.2690621799
2014-05-19 17:31:30,-25.4203256745,-49.2690621799
2014-05-19 17:31:40,-25.4203256745,-49.2690621799
2014-05-19 17:31:50,-25.4203256745,-49.2690621799
2014-05-19 17:32:00,-25.4203256745,-49.2690621799
2014-05-19 17:32:10,-25.4203256745,-49.2690621799
2014-05-19 17:32:20,-25.4203256745,-49.2690621799
2014-05-19 17:32:30,-25.4203256745,-49.2690621799
2014-05-19 17:32:40,-25.4203256745,-49.2690621799
2014-05-19 17:32:50,-25.4203256745,-49.2690621799
2014-05-19 17:33:00,-25.4203256745,-49.2690621799
2014-05-19 17:33:10,-25.4203256745,-49.2690621799
2014-05-19 17:33:20,-25.4203256745,-49.2690621799
2014-05-19 17:33:30,-25.4203256745,-49.2690621799
2014-05-19 17:33:40,-25.4203256745,-49.2690621799
2014-05-19 17:33:50,-25.4203256745,-49.2690621799
2014-05-19 17:34:00,-25.4203256745,-49.2690621799
2014-05-19 17:34:10,-25.4203256745,-49.2690621799
2014-05-19 17:34:20,-25.4203256745,-49.2690621799
2014-05-19 17:34:30,-25.4203256745,-49.2690621799
2014-05-19 17:34:40,-25.4203256745,-49.2690621799
2014-05-19 17:34:50,-25.4203256745,-49.2690621799
2014-05-19 17:35:00,-25.4203256745,-49.2690621799
2014-05-19 17:35:10,-25.4203256745,-49.2690621799
2014-05-19 17:35:20,-25.4203256745,-49.2690621799
2014-05-19 17:35:30,-25.4203256745,-49.2690621799
2014-05-19 17:35:40,-25.4203256745,-49.2690621799
2014-05-19 17:35:50,-25.4203256745,-49.2690621799
2014-05-19 17:36:00,-25.4203256745,-49.2690621799
2014-05-19 17:36:10,-25.4203256745,-49.2690621799
2014-05-19 17:36:20,-25.4203256745,-49.2690621799
2014-05-19 17:36:30,-25.4203256745,-49.2690621799
2014-05-19 17:36:40,-25.4203256745,-49.2690621799
2014-05-19 17:36:50,-25.4203256745,-49.2690621799
2014-05-19 17:37:00,-25.4203256745,-49.2690621799
2014-05-19 17:37:10,-25.4203256745,-49.2690621799
2014-05-19 17:37:20,-25.4203256745,-49.2690621799
2014-05-19 17:37:30,-25.4203256745,-49.2690621799
2014-05-19 17:37:40,-25.4203256745,-49.2690621799
2014-05-19 17:37:50,-25.4203256745,-49.2690621799
2014-05-19 17:38:00,-25.4203256745,-49.2690621799
2014-05-19 17:38:10,-25.4203256745,-49.2690621799
2014-05-19 17:38:20,-25.4203256745,-49.2690621799
2014-05-19 17:38:30,-25.4203256745,-49.2690621799
2014-05-19 17:38:40,-25.4203256745,-49.2690621799
2014-05-19 17:38:50,-25.4203256745,-49.2690621799
2014-05-19 17:39:00,-25.4203256745,-49.2690621799
2014-05-19 17:39:10,-25.4203256745,-49.2690621799
2014-05-19 17:39:20,-25.4203256745,-49.2690621799
2014-05-19 17:39:30,-25.4203256745,-49.2690621799
2014-05-19 17:39:40,-25.4203256745,-49.2690621799
2014-05-19 17:39:50,-25.4203256745,-49.2690621799
2014-05-19 17:40:00,-25.4203256745,-49.2690621799
2014-05-19 17:40:10,-25.4203256745,-49.2690621799
2014-05-19 17:40:20,-25.4203256745,-49.2690621799
2014-05-19 17:40:30,-25.4203256745,-49.2690621799
2014-05-19 17:40:40,-25.4203256745,-49.2690621799
2014-05-19 17:40:50,-25.4203256745,-49.2690621799
2014-05-19 17:41:00,-25.4203256745,-49.2690621799
2014-05-19 17:41:10,-25.4203256745,-49.2690621799
2014-05-19 17:41:20,-25.4203256745,-49.2690621799
2014-05-19 17:41:30,-25.4203256745,-49.2690621799
2014-05-19 17:41:40,-25.4203256745,-49.2690621799
2014-05-19 17:41:50,-25.4203256745,-49.2690621799
2014-05-19 17:42:00,-25.4203256745,-49.2690621799
2014-05-19 17:42:10,-25.4203256745,-49.2690621799
2014-05-19 17:42:20,-25.4203256745,-49.2690621799
2014-05-19 17:42:30,-25.4203256745,-49.2690621799
2014-05-19 17:42:40,-25.4203256745,-49.2690621799
2014-05-19 17:42:50,-25.4203256745,-49.2690621799
2014-05-19 17:43:00,-25.4203256745,-49.2690621799
2014-05-19 17:43:10,-25.4203256745,-49.2690621799
2014-05-19 17:43:20,-25.4203256745,-49.2690621799
2014-05-19 17:43:30,-25.4203256745,-49.2690621799
2014-05-19 17:43:40,-25.4203256745,-49.2690621799
2014-05-19 17:43:50,-25.4203256745,-49.2690621799
2014-05-19 17:44:00,-25.4203256745,-49.2690621799
2014-05-19 17:44:10,-25.4203256745,-49.2690621799
2014-05-19 17:44:20,-25.4203256745,-49.2690621799
2014-05-19 17:44:30,-25.4203256745,-49.2690621799
2014-05-19 17:44:40,-25.4203256745,-49.2690621799
2014-05-19 17:44:50,-25.4203256745,-49.2690621799
2014-05-19 17:45:00,-25.4203256745,-49.2690621799
2014-05-19 17:45:10,-25.4203256745,-49.2690621799
2014-05-19 17:45:20,-25.4203256745,-49.2690621799
2014-05-19 17:45:30,-25.4203256745,-49.2690621799
2014-05-19 17:45:40,-25.4203256745,-49.2690621799
2014-05-19 17:45:50,-25.4203256745,-49.2690621799
2014-05-19 17:46:00,-25.4203256745,-49.2690621799
2014-05-19 17:46:10,-25.4203256745,-49.2690621799
2014-05-19 17:46:20,-25.4203256745,-49.2690621799
2014-05-19 17:46:30,-25.4203256745,-49.2690621799
2014-05-19 17:46:40,-25.4203256745,-49.2690621799
2014-05-19 17:46:50,-25.4203256745,-49.2690621799
2014-05-19 17:47:00,-25.4203256745,-49.2690621799
2014-05-19 17:47:10,-25.4203256745,-49.2690621799
2014-05-19 17:47:20,-25.4203256745,-49.2690621799
2014-05-19 17:47:30,-25.4203256745,-49.2690621799
2014-05-19 17:47:40,-25.4203256745,-49.2690621799
2014-05-19 17:47:50,-25.4203256745,-49.2690621799
2014-05-19 17:48:00,-25.4203256745,-49.2690621799
2014-05-19 17:48:10,-25.42029328988611,-49.268966219018054
2014-05-19 17:48:20,-25.420260905272222,-49.26887025813611
2014-05-19 17:48:30,-25.420228520658334,-49.26877429725416
2014-05-19 17:48:40,-25.420196136044442,-49.26867833637222
2014-05-19 17:48:50,-25.420163751430554,-49.268582375490276
2014-05-19 17:49:00,-25.420131366816666,-49.26848641460833
2014-05-19 17:49:10,-25.420098982202777,-49.26839045372638
2014-05-19 17:49:20,-25.42006659758889,-49.26829449284444
2014-05-19 17:49:30,-25.420034212975,-49.2681985319625
2014-05-19 17:49:40,-25.42000182836111,-49.268102571080554
2014-05-19 17:49:50,-25.41996944374722,-49.26800661019861
2014-05-19 17:50:00,-25.419937059133332,-49.26791064931666
2014-05-19 17:50:10,-25.419904674519444,-49.26781468843472
2014-05-19 17:50:20,-25.419872289905555,-49.267718727552776
2014-05-19 17:50:30,-25.419839905291667,-49.26762276667083
2014-05-19 17:50:40,-25.41980752067778,-49.26752680578888
2014-05-19 17:50:50,-25.419775136063887,-49.26743084490694
2014-05-19 17:51:00,-25.41974275145,-49.267334884025
2014-05-19 17:51:10,-25.41971036683611,-49.267238923143054
2014-05-19 17:51:20,-25.419677982222222,-49.26714296226111
2014-05-19 17:51:30,-25.419645597608334,-49.26704700137916
2014-05-19 17:51:40,-25.419613212994445,-49.26695104049722
2014-05-19 17:51:50,-25.419580828380553,-49.266855079615276
2014-05-19 17:52:00,-25.419548443766665,-49.26675911873333
2014-05-19 17:52:10,-25.419516059152777,-49.26666315785138
2014-05-19 17:52:20,-25.41948367453889,-49.26656719696944
2014-05-19 17:52:30,-25.419451289925,-49.2664712360875
2014-05-19 17:52:40,-25.41941890531111,-49.266375275205554
2014-05-19 17:52:50,-25.419386520697223,-49.26627931432361
2014-05-19 17:53:00,-25.41935413608333,-49.26618335344166
2014-05-19 17:53:10,-25.419321751469443,-49.26608739255972
2014-05-19 17:53:20,-25.419289366855555,-49.265991431677776
2014-05-19 17:53:30,-25.419256982241667,-49.26589547079583
2014-05-19 17:53:40,-25.419224597627778,-49.26579950991388
2014-05-19 17:53:50,-25.41919221301389,-49.26570354903194
2014-05-19 17:54:00,-25.419159828399998,-49.26560758815
2014-05-19 17:54:10,-25.41912744378611,-49.265511627268054
2014-05-19 17:54:20,-25.41909505917222,-49.26541566638611
2014-05-19 17:54:30,-25.419062674558333,-49.26531970550416
2014-05-19 17:54:40,-25.419030289944445,-49.26522374462222
2014-05-19 17:54:50,-25.418997905330556,-49.265127783740276
2014-05-19 17:55:00,-25.418965520716668,-49.26503182285833
2014-05-19 17:55:10,-25.418933136102776,-49.26493586197638
2014-05-19 17:55:20,-25.418900751488888,-49.26483990109444
2014-05-19 17:55:30,-25.418868366875,-49.2647439402125
2014-05-19 17:55:40,-25.41883598226111,-49.264647979330555
2014-05-19 17:55:50,-25.418803597647223,-49.26455201844861
2014-05-19 17:56:00,-25.418771213033335,-49.26445605756666
2014-05-19 17:56:10,-25.418738828419446,-49.26436009668472
2014-05-19 17:56:20,-25.418706443805554,-49.264264135802776
2014-05-19 17:56:30,-25.418674059191666,-49.26416817492083
2014-05-19 17:56:40,-25.418641674577778,-49.26407221403888
2014-05-19 17:56:50,-25.41860928996389,-49.26397625315694
2014-05-19 17:57:00,-25.41857690535,-49.263880292275
2014-05-19 17:57:10,-25.418544520736113,-49.263784331393055
2014-05-19 17:57:20,-25.41851213612222,-49.26368837051111
2014-05-19 17:57:30,-25.418479751508332,-49.26359240962916
2014-05-19 17:57:40,-25.418447366894444,-49.26349644874722
2014-05-19 17:57:50,-25.418414982280556,-49.263400487865276
2014-05-19 17:58:00,-25.418382597666668,-49.26330452698333
2014-05-19 17:58:10,-25.41835021305278,-49.26320856610138
2014-05-19 17:58:20,-25.41831782843889,-49.26311260521944
2014-05-19 17:58:30,-25.418285443825,-49.2630166443375
2014-05-19 17:58:40,-25.41825305921111,-49.262920683455555
2014-05-19 17:58:50,-25.418220674597222,-49.26282472257361
2014-05-19 17:59:00,-25.418188289983334,-49.26272876169166
2014-05-19 17:59:10,-25.418155905369446,-49.26263280080972
2014-05-19 17:59:20,-25.418123520755557,-49.262536839927776
2014-05-19 17:59:30,-25.418091136141665,-49.26244087904583
2014-05-19 17:59:40,-25.418058751527777,-49.26234491816388
2014-05-19 17:59:50,-25.41802636691389,-49.26224895728194
2014-05-19 18:00:00,-25.4179939823,-49.2621529964
2014-05-19 18:00:10,-25.4179939823,-49.2621529964
2014-05-19 18:00:20,-25.4179939823,-49.2621529964
2014-05-19 18:00:30,-25.4179939823,-49.2621529964
2014-05-19 18:00:40,-25.4179939823,-49.2621529964
2014-05-19 18:00:50,-25.4179939823,-49.2621529964
2014-05-19 18:01:00,-25.4179939823,-49.2621529964
2014-05-19 18:01:10,-25.4179939823,-49.2621529964
2014-05-19 18:01:20,-25.4179939823,-49.2621529964
2014-05-19 18:01:30,-25.4179939823,-49.2621529964
2014-05-19 18:01:40,-25.4179939823,-49.2621529964
2014-05-19 18:01:50,-25.4179939823,-49.2621529964
2014-05-19 18:02:00,-25.4179939823,-49.2621529964
2014-05-19 18:02:10,-25.4179939823,-49.2621529964
2014-05-19 18:02:20,-25.4179939823,-49.2621529964
2014-05-19 18:02:30,-25.4179939823,-49.2621529964
2014-05-19 18:02:40,-25.4179939823,-49.2621529964
2014-05-19 18:02:50,-25.4179939823,-49.2621529964
2014-05-19 18:03:00,-25.4179939823,-49.2621529964
2014-05-19 18:03:10,-25.4179939823,-49.2621529964
2014-05-19 18:03:20,-25.4179939823,-49.2621529964
2014-05-19 18:03:30,-25.4179939823,-49.2621529964
2014-05-19 18:03:40,-25.4179939823,-49.2621529964
2014-05-19 18:03:50,-25.4179939823,-49.2621529964
2014-05-19 18:04:00,-25.4179939823,-49.2621529964
2014-05-19 18:04:10,-25.4179939823,-49.2621529964
2014-05-19 18:04:20,-25.4179939823,-49.2621529964
2014-05-19 18:04:30,-25.4179939823,-49.2621529964
2014-05-19 18:04:40,-25.4179939823,-49.2621529964
2014-05-19 18:04:50,-25.4179939823,-49.2621529964
2014-05-19 18:05:00,-25.4179939823,-49.2621529964
2014-05-19 18:05:10,-25.4179939823,-49.2621529964
2014-05-19 18:05:20,-25.4179939823,-49.2621529964
2014-05-19 18:05:30,-25.4179939823,-49.2621529964
2014-05-19 18:05:40,-25.4179939823,-49.2621529964
2014-05-19 18:05:50,-25.4179939823,-49.2621529964
2014-05-19 18:06:00,-25.4179939823,-49.2621529964
2014-05-19 18:06:10,-25.4179939823,-49.2621529964
2014-05-19 18:06:20,-25.4179939823,-49.2621529964
2014-05-19 18:06:30,-25.4179939823,-49.2621529964
2014-05-19 18:06:40,-25.4179939823,-49.2621529964
2014-05-19 18:06:50,-25.4179939823,-49.2621529964
2014-05-19 18:07:00,-25.4179939823,-49.2621529964
2014-05-19 18:07:10,-25.4179939823,-49.2621529964
2014-05-19 18:07:20,-25.4179939823,-49.2621529964
2014-05-19 18:07:30,-25.4179939823,-49.2621529964
2014-05-19 18:07:40,-25.4179939823,-49.2621529964
2014-05-19 18:07:50,-25.4179939823,-49.2621529964
2014-05-19 18:08:00,-25.4179939823,-49.2621529964
2014-05-19 18:08:10,-25.4179939823,-49.2621529964
2014-05-19 18:08:20,-25.4179939823,-49.2621529964
2014-05-19 18:08:30,-25.4179939823,-49.2621529964
2014-05-19 18:08:40,-25.4179939823,-49.2621529964
2014-05-19 18:08:50,-25.4179939823,-49.2621529964
2014-05-19 18:09:00,-25.4179939823,-49.2621529964
2014-05-19 18:09:10,-25.4179939823,-49.2621529964
2014-05-19 18:09:20,-25.4179939823,-49.2621529964
2014-05-19 18:09:30,-25.4179939823,-49.2621529964
2014-05-19 18:09:40,-25.4179939823,-49.2621529964
2014-05-19 18:09:50,-25.4179939823,-49.2621529964
2014-05-19 18:10:00,-25.4179939823,-49.2621529964
2014-05-19 18:10:10,-25.4179939823,-49.2621529964
2014-05-19 18:10:20,-25.4179939823,-49.2621529964
2014-05-19 18:10:30,-25.4179939823,-49.2621529964
2014-05-19 18:10:40,-25.4179939823,-49.2621529964
2014-05-19 18:10:50,-25.4179939823,-49.2621529964
2014-05-19 18:11:00,-25.4179939823,-49.2621529964
2014-05-19 18:11:10,-25.4179939823,-49.2621529964
2014-05-19 18:11:20,-25.4179939823,-49.2621529964
2014-05-19 18:11:30,-25.4179939823,-49.2621529964
2014-05-19 18:11:40,-25.4179939823,-49.2621529964
2014-05-19 18:11:50,-25.4179939823,-49.2621529964
2014-05-19 18:12:00,-25.4179939823,-49.2621529964
2014-05-19 18:12:10,-25.4179939823,-49.2621529964
2014-05-19 18:12:20,-25.4179939823,-49.2621529964
2014-05-19 18:12:30,-25.4179939823,-49.2621529964
2014-05-19 18:12:40,-25.4179939823,-49.2621529964
2014-05-19 18:12:50,-25.4179939823,-49.2621529964
2014-05-19 18:13:00,-25.4179939823,-49.2621529964
2014-05-19 18:13:10,-25.4179939823,-49.2621529964
2014-05-19 18:13:20,-25.4179939823,-49.2621529964
2014-05-19 18:13:30,-25.4179939823,-49.2621529964
2014-05-19 18:13:40,-25.4179939823,-49.2621529964
2014-05-19 18:13:50,-25.4179939823,-49.2621529964
2014-05-19 18:14:00,-25.4179939823,-49.2621529964
2014-05-19 18:14:10,-25.4179939823,-49.2621529964
2014-05-19 18:14:20,-25.4179939823,-49.2621529964
2014-05-19 18:14:30,-25.4179939823,-49.2621529964
2014-05-19 18:14:40,-25.4179939823,-49.2621529964
2014-05-19 18:14:50,-25.4179939823,-49.2621529964
2014-05-19 18:15:00,-25.4179939823,-49.2621529964
2014-05-19 18:15:10,-25.4179939823,-49.2621529964
2014-05-19 18:15:20,-25.4179939823,-49.2621529964
2014-05-19 18:15:30,-25.4179939823,-49.2621529964
2014-05-19 18:15:40,-25.4179939823,-49.2621529964
2014-05-19 18:15:50,-25.4179939823,-49.2621529964
2014-05-19 18:16:00,-25.4179939823,-49.2621529964
2014-05-19 18:16:10,-25.4179939823,-49.2621529964
2014-05-19 18:16:20,-25.4179939823,-49.2621529964
2014-05-19 18:16:30,-25.4179939823,-49.2621529964
2014-05-19 18:16:40,-25.4179939823,-49.2621529964
2014-05-19 18:16:50,-25.4179939823,-49.2621529964
2014-05-19 18:17:00,-25.4179939823,-49.2621529964
2014-05-19 18:17:10,-25.4179939823,-49.2621529964
2014-05-19 18:17:20,-25.4179939823,-49.2621529964
2014-05-19 18:17:30,-25.4179939823,-49.2621529964
2014-05-19 18:17:40,-25.4179939823,-49.2621529964
2014-05-19 18:17:50,-25.4179939823,-49.2621529964
2014-05-19 18:18:00,-25.4179939823,-49.2621529964
2014-05-19 18:18:10,-25.4179939823,-49.2621529964
2014-05-19 18:18:20,-25.4179939823,-49.2621529964
2014-05-19 18:18:30,-25.4179939823,-49.2621529964
2014-05-19 18:18:40,-25.4179939823,-49.2621529964
2014-05-19 18:18:50,-25.4179939823,-49.2621529964
2014-05-19 18:19:00,-25.4179939823,-49.2621529964
2014-05-19 18:19:10,-25.4179939823,-49.2621529964
2014-05-19 18:19:20,-25.4179939823,-49.2621529964
2014-05-19 18:19:30,-25.4179939823,-49.2621529964
2014-05-19 18:19:40,-25.4179939823,-49.2621529964
2014-05-19 18:19:50,-25.4179939823,-49.2621529964
2014-05-19 18:20:00,-25.4179939823,-49.2621529964
2014-05-19 18:20:10,-25.4179939823,-49.2621529964
2014-05-19 18:20:20,-25.4179939823,-49.2621529964
2014-05-19 18:20:30,-25.4179939823,-49.2621529964
2014-05-19 18:20:40,-25.4179939823,-49.2621529964
2014-05-19 18:20:50,-25.4179939823,-49.2621529964
2014-05-19 18:21:00,-25.4179939823,-49.2621529964
2014-05-19 18:21:10,-25.4179939823,-49.2621529964
2014-05-19 18:21:20,-25.4179939823,-49.2621529964
2014-05-19 18:21:30,-25.4179939823,-49.2621529964
2014-05-19 18:21:40,-25.4179939823,-49.2621529964
2014-05-19 18:21:50,-25.4179939823,-49.2621529964
2014-05-19 18:22:00,-25.4179939823,-49.2621529964
2014-05-19 18:22:10,-25.4179939823,-49.2621529964
2014-05-19 18:22:20,-25.4179939823,-49.2621529964
2014-05-19 18:22:30,-25.4179939823,-49.2621529964
2014-05-19 18:22:40,-25.4179939823,-49.2621529964
2014-05-19 18:22:50,-25.4179939823,-49.2621529964
2014-05-19 18:23:00,-25.4179939823,-49.2621529964
2014-05-19 18:23:10,-25.4179939823,-49.2621529964
2014-05-19 18:23:20,-25.4179939823,-49.2621529964
2014-05-19 18:23:30,-25.4179939823,-49.2621529964
2014-05-19 18:23:40,-25.4179939823,-49.2621529964
2014-05-19 18:23:50,-25.4179939823,-49.2621529964
2014-05-19 18:24:00,-25.4179939823,-49.2621529964
2014-05-19 18:24:10,-25.4179939823,-49.2621529964
2014-05-19 18:24:20,-25.4179939823,-49.2621529964
2014-05-19 18:24:30,-25.4179939823,-49.2621529964
2014-05-19 18:24:40,-25.4179939823,-49.2621529964
2014-05-19 18:24:50,-25.4179939823,-49.2621529964
2014-05-19 18:25:00,-25.4179939823,-49.2621529964
2014-05-19 18:25:10,-25.4179939823,-49.2621529964
2014-05-19 18:25:20,-25.4179939823,-49.2621529964
2014-05-19 18:25:30,-25.4179939823,-49.2621529964
2014-05-19 18:25:40,-25.4179939823,-49.2621529964
2014-05-19 18:25:50,-25.4179939823,-49.2621529964
2014-05-19 18:26:00,-25.4179939823,-49.2621529964
2014-05-19 18:26:10,-25.4179939823,-49.2621529964
2014-05-19 18:26:20,-25.4179939823,-49.2621529964
2014-05-19 18:26:30,-25.4179939823,-49.2621529964
2014-05-19 18:26:40,-25.4179939823,-49.2621529964
2014-05-19 18:26:50,-25.4179939823,-49.2621529964
2014-05-19 18:27:00,-25.4179939823,-49.2621529964
2014-05-19 18:27:10,-25.4179939823,-49.2621529964
2014-05-19 18:27:20,-25.4179939823,-49.2621529964
2014-05-19 18:27:30,-25.4179939823,-49.2621529964
2014-05-19 18:27:40,-25.4179939823,-49.2621529964
2014-05-19 18:27:50,-25.4179939823,-49.2621529964
2014-05-19 18:28:00,-25.4179939823,-49.2621529964
2014-05-19 18:28:10,-25.4179939823,-49.2621529964
2014-05-19 18:28:20,-25.4179939823,-49.2621529964
2014-05-19 18:28:30,-25.4179939823,-49.2621529964
2014-05-19 18:28:40,-25.4179939823,-49.2621529964
2014-05-19 18:28:50,-25.4179939823,-49.2621529964
2014-05-19 18:29:00,-25.4179939823,-49.2621529964
2014-05-19 18:29:10,-25.4179939823,-49.2621529964
2014-05-19 18:29:20,-25.4179939823,-49.2621529964
2014-05-19 18:29:30,-25.4179939823,-49.2621529964
2014-05-19 18:29:40,-25.4179939823,-49.2621529964
2014-05-19 18:29:50,-25.4179939823,-49.2621529964
2014-05-19 18:30:00,-25.4179939823,-49.2621529964
2014-05-19 18:30:10,-25.4179939823,-49.2621529964
2014-05-19 18:30:20,-25.4179939823,-49.2621529964
2014-05-19 18:30:30,-25.4179939823,-49.2621529964
2014-05-19 18:30:40,-25.4179939823,-49.2621529964
2014-05-19 18:30:50,-25.4179939823,-49.2621529964
2014-05-19 18:31:00,-25.4179939823,-49.2621529964
2014-05-19 18:31:10,-25.4179939823,-49.2621529964
2014-05-19 18:31:20,-25.4179939823,-49.2621529964
2014-05-19 18:31:30,-25.4179939823,-49.2621529964
2014-05-19 18:31:40,-25.4179939823,-49.2621529964
2014-05-19 18:31:50,-25.4179939823,-49.2621529964
2014-05-19 18:32:00,-25.4179939823,-49.2621529964
2014-05-19 18:32:10,-25.4179939823,-49.2621529964
2014-05-19 18:32:20,-25.4179939823,-49.2621529964
2014-05-19 18:32:30,-25.4179939823,-49.2621529964
2014-05-19 18:32:40,-25.4179939823,-49.2621529964
2014-05-19 18:32:50,-25.4179939823,-49.2621529964
2014-05-19 18:33:00,-25.4179939823,-49.2621529964
2014-05-19 18:33:10,-25.4179939823,-49.2621529964
2014-05-19 18:33:20,-25.4179939823,-49.2621529964
2014-05-19 18:33:30,-25.4179939823,-49.2621529964
2014-05-19 18:33:40,-25.4179939823,-49.2621529964
2014-05-19 18:33:50,-25.4179939823,-49.2621529964
2014-05-19 18:34:00,-25.4179939823,-49.2621529964
2014-05-19 18:34:10,-25.4179939823,-49.2621529964
2014-05-19 18:34:20,-25.4179939823,-49.2621529964
2014-05-19 18:34:30,-25.4179939823,-49.2621529964
2014-05-19 18:34:40,-25.4179939823,-49.2621529964
2014-05-19 18:34:50,-25.4179939823,-49.2621529964
2014-05-19 18:35:00,-25.4179939823,-49.2621529964
2014-05-19 18:35:10,-25.4179939823,-49.2621529964
2014-05-19 18:35:20,-25.4179939823,-49.2621529964
2014-05-19 18:35:30,-25.4179939823,-49.2621529964
2014-05-19 18:35:40,-25.4179939823,-49.2621529964
2014-05-19 18:35:50,-25.4179939823,-49.2621529964
2014-05-19 18:36:00,-25.4179939823,-49.2621529964
2014-05-19 18:36:10,-25.4179939823,-49.2621529964
2014-05-19 18:36:20,-25.4179939823,-49.2621529964
2014-05-19 18:36:30,-25.4179939823,-49.2621529964
2014-05-19 18:36:40,-25.4179939823,-49.2621529964
2014-05-19 18:36:50,-25.4179939823,-49.2621529964
2014-05-19 18:37:00,-25.4179939823,-49.2621529964
2014-05-19 18:37:10,-25.4179939823,-49.2621529964
2014-05-19 18:37:20,-25.4179939823,-49.2621529964
2014-05-19 18:37:30,-25.4179939823,-49.2621529964
2014-05-19 18:37:40,-25.4179939823,-49.2621529964
2014-05-19 18:37:50,-25.4179939823,-49.2621529964
2014-05-19 18:38:00,-25.4179939823,-49.2621529964
2014-05-19 18:38:10,-25.4179939823,-49.2621529964
2014-05-19 18:38:20,-25.4179939823,-49.2621529964
2014-05-19 18:38:30,-25.4179939823,-49.2621529964
2014-05-19 18:38:40,-25.4179939823,-49.2621529964
2014-05-19 18:38:50,-25.4179939823,-49.2621529964
2014-05-19 18:39:00,-25.4179939823,-49.2621529964
2014-05-19 18:39:10,-25.4179939823,-49.2621529964
2014-05-19 18:39:20,-25.4179939823,-49.2621529964
2014-05-19 18:39:30,-25.4179939823,-49.2621529964
2014-05-19 18:39:40,-25.4179939823,-49.2621529964
2014-05-19 18:39:50,-25.4179939823,-49.2621529964
2014-05-19 18:40:00,-25.4179939823,-49.2621529964
2014-05-19 18:40:10,-25.4179939823,-49.2621529964
2014-05-19 18:40:20,-25.4179939823,-49.2621529964
2014-05-19 18:40:30,-25.4179939823,-49.2621529964
2014-05-19 18:40:40,-25.4179939823,-49.2621529964
2014-05-19 18:40:50,-25.4179939823,-49.2621529964
2014-05-19 18:41:00,-25.4179939823,-49.2621529964
2014-05-19 18:41:10,-25.4179939823,-49.2621529964
2014-05-19 18:41:20,-25.4179939823,-49.2621529964
2014-05-19 18:41:30,-25.4179939823,-49.2621529964
2014-05-19 18:41:40,-25.4179939823,-49.2621529964
2014-05-19 18:41:50,-25.4179939823,-49.2621529964
2014-05-19 18:42:00,-25.4179939823,-49.2621529964
2014-05-19 18:42:10,-25.4179939823,-49.2621529964
2014-05-19 18:42:20,-25.4179939823,-49.2621529964
2014-05-19 18:42:30,-25.4179939823,-49.2621529964
2014-05-19 18:42:40,-25.4179939823,-49.2621529964
2014-05-19 18:42:50,-25.4179939823,-49.2621529964
2014-05-19 18:43:00,-25.4179939823,-49.2621529964
2014-05-19 18:43:10,-25.4179939823,-49.2621529964
2014-05-19 18:43:20,-25.4179939823,-49.2621529964
2014-05-19 18:43:30,-25.4179939823,-49.2621529964
2014-05-19 18:43:40,-25.4179939823,-49.2621529964
2014-05-19 18:43:50,-25.4179939823,-49.2621529964
2014-05-19 18:44:00,-25.4179939823,-49.2621529964
2014-05-19 18:44:10,-25.4179939823,-49.2621529964
2014-05-19 18:44:20,-25.4179939823,-49.2621529964
2014-05-19 18:44:30,-25.4179939823,-49.2621529964
2014-05-19 18:44:40,-25.4179939823,-49.2621529964
2014-05-19 18:44:50,-25.4179939823,-49.2621529964
2014-05-19 18:45:00,-25.4179939823,-49.2621529964
2014-05-19 18:45:10,-25.4179939823,-49.2621529964
2014-05-19 18:45:20,-25.4179939823,-49.2621529964
2014-05-19 18:45:30,-25.4179939823,-49.2621529964
2014-05-19 18:45:40,-25.4179939823,-49.2621529964
2014-05-19 18:45:50,-25.4179939823,-49.2621529964
2014-05-19 18:46:00,-25.4179939823,-49.2621529964
2014-05-19 18:46:10,-25.4179939823,-49.2621529964
2014-05-19 18:46:20,-25.4179939823,-49.2621529964
2014-05-19 18:46:30,-25.4179939823,-49.2621529964
2014-05-19 18:46:40,-25.4179939823,-49.2621529964
2014-05-19 18:46:50,-25.4179939823,-49.2621529964
2014-05-19 18:47:00,-25.4179939823,-49.2621529964
2014-05-19 18:47:10,-25.4179939823,-49.2621529964
2014-05-19 18:47:20,-25.4179939823,-49.2621529964
2014-05-19 18:47:30,-25.4179939823,-49.2621529964
2014-05-19 18:47:40,-25.4179939823,-49.2621529964
2014-05-19 18:47:50,-25.4179939823,-49.2621529964
2014-05-19 18:48:00,-25.4179939823,-49.2621529964
2014-05-19 18:48:10,-25.417640329768055,-49.261703677005556
2014-05-19 18:48:20,-25.417286677236113,-49.26125435761111
2014-05-19 18:48:30,-25.416933024704168,-49.26080503821667
2014-05-19 18:48:40,-25.416579372172222,-49.26035571882222
2014-05-19 18:48:50,-25.416225719640277,-49.25990639942778
2014-05-19 18:49:00,-25.415872067108335,-49.25945708003333
2014-05-19 18:49:10,-25.41551841457639,-49.25900776063889
2014-05-19 18:49:20,-25.415164762044444,-49.25855844124444
2014-05-19 18:49:30,-25.4148111095125,-49.25810912185
2014-05-19 18:49:40,-25.414457456980557,-49.25765980245556
2014-05-19 18:49:50,-25.41410380444861,-49.25721048306111
2014-05-19 18:50:00,-25.413750151916666,-49.25676116366667
2014-05-19 18:50:10,-25.413396499384724,-49.25631184427222
2014-05-19 18:50:20,-25.41304284685278,-49.25586252487778
2014-05-19 18:50:30,-25.412689194320834,-49.25541320548333
2014-05-19 18:50:40,-25.412335541788888,-49.25496388608889
2014-05-19 18:50:50,-25.411981889256946,-49.25451456669444
2014-05-19 18:51:00,-25.411628236725,-49.2540652473
2014-05-19 18:51:10,-25.411274584193055,-49.25361592790556
2014-05-19 18:51:20,-25.410920931661114,-49.25316660851111
2014-05-19 18:51:30,-25.410567279129168,-49.25271728911667
2014-05-19 18:51:40,-25.410213626597223,-49.25226796972222
2014-05-19 18:51:50,-25.409859974065277,-49.25181865032778
2014-05-19 18:52:00,-25.409506321533335,-49.25136933093333
2014-05-19 18:52:10,-25.40915266900139,-49.25092001153889
2014-05-19 18:52:20,-25.408799016469445,-49.25047069214444
2014-05-19 18:52:30,-25.408445363937503,-49.25002137275
2014-05-19 18:52:40,-25.408091711405557,-49.24957205335556
2014-05-19 18:52:50,-25.407738058873612,-49.24912273396111
2014-05-19 18:53:00,-25.407384406341667,-49.24867341456667
2014-05-19 18:53:10,-25.407030753809725,-49.24822409517222
2014-05-19 18:53:20,-25.40667710127778,-49.24777477577778
2014-05-19 18:53:30,-25.406323448745834,-49.24732545638333
2014-05-19 18:53:40,-25.40596979621389,-49.24687613698889
2014-05-19 18:53:50,-25.405616143681947,-49.24642681759444
2014-05-19 18:54:00,-25.40526249115,-49.2459774982
2014-05-19 18:54:10,-25.404908838618056,-49.24552817880556
2014-05-19 18:54:20,-25.404555186086114,-49.24507885941111
2014-05-19 18:54:30,-25.40420153355417,-49.24462954001667
2014-05-19 18:54:40,-25.403847881022223,-49.24418022062222
2014-05-19 18:54:50,-25.403494228490278,-49.24373090122778
2014-05-19 18:55:00,-25.403140575958336,-49.24328158183333
2014-05-19 18:55:10,-25.40278692342639,-49.24283226243889
2014-05-19 18:55:20,-25.402433270894445,-49.24238294304444
2014-05-19 18:55:30,-25.4020796183625,-49.24193362365
2014-05-19 18:55:40,-25.401725965830558,-49.24148430425556
2014-05-19 18:55:50,-25.401372313298612,-49.24103498486111
2014-05-19 18:56:00,-25.401018660766667,-49.24058566546667
2014-05-19 18:56:10,-25.400665008234725,-49.24013634607222
2014-05-19 18:56:20,-25.40031135570278,-49.23968702667778
2014-05-19 18:56:30,-25.399957703170834,-49.23923770728333
2014-05-19 18:56:40,-25.39960405063889,-49.23878838788889
2014-05-19 18:56:50,-25.399250398106947,-49.23833906849444
2014-05-19 18:57:00,-25.398896745575,-49.2378897491
2014-05-19 18:57:10,-25.398543093043056,-49.23744042970556
2014-05-19 18:57:20,-25.398189440511114,-49.23699111031111
2014-05-19 18:57:30,-25.39783578797917,-49.23654179091667
2014-05-19 18:57:40,-25.397482135447223,-49.23609247152222
2014-05-19 18:57:50,-25.397128482915278,-49.23564315212778
2014-05-19 18:58:00,-25.396774830383336,-49.23519383273333
2014-05-19 18:58:10,-25.39642117785139,-49.23474451333889
2014-05-19 18:58:20,-25.396067525319445,-49.23429519394444
2014-05-19 18:58:30,-25.395713872787503,-49.23384587455
2014-05-19 18:58:40,-25.395360220255558,-49.23339655515556
2014-05-19 18:58:50,-25.395006567723613,-49.23294723576111
2014-05-19 18:59:00,-25.394652915191667,-49.23249791636667
2014-05-19 18:59:10,-25.394299262659725,-49.23204859697222
2014-05-19 18:59:20,-25.39394561012778,-49.23159927757778
2014-05-19 18:59:30,-25.393591957595834,-49.23114995818333
2014-05-19 18:59:40,-25.39323830506389,-49.23070063878889
2014-05-19 18:59:50,-25.392884652531947,-49.23025131939444
2014-05-19 19:00:00,-25.392531,-49.229802
2014-05-19 19:00:10,-25.392531,-49.229802
2014-05-19 19:00:20,-25.392531,-49.229802
2014-05-19 19:00:30,-25.392531,-49.229802
2014-05-19 19:00:40,-25.392531,-49.229802
2014-05-19 19:00:50,-25.392531,-49.229802
2014-05-19 19:01:00,-25.392531,-49.229802
2014-05-19 19:01:10,-25.392531,-49.229802
2014-05-19 19:01:20,-25.392531,-49.229802
2014-05-19 19:01:30,-25.392531,-49.229802
2014-05-19 19:01:40,-25.392531,-49.229802
2014-05-19 19:01:50,-25.392531,-49.229802
2014-05-19 19:02:00,-25.392531,-49.229802
2014-05-19 19:02:10,-25.392531,-49.229802
2014-05-19 19:02:20,-25.392531,-49.229802
2014-05-19 19:02:30,-25.392531,-49.229802
2014-05-19 19:02:40,-25.392531,-49.229802
2014-05-19 19:02:50,-25.392531,-49.229802
2014-05-19 19:03:00,-25.392531,-49.229802
2014-05-19 19:03:10,-25.392531,-49.229802
2014-05-19 19:03:20,-25.392531,-49.229802
2014-05-19 19:03:30,-25.392531,-49.229802
2014-05-19 19:03:40,-25.392531,-49.229802
2014-05-19 19:03:50,-25.392531,-49.229802
2014-05-19 19:04:00,-25.392531,-49.229802
2014-05-19 19:04:10,-25.392531,-49.229802
2014-05-19 19:04:20,-25.392531,-49.229802
2014-05-19 19:04:30,-25.392531,-49.229802
2014-05-19 19:04:40,-25.392531,-49.229802
2014-05-19 19:04:50,-25.392531,-49.229802
2014-05-19 19:05:00,-25.392531,-49.229802
2014-05-19 19:05:10,-25.392531,-49.229802
2014-05-19 19:05:20,-25.392531,-49.229802
2014-05-19 19:05:30,-25.392531,-49.229802
2014-05-19 19:05:40,-25.392531,-49.229802
2014-05-19 19:05:50,-25.392531,-49.229802
2014-05-19 19:06:00,-25.392531,-49.229802
2014-05-19 19:06:10,-25.392531,-49.229802
2014-05-19 19:06:20,-25.392531,-49.229802
2014-05-19 19:06:30,-25.392531,-49.229802
2014-05-19 19:06:40,-25.392531,-49.229802
2014-05-19 19:06:50,-25.392531,-49.229802
2014-05-19 19:07:00,-25.392531,-49.229802
2014-05-19 19:07:10,-25.392531,-49.229802
2014-05-19 19:07:20,-25.392531,-49.229802
2014-05-19 19:07:30,-25.392531,-49.229802
2014-05-19 19:07:40,-25.392531,-49.229802
2014-05-19 19:07:50,-25.392531,-49.229802
2014-05-19 19:08:00,-25.392531,-49.229802
2014-05-19 19:08:10,-25.392531,-49.229802
2014-05-19 19:08:20,-25.392531,-49.229802
2014-05-19 19:08:30,-25.392531,-49.229802
2014-05-19 19:08:40,-25.392531,-49.229802
2014-05-19 19:08:50,-25.392531,-49.229802
2014-05-19 19:09:00,-25.392531,-49.229802
2014-05-19 19:09:10,-25.392531,-49.229802
2014-05-19 19:09:20,-25.392531,-49.229802
2014-05-19 19:09:30,-25.392531,-49.229802
2014-05-19 19:09:40,-25.392531,-49.229802
2014-05-19 19:09:50,-25.392531,-49.229802
2014-05-19 19:10:00,-25.392531,-49.229802
2014-05-19 19:10:10,-25.392531,-49.229802
2014-05-19 19:10:20,-25.392531,-49.229802
2014-05-19 19:10:30,-25.392531,-49.229802
2014-05-19 19:10:40,-25.392531,-49.229802
2014-05-19 19:10:50,-25.392531,-49.229802
2014-05-19 19:11:00,-25.392531,-49.229802
2014-05-19 19:11:10,-25.392531,-49.229802
2014-05-19 19:11:20,-25.392531,-49.229802
2014-05-19 19:11:30,-25.392531,-49.229802
2014-05-19 19:11:40,-25.392531,-49.229802
2014-05-19 19:11:50,-25.392531,-49.229802
2014-05-19 19:12:00,-25.392531,-49.229802
2014-05-19 19:12:10,-25.392531,-49.229802
2014-05-19 19:12:20,-25.392531,-49.229802
2014-05-19 19:12:30,-25.392531,-49.229802
2014-05-19 19:12:40,-25.392531,-49.229802
2014-05-19 19:12:50,-25.392531,-49.229802
2014-05-19 19:13:00,-25.392531,-49.229802
2014-05-19 19:13:10,-25.392531,-49.229802
2014-05-19 19:13:20,-25.392531,-49.229802
2014-05-19 19:13:30,-25.392531,-49.229802
2014-05-19 19:13:40,-25.392531,-49.229802
2014-05-19 19:13:50,-25.392531,-49.229802
2014-05-19 19:14:00,-25.392531,-49.229802
2014-05-19 19:14:10,-25.392531,-49.229802
2014-05-19 19:14:20,-25.392531,-49.229802
2014-05-19 19:14:30,-25.392531,-49.229802
2014-05-19 19:14:40,-25.392531,-49.229802
2014-05-19 19:14:50,-25.392531,-49.229802
2014-05-19 19:15:00,-25.392531,-49.229802
2014-05-19 19:15:10,-25.392531,-49.229802
2014-05-19 19:15:20,-25.392531,-49.229802
2014-05-19 19:15:30,-25.392531,-49.229802
2014-05-19 19:15:40,-25.392531,-49.229802
2014-05-19 19:15:50,-25.392531,-49.229802
2014-05-19 19:16:00,-25.392531,-49.229802
2014-05-19 19:16:10,-25.392531,-49.229802
2014-05-19 19:16:20,-25.392531,-49.229802
2014-05-19 19:16:30,-25.392531,-49.229802
2014-05-19 19:16:40,-25.392531,-49.229802
2014-05-19 19:16:50,-25.392531,-49.229802
2014-05-19 19:17:00,-25.392531,-49.229802
2014-05-19 19:17:10,-25.392531,-49.229802
2014-05-19 19:17:20,-25.392531,-49.229802
2014-05-19 19:17:30,-25.392531,-49.229802
2014-05-19 19:17:40,-25.392531,-49.229802
2014-05-19 19:17:50,-25.392531,-49.229802
2014-05-19 19:18:00,-25.392531,-49.229802
2014-05-19 19:18:10,-25.392531,-49.229802
2014-05-19 19:18:20,-25.392531,-49.229802
2014-05-19 19:18:30,-25.392531,-49.229802
2014-05-19 19:18:40,-25.392531,-49.229802
2014-05-19 19:18:50,-25.392531,-49.229802
2014-05-19 19:19:00,-25.392531,-49.229802
2014-05-19 19:19:10,-25.392531,-49.229802
2014-05-19 19:19:20,-25.392531,-49.229802
2014-05-19 19:19:30,-25.392531,-49.229802
2014-05-19 19:19:40,-25.392531,-49.229802
2014-05-19 19:19:50,-25.392531,-49.229802
2014-05-19 19:20:00,-25.392531,-49.229802
2014-05-19 19:20:10,-25.392531,-49.229802
2014-05-19 19:20:20,-25.392531,-49.229802
2014-05-19 19:20:30,-25.392531,-49.229802
2014-05-19 19:20:40,-25.392531,-49.229802
2014-05-19 19:20:50,-25.392531,-49.229802
2014-05-19 19:21:00,-25.392531,-49.229802
2014-05-19 19:21:10,-25.392531,-49.229802
2014-05-19 19:21:20,-25.392531,-49.229802
2014-05-19 19:21:30,-25.392531,-49.229802
2014-05-19 19:21:40,-25.392531,-49.229802
2014-05-19 19:21:50,-25.392531,-49.229802
2014-05-19 19:22:00,-25.392531,-49.229802
2014-05-19 19:22:10,-25.392531,-49.229802
2014-05-19 19:22:20,-25.392531,-49.229802
2014-05-19 19:22:30,-25.392531,-49.229802
2014-05-19 19:22:40,-25.392531,-49.229802
2014-05-19 19:22:50,-25.392531,-49.229802
2014-05-19 19:23:00,-25.392531,-49.229802
2014-05-19 19:23:10,-25.392531,-49.229802
2014-05-19 19:23:20,-25.392531,-49.229802
2014-05-19 19:23:30,-25.392531,-49.229802
2014-05-19 19:23:40,-25.392531,-49.229802
2014-05-19 19:23:50,-25.392531,-49.229802
2014-05-19 19:24:00,-25.392531,-49.229802
2014-05-19 19:24:10,-25.392531,-49.229802
2014-05-19 19:24:20,-25.392531,-49.229802
2014-05-19 19:24:30,-25.392531,-49.229802
2014-05-19 19:24:40,-25.392531,-49.229802
2014-05-19 19:24:50,-25.392531,-49.229802
2014-05-19 19:25:00,-25.392531,-49.229802
2014-05-19 19:25:10,-25.392531,-49.229802
2014-05-19 19:25:20,-25.392531,-49.229802
2014-05-19 19:25:30,-25.392531,-49.229802
2014-05-19 19:25:40,-25.392531,-49.229802
2014-05-19 19:25:50,-25.392531,-49.229802
2014-05-19 19:26:00,-25.392531,-49.229802
2014-05-19 19:26:10,-25.392531,-49.229802
2014-05-19 19:26:20,-25.392531,-49.229802
2014-05-19 19:26:30,-25.392531,-49.229802
2014-05-19 19:26:40,-25.392531,-49.229802
2014-05-19 19:26:50,-25.392531,-49.229802
2014-05-19 19:27:00,-25.392531,-49.229802
2014-05-19 19:27:10,-25.392531,-49.229802
2014-05-19 19:27:20,-25.392531,-49.229802
2014-05-19 19:27:30,-25.392531,-49.229802
2014-05-19 19:27:40,-25.392531,-49.229802
2014-05-19 19:27:50,-25.392531,-49.229802
2014-05-19 19:28:00,-25.392531,-49.229802
2014-05-19 19:28:10,-25.392531,-49.229802
2014-05-19 19:28:20,-25.392531,-49.229802
2014-05-19 19:28:30,-25.392531,-49.229802
2014-05-19 19:28:40,-25.392531,-49.229802
2014-05-19 19:28:50,-25.392531,-49.229802
2014-05-19 19:29:00,-25.392531,-49.229802
2014-05-19 19:29:10,-25.392531,-49.229802
2014-05-19 19:29:20,-25.392531,-49.229802
2014-05-19 19:29:30,-25.392531,-49.229802
2014-05-19 19:29:40,-25.392531,-49.229802
2014-05-19 19:29:50,-25.392531,-49.229802
2014-05-19 19:30:00,-25.392531,-49.229802
2014-05-19 19:30:10,-25.392531,-49.229802
2014-05-19 19:30:20,-25.392531,-49.229802
2014-05-19 19:30:30,-25.392531,-49.229802
2014-05-19 19:30:40,-25.392531,-49.229802
2014-05-19 19:30:50,-25.392531,-49.229802
2014-05-19 19:31:00,-25.392531,-49.229802
2014-05-19 19:31:10,-25.392531,-49.229802
2014-05-19 19:31:20,-25.392531,-49.229802
2014-05-19 19:31:30,-25.392531,-49.229802
2014-05-19 19:31:40,-25.392531,-49.229802
2014-05-19 19:31:50,-25.392531,-49.229802
2014-05-19 19:32:00,-25.392531,-49.229802
2014-05-19 19:32:10,-25.392531,-49.229802
2014-05-19 19:32:20,-25.392531,-49.229802
2014-05-19 19:32:30,-25.392531,-49.229802
2014-05-19 19:32:40,-25.392531,-49.229802
2014-05-19 19:32:50,-25.392531,-49.229802
2014-05-19 19:33:00,-25.392531,-49.229802
2014-05-19 19:33:10,-25.392531,-49.229802
2014-05-19 19:33:20,-25.392531,-49.229802
2014-05-19 19:33:30,-25.392531,-49.229802
2014-05-19 19:33:40,-25.392531,-49.229802
2014-05-19 19:33:50,-25.392531,-49.229802
2014-05-19 19:34:00,-25.392531,-49.229802
2014-05-19 19:34:10,-25.392531,-49.229802
2014-05-19 19:34:20,-25.392531,-49.229802
2014-05-19 19:34:30,-25.392531,-49.229802
2014-05-19 19:34:40,-25.392531,-49.229802
2014-05-19 19:34:50,-25.392531,-49.229802
2014-05-19 19:35:00,-25.392531,-49.229802
2014-05-19 19:35:10,-25.392531,-49.229802
2014-05-19 19:35:20,-25.392531,-49.229802
2014-05-19 19:35:30,-25.392531,-49.229802
2014-05-19 19:35:40,-25.392531,-49.229802
2014-05-19 19:35:50,-25.392531,-49.229802
2014-05-19 19:36:00,-25.392531,-49.229802
2014-05-19 19:36:10,-25.392531,-49.229802
2014-05-19 19:36:20,-25.392531,-49.229802
2014-05-19 19:36:30,-25.392531,-49.229802
2014-05-19 19:36:40,-25.392531,-49.229802
2014-05-19 19:36:50,-25.392531,-49.229802
2014-05-19 19:37:00,-25.392531,-49.229802
2014-05-19 19:37:10,-25.392531,-49.229802
2014-05-19 19:37:20,-25.392531,-49.229802
2014-05-19 19:37:30,-25.392531,-49.229802
2014-05-19 19:37:40,-25.392531,-49.229802
2014-05-19 19:37:50,-25.392531,-49.229802
2014-05-19 19:38:00,-25.392531,-49.229802
2014-05-19 19:38:10,-25.392531,-49.229802
2014-05-19 19:38:20,-25.392531,-49.229802
2014-05-19 19:38:30,-25.392531,-49.229802
2014-05-19 19:38:40,-25.392531,-49.229802
2014-05-19 19:38:50,-25.392531,-49.229802
2014-05-19 19:39:00,-25.392531,-49.229802
2014-05-19 19:39:10,-25.392531,-49.229802
2014-05-19 19:39:20,-25.392531,-49.229802
2014-05-19 19:39:30,-25.392531,-49.229802
2014-05-19 19:39:40,-25.392531,-49.229802
2014-05-19 19:39:50,-25.392531,-49.229802
2014-05-19 19:40:00,-25.392531,-49.229802
2014-05-19 19:40:10,-25.392531,-49.229802
2014-05-19 19:40:20,-25.392531,-49.229802
2014-05-19 19:40:30,-25.392531,-49.229802
2014-05-19 19:40:40,-25.392531,-49.229802
2014-05-19 19:40:50,-25.392531,-49.229802
2014-05-19 19:41:00,-25.392531,-49.229802
2014-05-19 19:41:10,-25.392531,-49.229802
2014-05-19 19:41:20,-25.392531,-49.229802
2014-05-19 19:41:30,-25.392531,-49.229802
2014-05-19 19:41:40,-25.392531,-49.229802
2014-05-19 19:41:50,-25.392531,-49.229802
2014-05-19 19:42:00,-25.392531,-49.229802
2014-05-19 19:42:10,-25.392531,-49.229802
2014-05-19 19:42:20,-25.392531,-49.229802
2014-05-19 19:42:30,-25.392531,-49.229802
2014-05-19 19:42:40,-25.392531,-49.229802
2014-05-19 19:42:50,-25.392531,-49.229802
2014-05-19 19:43:00,-25.392531,-49.229802
2014-05-19 19:43:10,-25.392531,-49.229802
2014-05-19 19:43:20,-25.392531,-49.229802
2014-05-19 19:43:30,-25.392531,-49.229802
2014-05-19 19:43:40,-25.392531,-49.229802
2014-05-19 19:43:50,-25.392531,-49.229802
2014-05-19 19:44:00,-25.392531,-49.229802
2014-05-19 19:44:10,-25.392531,-49.229802
2014-05-19 19:44:20,-25.392531,-49.229802
2014-05-19 19:44:30,-25.392531,-49.229802
2014-05-19 19:44:40,-25.392531,-49.229802
2014-05-19 19:44:50,-25.392531,-49.229802
2014-05-19 19:45:00,-25.392531,-49.229802
2014-05-19 19:45:10,-25.392531,-49.229802
2014-05-19 19:45:20,-25.392531,-49.229802
2014-05-19 19:45:30,-25.392531,-49.229802
2014-05-19 19:45:40,-25.392531,-49.229802
2014-05-19 19:45:50,-25.392531,-49.229802
2014-05-19 19:46:00,-25.392531,-49.229802
2014-05-19 19:46:10,-25.392531,-49.229802
2014-05-19 19:46:20,-25.392531,-49.229802
2014-05-19 19:46:30,-25.392531,-49.229802
2014-05-19 19:46:40,-25.392531,-49.229802
2014-05-19 19:46:50,-25.392531,-49.229802
2014-05-19 19:47:00,-25.392531,-49.229802
2014-05-19 19:47:10,-25.392531,-49.229802
2014-05-19 19:47:20,-25.392531,-49.229802
2014-05-19 19:47:30,-25.392531,-49.229802
2014-05-19 19:47:40,-25.392531,-49.229802
2014-05-19 19:47:50,-25.392531,-49.229802
2014-05-19 19:48:00,-25.392531,-49.229802
2014-05-19 19:48:10,-25.392531,-49.229802
2014-05-19 19:48:20,-25.392531,-49.229802
2014-05-19 19:48:30,-25.392531,-49.229802
2014-05-19 19:48:40,-25.392531,-49.229802
2014-05-19 19:48:50,-25.392531,-49.229802
2014-05-19 19:49:00,-25.392531,-49.229802
2014-05-19 19:49:10,-25.392531,-49.229802
2014-05-19 19:49:20,-25.392531,-49.229802
2014-05-19 19:49:30,-25.392531,-49.229802
2014-05-19 19:49:40,-25.392531,-49.229802
2014-05-19 19:49:50,-25.392531,-49.229802
2014-05-19 19:50:00,-25.392531,-49.229802
2014-05-19 19:50:10,-25.392531,-49.229802
2014-05-19 19:50:20,-25.392531,-49.229802
2014-05-19 19:50:30,-25.392531,-49.229802
2014-05-19 19:50:40,-25.392531,-49.229802
2014-05-19 19:50:50,-25.392531,-49.229802
2014-05-19 19:51:00,-25.392531,-49.229802
2014-05-19 19:51:10,-25.392531,-49.229802
2014-05-19 19:51:20,-25.392531,-49.229802
2014-05-19 19:51:30,-25.392531,-49.229802
2014-05-19 19:51:40,-25.392531,-49.229802
2014-05-19 19:51:50,-25.392531,-49.229802
2014-05-19 19:52:00,-25.392531,-49.229802
2014-05-19 19:52:10,-25.392531,-49.229802
2014-05-19 19:52:20,-25.392531,-49.229802
2014-05-19 19:52:30,-25.392531,-49.229802
2014-05-19 19:52:40,-25.392531,-49.229802
2014-05-19 19:52:50,-25.392531,-49.229802
2014-05-19 19:53:00,-25.392531,-49.229802
2014-05-19 19:53:10,-25.392531,-49.229802
2014-05-19 19:53:20,-25.392531,-49.229802
2014-05-19 19:53:30,-25.392531,-49.229802
2014-05-19 19:53:40,-25.392531,-49.229802
2014-05-19 19:53:50,-25.392531,-49.229802
2014-05-19 19:54:00,-25.392531,-49.229802
2014-05-19 19:54:10,-25.392531,-49.229802
2014-05-19 19:54:20,-25.392531,-49.229802
2014-05-19 19:54:30,-25.392531,-49.229802
2014-05-19 19:54:40,-25.392531,-49.229802
2014-05-19 19:54:50,-25.392531,-49.229802
2014-05-19 19:55:00,-25.392531,-49.229802
2014-05-19 19:55:10,-25.392531,-49.229802
2014-05-19 19:55:20,-25.392531,-49.229802
2014-05-19 19:55:30,-25.392531,-49.229802
2014-05-19 19:55:40,-25.392531,-49.229802
2014-05-19 19:55:50,-25.392531,-49.229802
2014-05-19 19:56:00,-25.392531,-49.229802
2014-05-19 19:56:10,-25.392531,-49.229802
2014-05-19 19:56:20,-25.392531,-49.229802
2014-05-19 19:56:30,-25.392531,-49.229802
2014-05-19 19:56:40,-25.392531,-49.229802
2014-05-19 19:56:50,-25.392531,-49.229802
2014-05-19 19:57:00,-25.392531,-49.229802
2014-05-19 19:57:10,-25.392531,-49.229802
2014-05-19 19:57:20,-25.392531,-49.229802
2014-05-19 19:57:30,-25.392531,-49.229802
2014-05-19 19:57:40,-25.392531,-49.229802
2014-05-19 19:57:50,-25.392531,-49.229802
2014-05-19 19:58:00,-25.392531,-49.229802
2014-05-19 19:58:10,-25.392531,-49.229802
2014-05-19 19:58:20,-25.392531,-49.229802
2014-05-19 19:58:30,-25.392531,-49.229802
2014-05-19 19:58:40,-25.392531,-49.229802
2014-05-19 19:58:50,-25.392531,-49.229802
2014-05-19 19:59:00,-25.392531,-49.229802
2014-05-19 19:59:10,-25.392531,-49.229802
2014-05-19 19:59:20,-25.392531,-49.229802
2014-05-19 19:59:30,-25.392531,-49.229802
2014-05-19 19:59:40,-25.392531,-49.229802
2014-05-19 19:59:50,-25.392531,-49.229802
