timestamp,lat,lon,geometry
2014-05-02 13:00:00.000000,-25.4688550856,-49.2998913725,POINT (-49.2998913725 -25.4688550856)
2014-05-02 13:00:10.000000,-25.4688550856,-49.2998913725,POINT (-49.2998913725 -25.4688550856)
2014-05-02 13:00:20.000000,-25.4688550856,-49.2998913725,POINT (-49.2998913725 -25.4688550856)
2014-05-02 13:00:30.000000,-25.4688550856,-49.2998913725,POINT (-49.2998913725 -25.4688550856)
2014-05-02 13:00:40.000000,-25.4688550856,-49.2998913725,POINT (-49.2998913725 -25.4688550856)
2014-05-02 13:00:50.000000,-25.4688550856,-49.2998913725,POINT (-49.2998913725 -25.4688550856)
2014-05-02 13:01:00.000000,-25.4688550856,-49.2998913725,POINT (-49.2998913725 -25.4688550856)
2014-05-02 13:01:10.000000,-25.4688550856,-49.2998913725,POINT (-49.2998913725 -25.4688550856)
2014-05-02 13:01:20.000000,-25.4688550856,-49.2998913725,POINT (-49.2998913725 -25.4688550856)
2014-05-02 13:01:30.000000,-25.4688550856,-49.2998913725,POINT (-49.2998913725 -25.4688550856)
2014-05-02 13:01:40.000000,-25.4688550856,-49.2998913725,POINT (-49.2998913725 -25.4688550856)
2014-05-02 13:01:50.000000,-25.4688550856,-49.2998913725,POINT (-49.2998913725 -25.4688550856)
2014-05-02 13:02:00.000000,-25.4688550856,-49.2998913725,POINT (-49.2998913725 -25.4688550856)
2014-05-02 13:02:10.000000,-25.4688550856,-49.2998913725,POINT (-49.2998913725 -25.4688550856)
2014-05-02 13:02:20.000000,-25.4688550856,-49.2998913725,POINT (-49.2998913725 -25.4688550856)
2014-05-02 13:02:30.000000,-25.4688550856,-49.2998913725,POINT (-49.2998913725 -25.4688550856)
2014-05-02 13:02:40.000000,-25.4688550856,-49.2998913725,POINT (-49.2998913725 -25.4688550856)
2014-05-02 13:02:50.000000,-25.4688550856,-49.2998913725,POINT (-49.2998913725 -25.4688550856)
2014-05-02 13:03:00.000000,-25.4688550856,-49.2998913725,POINT (-49.2998913725 -25.4688550856)
2014-05-02 13:03:10.000000,-25.4688550856,-49.2998913725,POINT (-49.2998913725 -25.4688550856)
2014-05-02 13:03:20.000000,-25.4688550856,-49.2998913725,POINT (-49.2998913725 -25.4688550856)
2014-05-02 13:03:30.000000,-25.4688550856,-49.2998913725,POINT (-49.2998913725 -25.4688550856)
2014-05-02 13:03:40.000000,-25.4688550856,-49.2998913725,POINT (-49.2998913725 -25.4688550856)
2014-05-02 13:03:50.000000,-25.4688550856,-49.2998913725,POINT (-49.2998913725 -25.4688550856)
2014-05-02 13:04:00.000000,-25.4688550856,-49.2998913725,POINT (-49.2998913725 -25.4688550856)
2014-05-02 13:04:10.000000,-25.4688550856,-49.2998913725,POINT (-49.2998913725 -25.4688550856)
2014-05-02 13:04:20.000000,-25.4688550856,-49.2998913725,POINT (-49.2998913725 -25.4688550856)
2014-05-02 13:04:30.000000,-25.4688550856,-49.2998913725,POINT (-49.2998913725 -25.4688550856)
2014-05-02 13:04:40.000000,-25.4688550856,-49.2998913725,POINT (-49.2998913725 -25.4688550856)
2014-05-02 13:04:50.000000,-25.4688550856,-49.2998913725,POINT (-49.2998913725 -25.4688550856)
2014-05-02 13:05:00.000000,-25.4688550856,-49.2998913725,POINT (-49.2998913725 -25.4688550856)
2014-05-02 13:05:10.000000,-25.4688550856,-49.2998913725,POINT (-49.2998913725 -25.4688550856)
2014-05-02 13:05:20.000000,-25.4688550856,-49.2998913725,POINT (-49.2998913725 -25.4688550856)
2014-05-02 13:05:30.000000,-25.4688550856,-49.2998913725,POINT (-49.2998913725 -25.4688550856)
2014-05-02 13:05:40.000000,-25.4688550856,-49.2998913725,POINT (-49.2998913725 -25.4688550856)
2014-05-02 13:05:50.000000,-25.4688550856,-49.2998913725,POINT (-49.2998913725 -25.4688550856)
2014-05-02 13:06:00.000000,-25.4688550856,-49.2998913725,POINT (-49.2998913725 -25.4688550856)
2014-05-02 13:06:10.000000,-25.4688550856,-49.2998913725,POINT (-49.2998913725 -25.4688550856)
2014-05-02 13:06:20.000000,-25.4688550856,-49.2998913725,POINT (-49.2998913725 -25.4688550856)
2014-05-02 13:06:30.000000,-25.4688550856,-49.2998913725,POINT (-49.2998913725 -25.4688550856)
2014-05-02 13:06:40.000000,-25.4688550856,-49.2998913725,POINT (-49.2998913725 -25.4688550856)
2014-05-02 13:06:50.000000,-25.4688550856,-49.2998913725,POINT (-49.2998913725 -25.4688550856)
2014-05-02 13:07:00.000000,-25.4688550856,-49.2998913725,POINT (-49.2998913725 -25.4688550856)
2014-05-02 13:07:10.000000,-25.4688550856,-49.2998913725,POINT (-49.2998913725 -25.4688550856)
2014-05-02 13:07:20.000000,-25.4688550856,-49.2998913725,POINT (-49.2998913725 -25.4688550856)
2014-05-02 13:07:30.000000,-25.4688550856,-49.2998913725,POINT (-49.2998913725 -25.4688550856)
2014-05-02 13:07:40.000000,-25.4688550856,-49.2998913725,POINT (-49.2998913725 -25.4688550856)
2014-05-02 13:07:50.000000,-25.4688550856,-49.2998913725,POINT (-49.2998913725 -25.4688550856)
2014-05-02 13:08:00.000000,-25.4688550856,-49.2998913725,POINT (-49.2998913725 -25.4688550856)
2014-05-02 13:08:10.000000,-25.4688550856,-49.2998913725,POINT (-49.2998913725 -25.4688550856)
2014-05-02 13:08:20.000000,-25.4688550856,-49.2998913725,POINT (-49.2998913725 -25.4688550856)
2014-05-02 13:08:30.000000,-25.4688550856,-49.2998913725,POINT (-49.2998913725 -25.4688550856)
2014-05-02 13:08:40.000000,-25.4688550856,-49.2998913725,POINT (-49.2998913725 -25.4688550856)
2014-05-02 13:08:50.000000,-25.4688550856,-49.2998913725,POINT (-49.2998913725 -25.4688550856)
2014-05-02 13:09:00.000000,-25.4688550856,-49.2998913725,POINT (-49.2998913725 -25.4688550856)
2014-05-02 13:09:10.000000,-25.4688550856,-49.2998913725,POINT (-49.2998913725 -25.4688550856)
2014-05-02 13:09:20.000000,-25.4688550856,-49.2998913725,POINT (-49.2998913725 -25.4688550856)
2014-05-02 13:09:30.000000,-25.4688550856,-49.2998913725,POINT (-49.2998913725 -25.4688550856)
2014-05-02 13:09:40.000000,-25.4688550856,-49.2998913725,POINT (-49.2998913725 -25.4688550856)
2014-05-02 13:09:50.000000,-25.4688550856,-49.2998913725,POINT (-49.2998913725 -25.4688550856)
2014-05-02 13:10:00.000000,-25.4688550856,-49.2998913725,POINT (-49.2998913725 -25.4688550856)
2014-05-02 13:10:10.000000,-25.4688550856,-49.2998913725,POINT (-49.2998913725 -25.4688550856)
2014-05-02 13:10:20.000000,-25.4688550856,-49.2998913725,POINT (-49.2998913725 -25.4688550856)
2014-05-02 13:10:30.000000,-25.4688550856,-49.2998913725,POINT (-49.2998913725 -25.4688550856)
2014-05-02 13:10:40.000000,-25.4688550856,-49.2998913725,POINT (-49.2998913725 -25.4688550856)
2014-05-02 13:10:50.000000,-25.4688550856,-49.2998913725,POINT (-49.2998913725 -25.4688550856)
2014-05-02 13:11:00.000000,-25.4688550856,-49.2998913725,POINT (-49.2998913725 -25.4688550856)
2014-05-02 13:11:10.000000,-25.4688550856,-49.2998913725,POINT (-49.2998913725 -25.4688550856)
2014-05-02 13:11:20.000000,-25.4688550856,-49.2998913725,POINT (-49.2998913725 -25.4688550856)
2014-05-02 13:11:30.000000,-25.4688550856,-49.2998913725,POINT (-49.2998913725 -25.4688550856)
2014-05-02 13:11:40.000000,-25.4688550856,-49.2998913725,POINT (-49.2998913725 -25.4688550856)
2014-05-02 13:11:50.000000,-25.4688550856,-49.2998913725,POINT (-49.2998913725 -25.4688550856)
2014-05-02 13:12:00.000000,-25.4688550856,-49.2998913725,POINT (-49.2998913725 -25.4688550856)
2014-05-02 13:12:10.000000,-25.4688550856,-49.2998913725,POINT (-49.2998913725 -25.4688550856)
2014-05-02 13:12:20.000000,-25.4688550856,-49.2998913725,POINT (-49.2998913725 -25.4688550856)
2014-05-02 13:12:30.000000,-25.4688550856,-49.2998913725,POINT (-49.2998913725 -25.4688550856)
2014-05-02 13:12:40.000000,-25.4688550856,-49.2998913725,POINT (-49.2998913725 -25.4688550856)
2014-05-02 13:12:50.000000,-25.4688550856,-49.2998913725,POINT (-49.2998913725 -25.4688550856)
2014-05-02 13:13:00.000000,-25.4688550856,-49.2998913725,POINT (-49.2998913725 -25.4688550856)
2014-05-02 13:13:10.000000,-25.4688550856,-49.2998913725,POINT (-49.2998913725 -25.4688550856)
2014-05-02 13:13:20.000000,-25.4688550856,-49.2998913725,POINT (-49.2998913725 -25.4688550856)
2014-05-02 13:13:30.000000,-25.4688550856,-49.2998913725,POINT (-49.2998913725 -25.4688550856)
2014-05-02 13:13:40.000000,-25.4688550856,-49.2998913725,POINT (-49.2998913725 -25.4688550856)
2014-05-02 13:13:50.000000,-25.4688550856,-49.2998913725,POINT (-49.2998913725 -25.4688550856)
2014-05-02 13:14:00.000000,-25.4688550856,-49.2998913725,POINT (-49.2998913725 -25.4688550856)
2014-05-02 13:14:10.000000,-25.4688550856,-49.2998913725,POINT (-49.2998913725 -25.4688550856)
2014-05-02 13:14:20.000000,-25.4688550856,-49.2998913725,POINT (-49.2998913725 -25.4688550856)
2014-05-02 13:14:30.000000,-25.4688550856,-49.2998913725,POINT (-49.2998913725 -25.4688550856)
2014-05-02 13:14:40.000000,-25.4688550856,-49.2998913725,POINT (-49.2998913725 -25.4688550856)
2014-05-02 13:14:50.000000,-25.4688550856,-49.2998913725,POINT (-49.2998913725 -25.4688550856)
2014-05-02 13:15:00.000000,-25.4688550856,-49.2998913725,POINT (-49.2998913725 -25.4688550856)
2014-05-02 13:15:10.000000,-25.4688550856,-49.2998913725,POINT (-49.2998913725 -25.4688550856)
2014-05-02 13:15:20.000000,-25.4688550856,-49.2998913725,POINT (-49.2998913725 -25.4688550856)
2014-05-02 13:15:30.000000,-25.4688550856,-49.2998913725,POINT (-49.2998913725 -25.4688550856)
2014-05-02 13:15:40.000000,-25.4688550856,-49.2998913725,POINT (-49.2998913725 -25.4688550856)
2014-05-02 13:15:50.000000,-25.4688550856,-49.2998913725,POINT (-49.2998913725 -25.4688550856)
2014-05-02 13:16:00.000000,-25.4688550856,-49.2998913725,POINT (-49.2998913725 -25.4688550856)
2014-05-02 13:16:10.000000,-25.4688550856,-49.2998913725,POINT (-49.2998913725 -25.4688550856)
2014-05-02 13:16:20.000000,-25.4688550856,-49.2998913725,POINT (-49.2998913725 -25.4688550856)
2014-05-02 13:16:30.000000,-25.4688550856,-49.2998913725,POINT (-49.2998913725 -25.4688550856)
2014-05-02 13:16:40.000000,-25.4688550856,-49.2998913725,POINT (-49.2998913725 -25.4688550856)
2014-05-02 13:16:50.000000,-25.4688550856,-49.2998913725,POINT (-49.2998913725 -25.4688550856)
2014-05-02 13:17:00.000000,-25.4688550856,-49.2998913725,POINT (-49.2998913725 -25.4688550856)
2014-05-02 13:17:10.000000,-25.4688550856,-49.2998913725,POINT (-49.2998913725 -25.4688550856)
2014-05-02 13:17:20.000000,-25.4688550856,-49.2998913725,POINT (-49.2998913725 -25.4688550856)
2014-05-02 13:17:30.000000,-25.4688550856,-49.2998913725,POINT (-49.2998913725 -25.4688550856)
2014-05-02 13:17:40.000000,-25.4688550856,-49.2998913725,POINT (-49.2998913725 -25.4688550856)
2014-05-02 13:17:50.000000,-25.4688550856,-49.2998913725,POINT (-49.2998913725 -25.4688550856)
2014-05-02 13:18:00.000000,-25.4688550856,-49.2998913725,POINT (-49.2998913725 -25.4688550856)
2014-05-02 13:18:10.000000,-25.4688550856,-49.2998913725,POINT (-49.2998913725 -25.4688550856)
2014-05-02 13:18:20.000000,-25.4688550856,-49.2998913725,POINT (-49.2998913725 -25.4688550856)
2014-05-02 13:18:30.000000,-25.4688550856,-49.2998913725,POINT (-49.2998913725 -25.4688550856)
2014-05-02 13:18:40.000000,-25.4688550856,-49.2998913725,POINT (-49.2998913725 -25.4688550856)
2014-05-02 13:18:50.000000,-25.4688550856,-49.2998913725,POINT (-49.2998913725 -25.4688550856)
2014-05-02 13:19:00.000000,-25.4688550856,-49.2998913725,POINT (-49.2998913725 -25.4688550856)
2014-05-02 13:19:10.000000,-25.4688550856,-49.2998913725,POINT (-49.2998913725 -25.4688550856)
2014-05-02 13:19:20.000000,-25.4688550856,-49.2998913725,POINT (-49.2998913725 -25.4688550856)
2014-05-02 13:19:30.000000,-25.4688550856,-49.2998913725,POINT (-49.2998913725 -25.4688550856)
2014-05-02 13:19:40.000000,-25.4688550856,-49.2998913725,POINT (-49.2998913725 -25.4688550856)
2014-05-02 13:19:50.000000,-25.4688550856,-49.2998913725,POINT (-49.2998913725 -25.4688550856)
2014-05-02 13:20:00.000000,-25.4688550856,-49.2998913725,POINT (-49.2998913725 -25.4688550856)
2014-05-02 13:20:10.000000,-25.4688550856,-49.2998913725,POINT (-49.2998913725 -25.4688550856)
2014-05-02 13:20:20.000000,-25.4688550856,-49.2998913725,POINT (-49.2998913725 -25.4688550856)
2014-05-02 13:20:30.000000,-25.4688550856,-49.2998913725,POINT (-49.2998913725 -25.4688550856)
2014-05-02 13:20:40.000000,-25.4688550856,-49.2998913725,POINT (-49.2998913725 -25.4688550856)
2014-05-02 13:20:50.000000,-25.4688550856,-49.2998913725,POINT (-49.2998913725 -25.4688550856)
2014-05-02 13:21:00.000000,-25.4688550856,-49.2998913725,POINT (-49.2998913725 -25.4688550856)
2014-05-02 13:21:10.000000,-25.4688550856,-49.2998913725,POINT (-49.2998913725 -25.4688550856)
2014-05-02 13:21:20.000000,-25.4688550856,-49.2998913725,POINT (-49.2998913725 -25.4688550856)
2014-05-02 13:21:30.000000,-25.4688550856,-49.2998913725,POINT (-49.2998913725 -25.4688550856)
2014-05-02 13:21:40.000000,-25.4688550856,-49.2998913725,POINT (-49.2998913725 -25.4688550856)
2014-05-02 13:21:50.000000,-25.4688550856,-49.2998913725,POINT (-49.2998913725 -25.4688550856)
2014-05-02 13:22:00.000000,-25.4688550856,-49.2998913725,POINT (-49.2998913725 -25.4688550856)
2014-05-02 13:22:10.000000,-25.4688550856,-49.2998913725,POINT (-49.2998913725 -25.4688550856)
2014-05-02 13:22:20.000000,-25.4688550856,-49.2998913725,POINT (-49.2998913725 -25.4688550856)
2014-05-02 13:22:30.000000,-25.4688550856,-49.2998913725,POINT (-49.2998913725 -25.4688550856)
2014-05-02 13:22:40.000000,-25.4688550856,-49.2998913725,POINT (-49.2998913725 -25.4688550856)
2014-05-02 13:22:50.000000,-25.4688550856,-49.2998913725,POINT (-49.2998913725 -25.4688550856)
2014-05-02 13:23:00.000000,-25.4688550856,-49.2998913725,POINT (-49.2998913725 -25.4688550856)
2014-05-02 13:23:10.000000,-25.4688550856,-49.2998913725,POINT (-49.2998913725 -25.4688550856)
2014-05-02 13:23:20.000000,-25.4688550856,-49.2998913725,POINT (-49.2998913725 -25.4688550856)
2014-05-02 13:23:30.000000,-25.4688550856,-49.2998913725,POINT (-49.2998913725 -25.4688550856)
2014-05-02 13:23:40.000000,-25.4688550856,-49.2998913725,POINT (-49.2998913725 -25.4688550856)
2014-05-02 13:23:50.000000,-25.4688550856,-49.2998913725,POINT (-49.2998913725 -25.4688550856)
2014-05-02 13:24:00.000000,-25.4688550856,-49.2998913725,POINT (-49.2998913725 -25.4688550856)
2014-05-02 13:24:10.000000,-25.4688550856,-49.2998913725,POINT (-49.2998913725 -25.4688550856)
2014-05-02 13:24:20.000000,-25.4688550856,-49.2998913725,POINT (-49.2998913725 -25.4688550856)
2014-05-02 13:24:30.000000,-25.4688550856,-49.2998913725,POINT (-49.2998913725 -25.4688550856)
2014-05-02 13:24:40.000000,-25.4688550856,-49.2998913725,POINT (-49.2998913725 -25.4688550856)
2014-05-02 13:24:50.000000,-25.4688550856,-49.2998913725,POINT (-49.2998913725 -25.4688550856)
2014-05-02 13:25:00.000000,-25.4688550856,-49.2998913725,POINT (-49.2998913725 -25.4688550856)
2014-05-02 13:25:10.000000,-25.4688550856,-49.2998913725,POINT (-49.2998913725 -25.4688550856)
2014-05-02 13:25:20.000000,-25.4688550856,-49.2998913725,POINT (-49.2998913725 -25.4688550856)
2014-05-02 13:25:30.000000,-25.4688550856,-49.2998913725,POINT (-49.2998913725 -25.4688550856)
2014-05-02 13:25:40.000000,-25.4688550856,-49.2998913725,POINT (-49.2998913725 -25.4688550856)
2014-05-02 13:25:50.000000,-25.4688550856,-49.2998913725,POINT (-49.2998913725 -25.4688550856)
2014-05-02 13:26:00.000000,-25.4688550856,-49.2998913725,POINT (-49.2998913725 -25.4688550856)
2014-05-02 13:26:10.000000,-25.4688550856,-49.2998913725,POINT (-49.2998913725 -25.4688550856)
2014-05-02 13:26:20.000000,-25.4688550856,-49.2998913725,POINT (-49.2998913725 -25.4688550856)
2014-05-02 13:26:30.000000,-25.4688550856,-49.2998913725,POINT (-49.2998913725 -25.4688550856)
2014-05-02 13:26:40.000000,-25.4688550856,-49.2998913725,POINT (-49.2998913725 -25.4688550856)
2014-05-02 13:26:50.000000,-25.4688550856,-49.2998913725,POINT (-49.2998913725 -25.4688550856)
2014-05-02 13:27:00.000000,-25.4688550856,-49.2998913725,POINT (-49.2998913725 -25.4688550856)
2014-05-02 13:27:10.000000,-25.4688550856,-49.2998913725,POINT (-49.2998913725 -25.4688550856)
2014-05-02 13:27:20.000000,-25.4688550856,-49.2998913725,POINT (-49.2998913725 -25.4688550856)
2014-05-02 13:27:30.000000,-25.4688550856,-49.2998913725,POINT (-49.2998913725 -25.4688550856)
2014-05-02 13:27:40.000000,-25.4688550856,-49.2998913725,POINT (-49.2998913725 -25.4688550856)
2014-05-02 13:27:50.000000,-25.4688550856,-49.2998913725,POINT (-49.2998913725 -25.4688550856)
2014-05-02 13:28:00.000000,-25.4688550856,-49.2998913725,POINT (-49.2998913725 -25.4688550856)
2014-05-02 13:28:10.000000,-25.4688550856,-49.2998913725,POINT (-49.2998913725 -25.4688550856)
2014-05-02 13:28:20.000000,-25.4688550856,-49.2998913725,POINT (-49.2998913725 -25.4688550856)
2014-05-02 13:28:30.000000,-25.4688550856,-49.2998913725,POINT (-49.2998913725 -25.4688550856)
2014-05-02 13:28:40.000000,-25.4688550856,-49.2998913725,POINT (-49.2998913725 -25.4688550856)
2014-05-02 13:28:50.000000,-25.4688550856,-49.2998913725,POINT (-49.2998913725 -25.4688550856)
2014-05-02 13:29:00.000000,-25.4688550856,-49.2998913725,POINT (-49.2998913725 -25.4688550856)
2014-05-02 13:29:10.000000,-25.4688550856,-49.2998913725,POINT (-49.2998913725 -25.4688550856)
2014-05-02 13:29:20.000000,-25.4688550856,-49.2998913725,POINT (-49.2998913725 -25.4688550856)
2014-05-02 13:29:30.000000,-25.4688550856,-49.2998913725,POINT (-49.2998913725 -25.4688550856)
2014-05-02 13:29:40.000000,-25.4688550856,-49.2998913725,POINT (-49.2998913725 -25.4688550856)
2014-05-02 13:29:50.000000,-25.4688550856,-49.2998913725,POINT (-49.2998913725 -25.4688550856)
2014-05-02 13:30:00.000000,-25.4688550856,-49.2998913725,POINT (-49.2998913725 -25.4688550856)
2014-05-02 13:30:10.000000,-25.4688550856,-49.2998913725,POINT (-49.2998913725 -25.4688550856)
2014-05-02 13:30:20.000000,-25.4688550856,-49.2998913725,POINT (-49.2998913725 -25.4688550856)
2014-05-02 13:30:30.000000,-25.4688550856,-49.2998913725,POINT (-49.2998913725 -25.4688550856)
2014-05-02 13:30:40.000000,-25.4688550856,-49.2998913725,POINT (-49.2998913725 -25.4688550856)
2014-05-02 13:30:50.000000,-25.4688550856,-49.2998913725,POINT (-49.2998913725 -25.4688550856)
2014-05-02 13:31:00.000000,-25.4688550856,-49.2998913725,POINT (-49.2998913725 -25.4688550856)
2014-05-02 13:31:10.000000,-25.4688550856,-49.2998913725,POINT (-49.2998913725 -25.4688550856)
2014-05-02 13:31:20.000000,-25.4688550856,-49.2998913725,POINT (-49.2998913725 -25.4688550856)
2014-05-02 13:31:30.000000,-25.4688550856,-49.2998913725,POINT (-49.2998913725 -25.4688550856)
2014-05-02 13:31:40.000000,-25.4688550856,-49.2998913725,POINT (-49.2998913725 -25.4688550856)
2014-05-02 13:31:50.000000,-25.4688550856,-49.2998913725,POINT (-49.2998913725 -25.4688550856)
2014-05-02 13:32:00.000000,-25.4688550856,-49.2998913725,POINT (-49.2998913725 -25.4688550856)
2014-05-02 13:32:10.000000,-25.4688550856,-49.2998913725,POINT (-49.2998913725 -25.4688550856)
2014-05-02 13:32:20.000000,-25.4688550856,-49.2998913725,POINT (-49.2998913725 -25.4688550856)
2014-05-02 13:32:30.000000,-25.4688550856,-49.2998913725,POINT (-49.2998913725 -25.4688550856)
2014-05-02 13:32:40.000000,-25.4688550856,-49.2998913725,POINT (-49.2998913725 -25.4688550856)
2014-05-02 13:32:50.000000,-25.4688550856,-49.2998913725,POINT (-49.2998913725 -25.4688550856)
2014-05-02 13:33:00.000000,-25.4688550856,-49.2998913725,POINT (-49.2998913725 -25.4688550856)
2014-05-02 13:33:10.000000,-25.4688550856,-49.2998913725,POINT (-49.2998913725 -25.4688550856)
2014-05-02 13:33:20.000000,-25.4688550856,-49.2998913725,POINT (-49.2998913725 -25.4688550856)
2014-05-02 13:33:30.000000,-25.4688550856,-49.2998913725,POINT (-49.2998913725 -25.4688550856)
2014-05-02 13:33:40.000000,-25.4688550856,-49.2998913725,POINT (-49.2998913725 -25.4688550856)
2014-05-02 13:33:50.000000,-25.4688550856,-49.2998913725,POINT (-49.2998913725 -25.4688550856)
2014-05-02 13:34:00.000000,-25.4688550856,-49.2998913725,POINT (-49.2998913725 -25.4688550856)
2014-05-02 13:34:10.000000,-25.4688550856,-49.2998913725,POINT (-49.2998913725 -25.4688550856)
2014-05-02 13:34:20.000000,-25.4688550856,-49.2998913725,POINT (-49.2998913725 -25.4688550856)
2014-05-02 13:34:30.000000,-25.4688550856,-49.2998913725,POINT (-49.2998913725 -25.4688550856)
2014-05-02 13:34:40.000000,-25.4688550856,-49.2998913725,POINT (-49.2998913725 -25.4688550856)
2014-05-02 13:34:50.000000,-25.4688550856,-49.2998913725,POINT (-49.2998913725 -25.4688550856)
2014-05-02 13:35:00.000000,-25.4688550856,-49.2998913725,POINT (-49.2998913725 -25.4688550856)
2014-05-02 13:35:10.000000,-25.4688550856,-49.2998913725,POINT (-49.2998913725 -25.4688550856)
2014-05-02 13:35:20.000000,-25.4688550856,-49.2998913725,POINT (-49.2998913725 -25.4688550856)
2014-05-02 13:35:30.000000,-25.4688550856,-49.2998913725,POINT (-49.2998913725 -25.4688550856)
2014-05-02 13:35:40.000000,-25.4688550856,-49.2998913725,POINT (-49.2998913725 -25.4688550856)
2014-05-02 13:35:50.000000,-25.4688550856,-49.2998913725,POINT (-49.2998913725 -25.4688550856)
2014-05-02 13:36:00.000000,-25.4688550856,-49.2998913725,POINT (-49.2998913725 -25.4688550856)
2014-05-02 13:36:10.000000,-25.4688550856,-49.2998913725,POINT (-49.2998913725 -25.4688550856)
2014-05-02 13:36:20.000000,-25.4688550856,-49.2998913725,POINT (-49.2998913725 -25.4688550856)
2014-05-02 13:36:30.000000,-25.4688550856,-49.2998913725,POINT (-49.2998913725 -25.4688550856)
2014-05-02 13:36:40.000000,-25.4688550856,-49.2998913725,POINT (-49.2998913725 -25.4688550856)
2014-05-02 13:36:50.000000,-25.4688550856,-49.2998913725,POINT (-49.2998913725 -25.4688550856)
2014-05-02 13:37:00.000000,-25.4688550856,-49.2998913725,POINT (-49.2998913725 -25.4688550856)
2014-05-02 13:37:10.000000,-25.4688550856,-49.2998913725,POINT (-49.2998913725 -25.4688550856)
2014-05-02 13:37:20.000000,-25.4688550856,-49.2998913725,POINT (-49.2998913725 -25.4688550856)
2014-05-02 13:37:30.000000,-25.4688550856,-49.2998913725,POINT (-49.2998913725 -25.4688550856)
2014-05-02 13:37:40.000000,-25.4688550856,-49.2998913725,POINT (-49.2998913725 -25.4688550856)
2014-05-02 13:37:50.000000,-25.4688550856,-49.2998913725,POINT (-49.2998913725 -25.4688550856)
2014-05-02 13:38:00.000000,-25.4688550856,-49.2998913725,POINT (-49.2998913725 -25.4688550856)
2014-05-02 13:38:10.000000,-25.4688550856,-49.2998913725,POINT (-49.2998913725 -25.4688550856)
2014-05-02 13:38:20.000000,-25.4688550856,-49.2998913725,POINT (-49.2998913725 -25.4688550856)
2014-05-02 13:38:30.000000,-25.4688550856,-49.2998913725,POINT (-49.2998913725 -25.4688550856)
2014-05-02 13:38:40.000000,-25.4688550856,-49.2998913725,POINT (-49.2998913725 -25.4688550856)
2014-05-02 13:38:50.000000,-25.4688550856,-49.2998913725,POINT (-49.2998913725 -25.4688550856)
2014-05-02 13:39:00.000000,-25.4688550856,-49.2998913725,POINT (-49.2998913725 -25.4688550856)
2014-05-02 13:39:10.000000,-25.4688550856,-49.2998913725,POINT (-49.2998913725 -25.4688550856)
2014-05-02 13:39:20.000000,-25.4688550856,-49.2998913725,POINT (-49.2998913725 -25.4688550856)
2014-05-02 13:39:30.000000,-25.4688550856,-49.2998913725,POINT (-49.2998913725 -25.4688550856)
2014-05-02 13:39:40.000000,-25.4688550856,-49.2998913725,POINT (-49.2998913725 -25.4688550856)
2014-05-02 13:39:50.000000,-25.4688550856,-49.2998913725,POINT (-49.2998913725 -25.4688550856)
2014-05-02 13:40:00.000000,-25.4688550856,-49.2998913725,POINT (-49.2998913725 -25.4688550856)
2014-05-02 13:40:10.000000,-25.4688550856,-49.2998913725,POINT (-49.2998913725 -25.4688550856)
2014-05-02 13:40:20.000000,-25.4688550856,-49.2998913725,POINT (-49.2998913725 -25.4688550856)
2014-05-02 13:40:30.000000,-25.4688550856,-49.2998913725,POINT (-49.2998913725 -25.4688550856)
2014-05-02 13:40:40.000000,-25.4688550856,-49.2998913725,POINT (-49.2998913725 -25.4688550856)
2014-05-02 13:40:50.000000,-25.4688550856,-49.2998913725,POINT (-49.2998913725 -25.4688550856)
2014-05-02 13:41:00.000000,-25.4688550856,-49.2998913725,POINT (-49.2998913725 -25.4688550856)
2014-05-02 13:41:10.000000,-25.4688550856,-49.2998913725,POINT (-49.2998913725 -25.4688550856)
2014-05-02 13:41:20.000000,-25.4688550856,-49.2998913725,POINT (-49.2998913725 -25.4688550856)
2014-05-02 13:41:30.000000,-25.4688550856,-49.2998913725,POINT (-49.2998913725 -25.4688550856)
2014-05-02 13:41:40.000000,-25.4688550856,-49.2998913725,POINT (-49.2998913725 -25.4688550856)
2014-05-02 13:41:50.000000,-25.4688550856,-49.2998913725,POINT (-49.2998913725 -25.4688550856)
2014-05-02 13:42:00.000000,-25.4688550856,-49.2998913725,POINT (-49.2998913725 -25.4688550856)
2014-05-02 13:42:10.000000,-25.4688550856,-49.2998913725,POINT (-49.2998913725 -25.4688550856)
2014-05-02 13:42:20.000000,-25.4688550856,-49.2998913725,POINT (-49.2998913725 -25.4688550856)
2014-05-02 13:42:30.000000,-25.4688550856,-49.2998913725,POINT (-49.2998913725 -25.4688550856)
2014-05-02 13:42:40.000000,-25.4688550856,-49.2998913725,POINT (-49.2998913725 -25.4688550856)
2014-05-02 13:42:50.000000,-25.4688550856,-49.2998913725,POINT (-49.2998913725 -25.4688550856)
2014-05-02 13:43:00.000000,-25.4688550856,-49.2998913725,POINT (-49.2998913725 -25.4688550856)
2014-05-02 13:43:10.000000,-25.4688550856,-49.2998913725,POINT (-49.2998913725 -25.4688550856)
2014-05-02 13:43:20.000000,-25.4688550856,-49.2998913725,POINT (-49.2998913725 -25.4688550856)
2014-05-02 13:43:30.000000,-25.4688550856,-49.2998913725,POINT (-49.2998913725 -25.4688550856)
2014-05-02 13:43:40.000000,-25.4688550856,-49.2998913725,POINT (-49.2998913725 -25.4688550856)
2014-05-02 13:43:50.000000,-25.4688550856,-49.2998913725,POINT (-49.2998913725 -25.4688550856)
2014-05-02 13:44:00.000000,-25.4688550856,-49.2998913725,POINT (-49.2998913725 -25.4688550856)
2014-05-02 13:44:10.000000,-25.4688550856,-49.2998913725,POINT (-49.2998913725 -25.4688550856)
2014-05-02 13:44:20.000000,-25.4688550856,-49.2998913725,POINT (-49.2998913725 -25.4688550856)
2014-05-02 13:44:30.000000,-25.4688550856,-49.2998913725,POINT (-49.2998913725 -25.4688550856)
2014-05-02 13:44:40.000000,-25.4688550856,-49.2998913725,POINT (-49.2998913725 -25.4688550856)
2014-05-02 13:44:50.000000,-25.4688550856,-49.2998913725,POINT (-49.2998913725 -25.4688550856)
2014-05-02 13:45:00.000000,-25.4688550856,-49.2998913725,POINT (-49.2998913725 -25.4688550856)
2014-05-02 13:45:10.000000,-25.4688550856,-49.2998913725,POINT (-49.2998913725 -25.4688550856)
2014-05-02 13:45:20.000000,-25.4688550856,-49.2998913725,POINT (-49.2998913725 -25.4688550856)
2014-05-02 13:45:30.000000,-25.4688550856,-49.2998913725,POINT (-49.2998913725 -25.4688550856)
2014-05-02 13:45:40.000000,-25.4688550856,-49.2998913725,POINT (-49.2998913725 -25.4688550856)
2014-05-02 13:45:50.000000,-25.4688550856,-49.2998913725,POINT (-49.2998913725 -25.4688550856)
2014-05-02 13:46:00.000000,-25.4688550856,-49.2998913725,POINT (-49.2998913725 -25.4688550856)
2014-05-02 13:46:10.000000,-25.4688550856,-49.2998913725,POINT (-49.2998913725 -25.4688550856)
2014-05-02 13:46:20.000000,-25.4688550856,-49.2998913725,POINT (-49.2998913725 -25.4688550856)
2014-05-02 13:46:30.000000,-25.4688550856,-49.2998913725,POINT (-49.2998913725 -25.4688550856)
2014-05-02 13:46:40.000000,-25.4688550856,-49.2998913725,POINT (-49.2998913725 -25.4688550856)
2014-05-02 13:46:50.000000,-25.4688550856,-49.2998913725,POINT (-49.2998913725 -25.4688550856)
2014-05-02 13:47:00.000000,-25.4688550856,-49.2998913725,POINT (-49.2998913725 -25.4688550856)
2014-05-02 13:47:10.000000,-25.4688550856,-49.2998913725,POINT (-49.2998913725 -25.4688550856)
2014-05-02 13:47:20.000000,-25.4688550856,-49.2998913725,POINT (-49.2998913725 -25.4688550856)
2014-05-02 13:47:30.000000,-25.4688550856,-49.2998913725,POINT (-49.2998913725 -25.4688550856)
2014-05-02 13:47:40.000000,-25.4688550856,-49.2998913725,POINT (-49.2998913725 -25.4688550856)
2014-05-02 13:47:50.000000,-25.4688550856,-49.2998913725,POINT (-49.2998913725 -25.4688550856)
2014-05-02 13:48:00.000000,-25.4688550856,-49.2998913725,POINT (-49.2998913725 -25.4688550856)
2014-05-02 13:48:10.000000,-25.4688550856,-49.2998913725,POINT (-49.2998913725 -25.4688550856)
2014-05-02 13:48:20.000000,-25.4688550856,-49.2998913725,POINT (-49.2998913725 -25.4688550856)
2014-05-02 13:48:30.000000,-25.4688550856,-49.2998913725,POINT (-49.2998913725 -25.4688550856)
2014-05-02 13:48:40.000000,-25.4688550856,-49.2998913725,POINT (-49.2998913725 -25.4688550856)
2014-05-02 13:48:50.000000,-25.4688550856,-49.2998913725,POINT (-49.2998913725 -25.4688550856)
2014-05-02 13:49:00.000000,-25.4688550856,-49.2998913725,POINT (-49.2998913725 -25.4688550856)
2014-05-02 13:49:10.000000,-25.4688550856,-49.2998913725,POINT (-49.2998913725 -25.4688550856)
2014-05-02 13:49:20.000000,-25.4688550856,-49.2998913725,POINT (-49.2998913725 -25.4688550856)
2014-05-02 13:49:30.000000,-25.4688550856,-49.2998913725,POINT (-49.2998913725 -25.4688550856)
2014-05-02 13:49:40.000000,-25.4688550856,-49.2998913725,POINT (-49.2998913725 -25.4688550856)
2014-05-02 13:49:50.000000,-25.4688550856,-49.2998913725,POINT (-49.2998913725 -25.4688550856)
2014-05-02 13:50:00.000000,-25.4688550856,-49.2998913725,POINT (-49.2998913725 -25.4688550856)
2014-05-02 13:50:10.000000,-25.4688550856,-49.2998913725,POINT (-49.2998913725 -25.4688550856)
2014-05-02 13:50:20.000000,-25.4688550856,-49.2998913725,POINT (-49.2998913725 -25.4688550856)
2014-05-02 13:50:30.000000,-25.4688550856,-49.2998913725,POINT (-49.2998913725 -25.4688550856)
2014-05-02 13:50:40.000000,-25.4688550856,-49.2998913725,POINT (-49.2998913725 -25.4688550856)
2014-05-02 13:50:50.000000,-25.4688550856,-49.2998913725,POINT (-49.2998913725 -25.4688550856)
2014-05-02 13:51:00.000000,-25.4688550856,-49.2998913725,POINT (-49.2998913725 -25.4688550856)
2014-05-02 13:51:10.000000,-25.4688550856,-49.2998913725,POINT (-49.2998913725 -25.4688550856)
2014-05-02 13:51:20.000000,-25.4688550856,-49.2998913725,POINT (-49.2998913725 -25.4688550856)
2014-05-02 13:51:30.000000,-25.4688550856,-49.2998913725,POINT (-49.2998913725 -25.4688550856)
2014-05-02 13:51:40.000000,-25.4688550856,-49.2998913725,POINT (-49.2998913725 -25.4688550856)
2014-05-02 13:51:50.000000,-25.4688550856,-49.2998913725,POINT (-49.2998913725 -25.4688550856)
2014-05-02 13:52:00.000000,-25.4688550856,-49.2998913725,POINT (-49.2998913725 -25.4688550856)
2014-05-02 13:52:10.000000,-25.4688550856,-49.2998913725,POINT (-49.2998913725 -25.4688550856)
2014-05-02 13:52:20.000000,-25.4688550856,-49.2998913725,POINT (-49.2998913725 -25.4688550856)
2014-05-02 13:52:30.000000,-25.4688550856,-49.2998913725,POINT (-49.2998913725 -25.4688550856)
2014-05-02 13:52:40.000000,-25.4688550856,-49.2998913725,POINT (-49.2998913725 -25.4688550856)
2014-05-02 13:52:50.000000,-25.4688550856,-49.2998913725,POINT (-49.2998913725 -25.4688550856)
2014-05-02 13:53:00.000000,-25.4688550856,-49.2998913725,POINT (-49.2998913725 -25.4688550856)
2014-05-02 13:53:10.000000,-25.4688550856,-49.2998913725,POINT (-49.2998913725 -25.4688550856)
2014-05-02 13:53:20.000000,-25.4688550856,-49.2998913725,POINT (-49.2998913725 -25.4688550856)
2014-05-02 13:53:30.000000,-25.4688550856,-49.2998913725,POINT (-49.2998913725 -25.4688550856)
2014-05-02 13:53:40.000000,-25.4688550856,-49.2998913725,POINT (-49.2998913725 -25.4688550856)
2014-05-02 13:53:50.000000,-25.4688550856,-49.2998913725,POINT (-49.2998913725 -25.4688550856)
2014-05-02 13:54:00.000000,-25.4688550856,-49.2998913725,POINT (-49.2998913725 -25.4688550856)
2014-05-02 13:54:10.000000,-25.4688550856,-49.2998913725,POINT (-49.2998913725 -25.4688550856)
2014-05-02 13:54:20.000000,-25.4688550856,-49.2998913725,POINT (-49.2998913725 -25.4688550856)
2014-05-02 13:54:30.000000,-25.4688550856,-49.2998913725,POINT (-49.2998913725 -25.4688550856)
2014-05-02 13:54:40.000000,-25.4688550856,-49.2998913725,POINT (-49.2998913725 -25.4688550856)
2014-05-02 13:54:50.000000,-25.4688550856,-49.2998913725,POINT (-49.2998913725 -25.4688550856)
2014-05-02 13:55:00.000000,-25.4688550856,-49.2998913725,POINT (-49.2998913725 -25.4688550856)
2014-05-02 13:55:10.000000,-25.4688550856,-49.2998913725,POINT (-49.2998913725 -25.4688550856)
2014-05-02 13:55:20.000000,-25.4688550856,-49.2998913725,POINT (-49.2998913725 -25.4688550856)
2014-05-02 13:55:30.000000,-25.4688550856,-49.2998913725,POINT (-49.2998913725 -25.4688550856)
2014-05-02 13:55:40.000000,-25.4688550856,-49.2998913725,POINT (-49.2998913725 -25.4688550856)
2014-05-02 13:55:50.000000,-25.4688550856,-49.2998913725,POINT (-49.2998913725 -25.4688550856)
2014-05-02 13:56:00.000000,-25.4688550856,-49.2998913725,POINT (-49.2998913725 -25.4688550856)
2014-05-02 13:56:10.000000,-25.4688550856,-49.2998913725,POINT (-49.2998913725 -25.4688550856)
2014-05-02 13:56:20.000000,-25.4688550856,-49.2998913725,POINT (-49.2998913725 -25.4688550856)
2014-05-02 13:56:30.000000,-25.4688550856,-49.2998913725,POINT (-49.2998913725 -25.4688550856)
2014-05-02 13:56:40.000000,-25.4688550856,-49.2998913725,POINT (-49.2998913725 -25.4688550856)
2014-05-02 13:56:50.000000,-25.4688550856,-49.2998913725,POINT (-49.2998913725 -25.4688550856)
2014-05-02 13:57:00.000000,-25.4688550856,-49.2998913725,POINT (-49.2998913725 -25.4688550856)
2014-05-02 13:57:10.000000,-25.4688550856,-49.2998913725,POINT (-49.2998913725 -25.4688550856)
2014-05-02 13:57:20.000000,-25.4688550856,-49.2998913725,POINT (-49.2998913725 -25.4688550856)
2014-05-02 13:57:30.000000,-25.4688550856,-49.2998913725,POINT (-49.2998913725 -25.4688550856)
2014-05-02 13:57:40.000000,-25.4688550856,-49.2998913725,POINT (-49.2998913725 -25.4688550856)
2014-05-02 13:57:50.000000,-25.4688550856,-49.2998913725,POINT (-49.2998913725 -25.4688550856)
2014-05-02 13:58:00.000000,-25.4688550856,-49.2998913725,POINT (-49.2998913725 -25.4688550856)
2014-05-02 13:58:10.000000,-25.4688550856,-49.2998913725,POINT (-49.2998913725 -25.4688550856)
2014-05-02 13:58:20.000000,-25.4688550856,-49.2998913725,POINT (-49.2998913725 -25.4688550856)
2014-05-02 13:58:30.000000,-25.4688550856,-49.2998913725,POINT (-49.2998913725 -25.4688550856)
2014-05-02 13:58:40.000000,-25.4688550856,-49.2998913725,POINT (-49.2998913725 -25.4688550856)
2014-05-02 13:58:50.000000,-25.4688550856,-49.2998913725,POINT (-49.2998913725 -25.4688550856)
2014-05-02 13:59:00.000000,-25.4688550856,-49.2998913725,POINT (-49.2998913725 -25.4688550856)
2014-05-02 13:59:10.000000,-25.4688550856,-49.2998913725,POINT (-49.2998913725 -25.4688550856)
2014-05-02 13:59:20.000000,-25.4688550856,-49.2998913725,POINT (-49.2998913725 -25.4688550856)
2014-05-02 13:59:30.000000,-25.4688550856,-49.2998913725,POINT (-49.2998913725 -25.4688550856)
2014-05-02 13:59:40.000000,-25.4688550856,-49.2998913725,POINT (-49.2998913725 -25.4688550856)
2014-05-02 13:59:50.000000,-25.4688550856,-49.2998913725,POINT (-49.2998913725 -25.4688550856)
2014-05-02 14:00:00.000000,-25.4688550856,-49.2998913725,POINT (-49.2998913725 -25.4688550856)
2014-05-02 14:00:10.000000,-25.4688550856,-49.2998913725,POINT (-49.2998913725 -25.4688550856)
2014-05-02 14:00:20.000000,-25.4688550856,-49.2998913725,POINT (-49.2998913725 -25.4688550856)
2014-05-02 14:00:30.000000,-25.4688550856,-49.2998913725,POINT (-49.2998913725 -25.4688550856)
2014-05-02 14:00:40.000000,-25.4688550856,-49.2998913725,POINT (-49.2998913725 -25.4688550856)
2014-05-02 14:00:50.000000,-25.4688550856,-49.2998913725,POINT (-49.2998913725 -25.4688550856)
2014-05-02 14:01:00.000000,-25.4688550856,-49.2998913725,POINT (-49.2998913725 -25.4688550856)
2014-05-02 14:01:10.000000,-25.4688550856,-49.2998913725,POINT (-49.2998913725 -25.4688550856)
2014-05-02 14:01:20.000000,-25.4688550856,-49.2998913725,POINT (-49.2998913725 -25.4688550856)
2014-05-02 14:01:30.000000,-25.4688550856,-49.2998913725,POINT (-49.2998913725 -25.4688550856)
2014-05-02 14:01:40.000000,-25.4688550856,-49.2998913725,POINT (-49.2998913725 -25.4688550856)
2014-05-02 14:01:50.000000,-25.4688550856,-49.2998913725,POINT (-49.2998913725 -25.4688550856)
2014-05-02 14:02:00.000000,-25.4688550856,-49.2998913725,POINT (-49.2998913725 -25.4688550856)
2014-05-02 14:02:10.000000,-25.4688550856,-49.2998913725,POINT (-49.2998913725 -25.4688550856)
2014-05-02 14:02:20.000000,-25.4688550856,-49.2998913725,POINT (-49.2998913725 -25.4688550856)
2014-05-02 14:02:30.000000,-25.4688550856,-49.2998913725,POINT (-49.2998913725 -25.4688550856)
2014-05-02 14:02:40.000000,-25.4688550856,-49.2998913725,POINT (-49.2998913725 -25.4688550856)
2014-05-02 14:02:50.000000,-25.4688550856,-49.2998913725,POINT (-49.2998913725 -25.4688550856)
2014-05-02 14:03:00.000000,-25.4688550856,-49.2998913725,POINT (-49.2998913725 -25.4688550856)
2014-05-02 14:03:10.000000,-25.4688550856,-49.2998913725,POINT (-49.2998913725 -25.4688550856)
2014-05-02 14:03:20.000000,-25.4688550856,-49.2998913725,POINT (-49.2998913725 -25.4688550856)
2014-05-02 14:03:30.000000,-25.4688550856,-49.2998913725,POINT (-49.2998913725 -25.4688550856)
2014-05-02 14:03:40.000000,-25.4688550856,-49.2998913725,POINT (-49.2998913725 -25.4688550856)
2014-05-02 14:03:50.000000,-25.4688550856,-49.2998913725,POINT (-49.2998913725 -25.4688550856)
2014-05-02 14:04:00.000000,-25.4688550856,-49.2998913725,POINT (-49.2998913725 -25.4688550856)
2014-05-02 14:04:10.000000,-25.4688550856,-49.2998913725,POINT (-49.2998913725 -25.4688550856)
2014-05-02 14:04:20.000000,-25.4688550856,-49.2998913725,POINT (-49.2998913725 -25.4688550856)
2014-05-02 14:04:30.000000,-25.4688550856,-49.2998913725,POINT (-49.2998913725 -25.4688550856)
2014-05-02 14:04:40.000000,-25.4688550856,-49.2998913725,POINT (-49.2998913725 -25.4688550856)
2014-05-02 14:04:50.000000,-25.4688550856,-49.2998913725,POINT (-49.2998913725 -25.4688550856)
2014-05-02 14:05:00.000000,-25.4688550856,-49.2998913725,POINT (-49.2998913725 -25.4688550856)
2014-05-02 14:05:10.000000,-25.4688550856,-49.2998913725,POINT (-49.2998913725 -25.4688550856)
2014-05-02 14:05:20.000000,-25.4688550856,-49.2998913725,POINT (-49.2998913725 -25.4688550856)
2014-05-02 14:05:30.000000,-25.4688550856,-49.2998913725,POINT (-49.2998913725 -25.4688550856)
2014-05-02 14:05:40.000000,-25.4688550856,-49.2998913725,POINT (-49.2998913725 -25.4688550856)
2014-05-02 14:05:50.000000,-25.4688550856,-49.2998913725,POINT (-49.2998913725 -25.4688550856)
2014-05-02 14:06:00.000000,-25.4688550856,-49.2998913725,POINT (-49.2998913725 -25.4688550856)
2014-05-02 14:06:10.000000,-25.4688550856,-49.2998913725,POINT (-49.2998913725 -25.4688550856)
2014-05-02 14:06:20.000000,-25.4688550856,-49.2998913725,POINT (-49.2998913725 -25.4688550856)
2014-05-02 14:06:30.000000,-25.4688550856,-49.2998913725,POINT (-49.2998913725 -25.4688550856)
2014-05-02 14:06:40.000000,-25.4688550856,-49.2998913725,POINT (-49.2998913725 -25.4688550856)
2014-05-02 14:06:50.000000,-25.4688550856,-49.2998913725,POINT (-49.2998913725 -25.4688550856)
2014-05-02 14:07:00.000000,-25.4688550856,-49.2998913725,POINT (-49.2998913725 -25.4688550856)
2014-05-02 14:07:10.000000,-25.4688550856,-49.2998913725,POINT (-49.2998913725 -25.4688550856)
2014-05-02 14:07:20.000000,-25.4688550856,-49.2998913725,POINT (-49.2998913725 -25.4688550856)
2014-05-02 14:07:30.000000,-25.4688550856,-49.2998913725,POINT (-49.2998913725 -25.4688550856)
2014-05-02 14:07:40.000000,-25.4688550856,-49.2998913725,POINT (-49.2998913725 -25.4688550856)
2014-05-02 14:07:50.000000,-25.4688550856,-49.2998913725,POINT (-49.2998913725 -25.4688550856)
2014-05-02 14:08:00.000000,-25.4688550856,-49.2998913725,POINT (-49.2998913725 -25.4688550856)
2014-05-02 14:08:10.000000,-25.4688550856,-49.2998913725,POINT (-49.2998913725 -25.4688550856)
2014-05-02 14:08:20.000000,-25.4688550856,-49.2998913725,POINT (-49.2998913725 -25.4688550856)
2014-05-02 14:08:30.000000,-25.4688550856,-49.2998913725,POINT (-49.2998913725 -25.4688550856)
2014-05-02 14:08:40.000000,-25.4688550856,-49.2998913725,POINT (-49.2998913725 -25.4688550856)
2014-05-02 14:08:50.000000,-25.4688550856,-49.2998913725,POINT (-49.2998913725 -25.4688550856)
2014-05-02 14:09:00.000000,-25.4688550856,-49.2998913725,POINT (-49.2998913725 -25.4688550856)
2014-05-02 14:09:10.000000,-25.4688550856,-49.2998913725,POINT (-49.2998913725 -25.4688550856)
2014-05-02 14:09:20.000000,-25.4688550856,-49.2998913725,POINT (-49.2998913725 -25.4688550856)
2014-05-02 14:09:30.000000,-25.4688550856,-49.2998913725,POINT (-49.2998913725 -25.4688550856)
2014-05-02 14:09:40.000000,-25.4688550856,-49.2998913725,POINT (-49.2998913725 -25.4688550856)
2014-05-02 14:09:50.000000,-25.4688550856,-49.2998913725,POINT (-49.2998913725 -25.4688550856)
2014-05-02 14:10:00.000000,-25.4688550856,-49.2998913725,POINT (-49.2998913725 -25.4688550856)
2014-05-02 14:10:10.000000,-25.4688550856,-49.2998913725,POINT (-49.2998913725 -25.4688550856)
2014-05-02 14:10:20.000000,-25.4688550856,-49.2998913725,POINT (-49.2998913725 -25.4688550856)
2014-05-02 14:10:30.000000,-25.4688550856,-49.2998913725,POINT (-49.2998913725 -25.4688550856)
2014-05-02 14:10:40.000000,-25.4688550856,-49.2998913725,POINT (-49.2998913725 -25.4688550856)
2014-05-02 14:10:50.000000,-25.4688550856,-49.2998913725,POINT (-49.2998913725 -25.4688550856)
2014-05-02 14:11:00.000000,-25.4688550856,-49.2998913725,POINT (-49.2998913725 -25.4688550856)
2014-05-02 14:11:10.000000,-25.4688550856,-49.2998913725,POINT (-49.2998913725 -25.4688550856)
2014-05-02 14:11:20.000000,-25.4688550856,-49.2998913725,POINT (-49.2998913725 -25.4688550856)
2014-05-02 14:11:30.000000,-25.4688550856,-49.2998913725,POINT (-49.2998913725 -25.4688550856)
2014-05-02 14:11:40.000000,-25.4688550856,-49.2998913725,POINT (-49.2998913725 -25.4688550856)
2014-05-02 14:11:50.000000,-25.4688550856,-49.2998913725,POINT (-49.2998913725 -25.4688550856)
2014-05-02 14:12:00.000000,-25.4688550856,-49.2998913725,POINT (-49.2998913725 -25.4688550856)
2014-05-02 14:12:10.000000,-25.4688550856,-49.2998913725,POINT (-49.2998913725 -25.4688550856)
2014-05-02 14:12:20.000000,-25.4688550856,-49.2998913725,POINT (-49.2998913725 -25.4688550856)
2014-05-02 14:12:30.000000,-25.4688550856,-49.2998913725,POINT (-49.2998913725 -25.4688550856)
2014-05-02 14:12:40.000000,-25.4688550856,-49.2998913725,POINT (-49.2998913725 -25.4688550856)
2014-05-02 14:12:50.000000,-25.4688550856,-49.2998913725,POINT (-49.2998913725 -25.4688550856)
2014-05-02 14:13:00.000000,-25.4688550856,-49.2998913725,POINT (-49.2998913725 -25.4688550856)
2014-05-02 14:13:10.000000,-25.4688550856,-49.2998913725,POINT (-49.2998913725 -25.4688550856)
2014-05-02 14:13:20.000000,-25.4688550856,-49.2998913725,POINT (-49.2998913725 -25.4688550856)
2014-05-02 14:13:30.000000,-25.4688550856,-49.2998913725,POINT (-49.2998913725 -25.4688550856)
2014-05-02 14:13:40.000000,-25.4688550856,-49.2998913725,POINT (-49.2998913725 -25.4688550856)
2014-05-02 14:13:50.000000,-25.4688550856,-49.2998913725,POINT (-49.2998913725 -25.4688550856)
2014-05-02 14:14:00.000000,-25.4688550856,-49.2998913725,POINT (-49.2998913725 -25.4688550856)
2014-05-02 14:14:10.000000,-25.4688550856,-49.2998913725,POINT (-49.2998913725 -25.4688550856)
2014-05-02 14:14:20.000000,-25.4688550856,-49.2998913725,POINT (-49.2998913725 -25.4688550856)
2014-05-02 14:14:30.000000,-25.4688550856,-49.2998913725,POINT (-49.2998913725 -25.4688550856)
2014-05-02 14:14:40.000000,-25.4688550856,-49.2998913725,POINT (-49.2998913725 -25.4688550856)
2014-05-02 14:14:50.000000,-25.4688550856,-49.2998913725,POINT (-49.2998913725 -25.4688550856)
2014-05-02 14:15:00.000000,-25.4688550856,-49.2998913725,POINT (-49.2998913725 -25.4688550856)
2014-05-02 14:15:10.000000,-25.4688550856,-49.2998913725,POINT (-49.2998913725 -25.4688550856)
2014-05-02 14:15:20.000000,-25.4688550856,-49.2998913725,POINT (-49.2998913725 -25.4688550856)
2014-05-02 14:15:30.000000,-25.4688550856,-49.2998913725,POINT (-49.2998913725 -25.4688550856)
2014-05-02 14:15:40.000000,-25.4688550856,-49.2998913725,POINT (-49.2998913725 -25.4688550856)
2014-05-02 14:15:50.000000,-25.4688550856,-49.2998913725,POINT (-49.2998913725 -25.4688550856)
2014-05-02 14:16:00.000000,-25.4688550856,-49.2998913725,POINT (-49.2998913725 -25.4688550856)
2014-05-02 14:16:10.000000,-25.4688550856,-49.2998913725,POINT (-49.2998913725 -25.4688550856)
2014-05-02 14:16:20.000000,-25.4688550856,-49.2998913725,POINT (-49.2998913725 -25.4688550856)
2014-05-02 14:16:30.000000,-25.4688550856,-49.2998913725,POINT (-49.2998913725 -25.4688550856)
2014-05-02 14:16:40.000000,-25.4688550856,-49.2998913725,POINT (-49.2998913725 -25.4688550856)
2014-05-02 14:16:50.000000,-25.4688550856,-49.2998913725,POINT (-49.2998913725 -25.4688550856)
2014-05-02 14:17:00.000000,-25.4688550856,-49.2998913725,POINT (-49.2998913725 -25.4688550856)
2014-05-02 14:17:10.000000,-25.4688550856,-49.2998913725,POINT (-49.2998913725 -25.4688550856)
2014-05-02 14:17:20.000000,-25.4688550856,-49.2998913725,POINT (-49.2998913725 -25.4688550856)
2014-05-02 14:17:30.000000,-25.4688550856,-49.2998913725,POINT (-49.2998913725 -25.4688550856)
2014-05-02 14:17:40.000000,-25.4688550856,-49.2998913725,POINT (-49.2998913725 -25.4688550856)
2014-05-02 14:17:50.000000,-25.4688550856,-49.2998913725,POINT (-49.2998913725 -25.4688550856)
2014-05-02 14:18:00.000000,-25.4688550856,-49.2998913725,POINT (-49.2998913725 -25.4688550856)
2014-05-02 14:18:10.000000,-25.4688550856,-49.2998913725,POINT (-49.2998913725 -25.4688550856)
2014-05-02 14:18:20.000000,-25.4688550856,-49.2998913725,POINT (-49.2998913725 -25.4688550856)
2014-05-02 14:18:30.000000,-25.4688550856,-49.2998913725,POINT (-49.2998913725 -25.4688550856)
2014-05-02 14:18:40.000000,-25.4688550856,-49.2998913725,POINT (-49.2998913725 -25.4688550856)
2014-05-02 14:18:50.000000,-25.4688550856,-49.2998913725,POINT (-49.2998913725 -25.4688550856)
2014-05-02 14:19:00.000000,-25.4688550856,-49.2998913725,POINT (-49.2998913725 -25.4688550856)
2014-05-02 14:19:10.000000,-25.4688550856,-49.2998913725,POINT (-49.2998913725 -25.4688550856)
2014-05-02 14:19:20.000000,-25.4688550856,-49.2998913725,POINT (-49.2998913725 -25.4688550856)
2014-05-02 14:19:30.000000,-25.4688550856,-49.2998913725,POINT (-49.2998913725 -25.4688550856)
2014-05-02 14:19:40.000000,-25.4688550856,-49.2998913725,POINT (-49.2998913725 -25.4688550856)
2014-05-02 14:19:50.000000,-25.4688550856,-49.2998913725,POINT (-49.2998913725 -25.4688550856)
2014-05-02 14:20:00.000000,-25.4688550856,-49.2998913725,POINT (-49.2998913725 -25.4688550856)
2014-05-02 14:20:10.000000,-25.4688550856,-49.2998913725,POINT (-49.2998913725 -25.4688550856)
2014-05-02 14:20:20.000000,-25.4688550856,-49.2998913725,POINT (-49.2998913725 -25.4688550856)
2014-05-02 14:20:30.000000,-25.4688550856,-49.2998913725,POINT (-49.2998913725 -25.4688550856)
2014-05-02 14:20:40.000000,-25.4688550856,-49.2998913725,POINT (-49.2998913725 -25.4688550856)
2014-05-02 14:20:50.000000,-25.4688550856,-49.2998913725,POINT (-49.2998913725 -25.4688550856)
2014-05-02 14:21:00.000000,-25.4688550856,-49.2998913725,POINT (-49.2998913725 -25.4688550856)
2014-05-02 14:21:10.000000,-25.4688550856,-49.2998913725,POINT (-49.2998913725 -25.4688550856)
2014-05-02 14:21:20.000000,-25.4688550856,-49.2998913725,POINT (-49.2998913725 -25.4688550856)
2014-05-02 14:21:30.000000,-25.4688550856,-49.2998913725,POINT (-49.2998913725 -25.4688550856)
2014-05-02 14:21:40.000000,-25.4688550856,-49.2998913725,POINT (-49.2998913725 -25.4688550856)
2014-05-02 14:21:50.000000,-25.4688550856,-49.2998913725,POINT (-49.2998913725 -25.4688550856)
2014-05-02 14:22:00.000000,-25.4688550856,-49.2998913725,POINT (-49.2998913725 -25.4688550856)
2014-05-02 14:22:10.000000,-25.4688550856,-49.2998913725,POINT (-49.2998913725 -25.4688550856)
2014-05-02 14:22:20.000000,-25.4688550856,-49.2998913725,POINT (-49.2998913725 -25.4688550856)
2014-05-02 14:22:30.000000,-25.4688550856,-49.2998913725,POINT (-49.2998913725 -25.4688550856)
2014-05-02 14:22:40.000000,-25.4688550856,-49.2998913725,POINT (-49.2998913725 -25.4688550856)
2014-05-02 14:22:50.000000,-25.4688550856,-49.2998913725,POINT (-49.2998913725 -25.4688550856)
2014-05-02 14:23:00.000000,-25.4688550856,-49.2998913725,POINT (-49.2998913725 -25.4688550856)
2014-05-02 14:23:10.000000,-25.4688550856,-49.2998913725,POINT (-49.2998913725 -25.4688550856)
2014-05-02 14:23:20.000000,-25.4688550856,-49.2998913725,POINT (-49.2998913725 -25.4688550856)
2014-05-02 14:23:30.000000,-25.4688550856,-49.2998913725,POINT (-49.2998913725 -25.4688550856)
2014-05-02 14:23:40.000000,-25.4688550856,-49.2998913725,POINT (-49.2998913725 -25.4688550856)
2014-05-02 14:23:50.000000,-25.4688550856,-49.2998913725,POINT (-49.2998913725 -25.4688550856)
2014-05-02 14:24:00.000000,-25.4688550856,-49.2998913725,POINT (-49.2998913725 -25.4688550856)
2014-05-02 14:24:10.000000,-25.4688550856,-49.2998913725,POINT (-49.2998913725 -25.4688550856)
2014-05-02 14:24:20.000000,-25.4688550856,-49.2998913725,POINT (-49.2998913725 -25.4688550856)
2014-05-02 14:24:30.000000,-25.4688550856,-49.2998913725,POINT (-49.2998913725 -25.4688550856)
2014-05-02 14:24:40.000000,-25.4688550856,-49.2998913725,POINT (-49.2998913725 -25.4688550856)
2014-05-02 14:24:50.000000,-25.4688550856,-49.2998913725,POINT (-49.2998913725 -25.4688550856)
2014-05-02 14:25:00.000000,-25.4688550856,-49.2998913725,POINT (-49.2998913725 -25.4688550856)
2014-05-02 14:25:10.000000,-25.4688550856,-49.2998913725,POINT (-49.2998913725 -25.4688550856)
2014-05-02 14:25:20.000000,-25.4688550856,-49.2998913725,POINT (-49.2998913725 -25.4688550856)
2014-05-02 14:25:30.000000,-25.4688550856,-49.2998913725,POINT (-49.2998913725 -25.4688550856)
2014-05-02 14:25:40.000000,-25.4688550856,-49.2998913725,POINT (-49.2998913725 -25.4688550856)
2014-05-02 14:25:50.000000,-25.4688550856,-49.2998913725,POINT (-49.2998913725 -25.4688550856)
2014-05-02 14:26:00.000000,-25.4688550856,-49.2998913725,POINT (-49.2998913725 -25.4688550856)
2014-05-02 14:26:10.000000,-25.4688550856,-49.2998913725,POINT (-49.2998913725 -25.4688550856)
2014-05-02 14:26:20.000000,-25.4688550856,-49.2998913725,POINT (-49.2998913725 -25.4688550856)
2014-05-02 14:26:30.000000,-25.4688550856,-49.2998913725,POINT (-49.2998913725 -25.4688550856)
2014-05-02 14:26:40.000000,-25.4688550856,-49.2998913725,POINT (-49.2998913725 -25.4688550856)
2014-05-02 14:26:50.000000,-25.4688550856,-49.2998913725,POINT (-49.2998913725 -25.4688550856)
2014-05-02 14:27:00.000000,-25.4688550856,-49.2998913725,POINT (-49.2998913725 -25.4688550856)
2014-05-02 14:27:10.000000,-25.4688550856,-49.2998913725,POINT (-49.2998913725 -25.4688550856)
2014-05-02 14:27:20.000000,-25.4688550856,-49.2998913725,POINT (-49.2998913725 -25.4688550856)
2014-05-02 14:27:30.000000,-25.4688550856,-49.2998913725,POINT (-49.2998913725 -25.4688550856)
2014-05-02 14:27:40.000000,-25.4688550856,-49.2998913725,POINT (-49.2998913725 -25.4688550856)
2014-05-02 14:27:50.000000,-25.4688550856,-49.2998913725,POINT (-49.2998913725 -25.4688550856)
2014-05-02 14:28:00.000000,-25.4688550856,-49.2998913725,POINT (-49.2998913725 -25.4688550856)
2014-05-02 14:28:10.000000,-25.4688550856,-49.2998913725,POINT (-49.2998913725 -25.4688550856)
2014-05-02 14:28:20.000000,-25.4688550856,-49.2998913725,POINT (-49.2998913725 -25.4688550856)
2014-05-02 14:28:30.000000,-25.4688550856,-49.2998913725,POINT (-49.2998913725 -25.4688550856)
2014-05-02 14:28:40.000000,-25.4688550856,-49.2998913725,POINT (-49.2998913725 -25.4688550856)
2014-05-02 14:28:50.000000,-25.4688550856,-49.2998913725,POINT (-49.2998913725 -25.4688550856)
2014-05-02 14:29:00.000000,-25.4688550856,-49.2998913725,POINT (-49.2998913725 -25.4688550856)
2014-05-02 14:29:10.000000,-25.4688550856,-49.2998913725,POINT (-49.2998913725 -25.4688550856)
2014-05-02 14:29:20.000000,-25.4688550856,-49.2998913725,POINT (-49.2998913725 -25.4688550856)
2014-05-02 14:29:30.000000,-25.4688550856,-49.2998913725,POINT (-49.2998913725 -25.4688550856)
2014-05-02 14:29:40.000000,-25.4688550856,-49.2998913725,POINT (-49.2998913725 -25.4688550856)
2014-05-02 14:29:50.000000,-25.4688550856,-49.2998913725,POINT (-49.2998913725 -25.4688550856)
2014-05-02 14:30:00.000000,-25.4688550856,-49.2998913725,POINT (-49.2998913725 -25.4688550856)
2014-05-02 14:30:10.000000,-25.4688550856,-49.2998913725,POINT (-49.2998913725 -25.4688550856)
2014-05-02 14:30:20.000000,-25.4688550856,-49.2998913725,POINT (-49.2998913725 -25.4688550856)
2014-05-02 14:30:30.000000,-25.4688550856,-49.2998913725,POINT (-49.2998913725 -25.4688550856)
2014-05-02 14:30:40.000000,-25.4688550856,-49.2998913725,POINT (-49.2998913725 -25.4688550856)
2014-05-02 14:30:50.000000,-25.4688550856,-49.2998913725,POINT (-49.2998913725 -25.4688550856)
2014-05-02 14:31:00.000000,-25.4688550856,-49.2998913725,POINT (-49.2998913725 -25.4688550856)
2014-05-02 14:31:10.000000,-25.4688550856,-49.2998913725,POINT (-49.2998913725 -25.4688550856)
2014-05-02 14:31:20.000000,-25.4688550856,-49.2998913725,POINT (-49.2998913725 -25.4688550856)
2014-05-02 14:31:30.000000,-25.4688550856,-49.2998913725,POINT (-49.2998913725 -25.4688550856)
2014-05-02 14:31:40.000000,-25.4688550856,-49.2998913725,POINT (-49.2998913725 -25.4688550856)
2014-05-02 14:31:50.000000,-25.4688550856,-49.2998913725,POINT (-49.2998913725 -25.4688550856)
2014-05-02 14:32:00.000000,-25.4688550856,-49.2998913725,POINT (-49.2998913725 -25.4688550856)
2014-05-02 14:32:10.000000,-25.4688550856,-49.2998913725,POINT (-49.2998913725 -25.4688550856)
2014-05-02 14:32:20.000000,-25.4688550856,-49.2998913725,POINT (-49.2998913725 -25.4688550856)
2014-05-02 14:32:30.000000,-25.4688550856,-49.2998913725,POINT (-49.2998913725 -25.4688550856)
2014-05-02 14:32:40.000000,-25.4688550856,-49.2998913725,POINT (-49.2998913725 -25.4688550856)
2014-05-02 14:32:50.000000,-25.4688550856,-49.2998913725,POINT (-49.2998913725 -25.4688550856)
2014-05-02 14:33:00.000000,-25.4688550856,-49.2998913725,POINT (-49.2998913725 -25.4688550856)
2014-05-02 14:33:10.000000,-25.4688550856,-49.2998913725,POINT (-49.2998913725 -25.4688550856)
2014-05-02 14:33:20.000000,-25.4688550856,-49.2998913725,POINT (-49.2998913725 -25.4688550856)
2014-05-02 14:33:30.000000,-25.4688550856,-49.2998913725,POINT (-49.2998913725 -25.4688550856)
2014-05-02 14:33:40.000000,-25.4688550856,-49.2998913725,POINT (-49.2998913725 -25.4688550856)
2014-05-02 14:33:50.000000,-25.4688550856,-49.2998913725,POINT (-49.2998913725 -25.4688550856)
2014-05-02 14:34:00.000000,-25.4688550856,-49.2998913725,POINT (-49.2998913725 -25.4688550856)
2014-05-02 14:34:10.000000,-25.4688550856,-49.2998913725,POINT (-49.2998913725 -25.4688550856)
2014-05-02 14:34:20.000000,-25.4688550856,-49.2998913725,POINT (-49.2998913725 -25.4688550856)
2014-05-02 14:34:30.000000,-25.4688550856,-49.2998913725,POINT (-49.2998913725 -25.4688550856)
2014-05-02 14:34:40.000000,-25.4688550856,-49.2998913725,POINT (-49.2998913725 -25.4688550856)
2014-05-02 14:34:50.000000,-25.4688550856,-49.2998913725,POINT (-49.2998913725 -25.4688550856)
2014-05-02 14:35:00.000000,-25.4688550856,-49.2998913725,POINT (-49.2998913725 -25.4688550856)
2014-05-02 14:35:10.000000,-25.4688550856,-49.2998913725,POINT (-49.2998913725 -25.4688550856)
2014-05-02 14:35:20.000000,-25.4688550856,-49.2998913725,POINT (-49.2998913725 -25.4688550856)
2014-05-02 14:35:30.000000,-25.4688550856,-49.2998913725,POINT (-49.2998913725 -25.4688550856)
2014-05-02 14:35:40.000000,-25.4688550856,-49.2998913725,POINT (-49.2998913725 -25.4688550856)
2014-05-02 14:35:50.000000,-25.4688550856,-49.2998913725,POINT (-49.2998913725 -25.4688550856)
2014-05-02 14:36:00.000000,-25.4688550856,-49.2998913725,POINT (-49.2998913725 -25.4688550856)
2014-05-02 14:36:10.000000,-25.4688550856,-49.2998913725,POINT (-49.2998913725 -25.4688550856)
2014-05-02 14:36:20.000000,-25.4688550856,-49.2998913725,POINT (-49.2998913725 -25.4688550856)
2014-05-02 14:36:30.000000,-25.4688550856,-49.2998913725,POINT (-49.2998913725 -25.4688550856)
2014-05-02 14:36:40.000000,-25.4688550856,-49.2998913725,POINT (-49.2998913725 -25.4688550856)
2014-05-02 14:36:50.000000,-25.4688550856,-49.2998913725,POINT (-49.2998913725 -25.4688550856)
2014-05-02 14:37:00.000000,-25.4688550856,-49.2998913725,POINT (-49.2998913725 -25.4688550856)
2014-05-02 14:37:10.000000,-25.4688550856,-49.2998913725,POINT (-49.2998913725 -25.4688550856)
2014-05-02 14:37:20.000000,-25.4688550856,-49.2998913725,POINT (-49.2998913725 -25.4688550856)
2014-05-02 14:37:30.000000,-25.4688550856,-49.2998913725,POINT (-49.2998913725 -25.4688550856)
2014-05-02 14:37:40.000000,-25.4688550856,-49.2998913725,POINT (-49.2998913725 -25.4688550856)
2014-05-02 14:37:50.000000,-25.4688550856,-49.2998913725,POINT (-49.2998913725 -25.4688550856)
2014-05-02 14:38:00.000000,-25.4688550856,-49.2998913725,POINT (-49.2998913725 -25.4688550856)
2014-05-02 14:38:10.000000,-25.4688550856,-49.2998913725,POINT (-49.2998913725 -25.4688550856)
2014-05-02 14:38:20.000000,-25.4688550856,-49.2998913725,POINT (-49.2998913725 -25.4688550856)
2014-05-02 14:38:30.000000,-25.4688550856,-49.2998913725,POINT (-49.2998913725 -25.4688550856)
2014-05-02 14:38:40.000000,-25.4688550856,-49.2998913725,POINT (-49.2998913725 -25.4688550856)
2014-05-02 14:38:50.000000,-25.4688550856,-49.2998913725,POINT (-49.2998913725 -25.4688550856)
2014-05-02 14:39:00.000000,-25.4688550856,-49.2998913725,POINT (-49.2998913725 -25.4688550856)
2014-05-02 14:39:10.000000,-25.4688550856,-49.2998913725,POINT (-49.2998913725 -25.4688550856)
2014-05-02 14:39:20.000000,-25.4688550856,-49.2998913725,POINT (-49.2998913725 -25.4688550856)
2014-05-02 14:39:30.000000,-25.4688550856,-49.2998913725,POINT (-49.2998913725 -25.4688550856)
2014-05-02 14:39:40.000000,-25.4688550856,-49.2998913725,POINT (-49.2998913725 -25.4688550856)
2014-05-02 14:39:50.000000,-25.4688550856,-49.2998913725,POINT (-49.2998913725 -25.4688550856)
2014-05-02 14:40:00.000000,-25.4688550856,-49.2998913725,POINT (-49.2998913725 -25.4688550856)
2014-05-02 14:40:10.000000,-25.4688550856,-49.2998913725,POINT (-49.2998913725 -25.4688550856)
2014-05-02 14:40:20.000000,-25.4688550856,-49.2998913725,POINT (-49.2998913725 -25.4688550856)
2014-05-02 14:40:30.000000,-25.4688550856,-49.2998913725,POINT (-49.2998913725 -25.4688550856)
2014-05-02 14:40:40.000000,-25.4688550856,-49.2998913725,POINT (-49.2998913725 -25.4688550856)
2014-05-02 14:40:50.000000,-25.4688550856,-49.2998913725,POINT (-49.2998913725 -25.4688550856)
2014-05-02 14:41:00.000000,-25.4688550856,-49.2998913725,POINT (-49.2998913725 -25.4688550856)
2014-05-02 14:41:10.000000,-25.4688550856,-49.2998913725,POINT (-49.2998913725 -25.4688550856)
2014-05-02 14:41:20.000000,-25.4688550856,-49.2998913725,POINT (-49.2998913725 -25.4688550856)
2014-05-02 14:41:30.000000,-25.4688550856,-49.2998913725,POINT (-49.2998913725 -25.4688550856)
2014-05-02 14:41:40.000000,-25.4688550856,-49.2998913725,POINT (-49.2998913725 -25.4688550856)
2014-05-02 14:41:50.000000,-25.4688550856,-49.2998913725,POINT (-49.2998913725 -25.4688550856)
2014-05-02 14:42:00.000000,-25.4688550856,-49.2998913725,POINT (-49.2998913725 -25.4688550856)
2014-05-02 14:42:10.000000,-25.4688550856,-49.2998913725,POINT (-49.2998913725 -25.4688550856)
2014-05-02 14:42:20.000000,-25.4688550856,-49.2998913725,POINT (-49.2998913725 -25.4688550856)
2014-05-02 14:42:30.000000,-25.4688550856,-49.2998913725,POINT (-49.2998913725 -25.4688550856)
2014-05-02 14:42:40.000000,-25.4688550856,-49.2998913725,POINT (-49.2998913725 -25.4688550856)
2014-05-02 14:42:50.000000,-25.4688550856,-49.2998913725,POINT (-49.2998913725 -25.4688550856)
2014-05-02 14:43:00.000000,-25.4688550856,-49.2998913725,POINT (-49.2998913725 -25.4688550856)
2014-05-02 14:43:10.000000,-25.4688550856,-49.2998913725,POINT (-49.2998913725 -25.4688550856)
2014-05-02 14:43:20.000000,-25.4688550856,-49.2998913725,POINT (-49.2998913725 -25.4688550856)
2014-05-02 14:43:30.000000,-25.4688550856,-49.2998913725,POINT (-49.2998913725 -25.4688550856)
2014-05-02 14:43:40.000000,-25.4688550856,-49.2998913725,POINT (-49.2998913725 -25.4688550856)
2014-05-02 14:43:50.000000,-25.4688550856,-49.2998913725,POINT (-49.2998913725 -25.4688550856)
2014-05-02 14:44:00.000000,-25.4688550856,-49.2998913725,POINT (-49.2998913725 -25.4688550856)
2014-05-02 14:44:16.456349,-25.4685427,-49.299281,POINT (-49.299281 -25.4685427)
2014-05-02 14:44:26.456349,-25.46820165806452,-49.29969952903226,POINT (-49.29969952903226 -25.46820165806452)
2014-05-02 14:44:36.456349,-25.467854432258065,-49.29997573225807,POINT (-49.29997573225807 -25.467854432258065)
2014-05-02 14:44:46.456349,-25.467478348387097,-49.2995877483871,POINT (-49.2995877483871 -25.467478348387097)
2014-05-02 14:44:56.456349,-25.467196561290322,-49.29932245483871,POINT (-49.29932245483871 -25.467196561290322)
2014-05-02 14:45:06.456349,-25.467087651612903,-49.299282093548385,POINT (-49.299282093548385 -25.467087651612903)
2014-05-02 14:45:16.456349,-25.466761841935483,-49.29920590645161,POINT (-49.29920590645161 -25.466761841935483)
2014-05-02 14:45:26.456349,-25.466243232258062,-49.29909787419355,POINT (-49.29909787419355 -25.466243232258062)
2014-05-02 14:45:36.456349,-25.465451448387096,-49.29892086129032,POINT (-49.29892086129032 -25.465451448387096)
2014-05-02 14:45:46.456349,-25.464545841935482,-49.29871510645161,POINT (-49.29871510645161 -25.464545841935482)
2014-05-02 14:45:56.456349,-25.463668783870965,-49.298531077419355,POINT (-49.298531077419355 -25.463668783870965)
2014-05-02 14:46:06.456349,-25.462811803225804,-49.29835298064516,POINT (-49.29835298064516 -25.462811803225804)
2014-05-02 14:46:16.456349,-25.462215158064517,-49.298223451612905,POINT (-49.298223451612905 -25.462215158064517)
2014-05-02 14:46:26.456349,-25.46162619032258,-49.298095522580645,POINT (-49.298095522580645 -25.46162619032258)
2014-05-02 14:46:36.456349,-25.461062174193547,-49.29797279354838,POINT (-49.29797279354838 -25.461062174193547)
2014-05-02 14:46:46.456349,-25.460457580645162,-49.29784202580645,POINT (-49.29784202580645 -25.460457580645162)
2014-05-02 14:46:56.456349,-25.459795019354836,-49.297699774193546,POINT (-49.297699774193546 -25.459795019354836)
2014-05-02 14:47:06.456349,-25.459155296774192,-49.29756532903226,POINT (-49.29756532903226 -25.459155296774192)
2014-05-02 14:47:16.456349,-25.45853156129032,-49.2974363483871,POINT (-49.2974363483871 -25.45853156129032)
2014-05-02 14:47:26.456349,-25.457942967741936,-49.297306403225804,POINT (-49.297306403225804 -25.457942967741936)
2014-05-02 14:47:36.456349,-25.457365187096773,-49.297176161290324,POINT (-49.297176161290324 -25.457365187096773)
2014-05-02 14:47:46.456349,-25.456765316129033,-49.29705108064516,POINT (-49.29705108064516 -25.456765316129033)
2014-05-02 14:47:56.456349,-25.45616009032258,-49.29692460645161,POINT (-49.29692460645161 -25.45616009032258)
2014-05-02 14:48:06.456349,-25.455525058064516,-49.29678526129032,POINT (-49.29678526129032 -25.455525058064516)
2014-05-02 14:48:16.456349,-25.454972622580645,-49.29666510967742,POINT (-49.29666510967742 -25.454972622580645)
2014-05-02 14:48:26.456349,-25.454618419354837,-49.29659102258065,POINT (-49.29659102258065 -25.454618419354837)
2014-05-02 14:48:36.456349,-25.454412293548387,-49.29650232903226,POINT (-49.29650232903226 -25.454412293548387)
2014-05-02 14:48:46.456349,-25.45437275483871,-49.29639720322581,POINT (-49.29639720322581 -25.45437275483871)
2014-05-02 14:48:56.456349,-25.45418460967742,-49.2959066516129,POINT (-49.2959066516129 -25.45418460967742)
2014-05-02 14:49:06.456349,-25.45391540645161,-49.29520586774194,POINT (-49.29520586774194 -25.45391540645161)
2014-05-02 14:49:16.456349,-25.45381465483871,-49.29494323870968,POINT (-49.29494323870968 -25.45381465483871)
2014-05-02 14:49:26.456349,-25.45375,-49.2947745,POINT (-49.2947745 -25.45375)
2014-05-02 14:49:36.456349,-25.453442738709676,-49.29397199032258,POINT (-49.29397199032258 -25.453442738709676)
2014-05-02 14:49:46.456349,-25.45313720967742,-49.293174164516124,POINT (-49.293174164516124 -25.45313720967742)
2014-05-02 14:49:56.456349,-25.452839764516128,-49.292398196774194,POINT (-49.292398196774194 -25.452839764516128)
2014-05-02 14:50:06.456349,-25.452580816129032,-49.29172258387097,POINT (-49.29172258387097 -25.452580816129032)
2014-05-02 14:50:16.456349,-25.45239244516129,-49.29123095483871,POINT (-49.29123095483871 -25.45239244516129)
2014-05-02 14:50:26.456349,-25.45219324516129,-49.29071101935484,POINT (-49.29071101935484 -25.45219324516129)
2014-05-02 14:50:36.456349,-25.45198441935484,-49.29016592258065,POINT (-49.29016592258065 -25.45198441935484)
2014-05-02 14:50:46.456349,-25.45164909032258,-49.28929055483871,POINT (-49.28929055483871 -25.45164909032258)
2014-05-02 14:50:56.456349,-25.451261051612903,-49.28827757419355,POINT (-49.28827757419355 -25.451261051612903)
2014-05-02 14:51:06.456349,-25.451200206451613,-49.28811877096774,POINT (-49.28811877096774 -25.451200206451613)
2014-05-02 14:51:16.456349,-25.451182067741936,-49.288071454838715,POINT (-49.288071454838715 -25.451182067741936)
2014-05-02 14:51:26.456349,-25.45114921935484,-49.28798568709678,POINT (-49.28798568709678 -25.45114921935484)
2014-05-02 14:51:36.456349,-25.450875622580647,-49.28791327419355,POINT (-49.28791327419355 -25.450875622580647)
2014-05-02 14:51:46.456349,-25.449819593548387,-49.28788426451613,POINT (-49.28788426451613 -25.449819593548387)
2014-05-02 14:51:56.456349,-25.449155767741935,-49.28786080967742,POINT (-49.28786080967742 -25.449155767741935)
2014-05-02 14:52:06.456349,-25.449052232258065,-49.28784529032258,POINT (-49.28784529032258 -25.449052232258065)
2014-05-02 14:52:16.456349,-25.448485535483872,-49.287743964516125,POINT (-49.287743964516125 -25.448485535483872)
2014-05-02 14:52:26.456349,-25.447594625806452,-49.28758257419354,POINT (-49.28758257419354 -25.447594625806452)
2014-05-02 14:52:36.456349,-25.447328051612903,-49.2875370516129,POINT (-49.2875370516129 -25.447328051612903)
2014-05-02 14:52:46.456349,-25.447253580645164,-49.287527180645164,POINT (-49.287527180645164 -25.447253580645164)
2014-05-02 14:52:56.456349,-25.44683366451613,-49.28728928387097,POINT (-49.28728928387097 -25.44683366451613)
2014-05-02 14:53:06.456349,-25.446413887096774,-49.28701715483871,POINT (-49.28701715483871 -25.446413887096774)
2014-05-02 14:53:16.456349,-25.446157077419354,-49.28659517096774,POINT (-49.28659517096774 -25.446157077419354)
2014-05-02 14:53:26.456349,-25.4457408,-49.28599157419355,POINT (-49.28599157419355 -25.4457408)
2014-05-02 14:53:36.456349,-25.4449418,-49.28495210645161,POINT (-49.28495210645161 -25.4449418)
2014-05-02 14:53:46.456349,-25.444481251612903,-49.28441847096774,POINT (-49.28441847096774 -25.444481251612903)
2014-05-02 14:53:56.456349,-25.444401461290322,-49.284453896774195,POINT (-49.284453896774195 -25.444401461290322)
2014-05-02 14:54:06.456349,-25.443985887096773,-49.28463814193548,POINT (-49.28463814193548 -25.443985887096773)
2014-05-02 14:54:16.456349,-25.443387158064517,-49.28490356129032,POINT (-49.28490356129032 -25.443387158064517)
2014-05-02 14:54:26.456349,-25.443233041935486,-49.2849718516129,POINT (-49.2849718516129 -25.443233041935486)
2014-05-02 14:54:36.456349,-25.4431742,-49.2849979,POINT (-49.2849979 -25.4431742)
2014-05-02 14:54:46.456349,-25.442335716129033,-49.285367238709675,POINT (-49.285367238709675 -25.442335716129033)
2014-05-02 14:54:56.456349,-25.4416047,-49.28553992258065,POINT (-49.28553992258065 -25.4416047)
2014-05-02 14:55:06.456349,-25.4413752,-49.284794883870966,POINT (-49.284794883870966 -25.4413752)
2014-05-02 14:55:16.456349,-25.44118491290323,-49.28420081290323,POINT (-49.28420081290323 -25.44118491290323)
2014-05-02 14:55:26.456349,-25.441066516129034,-49.28388351612903,POINT (-49.28388351612903 -25.441066516129034)
2014-05-02 14:55:36.456349,-25.440899577419355,-49.28351068064516,POINT (-49.28351068064516 -25.440899577419355)
2014-05-02 14:55:46.456349,-25.44068949032258,-49.283088477419355,POINT (-49.283088477419355 -25.44068949032258)
2014-05-02 14:55:56.456349,-25.4405173,-49.28271276451613,POINT (-49.28271276451613 -25.4405173)
2014-05-02 14:56:06.456349,-25.440360899999998,-49.28235642258064,POINT (-49.28235642258064 -25.440360899999998)
2014-05-02 14:56:16.456349,-25.440093596774194,-49.28174740322581,POINT (-49.28174740322581 -25.440093596774194)
2014-05-02 14:56:26.456349,-25.439815583870967,-49.281113987096774,POINT (-49.281113987096774 -25.439815583870967)
2014-05-02 14:56:36.456349,-25.439602809677417,-49.280629267741936,POINT (-49.280629267741936 -25.439602809677417)
2014-05-02 14:56:46.456349,-25.43942519677419,-49.280225722580646,POINT (-49.280225722580646 -25.43942519677419)
2014-05-02 14:56:56.456349,-25.439361858064515,-49.28008599354839,POINT (-49.28008599354839 -25.439361858064515)
2014-05-02 14:57:06.456349,-25.43923224516129,-49.27980016774194,POINT (-49.27980016774194 -25.43923224516129)
2014-05-02 14:57:16.456349,-25.43900795483871,-49.279305632258065,POINT (-49.279305632258065 -25.43900795483871)
2014-05-02 14:57:26.456349,-25.438778600000003,-49.278706806451616,POINT (-49.278706806451616 -25.438778600000003)
2014-05-02 14:57:36.456349,-25.438545700000002,-49.27803497741936,POINT (-49.27803497741936 -25.438545700000002)
2014-05-02 14:57:46.456349,-25.438394867741938,-49.27762960645162,POINT (-49.27762960645162 -25.438394867741938)
2014-05-02 14:57:56.456349,-25.438269287096773,-49.27730622258065,POINT (-49.27730622258065 -25.438269287096773)
2014-05-02 14:58:06.456349,-25.438135861290323,-49.2769624516129,POINT (-49.2769624516129 -25.438135861290323)
2014-05-02 14:58:16.456349,-25.438015738709677,-49.276652948387095,POINT (-49.276652948387095 -25.438015738709677)
2014-05-02 14:58:26.456349,-25.437999067741934,-49.27661000967742,POINT (-49.27661000967742 -25.437999067741934)
2014-05-02 14:58:36.456349,-25.437943122580645,-49.27646602258064,POINT (-49.27646602258064 -25.437943122580645)
2014-05-02 14:58:46.456349,-25.437792919354838,-49.27607951935484,POINT (-49.27607951935484 -25.437792919354838)
2014-05-02 14:58:56.456349,-25.437671903225805,-49.27576803548387,POINT (-49.27576803548387 -25.437671903225805)
2014-05-02 14:59:06.456349,-25.437583722580644,-49.275540948387096,POINT (-49.275540948387096 -25.437583722580644)
2014-05-02 14:59:16.456349,-25.43810671612903,-49.275196622580644,POINT (-49.275196622580644 -25.43810671612903)
2014-05-02 14:59:26.456349,-25.438963077419352,-49.2747883483871,POINT (-49.2747883483871 -25.438963077419352)
2014-05-02 14:59:36.456349,-25.43917467096774,-49.27486998387097,POINT (-49.27486998387097 -25.43917467096774)
2014-05-02 14:59:46.456349,-25.4392481,-49.2750566,POINT (-49.2750566 -25.4392481)
2014-05-02 15:00:00.000000,-25.440988,-49.277436,POINT (-49.277436 -25.440988)
2014-05-02 15:00:10.000000,-25.440988,-49.277436,POINT (-49.277436 -25.440988)
2014-05-02 15:00:20.000000,-25.440988,-49.277436,POINT (-49.277436 -25.440988)
2014-05-02 15:00:30.000000,-25.440988,-49.277436,POINT (-49.277436 -25.440988)
2014-05-02 15:00:40.000000,-25.440988,-49.277436,POINT (-49.277436 -25.440988)
2014-05-02 15:00:50.000000,-25.440988,-49.277436,POINT (-49.277436 -25.440988)
2014-05-02 15:01:00.000000,-25.440988,-49.277436,POINT (-49.277436 -25.440988)
2014-05-02 15:01:10.000000,-25.440988,-49.277436,POINT (-49.277436 -25.440988)
2014-05-02 15:01:20.000000,-25.440988,-49.277436,POINT (-49.277436 -25.440988)
2014-05-02 15:01:30.000000,-25.440988,-49.277436,POINT (-49.277436 -25.440988)
2014-05-02 15:01:40.000000,-25.440988,-49.277436,POINT (-49.277436 -25.440988)
2014-05-02 15:01:50.000000,-25.440988,-49.277436,POINT (-49.277436 -25.440988)
2014-05-02 15:02:00.000000,-25.440988,-49.277436,POINT (-49.277436 -25.440988)
2014-05-02 15:02:10.000000,-25.440988,-49.277436,POINT (-49.277436 -25.440988)
2014-05-02 15:02:20.000000,-25.440988,-49.277436,POINT (-49.277436 -25.440988)
2014-05-02 15:02:30.000000,-25.440988,-49.277436,POINT (-49.277436 -25.440988)
2014-05-02 15:02:40.000000,-25.440988,-49.277436,POINT (-49.277436 -25.440988)
2014-05-02 15:02:50.000000,-25.440988,-49.277436,POINT (-49.277436 -25.440988)
2014-05-02 15:03:00.000000,-25.440988,-49.277436,POINT (-49.277436 -25.440988)
2014-05-02 15:03:10.000000,-25.440988,-49.277436,POINT (-49.277436 -25.440988)
2014-05-02 15:03:20.000000,-25.440988,-49.277436,POINT (-49.277436 -25.440988)
2014-05-02 15:03:30.000000,-25.440988,-49.277436,POINT (-49.277436 -25.440988)
2014-05-02 15:03:40.000000,-25.440988,-49.277436,POINT (-49.277436 -25.440988)
2014-05-02 15:03:50.000000,-25.440988,-49.277436,POINT (-49.277436 -25.440988)
2014-05-02 15:04:00.000000,-25.440988,-49.277436,POINT (-49.277436 -25.440988)
2014-05-02 15:04:10.000000,-25.440988,-49.277436,POINT (-49.277436 -25.440988)
2014-05-02 15:04:20.000000,-25.440988,-49.277436,POINT (-49.277436 -25.440988)
2014-05-02 15:04:30.000000,-25.440988,-49.277436,POINT (-49.277436 -25.440988)
2014-05-02 15:04:40.000000,-25.440988,-49.277436,POINT (-49.277436 -25.440988)
2014-05-02 15:04:50.000000,-25.440988,-49.277436,POINT (-49.277436 -25.440988)
2014-05-02 15:05:00.000000,-25.440988,-49.277436,POINT (-49.277436 -25.440988)
2014-05-02 15:05:10.000000,-25.440988,-49.277436,POINT (-49.277436 -25.440988)
2014-05-02 15:05:20.000000,-25.440988,-49.277436,POINT (-49.277436 -25.440988)
2014-05-02 15:05:30.000000,-25.440988,-49.277436,POINT (-49.277436 -25.440988)
2014-05-02 15:05:40.000000,-25.440988,-49.277436,POINT (-49.277436 -25.440988)
2014-05-02 15:05:50.000000,-25.440988,-49.277436,POINT (-49.277436 -25.440988)
2014-05-02 15:06:00.000000,-25.440988,-49.277436,POINT (-49.277436 -25.440988)
2014-05-02 15:06:10.000000,-25.440988,-49.277436,POINT (-49.277436 -25.440988)
2014-05-02 15:06:20.000000,-25.440988,-49.277436,POINT (-49.277436 -25.440988)
2014-05-02 15:06:30.000000,-25.440988,-49.277436,POINT (-49.277436 -25.440988)
2014-05-02 15:06:40.000000,-25.440988,-49.277436,POINT (-49.277436 -25.440988)
2014-05-02 15:06:50.000000,-25.440988,-49.277436,POINT (-49.277436 -25.440988)
2014-05-02 15:07:00.000000,-25.440988,-49.277436,POINT (-49.277436 -25.440988)
2014-05-02 15:07:10.000000,-25.440988,-49.277436,POINT (-49.277436 -25.440988)
2014-05-02 15:07:20.000000,-25.440988,-49.277436,POINT (-49.277436 -25.440988)
2014-05-02 15:07:30.000000,-25.440988,-49.277436,POINT (-49.277436 -25.440988)
2014-05-02 15:07:40.000000,-25.440988,-49.277436,POINT (-49.277436 -25.440988)
2014-05-02 15:07:50.000000,-25.440988,-49.277436,POINT (-49.277436 -25.440988)
2014-05-02 15:08:00.000000,-25.440988,-49.277436,POINT (-49.277436 -25.440988)
2014-05-02 15:08:10.000000,-25.440988,-49.277436,POINT (-49.277436 -25.440988)
2014-05-02 15:08:20.000000,-25.440988,-49.277436,POINT (-49.277436 -25.440988)
2014-05-02 15:08:30.000000,-25.440988,-49.277436,POINT (-49.277436 -25.440988)
2014-05-02 15:08:40.000000,-25.440988,-49.277436,POINT (-49.277436 -25.440988)
2014-05-02 15:08:50.000000,-25.440988,-49.277436,POINT (-49.277436 -25.440988)
2014-05-02 15:09:00.000000,-25.440988,-49.277436,POINT (-49.277436 -25.440988)
2014-05-02 15:09:10.000000,-25.440988,-49.277436,POINT (-49.277436 -25.440988)
2014-05-02 15:09:20.000000,-25.440988,-49.277436,POINT (-49.277436 -25.440988)
2014-05-02 15:09:30.000000,-25.440988,-49.277436,POINT (-49.277436 -25.440988)
2014-05-02 15:09:40.000000,-25.440988,-49.277436,POINT (-49.277436 -25.440988)
2014-05-02 15:09:50.000000,-25.440988,-49.277436,POINT (-49.277436 -25.440988)
2014-05-02 15:10:00.000000,-25.440988,-49.277436,POINT (-49.277436 -25.440988)
2014-05-02 15:10:10.000000,-25.440988,-49.277436,POINT (-49.277436 -25.440988)
2014-05-02 15:10:20.000000,-25.440988,-49.277436,POINT (-49.277436 -25.440988)
2014-05-02 15:10:30.000000,-25.440988,-49.277436,POINT (-49.277436 -25.440988)
2014-05-02 15:10:40.000000,-25.440988,-49.277436,POINT (-49.277436 -25.440988)
2014-05-02 15:10:50.000000,-25.440988,-49.277436,POINT (-49.277436 -25.440988)
2014-05-02 15:11:00.000000,-25.440988,-49.277436,POINT (-49.277436 -25.440988)
2014-05-02 15:11:10.000000,-25.440988,-49.277436,POINT (-49.277436 -25.440988)
2014-05-02 15:11:20.000000,-25.440988,-49.277436,POINT (-49.277436 -25.440988)
2014-05-02 15:11:30.000000,-25.440988,-49.277436,POINT (-49.277436 -25.440988)
2014-05-02 15:11:40.000000,-25.440988,-49.277436,POINT (-49.277436 -25.440988)
2014-05-02 15:11:50.000000,-25.440988,-49.277436,POINT (-49.277436 -25.440988)
2014-05-02 15:12:00.000000,-25.440988,-49.277436,POINT (-49.277436 -25.440988)
2014-05-02 15:12:10.000000,-25.440988,-49.277436,POINT (-49.277436 -25.440988)
2014-05-02 15:12:20.000000,-25.440988,-49.277436,POINT (-49.277436 -25.440988)
2014-05-02 15:12:30.000000,-25.440988,-49.277436,POINT (-49.277436 -25.440988)
2014-05-02 15:12:40.000000,-25.440988,-49.277436,POINT (-49.277436 -25.440988)
2014-05-02 15:12:50.000000,-25.440988,-49.277436,POINT (-49.277436 -25.440988)
2014-05-02 15:13:00.000000,-25.440988,-49.277436,POINT (-49.277436 -25.440988)
2014-05-02 15:13:10.000000,-25.440988,-49.277436,POINT (-49.277436 -25.440988)
2014-05-02 15:13:20.000000,-25.440988,-49.277436,POINT (-49.277436 -25.440988)
2014-05-02 15:13:30.000000,-25.440988,-49.277436,POINT (-49.277436 -25.440988)
2014-05-02 15:13:40.000000,-25.440988,-49.277436,POINT (-49.277436 -25.440988)
2014-05-02 15:13:50.000000,-25.440988,-49.277436,POINT (-49.277436 -25.440988)
2014-05-02 15:14:00.000000,-25.440988,-49.277436,POINT (-49.277436 -25.440988)
2014-05-02 15:14:10.000000,-25.440988,-49.277436,POINT (-49.277436 -25.440988)
2014-05-02 15:14:20.000000,-25.440988,-49.277436,POINT (-49.277436 -25.440988)
2014-05-02 15:14:30.000000,-25.440988,-49.277436,POINT (-49.277436 -25.440988)
2014-05-02 15:14:40.000000,-25.440988,-49.277436,POINT (-49.277436 -25.440988)
2014-05-02 15:14:50.000000,-25.440988,-49.277436,POINT (-49.277436 -25.440988)
2014-05-02 15:15:00.000000,-25.440988,-49.277436,POINT (-49.277436 -25.440988)
2014-05-02 15:15:10.000000,-25.440988,-49.277436,POINT (-49.277436 -25.440988)
2014-05-02 15:15:20.000000,-25.440988,-49.277436,POINT (-49.277436 -25.440988)
2014-05-02 15:15:30.000000,-25.440988,-49.277436,POINT (-49.277436 -25.440988)
2014-05-02 15:15:40.000000,-25.440988,-49.277436,POINT (-49.277436 -25.440988)
2014-05-02 15:15:50.000000,-25.440988,-49.277436,POINT (-49.277436 -25.440988)
2014-05-02 15:16:00.000000,-25.440988,-49.277436,POINT (-49.277436 -25.440988)
2014-05-02 15:16:10.000000,-25.440988,-49.277436,POINT (-49.277436 -25.440988)
2014-05-02 15:16:20.000000,-25.440988,-49.277436,POINT (-49.277436 -25.440988)
2014-05-02 15:16:30.000000,-25.440988,-49.277436,POINT (-49.277436 -25.440988)
2014-05-02 15:16:40.000000,-25.440988,-49.277436,POINT (-49.277436 -25.440988)
2014-05-02 15:16:50.000000,-25.440988,-49.277436,POINT (-49.277436 -25.440988)
2014-05-02 15:17:00.000000,-25.440988,-49.277436,POINT (-49.277436 -25.440988)
2014-05-02 15:17:10.000000,-25.440988,-49.277436,POINT (-49.277436 -25.440988)
2014-05-02 15:17:20.000000,-25.440988,-49.277436,POINT (-49.277436 -25.440988)
2014-05-02 15:17:30.000000,-25.440988,-49.277436,POINT (-49.277436 -25.440988)
2014-05-02 15:17:40.000000,-25.440988,-49.277436,POINT (-49.277436 -25.440988)
2014-05-02 15:17:50.000000,-25.440988,-49.277436,POINT (-49.277436 -25.440988)
2014-05-02 15:18:00.000000,-25.440988,-49.277436,POINT (-49.277436 -25.440988)
2014-05-02 15:18:10.000000,-25.440988,-49.277436,POINT (-49.277436 -25.440988)
2014-05-02 15:18:20.000000,-25.440988,-49.277436,POINT (-49.277436 -25.440988)
2014-05-02 15:18:30.000000,-25.440988,-49.277436,POINT (-49.277436 -25.440988)
2014-05-02 15:18:40.000000,-25.440988,-49.277436,POINT (-49.277436 -25.440988)
2014-05-02 15:18:50.000000,-25.440988,-49.277436,POINT (-49.277436 -25.440988)
2014-05-02 15:19:00.000000,-25.440988,-49.277436,POINT (-49.277436 -25.440988)
2014-05-02 15:19:10.000000,-25.440988,-49.277436,POINT (-49.277436 -25.440988)
2014-05-02 15:19:20.000000,-25.440988,-49.277436,POINT (-49.277436 -25.440988)
2014-05-02 15:19:30.000000,-25.440988,-49.277436,POINT (-49.277436 -25.440988)
2014-05-02 15:19:40.000000,-25.440988,-49.277436,POINT (-49.277436 -25.440988)
2014-05-02 15:19:50.000000,-25.440988,-49.277436,POINT (-49.277436 -25.440988)
2014-05-02 15:20:00.000000,-25.440988,-49.277436,POINT (-49.277436 -25.440988)
2014-05-02 15:20:10.000000,-25.440988,-49.277436,POINT (-49.277436 -25.440988)
2014-05-02 15:20:20.000000,-25.440988,-49.277436,POINT (-49.277436 -25.440988)
2014-05-02 15:20:30.000000,-25.440988,-49.277436,POINT (-49.277436 -25.440988)
2014-05-02 15:20:40.000000,-25.440988,-49.277436,POINT (-49.277436 -25.440988)
2014-05-02 15:20:50.000000,-25.440988,-49.277436,POINT (-49.277436 -25.440988)
2014-05-02 15:21:00.000000,-25.440988,-49.277436,POINT (-49.277436 -25.440988)
2014-05-02 15:21:10.000000,-25.440988,-49.277436,POINT (-49.277436 -25.440988)
2014-05-02 15:21:20.000000,-25.440988,-49.277436,POINT (-49.277436 -25.440988)
2014-05-02 15:21:30.000000,-25.440988,-49.277436,POINT (-49.277436 -25.440988)
2014-05-02 15:21:40.000000,-25.440988,-49.277436,POINT (-49.277436 -25.440988)
2014-05-02 15:21:50.000000,-25.440988,-49.277436,POINT (-49.277436 -25.440988)
2014-05-02 15:22:00.000000,-25.440988,-49.277436,POINT (-49.277436 -25.440988)
2014-05-02 15:22:10.000000,-25.440988,-49.277436,POINT (-49.277436 -25.440988)
2014-05-02 15:22:20.000000,-25.440988,-49.277436,POINT (-49.277436 -25.440988)
2014-05-02 15:22:30.000000,-25.440988,-49.277436,POINT (-49.277436 -25.440988)
2014-05-02 15:22:40.000000,-25.440988,-49.277436,POINT (-49.277436 -25.440988)
2014-05-02 15:22:50.000000,-25.440988,-49.277436,POINT (-49.277436 -25.440988)
2014-05-02 15:23:00.000000,-25.440988,-49.277436,POINT (-49.277436 -25.440988)
2014-05-02 15:23:10.000000,-25.440988,-49.277436,POINT (-49.277436 -25.440988)
2014-05-02 15:23:20.000000,-25.440988,-49.277436,POINT (-49.277436 -25.440988)
2014-05-02 15:23:30.000000,-25.440988,-49.277436,POINT (-49.277436 -25.440988)
2014-05-02 15:23:40.000000,-25.440988,-49.277436,POINT (-49.277436 -25.440988)
2014-05-02 15:23:50.000000,-25.440988,-49.277436,POINT (-49.277436 -25.440988)
2014-05-02 15:24:00.000000,-25.440988,-49.277436,POINT (-49.277436 -25.440988)
2014-05-02 15:24:10.000000,-25.440988,-49.277436,POINT (-49.277436 -25.440988)
2014-05-02 15:24:20.000000,-25.440988,-49.277436,POINT (-49.277436 -25.440988)
2014-05-02 15:24:30.000000,-25.440988,-49.277436,POINT (-49.277436 -25.440988)
2014-05-02 15:24:40.000000,-25.440988,-49.277436,POINT (-49.277436 -25.440988)
2014-05-02 15:24:50.000000,-25.440988,-49.277436,POINT (-49.277436 -25.440988)
2014-05-02 15:25:00.000000,-25.440988,-49.277436,POINT (-49.277436 -25.440988)
2014-05-02 15:25:10.000000,-25.440988,-49.277436,POINT (-49.277436 -25.440988)
2014-05-02 15:25:20.000000,-25.440988,-49.277436,POINT (-49.277436 -25.440988)
2014-05-02 15:25:30.000000,-25.440988,-49.277436,POINT (-49.277436 -25.440988)
2014-05-02 15:25:40.000000,-25.440988,-49.277436,POINT (-49.277436 -25.440988)
2014-05-02 15:25:50.000000,-25.440988,-49.277436,POINT (-49.277436 -25.440988)
2014-05-02 15:26:00.000000,-25.440988,-49.277436,POINT (-49.277436 -25.440988)
2014-05-02 15:26:10.000000,-25.440988,-49.277436,POINT (-49.277436 -25.440988)
2014-05-02 15:26:20.000000,-25.440988,-49.277436,POINT (-49.277436 -25.440988)
2014-05-02 15:26:30.000000,-25.440988,-49.277436,POINT (-49.277436 -25.440988)
2014-05-02 15:26:40.000000,-25.440988,-49.277436,POINT (-49.277436 -25.440988)
2014-05-02 15:26:50.000000,-25.440988,-49.277436,POINT (-49.277436 -25.440988)
2014-05-02 15:27:00.000000,-25.440988,-49.277436,POINT (-49.277436 -25.440988)
2014-05-02 15:27:10.000000,-25.440988,-49.277436,POINT (-49.277436 -25.440988)
2014-05-02 15:27:20.000000,-25.440988,-49.277436,POINT (-49.277436 -25.440988)
2014-05-02 15:27:30.000000,-25.440988,-49.277436,POINT (-49.277436 -25.440988)
2014-05-02 15:27:40.000000,-25.440988,-49.277436,POINT (-49.277436 -25.440988)
2014-05-02 15:27:50.000000,-25.440988,-49.277436,POINT (-49.277436 -25.440988)
2014-05-02 15:28:00.000000,-25.440988,-49.277436,POINT (-49.277436 -25.440988)
2014-05-02 15:28:10.000000,-25.440988,-49.277436,POINT (-49.277436 -25.440988)
2014-05-02 15:28:20.000000,-25.440988,-49.277436,POINT (-49.277436 -25.440988)
2014-05-02 15:28:30.000000,-25.440988,-49.277436,POINT (-49.277436 -25.440988)
2014-05-02 15:28:40.000000,-25.440988,-49.277436,POINT (-49.277436 -25.440988)
2014-05-02 15:28:50.000000,-25.440988,-49.277436,POINT (-49.277436 -25.440988)
2014-05-02 15:29:00.000000,-25.440988,-49.277436,POINT (-49.277436 -25.440988)
2014-05-02 15:29:10.000000,-25.440988,-49.277436,POINT (-49.277436 -25.440988)
2014-05-02 15:29:20.000000,-25.440988,-49.277436,POINT (-49.277436 -25.440988)
2014-05-02 15:29:30.000000,-25.440988,-49.277436,POINT (-49.277436 -25.440988)
2014-05-02 15:29:40.000000,-25.440988,-49.277436,POINT (-49.277436 -25.440988)
2014-05-02 15:29:50.000000,-25.440988,-49.277436,POINT (-49.277436 -25.440988)
2014-05-02 15:30:00.000000,-25.440988,-49.277436,POINT (-49.277436 -25.440988)
2014-05-02 15:30:10.000000,-25.440988,-49.277436,POINT (-49.277436 -25.440988)
2014-05-02 15:30:20.000000,-25.440988,-49.277436,POINT (-49.277436 -25.440988)
2014-05-02 15:30:30.000000,-25.440988,-49.277436,POINT (-49.277436 -25.440988)
2014-05-02 15:30:40.000000,-25.440988,-49.277436,POINT (-49.277436 -25.440988)
2014-05-02 15:30:50.000000,-25.440988,-49.277436,POINT (-49.277436 -25.440988)
2014-05-02 15:31:00.000000,-25.440988,-49.277436,POINT (-49.277436 -25.440988)
2014-05-02 15:31:10.000000,-25.440988,-49.277436,POINT (-49.277436 -25.440988)
2014-05-02 15:31:20.000000,-25.440988,-49.277436,POINT (-49.277436 -25.440988)
2014-05-02 15:31:30.000000,-25.440988,-49.277436,POINT (-49.277436 -25.440988)
2014-05-02 15:31:40.000000,-25.440988,-49.277436,POINT (-49.277436 -25.440988)
2014-05-02 15:31:50.000000,-25.440988,-49.277436,POINT (-49.277436 -25.440988)
2014-05-02 15:32:00.000000,-25.440988,-49.277436,POINT (-49.277436 -25.440988)
2014-05-02 15:32:10.000000,-25.440988,-49.277436,POINT (-49.277436 -25.440988)
2014-05-02 15:32:20.000000,-25.440988,-49.277436,POINT (-49.277436 -25.440988)
2014-05-02 15:32:30.000000,-25.440988,-49.277436,POINT (-49.277436 -25.440988)
2014-05-02 15:32:40.000000,-25.440988,-49.277436,POINT (-49.277436 -25.440988)
2014-05-02 15:32:50.000000,-25.440988,-49.277436,POINT (-49.277436 -25.440988)
2014-05-02 15:33:00.000000,-25.440988,-49.277436,POINT (-49.277436 -25.440988)
2014-05-02 15:33:10.000000,-25.440988,-49.277436,POINT (-49.277436 -25.440988)
2014-05-02 15:33:20.000000,-25.440988,-49.277436,POINT (-49.277436 -25.440988)
2014-05-02 15:33:30.000000,-25.440988,-49.277436,POINT (-49.277436 -25.440988)
2014-05-02 15:33:40.000000,-25.440988,-49.277436,POINT (-49.277436 -25.440988)
2014-05-02 15:33:50.000000,-25.440988,-49.277436,POINT (-49.277436 -25.440988)
2014-05-02 15:34:00.000000,-25.440988,-49.277436,POINT (-49.277436 -25.440988)
2014-05-02 15:34:10.000000,-25.440988,-49.277436,POINT (-49.277436 -25.440988)
2014-05-02 15:34:20.000000,-25.440988,-49.277436,POINT (-49.277436 -25.440988)
2014-05-02 15:34:30.000000,-25.440988,-49.277436,POINT (-49.277436 -25.440988)
2014-05-02 15:34:40.000000,-25.440988,-49.277436,POINT (-49.277436 -25.440988)
2014-05-02 15:34:50.000000,-25.440988,-49.277436,POINT (-49.277436 -25.440988)
2014-05-02 15:35:00.000000,-25.440988,-49.277436,POINT (-49.277436 -25.440988)
2014-05-02 15:35:10.000000,-25.440988,-49.277436,POINT (-49.277436 -25.440988)
2014-05-02 15:35:20.000000,-25.440988,-49.277436,POINT (-49.277436 -25.440988)
2014-05-02 15:35:30.000000,-25.440988,-49.277436,POINT (-49.277436 -25.440988)
2014-05-02 15:35:40.000000,-25.440988,-49.277436,POINT (-49.277436 -25.440988)
2014-05-02 15:35:50.000000,-25.440988,-49.277436,POINT (-49.277436 -25.440988)
2014-05-02 15:36:00.000000,-25.440988,-49.277436,POINT (-49.277436 -25.440988)
2014-05-02 15:36:10.000000,-25.440988,-49.277436,POINT (-49.277436 -25.440988)
2014-05-02 15:36:20.000000,-25.440988,-49.277436,POINT (-49.277436 -25.440988)
2014-05-02 15:36:30.000000,-25.440988,-49.277436,POINT (-49.277436 -25.440988)
2014-05-02 15:36:40.000000,-25.440988,-49.277436,POINT (-49.277436 -25.440988)
2014-05-02 15:36:50.000000,-25.440988,-49.277436,POINT (-49.277436 -25.440988)
2014-05-02 15:37:00.000000,-25.440988,-49.277436,POINT (-49.277436 -25.440988)
2014-05-02 15:37:10.000000,-25.440988,-49.277436,POINT (-49.277436 -25.440988)
2014-05-02 15:37:20.000000,-25.440988,-49.277436,POINT (-49.277436 -25.440988)
2014-05-02 15:37:30.000000,-25.440988,-49.277436,POINT (-49.277436 -25.440988)
2014-05-02 15:37:40.000000,-25.440988,-49.277436,POINT (-49.277436 -25.440988)
2014-05-02 15:37:50.000000,-25.440988,-49.277436,POINT (-49.277436 -25.440988)
2014-05-02 15:38:00.000000,-25.440988,-49.277436,POINT (-49.277436 -25.440988)
2014-05-02 15:38:10.000000,-25.440988,-49.277436,POINT (-49.277436 -25.440988)
2014-05-02 15:38:20.000000,-25.440988,-49.277436,POINT (-49.277436 -25.440988)
2014-05-02 15:38:30.000000,-25.440988,-49.277436,POINT (-49.277436 -25.440988)
2014-05-02 15:38:40.000000,-25.440988,-49.277436,POINT (-49.277436 -25.440988)
2014-05-02 15:38:50.000000,-25.440988,-49.277436,POINT (-49.277436 -25.440988)
2014-05-02 15:39:00.000000,-25.440988,-49.277436,POINT (-49.277436 -25.440988)
2014-05-02 15:39:10.000000,-25.440988,-49.277436,POINT (-49.277436 -25.440988)
2014-05-02 15:39:20.000000,-25.440988,-49.277436,POINT (-49.277436 -25.440988)
2014-05-02 15:39:30.000000,-25.440988,-49.277436,POINT (-49.277436 -25.440988)
2014-05-02 15:39:40.000000,-25.440988,-49.277436,POINT (-49.277436 -25.440988)
2014-05-02 15:39:50.000000,-25.440988,-49.277436,POINT (-49.277436 -25.440988)
2014-05-02 15:40:00.000000,-25.440988,-49.277436,POINT (-49.277436 -25.440988)
2014-05-02 15:40:10.000000,-25.440988,-49.277436,POINT (-49.277436 -25.440988)
2014-05-02 15:40:20.000000,-25.440988,-49.277436,POINT (-49.277436 -25.440988)
2014-05-02 15:40:30.000000,-25.440988,-49.277436,POINT (-49.277436 -25.440988)
2014-05-02 15:40:40.000000,-25.440988,-49.277436,POINT (-49.277436 -25.440988)
2014-05-02 15:40:50.000000,-25.440988,-49.277436,POINT (-49.277436 -25.440988)
2014-05-02 15:41:00.000000,-25.440988,-49.277436,POINT (-49.277436 -25.440988)
2014-05-02 15:41:10.000000,-25.440988,-49.277436,POINT (-49.277436 -25.440988)
2014-05-02 15:41:20.000000,-25.440988,-49.277436,POINT (-49.277436 -25.440988)
2014-05-02 15:41:30.000000,-25.440988,-49.277436,POINT (-49.277436 -25.440988)
2014-05-02 15:41:40.000000,-25.440988,-49.277436,POINT (-49.277436 -25.440988)
2014-05-02 15:41:50.000000,-25.440988,-49.277436,POINT (-49.277436 -25.440988)
2014-05-02 15:42:00.000000,-25.440988,-49.277436,POINT (-49.277436 -25.440988)
2014-05-02 15:42:10.000000,-25.440988,-49.277436,POINT (-49.277436 -25.440988)
2014-05-02 15:42:20.000000,-25.440988,-49.277436,POINT (-49.277436 -25.440988)
2014-05-02 15:42:30.000000,-25.440988,-49.277436,POINT (-49.277436 -25.440988)
2014-05-02 15:42:40.000000,-25.440988,-49.277436,POINT (-49.277436 -25.440988)
2014-05-02 15:42:50.000000,-25.440988,-49.277436,POINT (-49.277436 -25.440988)
2014-05-02 15:43:00.000000,-25.440988,-49.277436,POINT (-49.277436 -25.440988)
2014-05-02 15:43:10.000000,-25.440988,-49.277436,POINT (-49.277436 -25.440988)
2014-05-02 15:43:20.000000,-25.440988,-49.277436,POINT (-49.277436 -25.440988)
2014-05-02 15:43:30.000000,-25.440988,-49.277436,POINT (-49.277436 -25.440988)
2014-05-02 15:43:40.000000,-25.440988,-49.277436,POINT (-49.277436 -25.440988)
2014-05-02 15:43:50.000000,-25.440988,-49.277436,POINT (-49.277436 -25.440988)
2014-05-02 15:44:00.000000,-25.440988,-49.277436,POINT (-49.277436 -25.440988)
2014-05-02 15:44:10.000000,-25.440988,-49.277436,POINT (-49.277436 -25.440988)
2014-05-02 15:44:20.000000,-25.440988,-49.277436,POINT (-49.277436 -25.440988)
2014-05-02 15:44:30.000000,-25.440988,-49.277436,POINT (-49.277436 -25.440988)
2014-05-02 15:44:40.000000,-25.440988,-49.277436,POINT (-49.277436 -25.440988)
2014-05-02 15:44:50.000000,-25.440988,-49.277436,POINT (-49.277436 -25.440988)
2014-05-02 15:45:00.000000,-25.440988,-49.277436,POINT (-49.277436 -25.440988)
2014-05-02 15:45:10.000000,-25.440988,-49.277436,POINT (-49.277436 -25.440988)
2014-05-02 15:45:20.000000,-25.440988,-49.277436,POINT (-49.277436 -25.440988)
2014-05-02 15:45:30.000000,-25.440988,-49.277436,POINT (-49.277436 -25.440988)
2014-05-02 15:45:40.000000,-25.440988,-49.277436,POINT (-49.277436 -25.440988)
2014-05-02 15:45:50.000000,-25.440988,-49.277436,POINT (-49.277436 -25.440988)
2014-05-02 15:46:00.000000,-25.440988,-49.277436,POINT (-49.277436 -25.440988)
2014-05-02 15:46:10.000000,-25.440988,-49.277436,POINT (-49.277436 -25.440988)
2014-05-02 15:46:20.000000,-25.440988,-49.277436,POINT (-49.277436 -25.440988)
2014-05-02 15:46:30.000000,-25.440988,-49.277436,POINT (-49.277436 -25.440988)
2014-05-02 15:46:40.000000,-25.440988,-49.277436,POINT (-49.277436 -25.440988)
2014-05-02 15:46:50.000000,-25.440988,-49.277436,POINT (-49.277436 -25.440988)
2014-05-02 15:47:00.000000,-25.440988,-49.277436,POINT (-49.277436 -25.440988)
2014-05-02 15:47:10.000000,-25.440988,-49.277436,POINT (-49.277436 -25.440988)
2014-05-02 15:47:20.000000,-25.440988,-49.277436,POINT (-49.277436 -25.440988)
2014-05-02 15:47:30.000000,-25.440988,-49.277436,POINT (-49.277436 -25.440988)
2014-05-02 15:47:40.000000,-25.440988,-49.277436,POINT (-49.277436 -25.440988)
2014-05-02 15:47:50.000000,-25.440988,-49.277436,POINT (-49.277436 -25.440988)
2014-05-02 15:48:00.000000,-25.440988,-49.277436,POINT (-49.277436 -25.440988)
2014-05-02 15:48:10.000000,-25.440988,-49.277436,POINT (-49.277436 -25.440988)
2014-05-02 15:48:20.000000,-25.440988,-49.277436,POINT (-49.277436 -25.440988)
2014-05-02 15:48:30.000000,-25.440988,-49.277436,POINT (-49.277436 -25.440988)
2014-05-02 15:48:40.000000,-25.440988,-49.277436,POINT (-49.277436 -25.440988)
2014-05-02 15:48:50.000000,-25.440988,-49.277436,POINT (-49.277436 -25.440988)
2014-05-02 15:49:00.000000,-25.440988,-49.277436,POINT (-49.277436 -25.440988)
2014-05-02 15:49:10.000000,-25.440988,-49.277436,POINT (-49.277436 -25.440988)
2014-05-02 15:49:20.000000,-25.440988,-49.277436,POINT (-49.277436 -25.440988)
2014-05-02 15:49:30.000000,-25.440988,-49.277436,POINT (-49.277436 -25.440988)
2014-05-02 15:49:40.000000,-25.440988,-49.277436,POINT (-49.277436 -25.440988)
2014-05-02 15:49:50.000000,-25.440988,-49.277436,POINT (-49.277436 -25.440988)
2014-05-02 15:50:00.000000,-25.440988,-49.277436,POINT (-49.277436 -25.440988)
2014-05-02 15:50:10.000000,-25.440988,-49.277436,POINT (-49.277436 -25.440988)
2014-05-02 15:50:20.000000,-25.440988,-49.277436,POINT (-49.277436 -25.440988)
2014-05-02 15:50:30.000000,-25.440988,-49.277436,POINT (-49.277436 -25.440988)
2014-05-02 15:50:40.000000,-25.440988,-49.277436,POINT (-49.277436 -25.440988)
2014-05-02 15:50:50.000000,-25.440988,-49.277436,POINT (-49.277436 -25.440988)
2014-05-02 15:51:00.000000,-25.440988,-49.277436,POINT (-49.277436 -25.440988)
2014-05-02 15:51:10.000000,-25.440988,-49.277436,POINT (-49.277436 -25.440988)
2014-05-02 15:51:20.000000,-25.440988,-49.277436,POINT (-49.277436 -25.440988)
2014-05-02 15:51:30.000000,-25.440988,-49.277436,POINT (-49.277436 -25.440988)
2014-05-02 15:51:40.000000,-25.440988,-49.277436,POINT (-49.277436 -25.440988)
2014-05-02 15:51:50.000000,-25.440988,-49.277436,POINT (-49.277436 -25.440988)
2014-05-02 15:52:00.000000,-25.440988,-49.277436,POINT (-49.277436 -25.440988)
2014-05-02 15:52:10.000000,-25.440988,-49.277436,POINT (-49.277436 -25.440988)
2014-05-02 15:52:20.000000,-25.440988,-49.277436,POINT (-49.277436 -25.440988)
2014-05-02 15:52:30.000000,-25.440988,-49.277436,POINT (-49.277436 -25.440988)
2014-05-02 15:52:40.000000,-25.440988,-49.277436,POINT (-49.277436 -25.440988)
2014-05-02 15:52:50.000000,-25.440988,-49.277436,POINT (-49.277436 -25.440988)
2014-05-02 15:53:00.000000,-25.440988,-49.277436,POINT (-49.277436 -25.440988)
2014-05-02 15:53:10.000000,-25.440988,-49.277436,POINT (-49.277436 -25.440988)
2014-05-02 15:53:20.000000,-25.440988,-49.277436,POINT (-49.277436 -25.440988)
2014-05-02 15:53:30.000000,-25.440988,-49.277436,POINT (-49.277436 -25.440988)
2014-05-02 15:53:40.000000,-25.440988,-49.277436,POINT (-49.277436 -25.440988)
2014-05-02 15:53:50.000000,-25.440988,-49.277436,POINT (-49.277436 -25.440988)
2014-05-02 15:54:00.000000,-25.440988,-49.277436,POINT (-49.277436 -25.440988)
2014-05-02 15:54:10.000000,-25.440988,-49.277436,POINT (-49.277436 -25.440988)
2014-05-02 15:54:20.000000,-25.440988,-49.277436,POINT (-49.277436 -25.440988)
2014-05-02 15:54:30.000000,-25.440988,-49.277436,POINT (-49.277436 -25.440988)
2014-05-02 15:54:40.000000,-25.440988,-49.277436,POINT (-49.277436 -25.440988)
2014-05-02 15:54:50.000000,-25.440988,-49.277436,POINT (-49.277436 -25.440988)
2014-05-02 15:55:00.000000,-25.440988,-49.277436,POINT (-49.277436 -25.440988)
2014-05-02 15:55:10.000000,-25.440988,-49.277436,POINT (-49.277436 -25.440988)
2014-05-02 15:55:20.000000,-25.440988,-49.277436,POINT (-49.277436 -25.440988)
2014-05-02 15:55:30.000000,-25.440988,-49.277436,POINT (-49.277436 -25.440988)
2014-05-02 15:55:40.000000,-25.440988,-49.277436,POINT (-49.277436 -25.440988)
2014-05-02 15:55:50.000000,-25.440988,-49.277436,POINT (-49.277436 -25.440988)
2014-05-02 15:56:00.000000,-25.440988,-49.277436,POINT (-49.277436 -25.440988)
2014-05-02 15:56:10.000000,-25.440988,-49.277436,POINT (-49.277436 -25.440988)
2014-05-02 15:56:20.000000,-25.440988,-49.277436,POINT (-49.277436 -25.440988)
2014-05-02 16:00:00.000000,-25.4405812465,-49.2760848999,POINT (-49.2760848999 -25.4405812465)
2014-05-02 16:00:10.000000,-25.4405812465,-49.2760848999,POINT (-49.2760848999 -25.4405812465)
2014-05-02 16:00:20.000000,-25.4405812465,-49.2760848999,POINT (-49.2760848999 -25.4405812465)
2014-05-02 16:00:30.000000,-25.4405812465,-49.2760848999,POINT (-49.2760848999 -25.4405812465)
2014-05-02 16:00:40.000000,-25.4405812465,-49.2760848999,POINT (-49.2760848999 -25.4405812465)
2014-05-02 16:00:50.000000,-25.4405812465,-49.2760848999,POINT (-49.2760848999 -25.4405812465)
2014-05-02 16:01:00.000000,-25.4405812465,-49.2760848999,POINT (-49.2760848999 -25.4405812465)
2014-05-02 16:01:10.000000,-25.4405812465,-49.2760848999,POINT (-49.2760848999 -25.4405812465)
2014-05-02 16:01:20.000000,-25.4405812465,-49.2760848999,POINT (-49.2760848999 -25.4405812465)
2014-05-02 16:01:30.000000,-25.4405812465,-49.2760848999,POINT (-49.2760848999 -25.4405812465)
2014-05-02 16:01:40.000000,-25.4405812465,-49.2760848999,POINT (-49.2760848999 -25.4405812465)
2014-05-02 16:01:50.000000,-25.4405812465,-49.2760848999,POINT (-49.2760848999 -25.4405812465)
2014-05-02 16:02:00.000000,-25.4405812465,-49.2760848999,POINT (-49.2760848999 -25.4405812465)
2014-05-02 16:02:10.000000,-25.4405812465,-49.2760848999,POINT (-49.2760848999 -25.4405812465)
2014-05-02 16:02:20.000000,-25.4405812465,-49.2760848999,POINT (-49.2760848999 -25.4405812465)
2014-05-02 16:02:30.000000,-25.4405812465,-49.2760848999,POINT (-49.2760848999 -25.4405812465)
2014-05-02 16:02:40.000000,-25.4405812465,-49.2760848999,POINT (-49.2760848999 -25.4405812465)
2014-05-02 16:02:50.000000,-25.4405812465,-49.2760848999,POINT (-49.2760848999 -25.4405812465)
2014-05-02 16:03:00.000000,-25.4405812465,-49.2760848999,POINT (-49.2760848999 -25.4405812465)
2014-05-02 16:03:10.000000,-25.4405812465,-49.2760848999,POINT (-49.2760848999 -25.4405812465)
2014-05-02 16:03:20.000000,-25.4405812465,-49.2760848999,POINT (-49.2760848999 -25.4405812465)
2014-05-02 16:03:30.000000,-25.4405812465,-49.2760848999,POINT (-49.2760848999 -25.4405812465)
2014-05-02 16:03:40.000000,-25.4405812465,-49.2760848999,POINT (-49.2760848999 -25.4405812465)
2014-05-02 16:03:50.000000,-25.4405812465,-49.2760848999,POINT (-49.2760848999 -25.4405812465)
2014-05-02 16:04:00.000000,-25.4405812465,-49.2760848999,POINT (-49.2760848999 -25.4405812465)
2014-05-02 16:04:10.000000,-25.4405812465,-49.2760848999,POINT (-49.2760848999 -25.4405812465)
2014-05-02 16:04:20.000000,-25.4405812465,-49.2760848999,POINT (-49.2760848999 -25.4405812465)
2014-05-02 16:04:30.000000,-25.4405812465,-49.2760848999,POINT (-49.2760848999 -25.4405812465)
2014-05-02 16:04:40.000000,-25.4405812465,-49.2760848999,POINT (-49.2760848999 -25.4405812465)
2014-05-02 16:04:50.000000,-25.4405812465,-49.2760848999,POINT (-49.2760848999 -25.4405812465)
2014-05-02 16:05:00.000000,-25.4405812465,-49.2760848999,POINT (-49.2760848999 -25.4405812465)
2014-05-02 16:05:10.000000,-25.4405812465,-49.2760848999,POINT (-49.2760848999 -25.4405812465)
2014-05-02 16:05:20.000000,-25.4405812465,-49.2760848999,POINT (-49.2760848999 -25.4405812465)
2014-05-02 16:05:30.000000,-25.4405812465,-49.2760848999,POINT (-49.2760848999 -25.4405812465)
2014-05-02 16:05:40.000000,-25.4405812465,-49.2760848999,POINT (-49.2760848999 -25.4405812465)
2014-05-02 16:05:50.000000,-25.4405812465,-49.2760848999,POINT (-49.2760848999 -25.4405812465)
2014-05-02 16:06:00.000000,-25.4405812465,-49.2760848999,POINT (-49.2760848999 -25.4405812465)
2014-05-02 16:06:10.000000,-25.4405812465,-49.2760848999,POINT (-49.2760848999 -25.4405812465)
2014-05-02 16:06:20.000000,-25.4405812465,-49.2760848999,POINT (-49.2760848999 -25.4405812465)
2014-05-02 16:06:30.000000,-25.4405812465,-49.2760848999,POINT (-49.2760848999 -25.4405812465)
2014-05-02 16:06:40.000000,-25.4405812465,-49.2760848999,POINT (-49.2760848999 -25.4405812465)
2014-05-02 16:06:50.000000,-25.4405812465,-49.2760848999,POINT (-49.2760848999 -25.4405812465)
2014-05-02 16:07:00.000000,-25.4405812465,-49.2760848999,POINT (-49.2760848999 -25.4405812465)
2014-05-02 16:07:10.000000,-25.4405812465,-49.2760848999,POINT (-49.2760848999 -25.4405812465)
2014-05-02 16:07:20.000000,-25.4405812465,-49.2760848999,POINT (-49.2760848999 -25.4405812465)
2014-05-02 16:07:30.000000,-25.4405812465,-49.2760848999,POINT (-49.2760848999 -25.4405812465)
2014-05-02 16:07:40.000000,-25.4405812465,-49.2760848999,POINT (-49.2760848999 -25.4405812465)
2014-05-02 16:07:50.000000,-25.4405812465,-49.2760848999,POINT (-49.2760848999 -25.4405812465)
2014-05-02 16:08:00.000000,-25.4405812465,-49.2760848999,POINT (-49.2760848999 -25.4405812465)
2014-05-02 16:08:10.000000,-25.4405812465,-49.2760848999,POINT (-49.2760848999 -25.4405812465)
2014-05-02 16:08:20.000000,-25.4405812465,-49.2760848999,POINT (-49.2760848999 -25.4405812465)
2014-05-02 16:08:30.000000,-25.4405812465,-49.2760848999,POINT (-49.2760848999 -25.4405812465)
2014-05-02 16:08:40.000000,-25.4405812465,-49.2760848999,POINT (-49.2760848999 -25.4405812465)
2014-05-02 16:08:50.000000,-25.4405812465,-49.2760848999,POINT (-49.2760848999 -25.4405812465)
2014-05-02 16:09:00.000000,-25.4405812465,-49.2760848999,POINT (-49.2760848999 -25.4405812465)
2014-05-02 16:09:10.000000,-25.4405812465,-49.2760848999,POINT (-49.2760848999 -25.4405812465)
2014-05-02 16:09:20.000000,-25.4405812465,-49.2760848999,POINT (-49.2760848999 -25.4405812465)
2014-05-02 16:09:30.000000,-25.4405812465,-49.2760848999,POINT (-49.2760848999 -25.4405812465)
2014-05-02 16:09:40.000000,-25.4405812465,-49.2760848999,POINT (-49.2760848999 -25.4405812465)
2014-05-02 16:09:50.000000,-25.4405812465,-49.2760848999,POINT (-49.2760848999 -25.4405812465)
2014-05-02 16:10:00.000000,-25.4405812465,-49.2760848999,POINT (-49.2760848999 -25.4405812465)
2014-05-02 16:10:10.000000,-25.4405812465,-49.2760848999,POINT (-49.2760848999 -25.4405812465)
2014-05-02 16:10:20.000000,-25.4405812465,-49.2760848999,POINT (-49.2760848999 -25.4405812465)
2014-05-02 16:10:30.000000,-25.4405812465,-49.2760848999,POINT (-49.2760848999 -25.4405812465)
2014-05-02 16:10:40.000000,-25.4405812465,-49.2760848999,POINT (-49.2760848999 -25.4405812465)
2014-05-02 16:10:50.000000,-25.4405812465,-49.2760848999,POINT (-49.2760848999 -25.4405812465)
2014-05-02 16:11:00.000000,-25.4405812465,-49.2760848999,POINT (-49.2760848999 -25.4405812465)
2014-05-02 16:11:10.000000,-25.4405812465,-49.2760848999,POINT (-49.2760848999 -25.4405812465)
2014-05-02 16:11:20.000000,-25.4405812465,-49.2760848999,POINT (-49.2760848999 -25.4405812465)
2014-05-02 16:11:30.000000,-25.4405812465,-49.2760848999,POINT (-49.2760848999 -25.4405812465)
2014-05-02 16:11:40.000000,-25.4405812465,-49.2760848999,POINT (-49.2760848999 -25.4405812465)
2014-05-02 16:11:50.000000,-25.4405812465,-49.2760848999,POINT (-49.2760848999 -25.4405812465)
2014-05-02 16:12:00.000000,-25.4405812465,-49.2760848999,POINT (-49.2760848999 -25.4405812465)
2014-05-02 16:12:10.000000,-25.4405812465,-49.2760848999,POINT (-49.2760848999 -25.4405812465)
2014-05-02 16:12:20.000000,-25.4405812465,-49.2760848999,POINT (-49.2760848999 -25.4405812465)
2014-05-02 16:12:30.000000,-25.4405812465,-49.2760848999,POINT (-49.2760848999 -25.4405812465)
2014-05-02 16:12:40.000000,-25.4405812465,-49.2760848999,POINT (-49.2760848999 -25.4405812465)
2014-05-02 16:12:50.000000,-25.4405812465,-49.2760848999,POINT (-49.2760848999 -25.4405812465)
2014-05-02 16:13:00.000000,-25.4405812465,-49.2760848999,POINT (-49.2760848999 -25.4405812465)
2014-05-02 16:13:10.000000,-25.4405812465,-49.2760848999,POINT (-49.2760848999 -25.4405812465)
2014-05-02 16:13:20.000000,-25.4405812465,-49.2760848999,POINT (-49.2760848999 -25.4405812465)
2014-05-02 16:13:30.000000,-25.4405812465,-49.2760848999,POINT (-49.2760848999 -25.4405812465)
2014-05-02 16:13:40.000000,-25.4405812465,-49.2760848999,POINT (-49.2760848999 -25.4405812465)
2014-05-02 16:13:50.000000,-25.4405812465,-49.2760848999,POINT (-49.2760848999 -25.4405812465)
2014-05-02 16:14:00.000000,-25.4405812465,-49.2760848999,POINT (-49.2760848999 -25.4405812465)
2014-05-02 16:14:10.000000,-25.4405812465,-49.2760848999,POINT (-49.2760848999 -25.4405812465)
2014-05-02 16:14:20.000000,-25.4405812465,-49.2760848999,POINT (-49.2760848999 -25.4405812465)
2014-05-02 16:14:30.000000,-25.4405812465,-49.2760848999,POINT (-49.2760848999 -25.4405812465)
2014-05-02 16:14:40.000000,-25.4405812465,-49.2760848999,POINT (-49.2760848999 -25.4405812465)
2014-05-02 16:14:50.000000,-25.4405812465,-49.2760848999,POINT (-49.2760848999 -25.4405812465)
2014-05-02 16:15:00.000000,-25.4405812465,-49.2760848999,POINT (-49.2760848999 -25.4405812465)
2014-05-02 16:15:10.000000,-25.4405812465,-49.2760848999,POINT (-49.2760848999 -25.4405812465)
2014-05-02 16:15:20.000000,-25.4405812465,-49.2760848999,POINT (-49.2760848999 -25.4405812465)
2014-05-02 16:15:30.000000,-25.4405812465,-49.2760848999,POINT (-49.2760848999 -25.4405812465)
2014-05-02 16:15:40.000000,-25.4405812465,-49.2760848999,POINT (-49.2760848999 -25.4405812465)
2014-05-02 16:15:50.000000,-25.4405812465,-49.2760848999,POINT (-49.2760848999 -25.4405812465)
2014-05-02 16:16:00.000000,-25.4405812465,-49.2760848999,POINT (-49.2760848999 -25.4405812465)
2014-05-02 16:16:10.000000,-25.4405812465,-49.2760848999,POINT (-49.2760848999 -25.4405812465)
2014-05-02 16:16:20.000000,-25.4405812465,-49.2760848999,POINT (-49.2760848999 -25.4405812465)
2014-05-02 16:16:30.000000,-25.4405812465,-49.2760848999,POINT (-49.2760848999 -25.4405812465)
2014-05-02 16:16:40.000000,-25.4405812465,-49.2760848999,POINT (-49.2760848999 -25.4405812465)
2014-05-02 16:16:50.000000,-25.4405812465,-49.2760848999,POINT (-49.2760848999 -25.4405812465)
2014-05-02 16:17:00.000000,-25.4405812465,-49.2760848999,POINT (-49.2760848999 -25.4405812465)
2014-05-02 16:17:10.000000,-25.4405812465,-49.2760848999,POINT (-49.2760848999 -25.4405812465)
2014-05-02 16:17:20.000000,-25.4405812465,-49.2760848999,POINT (-49.2760848999 -25.4405812465)
2014-05-02 16:17:30.000000,-25.4405812465,-49.2760848999,POINT (-49.2760848999 -25.4405812465)
2014-05-02 16:17:40.000000,-25.4405812465,-49.2760848999,POINT (-49.2760848999 -25.4405812465)
2014-05-02 16:17:50.000000,-25.4405812465,-49.2760848999,POINT (-49.2760848999 -25.4405812465)
2014-05-02 16:18:00.000000,-25.4405812465,-49.2760848999,POINT (-49.2760848999 -25.4405812465)
2014-05-02 16:18:10.000000,-25.4405812465,-49.2760848999,POINT (-49.2760848999 -25.4405812465)
2014-05-02 16:18:20.000000,-25.4405812465,-49.2760848999,POINT (-49.2760848999 -25.4405812465)
2014-05-02 16:18:30.000000,-25.4405812465,-49.2760848999,POINT (-49.2760848999 -25.4405812465)
2014-05-02 16:18:40.000000,-25.4405812465,-49.2760848999,POINT (-49.2760848999 -25.4405812465)
2014-05-02 16:18:50.000000,-25.4405812465,-49.2760848999,POINT (-49.2760848999 -25.4405812465)
2014-05-02 16:19:00.000000,-25.4405812465,-49.2760848999,POINT (-49.2760848999 -25.4405812465)
2014-05-02 16:19:10.000000,-25.4405812465,-49.2760848999,POINT (-49.2760848999 -25.4405812465)
2014-05-02 16:19:20.000000,-25.4405812465,-49.2760848999,POINT (-49.2760848999 -25.4405812465)
2014-05-02 16:19:30.000000,-25.4405812465,-49.2760848999,POINT (-49.2760848999 -25.4405812465)
2014-05-02 16:19:40.000000,-25.4405812465,-49.2760848999,POINT (-49.2760848999 -25.4405812465)
2014-05-02 16:19:50.000000,-25.4405812465,-49.2760848999,POINT (-49.2760848999 -25.4405812465)
2014-05-02 16:20:00.000000,-25.4405812465,-49.2760848999,POINT (-49.2760848999 -25.4405812465)
2014-05-02 16:20:10.000000,-25.4405812465,-49.2760848999,POINT (-49.2760848999 -25.4405812465)
2014-05-02 16:20:20.000000,-25.4405812465,-49.2760848999,POINT (-49.2760848999 -25.4405812465)
2014-05-02 16:20:30.000000,-25.4405812465,-49.2760848999,POINT (-49.2760848999 -25.4405812465)
2014-05-02 16:20:40.000000,-25.4405812465,-49.2760848999,POINT (-49.2760848999 -25.4405812465)
2014-05-02 16:20:50.000000,-25.4405812465,-49.2760848999,POINT (-49.2760848999 -25.4405812465)
2014-05-02 16:21:00.000000,-25.4405812465,-49.2760848999,POINT (-49.2760848999 -25.4405812465)
2014-05-02 16:21:10.000000,-25.4405812465,-49.2760848999,POINT (-49.2760848999 -25.4405812465)
2014-05-02 16:21:20.000000,-25.4405812465,-49.2760848999,POINT (-49.2760848999 -25.4405812465)
2014-05-02 16:21:30.000000,-25.4405812465,-49.2760848999,POINT (-49.2760848999 -25.4405812465)
2014-05-02 16:21:40.000000,-25.4405812465,-49.2760848999,POINT (-49.2760848999 -25.4405812465)
2014-05-02 16:21:50.000000,-25.4405812465,-49.2760848999,POINT (-49.2760848999 -25.4405812465)
2014-05-02 16:22:00.000000,-25.4405812465,-49.2760848999,POINT (-49.2760848999 -25.4405812465)
2014-05-02 16:22:10.000000,-25.4405812465,-49.2760848999,POINT (-49.2760848999 -25.4405812465)
2014-05-02 16:22:20.000000,-25.4405812465,-49.2760848999,POINT (-49.2760848999 -25.4405812465)
2014-05-02 16:22:30.000000,-25.4405812465,-49.2760848999,POINT (-49.2760848999 -25.4405812465)
2014-05-02 16:22:40.000000,-25.4405812465,-49.2760848999,POINT (-49.2760848999 -25.4405812465)
2014-05-02 16:22:50.000000,-25.4405812465,-49.2760848999,POINT (-49.2760848999 -25.4405812465)
2014-05-02 16:23:00.000000,-25.4405812465,-49.2760848999,POINT (-49.2760848999 -25.4405812465)
2014-05-02 16:23:10.000000,-25.4405812465,-49.2760848999,POINT (-49.2760848999 -25.4405812465)
2014-05-02 16:23:20.000000,-25.4405812465,-49.2760848999,POINT (-49.2760848999 -25.4405812465)
2014-05-02 16:23:30.000000,-25.4405812465,-49.2760848999,POINT (-49.2760848999 -25.4405812465)
2014-05-02 16:23:40.000000,-25.4405812465,-49.2760848999,POINT (-49.2760848999 -25.4405812465)
2014-05-02 16:23:50.000000,-25.4405812465,-49.2760848999,POINT (-49.2760848999 -25.4405812465)
2014-05-02 16:24:00.000000,-25.4405812465,-49.2760848999,POINT (-49.2760848999 -25.4405812465)
2014-05-02 16:24:10.000000,-25.4405812465,-49.2760848999,POINT (-49.2760848999 -25.4405812465)
2014-05-02 16:24:20.000000,-25.4405812465,-49.2760848999,POINT (-49.2760848999 -25.4405812465)
2014-05-02 16:24:30.000000,-25.4405812465,-49.2760848999,POINT (-49.2760848999 -25.4405812465)
2014-05-02 16:24:40.000000,-25.4405812465,-49.2760848999,POINT (-49.2760848999 -25.4405812465)
2014-05-02 16:24:50.000000,-25.4405812465,-49.2760848999,POINT (-49.2760848999 -25.4405812465)
2014-05-02 16:25:00.000000,-25.4405812465,-49.2760848999,POINT (-49.2760848999 -25.4405812465)
2014-05-02 16:25:10.000000,-25.4405812465,-49.2760848999,POINT (-49.2760848999 -25.4405812465)
2014-05-02 16:25:20.000000,-25.4405812465,-49.2760848999,POINT (-49.2760848999 -25.4405812465)
2014-05-02 16:25:30.000000,-25.4405812465,-49.2760848999,POINT (-49.2760848999 -25.4405812465)
2014-05-02 16:25:40.000000,-25.4405812465,-49.2760848999,POINT (-49.2760848999 -25.4405812465)
2014-05-02 16:25:50.000000,-25.4405812465,-49.2760848999,POINT (-49.2760848999 -25.4405812465)
2014-05-02 16:26:00.000000,-25.4405812465,-49.2760848999,POINT (-49.2760848999 -25.4405812465)
2014-05-02 16:26:10.000000,-25.4405812465,-49.2760848999,POINT (-49.2760848999 -25.4405812465)
2014-05-02 16:26:20.000000,-25.4405812465,-49.2760848999,POINT (-49.2760848999 -25.4405812465)
2014-05-02 16:26:30.000000,-25.4405812465,-49.2760848999,POINT (-49.2760848999 -25.4405812465)
2014-05-02 16:26:40.000000,-25.4405812465,-49.2760848999,POINT (-49.2760848999 -25.4405812465)
2014-05-02 16:26:50.000000,-25.4405812465,-49.2760848999,POINT (-49.2760848999 -25.4405812465)
2014-05-02 16:27:00.000000,-25.4405812465,-49.2760848999,POINT (-49.2760848999 -25.4405812465)
2014-05-02 16:27:10.000000,-25.4405812465,-49.2760848999,POINT (-49.2760848999 -25.4405812465)
2014-05-02 16:27:20.000000,-25.4405812465,-49.2760848999,POINT (-49.2760848999 -25.4405812465)
2014-05-02 16:27:30.000000,-25.4405812465,-49.2760848999,POINT (-49.2760848999 -25.4405812465)
2014-05-02 16:27:40.000000,-25.4405812465,-49.2760848999,POINT (-49.2760848999 -25.4405812465)
2014-05-02 16:27:50.000000,-25.4405812465,-49.2760848999,POINT (-49.2760848999 -25.4405812465)
2014-05-02 16:28:00.000000,-25.4405812465,-49.2760848999,POINT (-49.2760848999 -25.4405812465)
2014-05-02 16:28:10.000000,-25.4405812465,-49.2760848999,POINT (-49.2760848999 -25.4405812465)
2014-05-02 16:28:20.000000,-25.4405812465,-49.2760848999,POINT (-49.2760848999 -25.4405812465)
2014-05-02 16:28:30.000000,-25.4405812465,-49.2760848999,POINT (-49.2760848999 -25.4405812465)
2014-05-02 16:28:40.000000,-25.4405812465,-49.2760848999,POINT (-49.2760848999 -25.4405812465)
2014-05-02 16:28:50.000000,-25.4405812465,-49.2760848999,POINT (-49.2760848999 -25.4405812465)
2014-05-02 16:29:00.000000,-25.4405812465,-49.2760848999,POINT (-49.2760848999 -25.4405812465)
2014-05-02 16:29:10.000000,-25.4405812465,-49.2760848999,POINT (-49.2760848999 -25.4405812465)
2014-05-02 16:29:20.000000,-25.4405812465,-49.2760848999,POINT (-49.2760848999 -25.4405812465)
2014-05-02 16:29:30.000000,-25.4405812465,-49.2760848999,POINT (-49.2760848999 -25.4405812465)
2014-05-02 16:29:40.000000,-25.4405812465,-49.2760848999,POINT (-49.2760848999 -25.4405812465)
2014-05-02 16:29:50.000000,-25.4405812465,-49.2760848999,POINT (-49.2760848999 -25.4405812465)
2014-05-02 16:30:00.000000,-25.4405812465,-49.2760848999,POINT (-49.2760848999 -25.4405812465)
2014-05-02 16:30:10.000000,-25.4405812465,-49.2760848999,POINT (-49.2760848999 -25.4405812465)
2014-05-02 16:30:20.000000,-25.4405812465,-49.2760848999,POINT (-49.2760848999 -25.4405812465)
2014-05-02 16:30:30.000000,-25.4405812465,-49.2760848999,POINT (-49.2760848999 -25.4405812465)
2014-05-02 16:30:40.000000,-25.4405812465,-49.2760848999,POINT (-49.2760848999 -25.4405812465)
2014-05-02 16:30:50.000000,-25.4405812465,-49.2760848999,POINT (-49.2760848999 -25.4405812465)
2014-05-02 16:31:00.000000,-25.4405812465,-49.2760848999,POINT (-49.2760848999 -25.4405812465)
2014-05-02 16:31:10.000000,-25.4405812465,-49.2760848999,POINT (-49.2760848999 -25.4405812465)
2014-05-02 16:31:20.000000,-25.4405812465,-49.2760848999,POINT (-49.2760848999 -25.4405812465)
2014-05-02 16:31:30.000000,-25.4405812465,-49.2760848999,POINT (-49.2760848999 -25.4405812465)
2014-05-02 16:31:40.000000,-25.4405812465,-49.2760848999,POINT (-49.2760848999 -25.4405812465)
2014-05-02 16:31:50.000000,-25.4405812465,-49.2760848999,POINT (-49.2760848999 -25.4405812465)
2014-05-02 16:32:00.000000,-25.4405812465,-49.2760848999,POINT (-49.2760848999 -25.4405812465)
2014-05-02 16:32:10.000000,-25.4405812465,-49.2760848999,POINT (-49.2760848999 -25.4405812465)
2014-05-02 16:32:20.000000,-25.4405812465,-49.2760848999,POINT (-49.2760848999 -25.4405812465)
2014-05-02 16:32:30.000000,-25.4405812465,-49.2760848999,POINT (-49.2760848999 -25.4405812465)
2014-05-02 16:32:40.000000,-25.4405812465,-49.2760848999,POINT (-49.2760848999 -25.4405812465)
2014-05-02 16:32:50.000000,-25.4405812465,-49.2760848999,POINT (-49.2760848999 -25.4405812465)
2014-05-02 16:33:00.000000,-25.4405812465,-49.2760848999,POINT (-49.2760848999 -25.4405812465)
2014-05-02 16:33:10.000000,-25.4405812465,-49.2760848999,POINT (-49.2760848999 -25.4405812465)
2014-05-02 16:33:20.000000,-25.4405812465,-49.2760848999,POINT (-49.2760848999 -25.4405812465)
2014-05-02 16:33:30.000000,-25.4405812465,-49.2760848999,POINT (-49.2760848999 -25.4405812465)
2014-05-02 16:33:40.000000,-25.4405812465,-49.2760848999,POINT (-49.2760848999 -25.4405812465)
2014-05-02 16:33:50.000000,-25.4405812465,-49.2760848999,POINT (-49.2760848999 -25.4405812465)
2014-05-02 16:34:00.000000,-25.4405812465,-49.2760848999,POINT (-49.2760848999 -25.4405812465)
2014-05-02 16:34:10.000000,-25.4405812465,-49.2760848999,POINT (-49.2760848999 -25.4405812465)
2014-05-02 16:34:20.000000,-25.4405812465,-49.2760848999,POINT (-49.2760848999 -25.4405812465)
2014-05-02 16:34:30.000000,-25.4405812465,-49.2760848999,POINT (-49.2760848999 -25.4405812465)
2014-05-02 16:34:40.000000,-25.4405812465,-49.2760848999,POINT (-49.2760848999 -25.4405812465)
2014-05-02 16:34:50.000000,-25.4405812465,-49.2760848999,POINT (-49.2760848999 -25.4405812465)
2014-05-02 16:35:00.000000,-25.4405812465,-49.2760848999,POINT (-49.2760848999 -25.4405812465)
2014-05-02 16:35:10.000000,-25.4405812465,-49.2760848999,POINT (-49.2760848999 -25.4405812465)
2014-05-02 16:35:20.000000,-25.4405812465,-49.2760848999,POINT (-49.2760848999 -25.4405812465)
2014-05-02 16:35:30.000000,-25.4405812465,-49.2760848999,POINT (-49.2760848999 -25.4405812465)
2014-05-02 16:35:40.000000,-25.4405812465,-49.2760848999,POINT (-49.2760848999 -25.4405812465)
2014-05-02 16:35:50.000000,-25.4405812465,-49.2760848999,POINT (-49.2760848999 -25.4405812465)
2014-05-02 16:36:00.000000,-25.4405812465,-49.2760848999,POINT (-49.2760848999 -25.4405812465)
2014-05-02 16:36:10.000000,-25.4405812465,-49.2760848999,POINT (-49.2760848999 -25.4405812465)
2014-05-02 16:36:20.000000,-25.4405812465,-49.2760848999,POINT (-49.2760848999 -25.4405812465)
2014-05-02 16:36:30.000000,-25.4405812465,-49.2760848999,POINT (-49.2760848999 -25.4405812465)
2014-05-02 16:36:40.000000,-25.4405812465,-49.2760848999,POINT (-49.2760848999 -25.4405812465)
2014-05-02 16:36:50.000000,-25.4405812465,-49.2760848999,POINT (-49.2760848999 -25.4405812465)
2014-05-02 16:37:00.000000,-25.4405812465,-49.2760848999,POINT (-49.2760848999 -25.4405812465)
2014-05-02 16:37:10.000000,-25.4405812465,-49.2760848999,POINT (-49.2760848999 -25.4405812465)
2014-05-02 16:37:20.000000,-25.4405812465,-49.2760848999,POINT (-49.2760848999 -25.4405812465)
2014-05-02 16:37:30.000000,-25.4405812465,-49.2760848999,POINT (-49.2760848999 -25.4405812465)
2014-05-02 16:37:40.000000,-25.4405812465,-49.2760848999,POINT (-49.2760848999 -25.4405812465)
2014-05-02 16:37:50.000000,-25.4405812465,-49.2760848999,POINT (-49.2760848999 -25.4405812465)
2014-05-02 16:38:00.000000,-25.4405812465,-49.2760848999,POINT (-49.2760848999 -25.4405812465)
2014-05-02 16:38:10.000000,-25.4405812465,-49.2760848999,POINT (-49.2760848999 -25.4405812465)
2014-05-02 16:38:20.000000,-25.4405812465,-49.2760848999,POINT (-49.2760848999 -25.4405812465)
2014-05-02 16:38:30.000000,-25.4405812465,-49.2760848999,POINT (-49.2760848999 -25.4405812465)
2014-05-02 16:38:40.000000,-25.4405812465,-49.2760848999,POINT (-49.2760848999 -25.4405812465)
2014-05-02 16:38:50.000000,-25.4405812465,-49.2760848999,POINT (-49.2760848999 -25.4405812465)
2014-05-02 16:39:00.000000,-25.4405812465,-49.2760848999,POINT (-49.2760848999 -25.4405812465)
2014-05-02 16:39:10.000000,-25.4405812465,-49.2760848999,POINT (-49.2760848999 -25.4405812465)
2014-05-02 16:39:20.000000,-25.4405812465,-49.2760848999,POINT (-49.2760848999 -25.4405812465)
2014-05-02 16:39:30.000000,-25.4405812465,-49.2760848999,POINT (-49.2760848999 -25.4405812465)
2014-05-02 16:39:40.000000,-25.4405812465,-49.2760848999,POINT (-49.2760848999 -25.4405812465)
2014-05-02 16:39:50.000000,-25.4405812465,-49.2760848999,POINT (-49.2760848999 -25.4405812465)
2014-05-02 16:40:00.000000,-25.4405812465,-49.2760848999,POINT (-49.2760848999 -25.4405812465)
2014-05-02 16:40:10.000000,-25.4405812465,-49.2760848999,POINT (-49.2760848999 -25.4405812465)
2014-05-02 16:40:20.000000,-25.4405812465,-49.2760848999,POINT (-49.2760848999 -25.4405812465)
2014-05-02 16:40:30.000000,-25.4405812465,-49.2760848999,POINT (-49.2760848999 -25.4405812465)
2014-05-02 16:40:40.000000,-25.4405812465,-49.2760848999,POINT (-49.2760848999 -25.4405812465)
2014-05-02 16:40:50.000000,-25.4405812465,-49.2760848999,POINT (-49.2760848999 -25.4405812465)
2014-05-02 16:41:00.000000,-25.4405812465,-49.2760848999,POINT (-49.2760848999 -25.4405812465)
2014-05-02 16:41:10.000000,-25.4405812465,-49.2760848999,POINT (-49.2760848999 -25.4405812465)
2014-05-02 16:41:20.000000,-25.4405812465,-49.2760848999,POINT (-49.2760848999 -25.4405812465)
2014-05-02 16:41:30.000000,-25.4405812465,-49.2760848999,POINT (-49.2760848999 -25.4405812465)
2014-05-02 16:41:40.000000,-25.4405812465,-49.2760848999,POINT (-49.2760848999 -25.4405812465)
2014-05-02 16:41:50.000000,-25.4405812465,-49.2760848999,POINT (-49.2760848999 -25.4405812465)
2014-05-02 16:42:00.000000,-25.4405812465,-49.2760848999,POINT (-49.2760848999 -25.4405812465)
2014-05-02 16:42:10.000000,-25.4405812465,-49.2760848999,POINT (-49.2760848999 -25.4405812465)
2014-05-02 16:42:20.000000,-25.4405812465,-49.2760848999,POINT (-49.2760848999 -25.4405812465)
2014-05-02 16:42:30.000000,-25.4405812465,-49.2760848999,POINT (-49.2760848999 -25.4405812465)
2014-05-02 16:42:40.000000,-25.4405812465,-49.2760848999,POINT (-49.2760848999 -25.4405812465)
2014-05-02 16:42:50.000000,-25.4405812465,-49.2760848999,POINT (-49.2760848999 -25.4405812465)
2014-05-02 16:43:00.000000,-25.4405812465,-49.2760848999,POINT (-49.2760848999 -25.4405812465)
2014-05-02 16:43:10.000000,-25.4405812465,-49.2760848999,POINT (-49.2760848999 -25.4405812465)
2014-05-02 16:43:20.000000,-25.4405812465,-49.2760848999,POINT (-49.2760848999 -25.4405812465)
2014-05-02 16:43:30.000000,-25.4405812465,-49.2760848999,POINT (-49.2760848999 -25.4405812465)
2014-05-02 16:43:40.000000,-25.4405812465,-49.2760848999,POINT (-49.2760848999 -25.4405812465)
2014-05-02 16:43:50.000000,-25.4405812465,-49.2760848999,POINT (-49.2760848999 -25.4405812465)
2014-05-02 16:44:00.000000,-25.4405812465,-49.2760848999,POINT (-49.2760848999 -25.4405812465)
2014-05-02 16:44:10.000000,-25.4405812465,-49.2760848999,POINT (-49.2760848999 -25.4405812465)
2014-05-02 16:44:20.000000,-25.4405812465,-49.2760848999,POINT (-49.2760848999 -25.4405812465)
2014-05-02 16:44:30.000000,-25.4405812465,-49.2760848999,POINT (-49.2760848999 -25.4405812465)
2014-05-02 16:44:40.000000,-25.4405812465,-49.2760848999,POINT (-49.2760848999 -25.4405812465)
2014-05-02 16:44:50.000000,-25.4405812465,-49.2760848999,POINT (-49.2760848999 -25.4405812465)
2014-05-02 16:45:00.000000,-25.4405812465,-49.2760848999,POINT (-49.2760848999 -25.4405812465)
2014-05-02 16:45:10.000000,-25.4405812465,-49.2760848999,POINT (-49.2760848999 -25.4405812465)
2014-05-02 16:45:20.000000,-25.4405812465,-49.2760848999,POINT (-49.2760848999 -25.4405812465)
2014-05-02 16:45:30.000000,-25.4405812465,-49.2760848999,POINT (-49.2760848999 -25.4405812465)
2014-05-02 16:45:40.000000,-25.4405812465,-49.2760848999,POINT (-49.2760848999 -25.4405812465)
2014-05-02 16:45:50.000000,-25.4405812465,-49.2760848999,POINT (-49.2760848999 -25.4405812465)
2014-05-02 16:46:00.000000,-25.4405812465,-49.2760848999,POINT (-49.2760848999 -25.4405812465)
2014-05-02 16:46:10.000000,-25.4405812465,-49.2760848999,POINT (-49.2760848999 -25.4405812465)
2014-05-02 16:46:20.000000,-25.4405812465,-49.2760848999,POINT (-49.2760848999 -25.4405812465)
2014-05-02 16:46:30.000000,-25.4405812465,-49.2760848999,POINT (-49.2760848999 -25.4405812465)
2014-05-02 16:46:40.000000,-25.4405812465,-49.2760848999,POINT (-49.2760848999 -25.4405812465)
2014-05-02 16:46:50.000000,-25.4405812465,-49.2760848999,POINT (-49.2760848999 -25.4405812465)
2014-05-02 16:47:00.000000,-25.4405812465,-49.2760848999,POINT (-49.2760848999 -25.4405812465)
2014-05-02 16:47:10.000000,-25.4405812465,-49.2760848999,POINT (-49.2760848999 -25.4405812465)
2014-05-02 16:47:20.000000,-25.4405812465,-49.2760848999,POINT (-49.2760848999 -25.4405812465)
2014-05-02 16:47:30.000000,-25.4405812465,-49.2760848999,POINT (-49.2760848999 -25.4405812465)
2014-05-02 16:47:40.000000,-25.4405812465,-49.2760848999,POINT (-49.2760848999 -25.4405812465)
2014-05-02 16:47:50.000000,-25.4405812465,-49.2760848999,POINT (-49.2760848999 -25.4405812465)
2014-05-02 16:48:00.000000,-25.4405812465,-49.2760848999,POINT (-49.2760848999 -25.4405812465)
2014-05-02 16:48:10.000000,-25.4405812465,-49.2760848999,POINT (-49.2760848999 -25.4405812465)
2014-05-02 16:48:20.000000,-25.4405812465,-49.2760848999,POINT (-49.2760848999 -25.4405812465)
2014-05-02 16:48:30.000000,-25.4405812465,-49.2760848999,POINT (-49.2760848999 -25.4405812465)
2014-05-02 16:48:40.000000,-25.4405812465,-49.2760848999,POINT (-49.2760848999 -25.4405812465)
2014-05-02 16:48:50.000000,-25.4405812465,-49.2760848999,POINT (-49.2760848999 -25.4405812465)
2014-05-02 16:49:00.000000,-25.4405812465,-49.2760848999,POINT (-49.2760848999 -25.4405812465)
2014-05-02 16:49:10.000000,-25.4405812465,-49.2760848999,POINT (-49.2760848999 -25.4405812465)
2014-05-02 16:49:20.000000,-25.4405812465,-49.2760848999,POINT (-49.2760848999 -25.4405812465)
2014-05-02 16:49:30.000000,-25.4405812465,-49.2760848999,POINT (-49.2760848999 -25.4405812465)
2014-05-02 16:49:40.000000,-25.4405812465,-49.2760848999,POINT (-49.2760848999 -25.4405812465)
2014-05-02 16:49:50.000000,-25.4405812465,-49.2760848999,POINT (-49.2760848999 -25.4405812465)
2014-05-02 16:50:00.000000,-25.4405812465,-49.2760848999,POINT (-49.2760848999 -25.4405812465)
2014-05-02 16:50:10.000000,-25.4405812465,-49.2760848999,POINT (-49.2760848999 -25.4405812465)
2014-05-02 16:50:20.000000,-25.4405812465,-49.2760848999,POINT (-49.2760848999 -25.4405812465)
2014-05-02 16:50:30.000000,-25.4405812465,-49.2760848999,POINT (-49.2760848999 -25.4405812465)
2014-05-02 16:50:40.000000,-25.4405812465,-49.2760848999,POINT (-49.2760848999 -25.4405812465)
2014-05-02 16:50:50.000000,-25.4405812465,-49.2760848999,POINT (-49.2760848999 -25.4405812465)
2014-05-02 16:51:00.000000,-25.4405812465,-49.2760848999,POINT (-49.2760848999 -25.4405812465)
2014-05-02 16:51:10.000000,-25.4405812465,-49.2760848999,POINT (-49.2760848999 -25.4405812465)
2014-05-02 16:51:20.000000,-25.4405812465,-49.2760848999,POINT (-49.2760848999 -25.4405812465)
2014-05-02 16:51:30.000000,-25.4405812465,-49.2760848999,POINT (-49.2760848999 -25.4405812465)
2014-05-02 16:51:40.000000,-25.4405812465,-49.2760848999,POINT (-49.2760848999 -25.4405812465)
2014-05-02 16:51:50.000000,-25.4405812465,-49.2760848999,POINT (-49.2760848999 -25.4405812465)
2014-05-02 16:52:00.000000,-25.4405812465,-49.2760848999,POINT (-49.2760848999 -25.4405812465)
2014-05-02 16:52:10.000000,-25.4405812465,-49.2760848999,POINT (-49.2760848999 -25.4405812465)
2014-05-02 16:52:20.000000,-25.4405812465,-49.2760848999,POINT (-49.2760848999 -25.4405812465)
2014-05-02 16:52:30.000000,-25.4405812465,-49.2760848999,POINT (-49.2760848999 -25.4405812465)
2014-05-02 16:52:40.000000,-25.4405812465,-49.2760848999,POINT (-49.2760848999 -25.4405812465)
2014-05-02 16:52:50.000000,-25.4405812465,-49.2760848999,POINT (-49.2760848999 -25.4405812465)
2014-05-02 16:53:00.000000,-25.4405812465,-49.2760848999,POINT (-49.2760848999 -25.4405812465)
2014-05-02 16:53:10.000000,-25.4405812465,-49.2760848999,POINT (-49.2760848999 -25.4405812465)
2014-05-02 16:53:20.000000,-25.4405812465,-49.2760848999,POINT (-49.2760848999 -25.4405812465)
2014-05-02 16:53:30.000000,-25.4405812465,-49.2760848999,POINT (-49.2760848999 -25.4405812465)
2014-05-02 16:53:40.000000,-25.4405812465,-49.2760848999,POINT (-49.2760848999 -25.4405812465)
2014-05-02 16:53:50.000000,-25.4405812465,-49.2760848999,POINT (-49.2760848999 -25.4405812465)
2014-05-02 16:54:00.000000,-25.4405812465,-49.2760848999,POINT (-49.2760848999 -25.4405812465)
2014-05-02 16:54:10.000000,-25.4405812465,-49.2760848999,POINT (-49.2760848999 -25.4405812465)
2014-05-02 16:54:20.000000,-25.4405812465,-49.2760848999,POINT (-49.2760848999 -25.4405812465)
2014-05-02 16:54:30.000000,-25.4405812465,-49.2760848999,POINT (-49.2760848999 -25.4405812465)
2014-05-02 16:54:40.000000,-25.4405812465,-49.2760848999,POINT (-49.2760848999 -25.4405812465)
2014-05-02 16:54:50.000000,-25.4405812465,-49.2760848999,POINT (-49.2760848999 -25.4405812465)
2014-05-02 16:55:00.000000,-25.4405812465,-49.2760848999,POINT (-49.2760848999 -25.4405812465)
2014-05-02 16:55:10.000000,-25.4405812465,-49.2760848999,POINT (-49.2760848999 -25.4405812465)
2014-05-02 16:55:20.000000,-25.4405812465,-49.2760848999,POINT (-49.2760848999 -25.4405812465)
2014-05-02 16:55:30.000000,-25.4405812465,-49.2760848999,POINT (-49.2760848999 -25.4405812465)
2014-05-02 16:55:40.000000,-25.4405812465,-49.2760848999,POINT (-49.2760848999 -25.4405812465)
2014-05-02 16:55:50.000000,-25.4405812465,-49.2760848999,POINT (-49.2760848999 -25.4405812465)
2014-05-02 16:56:00.000000,-25.4405812465,-49.2760848999,POINT (-49.2760848999 -25.4405812465)
2014-05-02 16:56:10.000000,-25.4405812465,-49.2760848999,POINT (-49.2760848999 -25.4405812465)
2014-05-02 16:56:20.000000,-25.4405812465,-49.2760848999,POINT (-49.2760848999 -25.4405812465)
2014-05-02 16:56:30.000000,-25.4405812465,-49.2760848999,POINT (-49.2760848999 -25.4405812465)
2014-05-02 16:56:40.000000,-25.4405812465,-49.2760848999,POINT (-49.2760848999 -25.4405812465)
2014-05-02 16:56:50.000000,-25.4405812465,-49.2760848999,POINT (-49.2760848999 -25.4405812465)
2014-05-02 16:57:00.000000,-25.4405812465,-49.2760848999,POINT (-49.2760848999 -25.4405812465)
2014-05-02 16:57:10.000000,-25.4405812465,-49.2760848999,POINT (-49.2760848999 -25.4405812465)
2014-05-02 16:57:20.000000,-25.4405812465,-49.2760848999,POINT (-49.2760848999 -25.4405812465)
2014-05-02 16:57:30.000000,-25.4405812465,-49.2760848999,POINT (-49.2760848999 -25.4405812465)
2014-05-02 16:57:40.000000,-25.4405812465,-49.2760848999,POINT (-49.2760848999 -25.4405812465)
2014-05-02 16:57:50.000000,-25.4405812465,-49.2760848999,POINT (-49.2760848999 -25.4405812465)
2014-05-02 16:58:00.000000,-25.4405812465,-49.2760848999,POINT (-49.2760848999 -25.4405812465)
2014-05-02 16:58:10.000000,-25.4405812465,-49.2760848999,POINT (-49.2760848999 -25.4405812465)
2014-05-02 16:58:20.000000,-25.4405812465,-49.2760848999,POINT (-49.2760848999 -25.4405812465)
2014-05-02 16:58:30.000000,-25.4405812465,-49.2760848999,POINT (-49.2760848999 -25.4405812465)
2014-05-02 16:58:40.000000,-25.4405812465,-49.2760848999,POINT (-49.2760848999 -25.4405812465)
2014-05-02 16:58:50.000000,-25.4405812465,-49.2760848999,POINT (-49.2760848999 -25.4405812465)
2014-05-02 16:59:00.000000,-25.4405812465,-49.2760848999,POINT (-49.2760848999 -25.4405812465)
2014-05-02 16:59:10.000000,-25.4405812465,-49.2760848999,POINT (-49.2760848999 -25.4405812465)
2014-05-02 16:59:20.000000,-25.4405812465,-49.2760848999,POINT (-49.2760848999 -25.4405812465)
2014-05-02 16:59:30.000000,-25.4405812465,-49.2760848999,POINT (-49.2760848999 -25.4405812465)
2014-05-02 16:59:40.000000,-25.4405812465,-49.2760848999,POINT (-49.2760848999 -25.4405812465)
2014-05-02 16:59:50.000000,-25.4405812465,-49.2760848999,POINT (-49.2760848999 -25.4405812465)
2014-05-02 17:00:00.000000,-25.4405812465,-49.2760848999,POINT (-49.2760848999 -25.4405812465)
2014-05-02 17:00:10.000000,-25.4405812465,-49.2760848999,POINT (-49.2760848999 -25.4405812465)
2014-05-02 17:00:20.000000,-25.4405812465,-49.2760848999,POINT (-49.2760848999 -25.4405812465)
2014-05-02 17:00:30.000000,-25.4405812465,-49.2760848999,POINT (-49.2760848999 -25.4405812465)
2014-05-02 17:00:40.000000,-25.4405812465,-49.2760848999,POINT (-49.2760848999 -25.4405812465)
2014-05-02 17:00:50.000000,-25.4405812465,-49.2760848999,POINT (-49.2760848999 -25.4405812465)
2014-05-02 17:01:00.000000,-25.4405812465,-49.2760848999,POINT (-49.2760848999 -25.4405812465)
2014-05-02 17:01:10.000000,-25.4405812465,-49.2760848999,POINT (-49.2760848999 -25.4405812465)
2014-05-02 17:01:20.000000,-25.4405812465,-49.2760848999,POINT (-49.2760848999 -25.4405812465)
2014-05-02 17:01:30.000000,-25.4405812465,-49.2760848999,POINT (-49.2760848999 -25.4405812465)
2014-05-02 17:01:40.000000,-25.4405812465,-49.2760848999,POINT (-49.2760848999 -25.4405812465)
2014-05-02 17:01:50.000000,-25.4405812465,-49.2760848999,POINT (-49.2760848999 -25.4405812465)
2014-05-02 17:02:00.000000,-25.4405812465,-49.2760848999,POINT (-49.2760848999 -25.4405812465)
2014-05-02 17:02:10.000000,-25.4405812465,-49.2760848999,POINT (-49.2760848999 -25.4405812465)
2014-05-02 17:02:20.000000,-25.4405812465,-49.2760848999,POINT (-49.2760848999 -25.4405812465)
2014-05-02 17:02:30.000000,-25.4405812465,-49.2760848999,POINT (-49.2760848999 -25.4405812465)
2014-05-02 17:02:40.000000,-25.4405812465,-49.2760848999,POINT (-49.2760848999 -25.4405812465)
2014-05-02 17:02:50.000000,-25.4405812465,-49.2760848999,POINT (-49.2760848999 -25.4405812465)
2014-05-02 17:03:00.000000,-25.4405812465,-49.2760848999,POINT (-49.2760848999 -25.4405812465)
2014-05-02 17:03:10.000000,-25.4405812465,-49.2760848999,POINT (-49.2760848999 -25.4405812465)
2014-05-02 17:03:20.000000,-25.4405812465,-49.2760848999,POINT (-49.2760848999 -25.4405812465)
2014-05-02 17:03:30.000000,-25.4405812465,-49.2760848999,POINT (-49.2760848999 -25.4405812465)
2014-05-02 17:03:40.000000,-25.4405812465,-49.2760848999,POINT (-49.2760848999 -25.4405812465)
2014-05-02 17:03:50.000000,-25.4405812465,-49.2760848999,POINT (-49.2760848999 -25.4405812465)
2014-05-02 17:04:00.000000,-25.4405812465,-49.2760848999,POINT (-49.2760848999 -25.4405812465)
2014-05-02 17:04:10.000000,-25.4405812465,-49.2760848999,POINT (-49.2760848999 -25.4405812465)
2014-05-02 17:04:20.000000,-25.4405812465,-49.2760848999,POINT (-49.2760848999 -25.4405812465)
2014-05-02 17:04:30.000000,-25.4405812465,-49.2760848999,POINT (-49.2760848999 -25.4405812465)
2014-05-02 17:04:40.000000,-25.4405812465,-49.2760848999,POINT (-49.2760848999 -25.4405812465)
2014-05-02 17:04:50.000000,-25.4405812465,-49.2760848999,POINT (-49.2760848999 -25.4405812465)
2014-05-02 17:05:00.000000,-25.4405812465,-49.2760848999,POINT (-49.2760848999 -25.4405812465)
2014-05-02 17:05:10.000000,-25.4405812465,-49.2760848999,POINT (-49.2760848999 -25.4405812465)
2014-05-02 17:05:20.000000,-25.4405812465,-49.2760848999,POINT (-49.2760848999 -25.4405812465)
2014-05-02 17:05:30.000000,-25.4405812465,-49.2760848999,POINT (-49.2760848999 -25.4405812465)
2014-05-02 17:05:40.000000,-25.4405812465,-49.2760848999,POINT (-49.2760848999 -25.4405812465)
2014-05-02 17:05:50.000000,-25.4405812465,-49.2760848999,POINT (-49.2760848999 -25.4405812465)
2014-05-02 17:06:00.000000,-25.4405812465,-49.2760848999,POINT (-49.2760848999 -25.4405812465)
2014-05-02 17:06:10.000000,-25.4405812465,-49.2760848999,POINT (-49.2760848999 -25.4405812465)
2014-05-02 17:06:20.000000,-25.4405812465,-49.2760848999,POINT (-49.2760848999 -25.4405812465)
2014-05-02 17:06:30.000000,-25.4405812465,-49.2760848999,POINT (-49.2760848999 -25.4405812465)
2014-05-02 17:06:40.000000,-25.4405812465,-49.2760848999,POINT (-49.2760848999 -25.4405812465)
2014-05-02 17:06:50.000000,-25.4405812465,-49.2760848999,POINT (-49.2760848999 -25.4405812465)
2014-05-02 17:07:00.000000,-25.4405812465,-49.2760848999,POINT (-49.2760848999 -25.4405812465)
2014-05-02 17:07:10.000000,-25.4405812465,-49.2760848999,POINT (-49.2760848999 -25.4405812465)
2014-05-02 17:07:20.000000,-25.4405812465,-49.2760848999,POINT (-49.2760848999 -25.4405812465)
2014-05-02 17:07:30.000000,-25.4405812465,-49.2760848999,POINT (-49.2760848999 -25.4405812465)
2014-05-02 17:07:40.000000,-25.4405812465,-49.2760848999,POINT (-49.2760848999 -25.4405812465)
2014-05-02 17:07:50.000000,-25.4405812465,-49.2760848999,POINT (-49.2760848999 -25.4405812465)
2014-05-02 17:08:00.000000,-25.4405812465,-49.2760848999,POINT (-49.2760848999 -25.4405812465)
2014-05-02 17:08:10.000000,-25.4405812465,-49.2760848999,POINT (-49.2760848999 -25.4405812465)
2014-05-02 17:08:20.000000,-25.4405812465,-49.2760848999,POINT (-49.2760848999 -25.4405812465)
2014-05-02 17:08:30.000000,-25.4405812465,-49.2760848999,POINT (-49.2760848999 -25.4405812465)
2014-05-02 17:08:40.000000,-25.4405812465,-49.2760848999,POINT (-49.2760848999 -25.4405812465)
2014-05-02 17:08:50.000000,-25.4405812465,-49.2760848999,POINT (-49.2760848999 -25.4405812465)
2014-05-02 17:09:00.000000,-25.4405812465,-49.2760848999,POINT (-49.2760848999 -25.4405812465)
2014-05-02 17:09:10.000000,-25.4405812465,-49.2760848999,POINT (-49.2760848999 -25.4405812465)
2014-05-02 17:09:20.000000,-25.4405812465,-49.2760848999,POINT (-49.2760848999 -25.4405812465)
2014-05-02 17:09:30.000000,-25.4405812465,-49.2760848999,POINT (-49.2760848999 -25.4405812465)
2014-05-02 17:09:40.000000,-25.4405812465,-49.2760848999,POINT (-49.2760848999 -25.4405812465)
2014-05-02 17:09:50.000000,-25.4405812465,-49.2760848999,POINT (-49.2760848999 -25.4405812465)
2014-05-02 17:10:00.000000,-25.4405812465,-49.2760848999,POINT (-49.2760848999 -25.4405812465)
2014-05-02 17:10:10.000000,-25.4405812465,-49.2760848999,POINT (-49.2760848999 -25.4405812465)
2014-05-02 17:10:20.000000,-25.4405812465,-49.2760848999,POINT (-49.2760848999 -25.4405812465)
2014-05-02 17:10:30.000000,-25.4405812465,-49.2760848999,POINT (-49.2760848999 -25.4405812465)
2014-05-02 17:10:40.000000,-25.4405812465,-49.2760848999,POINT (-49.2760848999 -25.4405812465)
2014-05-02 17:10:50.000000,-25.4405812465,-49.2760848999,POINT (-49.2760848999 -25.4405812465)
2014-05-02 17:11:00.000000,-25.4405812465,-49.2760848999,POINT (-49.2760848999 -25.4405812465)
2014-05-02 17:11:10.000000,-25.4405812465,-49.2760848999,POINT (-49.2760848999 -25.4405812465)
2014-05-02 17:11:20.000000,-25.4405812465,-49.2760848999,POINT (-49.2760848999 -25.4405812465)
2014-05-02 17:11:30.000000,-25.4405812465,-49.2760848999,POINT (-49.2760848999 -25.4405812465)
2014-05-02 17:11:40.000000,-25.4405812465,-49.2760848999,POINT (-49.2760848999 -25.4405812465)
2014-05-02 17:11:50.000000,-25.4405812465,-49.2760848999,POINT (-49.2760848999 -25.4405812465)
2014-05-02 17:12:00.000000,-25.4405812465,-49.2760848999,POINT (-49.2760848999 -25.4405812465)
2014-05-02 17:12:10.000000,-25.4405812465,-49.2760848999,POINT (-49.2760848999 -25.4405812465)
2014-05-02 17:12:20.000000,-25.4405812465,-49.2760848999,POINT (-49.2760848999 -25.4405812465)
2014-05-02 17:12:30.000000,-25.4405812465,-49.2760848999,POINT (-49.2760848999 -25.4405812465)
2014-05-02 17:12:40.000000,-25.4405812465,-49.2760848999,POINT (-49.2760848999 -25.4405812465)
2014-05-02 17:12:50.000000,-25.4405812465,-49.2760848999,POINT (-49.2760848999 -25.4405812465)
2014-05-02 17:13:00.000000,-25.4405812465,-49.2760848999,POINT (-49.2760848999 -25.4405812465)
2014-05-02 17:13:10.000000,-25.4405812465,-49.2760848999,POINT (-49.2760848999 -25.4405812465)
2014-05-02 17:13:20.000000,-25.4405812465,-49.2760848999,POINT (-49.2760848999 -25.4405812465)
2014-05-02 17:13:30.000000,-25.4405812465,-49.2760848999,POINT (-49.2760848999 -25.4405812465)
2014-05-02 17:13:40.000000,-25.4405812465,-49.2760848999,POINT (-49.2760848999 -25.4405812465)
2014-05-02 17:13:50.000000,-25.4405812465,-49.2760848999,POINT (-49.2760848999 -25.4405812465)
2014-05-02 17:14:00.000000,-25.4405812465,-49.2760848999,POINT (-49.2760848999 -25.4405812465)
2014-05-02 17:14:10.000000,-25.4405812465,-49.2760848999,POINT (-49.2760848999 -25.4405812465)
2014-05-02 17:14:20.000000,-25.4405812465,-49.2760848999,POINT (-49.2760848999 -25.4405812465)
2014-05-02 17:14:30.000000,-25.4405812465,-49.2760848999,POINT (-49.2760848999 -25.4405812465)
2014-05-02 17:14:40.000000,-25.4405812465,-49.2760848999,POINT (-49.2760848999 -25.4405812465)
2014-05-02 17:14:50.000000,-25.4405812465,-49.2760848999,POINT (-49.2760848999 -25.4405812465)
2014-05-02 17:15:00.000000,-25.4405812465,-49.2760848999,POINT (-49.2760848999 -25.4405812465)
2014-05-02 17:15:10.000000,-25.4405812465,-49.2760848999,POINT (-49.2760848999 -25.4405812465)
2014-05-02 17:15:20.000000,-25.4405812465,-49.2760848999,POINT (-49.2760848999 -25.4405812465)
2014-05-02 17:15:30.000000,-25.4405812465,-49.2760848999,POINT (-49.2760848999 -25.4405812465)
2014-05-02 17:15:40.000000,-25.4405812465,-49.2760848999,POINT (-49.2760848999 -25.4405812465)
2014-05-02 17:15:50.000000,-25.4405812465,-49.2760848999,POINT (-49.2760848999 -25.4405812465)
2014-05-02 17:16:00.000000,-25.4405812465,-49.2760848999,POINT (-49.2760848999 -25.4405812465)
2014-05-02 17:16:10.000000,-25.4405812465,-49.2760848999,POINT (-49.2760848999 -25.4405812465)
2014-05-02 17:16:20.000000,-25.4405812465,-49.2760848999,POINT (-49.2760848999 -25.4405812465)
2014-05-02 17:16:30.000000,-25.4405812465,-49.2760848999,POINT (-49.2760848999 -25.4405812465)
2014-05-02 17:16:40.000000,-25.4405812465,-49.2760848999,POINT (-49.2760848999 -25.4405812465)
2014-05-02 17:16:50.000000,-25.4405812465,-49.2760848999,POINT (-49.2760848999 -25.4405812465)
2014-05-02 17:17:00.000000,-25.4405812465,-49.2760848999,POINT (-49.2760848999 -25.4405812465)
2014-05-02 17:17:10.000000,-25.4405812465,-49.2760848999,POINT (-49.2760848999 -25.4405812465)
2014-05-02 17:17:20.000000,-25.4405812465,-49.2760848999,POINT (-49.2760848999 -25.4405812465)
2014-05-02 17:17:30.000000,-25.4405812465,-49.2760848999,POINT (-49.2760848999 -25.4405812465)
2014-05-02 17:17:40.000000,-25.4405812465,-49.2760848999,POINT (-49.2760848999 -25.4405812465)
2014-05-02 17:17:50.000000,-25.4405812465,-49.2760848999,POINT (-49.2760848999 -25.4405812465)
2014-05-02 17:18:00.000000,-25.4405812465,-49.2760848999,POINT (-49.2760848999 -25.4405812465)
2014-05-02 17:18:10.000000,-25.4405812465,-49.2760848999,POINT (-49.2760848999 -25.4405812465)
2014-05-02 17:18:20.000000,-25.4405812465,-49.2760848999,POINT (-49.2760848999 -25.4405812465)
2014-05-02 17:18:30.000000,-25.4405812465,-49.2760848999,POINT (-49.2760848999 -25.4405812465)
2014-05-02 17:18:40.000000,-25.4405812465,-49.2760848999,POINT (-49.2760848999 -25.4405812465)
2014-05-02 17:18:50.000000,-25.4405812465,-49.2760848999,POINT (-49.2760848999 -25.4405812465)
2014-05-02 17:19:00.000000,-25.4405812465,-49.2760848999,POINT (-49.2760848999 -25.4405812465)
2014-05-02 17:19:10.000000,-25.4405812465,-49.2760848999,POINT (-49.2760848999 -25.4405812465)
2014-05-02 17:19:20.000000,-25.4405812465,-49.2760848999,POINT (-49.2760848999 -25.4405812465)
2014-05-02 17:19:30.000000,-25.4405812465,-49.2760848999,POINT (-49.2760848999 -25.4405812465)
2014-05-02 17:19:40.000000,-25.4405812465,-49.2760848999,POINT (-49.2760848999 -25.4405812465)
2014-05-02 17:19:50.000000,-25.4405812465,-49.2760848999,POINT (-49.2760848999 -25.4405812465)
2014-05-02 17:20:00.000000,-25.4405812465,-49.2760848999,POINT (-49.2760848999 -25.4405812465)
2014-05-02 17:20:10.000000,-25.4405812465,-49.2760848999,POINT (-49.2760848999 -25.4405812465)
2014-05-02 17:20:20.000000,-25.4405812465,-49.2760848999,POINT (-49.2760848999 -25.4405812465)
2014-05-02 17:20:30.000000,-25.4405812465,-49.2760848999,POINT (-49.2760848999 -25.4405812465)
2014-05-02 17:20:40.000000,-25.4405812465,-49.2760848999,POINT (-49.2760848999 -25.4405812465)
2014-05-02 17:20:50.000000,-25.4405812465,-49.2760848999,POINT (-49.2760848999 -25.4405812465)
2014-05-02 17:21:00.000000,-25.4405812465,-49.2760848999,POINT (-49.2760848999 -25.4405812465)
2014-05-02 17:21:10.000000,-25.4405812465,-49.2760848999,POINT (-49.2760848999 -25.4405812465)
2014-05-02 17:21:20.000000,-25.4405812465,-49.2760848999,POINT (-49.2760848999 -25.4405812465)
2014-05-02 17:21:30.000000,-25.4405812465,-49.2760848999,POINT (-49.2760848999 -25.4405812465)
2014-05-02 17:21:40.000000,-25.4405812465,-49.2760848999,POINT (-49.2760848999 -25.4405812465)
2014-05-02 17:21:50.000000,-25.4405812465,-49.2760848999,POINT (-49.2760848999 -25.4405812465)
2014-05-02 17:22:00.000000,-25.4405812465,-49.2760848999,POINT (-49.2760848999 -25.4405812465)
2014-05-02 17:22:10.000000,-25.4405812465,-49.2760848999,POINT (-49.2760848999 -25.4405812465)
2014-05-02 17:22:20.000000,-25.4405812465,-49.2760848999,POINT (-49.2760848999 -25.4405812465)
2014-05-02 17:22:30.000000,-25.4405812465,-49.2760848999,POINT (-49.2760848999 -25.4405812465)
2014-05-02 17:22:40.000000,-25.4405812465,-49.2760848999,POINT (-49.2760848999 -25.4405812465)
2014-05-02 17:22:50.000000,-25.4405812465,-49.2760848999,POINT (-49.2760848999 -25.4405812465)
2014-05-02 17:23:00.000000,-25.4405812465,-49.2760848999,POINT (-49.2760848999 -25.4405812465)
2014-05-02 17:23:10.000000,-25.4405812465,-49.2760848999,POINT (-49.2760848999 -25.4405812465)
2014-05-02 17:23:20.000000,-25.4405812465,-49.2760848999,POINT (-49.2760848999 -25.4405812465)
2014-05-02 17:23:30.000000,-25.4405812465,-49.2760848999,POINT (-49.2760848999 -25.4405812465)
2014-05-02 17:23:40.000000,-25.4405812465,-49.2760848999,POINT (-49.2760848999 -25.4405812465)
2014-05-02 17:23:50.000000,-25.4405812465,-49.2760848999,POINT (-49.2760848999 -25.4405812465)
2014-05-02 17:24:00.000000,-25.4405812465,-49.2760848999,POINT (-49.2760848999 -25.4405812465)
2014-05-02 17:24:10.000000,-25.4405812465,-49.2760848999,POINT (-49.2760848999 -25.4405812465)
2014-05-02 17:24:20.000000,-25.4405812465,-49.2760848999,POINT (-49.2760848999 -25.4405812465)
2014-05-02 17:24:30.000000,-25.4405812465,-49.2760848999,POINT (-49.2760848999 -25.4405812465)
2014-05-02 17:24:40.000000,-25.4405812465,-49.2760848999,POINT (-49.2760848999 -25.4405812465)
2014-05-02 17:24:50.000000,-25.4405812465,-49.2760848999,POINT (-49.2760848999 -25.4405812465)
2014-05-02 17:25:00.000000,-25.4405812465,-49.2760848999,POINT (-49.2760848999 -25.4405812465)
2014-05-02 17:25:10.000000,-25.4405812465,-49.2760848999,POINT (-49.2760848999 -25.4405812465)
2014-05-02 17:25:20.000000,-25.4405812465,-49.2760848999,POINT (-49.2760848999 -25.4405812465)
2014-05-02 17:25:30.000000,-25.4405812465,-49.2760848999,POINT (-49.2760848999 -25.4405812465)
2014-05-02 17:25:40.000000,-25.4405812465,-49.2760848999,POINT (-49.2760848999 -25.4405812465)
2014-05-02 17:25:50.000000,-25.4405812465,-49.2760848999,POINT (-49.2760848999 -25.4405812465)
2014-05-02 17:26:00.000000,-25.4405812465,-49.2760848999,POINT (-49.2760848999 -25.4405812465)
2014-05-02 17:26:10.000000,-25.4405812465,-49.2760848999,POINT (-49.2760848999 -25.4405812465)
2014-05-02 17:26:20.000000,-25.4405812465,-49.2760848999,POINT (-49.2760848999 -25.4405812465)
2014-05-02 17:26:30.000000,-25.4405812465,-49.2760848999,POINT (-49.2760848999 -25.4405812465)
2014-05-02 17:26:40.000000,-25.4405812465,-49.2760848999,POINT (-49.2760848999 -25.4405812465)
2014-05-02 17:26:50.000000,-25.4405812465,-49.2760848999,POINT (-49.2760848999 -25.4405812465)
2014-05-02 17:27:00.000000,-25.4405812465,-49.2760848999,POINT (-49.2760848999 -25.4405812465)
2014-05-02 17:27:10.000000,-25.4405812465,-49.2760848999,POINT (-49.2760848999 -25.4405812465)
2014-05-02 17:27:20.000000,-25.4405812465,-49.2760848999,POINT (-49.2760848999 -25.4405812465)
2014-05-02 17:27:30.000000,-25.4405812465,-49.2760848999,POINT (-49.2760848999 -25.4405812465)
2014-05-02 17:27:40.000000,-25.4405812465,-49.2760848999,POINT (-49.2760848999 -25.4405812465)
2014-05-02 17:27:50.000000,-25.4405812465,-49.2760848999,POINT (-49.2760848999 -25.4405812465)
2014-05-02 17:28:00.000000,-25.4405812465,-49.2760848999,POINT (-49.2760848999 -25.4405812465)
2014-05-02 17:28:10.000000,-25.4405812465,-49.2760848999,POINT (-49.2760848999 -25.4405812465)
2014-05-02 17:28:20.000000,-25.4405812465,-49.2760848999,POINT (-49.2760848999 -25.4405812465)
2014-05-02 17:28:30.000000,-25.4405812465,-49.2760848999,POINT (-49.2760848999 -25.4405812465)
2014-05-02 17:28:40.000000,-25.4405812465,-49.2760848999,POINT (-49.2760848999 -25.4405812465)
2014-05-02 17:28:50.000000,-25.4405812465,-49.2760848999,POINT (-49.2760848999 -25.4405812465)
2014-05-02 17:29:00.000000,-25.4405812465,-49.2760848999,POINT (-49.2760848999 -25.4405812465)
2014-05-02 17:29:10.000000,-25.4405812465,-49.2760848999,POINT (-49.2760848999 -25.4405812465)
2014-05-02 17:29:20.000000,-25.4405812465,-49.2760848999,POINT (-49.2760848999 -25.4405812465)
2014-05-02 17:29:30.000000,-25.4405812465,-49.2760848999,POINT (-49.2760848999 -25.4405812465)
2014-05-02 17:29:40.000000,-25.4405812465,-49.2760848999,POINT (-49.2760848999 -25.4405812465)
2014-05-02 17:29:50.000000,-25.4405812465,-49.2760848999,POINT (-49.2760848999 -25.4405812465)
2014-05-02 17:30:00.000000,-25.4405812465,-49.2760848999,POINT (-49.2760848999 -25.4405812465)
2014-05-02 17:30:10.000000,-25.4405812465,-49.2760848999,POINT (-49.2760848999 -25.4405812465)
2014-05-02 17:30:20.000000,-25.4405812465,-49.2760848999,POINT (-49.2760848999 -25.4405812465)
2014-05-02 17:30:30.000000,-25.4405812465,-49.2760848999,POINT (-49.2760848999 -25.4405812465)
2014-05-02 17:30:40.000000,-25.4405812465,-49.2760848999,POINT (-49.2760848999 -25.4405812465)
2014-05-02 17:30:50.000000,-25.4405812465,-49.2760848999,POINT (-49.2760848999 -25.4405812465)
2014-05-02 17:31:00.000000,-25.4405812465,-49.2760848999,POINT (-49.2760848999 -25.4405812465)
2014-05-02 17:31:10.000000,-25.4405812465,-49.2760848999,POINT (-49.2760848999 -25.4405812465)
2014-05-02 17:31:20.000000,-25.4405812465,-49.2760848999,POINT (-49.2760848999 -25.4405812465)
2014-05-02 17:31:30.000000,-25.4405812465,-49.2760848999,POINT (-49.2760848999 -25.4405812465)
2014-05-02 17:31:40.000000,-25.4405812465,-49.2760848999,POINT (-49.2760848999 -25.4405812465)
2014-05-02 17:31:50.000000,-25.4405812465,-49.2760848999,POINT (-49.2760848999 -25.4405812465)
2014-05-02 17:32:00.000000,-25.4405812465,-49.2760848999,POINT (-49.2760848999 -25.4405812465)
2014-05-02 17:32:10.000000,-25.4405812465,-49.2760848999,POINT (-49.2760848999 -25.4405812465)
2014-05-02 17:32:20.000000,-25.4405812465,-49.2760848999,POINT (-49.2760848999 -25.4405812465)
2014-05-02 17:32:30.000000,-25.4405812465,-49.2760848999,POINT (-49.2760848999 -25.4405812465)
2014-05-02 17:32:40.000000,-25.4405812465,-49.2760848999,POINT (-49.2760848999 -25.4405812465)
2014-05-02 17:32:50.000000,-25.4405812465,-49.2760848999,POINT (-49.2760848999 -25.4405812465)
2014-05-02 17:33:00.000000,-25.4405812465,-49.2760848999,POINT (-49.2760848999 -25.4405812465)
2014-05-02 17:33:10.000000,-25.4405812465,-49.2760848999,POINT (-49.2760848999 -25.4405812465)
2014-05-02 17:33:20.000000,-25.4405812465,-49.2760848999,POINT (-49.2760848999 -25.4405812465)
2014-05-02 17:33:30.000000,-25.4405812465,-49.2760848999,POINT (-49.2760848999 -25.4405812465)
2014-05-02 17:33:40.000000,-25.4405812465,-49.2760848999,POINT (-49.2760848999 -25.4405812465)
2014-05-02 17:33:50.000000,-25.4405812465,-49.2760848999,POINT (-49.2760848999 -25.4405812465)
2014-05-02 17:34:00.000000,-25.4405812465,-49.2760848999,POINT (-49.2760848999 -25.4405812465)
2014-05-02 17:34:10.000000,-25.4405812465,-49.2760848999,POINT (-49.2760848999 -25.4405812465)
2014-05-02 17:34:20.000000,-25.4405812465,-49.2760848999,POINT (-49.2760848999 -25.4405812465)
2014-05-02 17:34:30.000000,-25.4405812465,-49.2760848999,POINT (-49.2760848999 -25.4405812465)
2014-05-02 17:34:40.000000,-25.4405812465,-49.2760848999,POINT (-49.2760848999 -25.4405812465)
2014-05-02 17:34:50.000000,-25.4405812465,-49.2760848999,POINT (-49.2760848999 -25.4405812465)
2014-05-02 17:35:00.000000,-25.4405812465,-49.2760848999,POINT (-49.2760848999 -25.4405812465)
2014-05-02 17:35:10.000000,-25.4405812465,-49.2760848999,POINT (-49.2760848999 -25.4405812465)
2014-05-02 17:35:20.000000,-25.4405812465,-49.2760848999,POINT (-49.2760848999 -25.4405812465)
2014-05-02 17:35:30.000000,-25.4405812465,-49.2760848999,POINT (-49.2760848999 -25.4405812465)
2014-05-02 17:35:40.000000,-25.4405812465,-49.2760848999,POINT (-49.2760848999 -25.4405812465)
2014-05-02 17:35:50.000000,-25.4405812465,-49.2760848999,POINT (-49.2760848999 -25.4405812465)
2014-05-02 17:36:00.000000,-25.4405812465,-49.2760848999,POINT (-49.2760848999 -25.4405812465)
2014-05-02 17:36:10.000000,-25.4405812465,-49.2760848999,POINT (-49.2760848999 -25.4405812465)
2014-05-02 17:36:20.000000,-25.4405812465,-49.2760848999,POINT (-49.2760848999 -25.4405812465)
2014-05-02 17:36:30.000000,-25.4405812465,-49.2760848999,POINT (-49.2760848999 -25.4405812465)
2014-05-02 17:36:40.000000,-25.4405812465,-49.2760848999,POINT (-49.2760848999 -25.4405812465)
2014-05-02 17:36:50.000000,-25.4405812465,-49.2760848999,POINT (-49.2760848999 -25.4405812465)
2014-05-02 17:37:00.000000,-25.4405812465,-49.2760848999,POINT (-49.2760848999 -25.4405812465)
2014-05-02 17:37:10.000000,-25.4405812465,-49.2760848999,POINT (-49.2760848999 -25.4405812465)
2014-05-02 17:37:20.000000,-25.4405812465,-49.2760848999,POINT (-49.2760848999 -25.4405812465)
2014-05-02 17:37:30.000000,-25.4405812465,-49.2760848999,POINT (-49.2760848999 -25.4405812465)
2014-05-02 17:37:40.000000,-25.4405812465,-49.2760848999,POINT (-49.2760848999 -25.4405812465)
2014-05-02 17:37:50.000000,-25.4405812465,-49.2760848999,POINT (-49.2760848999 -25.4405812465)
2014-05-02 17:38:00.000000,-25.4405812465,-49.2760848999,POINT (-49.2760848999 -25.4405812465)
2014-05-02 17:38:10.000000,-25.4405812465,-49.2760848999,POINT (-49.2760848999 -25.4405812465)
2014-05-02 17:38:20.000000,-25.4405812465,-49.2760848999,POINT (-49.2760848999 -25.4405812465)
2014-05-02 17:38:30.000000,-25.4405812465,-49.2760848999,POINT (-49.2760848999 -25.4405812465)
2014-05-02 17:38:40.000000,-25.4405812465,-49.2760848999,POINT (-49.2760848999 -25.4405812465)
2014-05-02 17:38:50.000000,-25.4405812465,-49.2760848999,POINT (-49.2760848999 -25.4405812465)
2014-05-02 17:39:00.000000,-25.4405812465,-49.2760848999,POINT (-49.2760848999 -25.4405812465)
2014-05-02 17:39:10.000000,-25.4405812465,-49.2760848999,POINT (-49.2760848999 -25.4405812465)
2014-05-02 17:39:20.000000,-25.4405812465,-49.2760848999,POINT (-49.2760848999 -25.4405812465)
2014-05-02 17:39:30.000000,-25.4405812465,-49.2760848999,POINT (-49.2760848999 -25.4405812465)
2014-05-02 17:39:40.000000,-25.4405812465,-49.2760848999,POINT (-49.2760848999 -25.4405812465)
2014-05-02 17:39:50.000000,-25.4405812465,-49.2760848999,POINT (-49.2760848999 -25.4405812465)
2014-05-02 17:40:00.000000,-25.4405812465,-49.2760848999,POINT (-49.2760848999 -25.4405812465)
2014-05-02 17:40:10.000000,-25.4405812465,-49.2760848999,POINT (-49.2760848999 -25.4405812465)
2014-05-02 17:40:20.000000,-25.4405812465,-49.2760848999,POINT (-49.2760848999 -25.4405812465)
2014-05-02 17:40:30.000000,-25.4405812465,-49.2760848999,POINT (-49.2760848999 -25.4405812465)
2014-05-02 17:40:40.000000,-25.4405812465,-49.2760848999,POINT (-49.2760848999 -25.4405812465)
2014-05-02 17:40:50.000000,-25.4405812465,-49.2760848999,POINT (-49.2760848999 -25.4405812465)
2014-05-02 17:41:00.000000,-25.4405812465,-49.2760848999,POINT (-49.2760848999 -25.4405812465)
2014-05-02 17:41:10.000000,-25.4405812465,-49.2760848999,POINT (-49.2760848999 -25.4405812465)
2014-05-02 17:41:20.000000,-25.4405812465,-49.2760848999,POINT (-49.2760848999 -25.4405812465)
2014-05-02 17:41:30.000000,-25.4405812465,-49.2760848999,POINT (-49.2760848999 -25.4405812465)
2014-05-02 17:41:40.000000,-25.4405812465,-49.2760848999,POINT (-49.2760848999 -25.4405812465)
2014-05-02 17:41:50.000000,-25.4405812465,-49.2760848999,POINT (-49.2760848999 -25.4405812465)
2014-05-02 17:42:00.000000,-25.4405812465,-49.2760848999,POINT (-49.2760848999 -25.4405812465)
2014-05-02 17:42:10.000000,-25.4405812465,-49.2760848999,POINT (-49.2760848999 -25.4405812465)
2014-05-02 17:42:20.000000,-25.4405812465,-49.2760848999,POINT (-49.2760848999 -25.4405812465)
2014-05-02 17:42:30.000000,-25.4405812465,-49.2760848999,POINT (-49.2760848999 -25.4405812465)
2014-05-02 17:42:40.000000,-25.4405812465,-49.2760848999,POINT (-49.2760848999 -25.4405812465)
2014-05-02 17:42:50.000000,-25.4405812465,-49.2760848999,POINT (-49.2760848999 -25.4405812465)
2014-05-02 17:43:00.000000,-25.4405812465,-49.2760848999,POINT (-49.2760848999 -25.4405812465)
2014-05-02 17:43:10.000000,-25.4405812465,-49.2760848999,POINT (-49.2760848999 -25.4405812465)
2014-05-02 17:43:20.000000,-25.4405812465,-49.2760848999,POINT (-49.2760848999 -25.4405812465)
2014-05-02 17:43:30.000000,-25.4405812465,-49.2760848999,POINT (-49.2760848999 -25.4405812465)
2014-05-02 17:43:40.000000,-25.4405812465,-49.2760848999,POINT (-49.2760848999 -25.4405812465)
2014-05-02 17:43:50.000000,-25.4405812465,-49.2760848999,POINT (-49.2760848999 -25.4405812465)
2014-05-02 17:44:00.000000,-25.4405812465,-49.2760848999,POINT (-49.2760848999 -25.4405812465)
2014-05-02 17:44:10.000000,-25.4405812465,-49.2760848999,POINT (-49.2760848999 -25.4405812465)
2014-05-02 17:44:20.000000,-25.4405812465,-49.2760848999,POINT (-49.2760848999 -25.4405812465)
2014-05-02 17:44:30.000000,-25.4405812465,-49.2760848999,POINT (-49.2760848999 -25.4405812465)
2014-05-02 17:44:40.000000,-25.4405812465,-49.2760848999,POINT (-49.2760848999 -25.4405812465)
2014-05-02 17:44:50.000000,-25.4405812465,-49.2760848999,POINT (-49.2760848999 -25.4405812465)
2014-05-02 17:45:00.000000,-25.4405812465,-49.2760848999,POINT (-49.2760848999 -25.4405812465)
2014-05-02 17:45:10.000000,-25.4405812465,-49.2760848999,POINT (-49.2760848999 -25.4405812465)
2014-05-02 17:45:20.000000,-25.4405812465,-49.2760848999,POINT (-49.2760848999 -25.4405812465)
2014-05-02 17:45:30.000000,-25.4405812465,-49.2760848999,POINT (-49.2760848999 -25.4405812465)
2014-05-02 17:45:40.000000,-25.4405812465,-49.2760848999,POINT (-49.2760848999 -25.4405812465)
2014-05-02 17:45:50.000000,-25.4405812465,-49.2760848999,POINT (-49.2760848999 -25.4405812465)
2014-05-02 17:46:00.000000,-25.4405812465,-49.2760848999,POINT (-49.2760848999 -25.4405812465)
2014-05-02 17:46:10.000000,-25.4405812465,-49.2760848999,POINT (-49.2760848999 -25.4405812465)
2014-05-02 17:46:20.000000,-25.4405812465,-49.2760848999,POINT (-49.2760848999 -25.4405812465)
2014-05-02 17:46:30.000000,-25.4405812465,-49.2760848999,POINT (-49.2760848999 -25.4405812465)
2014-05-02 17:46:40.000000,-25.4405812465,-49.2760848999,POINT (-49.2760848999 -25.4405812465)
2014-05-02 17:46:50.000000,-25.4405812465,-49.2760848999,POINT (-49.2760848999 -25.4405812465)
2014-05-02 17:47:00.000000,-25.4405812465,-49.2760848999,POINT (-49.2760848999 -25.4405812465)
2014-05-02 17:47:10.000000,-25.4405812465,-49.2760848999,POINT (-49.2760848999 -25.4405812465)
2014-05-02 17:47:20.000000,-25.4405812465,-49.2760848999,POINT (-49.2760848999 -25.4405812465)
2014-05-02 17:47:30.000000,-25.4405812465,-49.2760848999,POINT (-49.2760848999 -25.4405812465)
2014-05-02 17:47:40.000000,-25.4405812465,-49.2760848999,POINT (-49.2760848999 -25.4405812465)
2014-05-02 17:47:50.000000,-25.4405812465,-49.2760848999,POINT (-49.2760848999 -25.4405812465)
2014-05-02 17:48:00.000000,-25.4405812465,-49.2760848999,POINT (-49.2760848999 -25.4405812465)
2014-05-02 17:48:10.000000,-25.4405812465,-49.2760848999,POINT (-49.2760848999 -25.4405812465)
2014-05-02 17:48:20.000000,-25.4405812465,-49.2760848999,POINT (-49.2760848999 -25.4405812465)
2014-05-02 17:48:30.000000,-25.4405812465,-49.2760848999,POINT (-49.2760848999 -25.4405812465)
2014-05-02 17:48:40.000000,-25.4405812465,-49.2760848999,POINT (-49.2760848999 -25.4405812465)
2014-05-02 17:48:50.000000,-25.4405812465,-49.2760848999,POINT (-49.2760848999 -25.4405812465)
2014-05-02 17:49:00.000000,-25.4405812465,-49.2760848999,POINT (-49.2760848999 -25.4405812465)
2014-05-02 17:49:10.000000,-25.4405812465,-49.2760848999,POINT (-49.2760848999 -25.4405812465)
2014-05-02 17:49:20.000000,-25.4405812465,-49.2760848999,POINT (-49.2760848999 -25.4405812465)
2014-05-02 17:49:30.000000,-25.4405812465,-49.2760848999,POINT (-49.2760848999 -25.4405812465)
2014-05-02 17:49:40.000000,-25.4405812465,-49.2760848999,POINT (-49.2760848999 -25.4405812465)
2014-05-02 17:49:50.000000,-25.4405812465,-49.2760848999,POINT (-49.2760848999 -25.4405812465)
2014-05-02 17:50:00.000000,-25.4405812465,-49.2760848999,POINT (-49.2760848999 -25.4405812465)
2014-05-02 17:50:10.000000,-25.4405812465,-49.2760848999,POINT (-49.2760848999 -25.4405812465)
2014-05-02 17:50:20.000000,-25.4405812465,-49.2760848999,POINT (-49.2760848999 -25.4405812465)
2014-05-02 17:50:30.000000,-25.4405812465,-49.2760848999,POINT (-49.2760848999 -25.4405812465)
2014-05-02 17:50:40.000000,-25.4405812465,-49.2760848999,POINT (-49.2760848999 -25.4405812465)
2014-05-02 17:50:50.000000,-25.4405812465,-49.2760848999,POINT (-49.2760848999 -25.4405812465)
2014-05-02 17:51:00.000000,-25.4405812465,-49.2760848999,POINT (-49.2760848999 -25.4405812465)
2014-05-02 17:51:10.000000,-25.4405812465,-49.2760848999,POINT (-49.2760848999 -25.4405812465)
2014-05-02 17:51:20.000000,-25.4405812465,-49.2760848999,POINT (-49.2760848999 -25.4405812465)
2014-05-02 17:51:30.000000,-25.4405812465,-49.2760848999,POINT (-49.2760848999 -25.4405812465)
2014-05-02 17:51:40.000000,-25.4405812465,-49.2760848999,POINT (-49.2760848999 -25.4405812465)
2014-05-02 17:51:50.000000,-25.4405812465,-49.2760848999,POINT (-49.2760848999 -25.4405812465)
2014-05-02 17:52:00.000000,-25.4405812465,-49.2760848999,POINT (-49.2760848999 -25.4405812465)
2014-05-02 17:52:10.000000,-25.4405812465,-49.2760848999,POINT (-49.2760848999 -25.4405812465)
2014-05-02 17:52:20.000000,-25.4405812465,-49.2760848999,POINT (-49.2760848999 -25.4405812465)
2014-05-02 17:52:30.000000,-25.4405812465,-49.2760848999,POINT (-49.2760848999 -25.4405812465)
2014-05-02 17:52:40.000000,-25.4405812465,-49.2760848999,POINT (-49.2760848999 -25.4405812465)
2014-05-02 17:52:50.000000,-25.4405812465,-49.2760848999,POINT (-49.2760848999 -25.4405812465)
2014-05-02 17:53:00.000000,-25.4405812465,-49.2760848999,POINT (-49.2760848999 -25.4405812465)
2014-05-02 17:53:10.000000,-25.4405812465,-49.2760848999,POINT (-49.2760848999 -25.4405812465)
2014-05-02 17:53:20.000000,-25.4405812465,-49.2760848999,POINT (-49.2760848999 -25.4405812465)
2014-05-02 17:53:30.000000,-25.4405812465,-49.2760848999,POINT (-49.2760848999 -25.4405812465)
2014-05-02 17:53:40.000000,-25.4405812465,-49.2760848999,POINT (-49.2760848999 -25.4405812465)
2014-05-02 17:53:50.000000,-25.4405812465,-49.2760848999,POINT (-49.2760848999 -25.4405812465)
2014-05-02 17:54:00.000000,-25.4405812465,-49.2760848999,POINT (-49.2760848999 -25.4405812465)
2014-05-02 17:54:10.000000,-25.4405812465,-49.2760848999,POINT (-49.2760848999 -25.4405812465)
2014-05-02 17:54:20.000000,-25.4405812465,-49.2760848999,POINT (-49.2760848999 -25.4405812465)
2014-05-02 17:54:30.000000,-25.4405812465,-49.2760848999,POINT (-49.2760848999 -25.4405812465)
2014-05-02 17:54:40.000000,-25.4405812465,-49.2760848999,POINT (-49.2760848999 -25.4405812465)
2014-05-02 17:54:50.000000,-25.4405812465,-49.2760848999,POINT (-49.2760848999 -25.4405812465)
2014-05-02 17:55:00.000000,-25.4405812465,-49.2760848999,POINT (-49.2760848999 -25.4405812465)
2014-05-02 17:55:10.000000,-25.4405812465,-49.2760848999,POINT (-49.2760848999 -25.4405812465)
2014-05-02 17:55:20.000000,-25.4405812465,-49.2760848999,POINT (-49.2760848999 -25.4405812465)
2014-05-02 17:55:30.000000,-25.4405812465,-49.2760848999,POINT (-49.2760848999 -25.4405812465)
2014-05-02 17:55:40.000000,-25.4405812465,-49.2760848999,POINT (-49.2760848999 -25.4405812465)
2014-05-02 17:55:50.000000,-25.4405812465,-49.2760848999,POINT (-49.2760848999 -25.4405812465)
2014-05-02 17:56:00.000000,-25.4405812465,-49.2760848999,POINT (-49.2760848999 -25.4405812465)
2014-05-02 17:56:10.000000,-25.4405812465,-49.2760848999,POINT (-49.2760848999 -25.4405812465)
2014-05-02 17:56:20.000000,-25.4405812465,-49.2760848999,POINT (-49.2760848999 -25.4405812465)
2014-05-02 17:56:30.000000,-25.4405812465,-49.2760848999,POINT (-49.2760848999 -25.4405812465)
2014-05-02 17:56:40.000000,-25.4405812465,-49.2760848999,POINT (-49.2760848999 -25.4405812465)
2014-05-02 17:56:50.000000,-25.4405812465,-49.2760848999,POINT (-49.2760848999 -25.4405812465)
2014-05-02 17:57:00.000000,-25.4405812465,-49.2760848999,POINT (-49.2760848999 -25.4405812465)
2014-05-02 17:57:10.000000,-25.4405812465,-49.2760848999,POINT (-49.2760848999 -25.4405812465)
2014-05-02 17:57:20.000000,-25.4405812465,-49.2760848999,POINT (-49.2760848999 -25.4405812465)
2014-05-02 17:57:30.000000,-25.4405812465,-49.2760848999,POINT (-49.2760848999 -25.4405812465)
2014-05-02 17:57:40.000000,-25.4405812465,-49.2760848999,POINT (-49.2760848999 -25.4405812465)
2014-05-02 17:57:50.000000,-25.4405812465,-49.2760848999,POINT (-49.2760848999 -25.4405812465)
2014-05-02 17:58:00.000000,-25.4405812465,-49.2760848999,POINT (-49.2760848999 -25.4405812465)
2014-05-02 17:58:10.000000,-25.4405812465,-49.2760848999,POINT (-49.2760848999 -25.4405812465)
2014-05-02 17:58:20.000000,-25.4405812465,-49.2760848999,POINT (-49.2760848999 -25.4405812465)
2014-05-02 17:58:30.000000,-25.4405812465,-49.2760848999,POINT (-49.2760848999 -25.4405812465)
2014-05-02 17:58:40.000000,-25.4405812465,-49.2760848999,POINT (-49.2760848999 -25.4405812465)
2014-05-02 17:58:50.000000,-25.4405812465,-49.2760848999,POINT (-49.2760848999 -25.4405812465)
2014-05-02 17:59:00.000000,-25.4405812465,-49.2760848999,POINT (-49.2760848999 -25.4405812465)
2014-05-02 17:59:10.000000,-25.4405812465,-49.2760848999,POINT (-49.2760848999 -25.4405812465)
2014-05-02 17:59:20.000000,-25.4405812465,-49.2760848999,POINT (-49.2760848999 -25.4405812465)
2014-05-02 17:59:30.000000,-25.4405812465,-49.2760848999,POINT (-49.2760848999 -25.4405812465)
2014-05-02 17:59:40.000000,-25.4405812465,-49.2760848999,POINT (-49.2760848999 -25.4405812465)
2014-05-02 17:59:50.000000,-25.4405812465,-49.2760848999,POINT (-49.2760848999 -25.4405812465)
2014-05-02 18:00:00.000000,-25.4405812465,-49.2760848999,POINT (-49.2760848999 -25.4405812465)
2014-05-02 18:00:10.000000,-25.4405812465,-49.2760848999,POINT (-49.2760848999 -25.4405812465)
2014-05-02 18:00:20.000000,-25.4405812465,-49.2760848999,POINT (-49.2760848999 -25.4405812465)
2014-05-02 18:00:30.000000,-25.4405812465,-49.2760848999,POINT (-49.2760848999 -25.4405812465)
2014-05-02 18:00:40.000000,-25.4405812465,-49.2760848999,POINT (-49.2760848999 -25.4405812465)
2014-05-02 18:00:50.000000,-25.4405812465,-49.2760848999,POINT (-49.2760848999 -25.4405812465)
2014-05-02 18:01:00.000000,-25.4405812465,-49.2760848999,POINT (-49.2760848999 -25.4405812465)
2014-05-02 18:01:10.000000,-25.4405812465,-49.2760848999,POINT (-49.2760848999 -25.4405812465)
2014-05-02 18:01:20.000000,-25.4405812465,-49.2760848999,POINT (-49.2760848999 -25.4405812465)
2014-05-02 18:01:30.000000,-25.4405812465,-49.2760848999,POINT (-49.2760848999 -25.4405812465)
2014-05-02 18:01:40.000000,-25.4405812465,-49.2760848999,POINT (-49.2760848999 -25.4405812465)
2014-05-02 18:01:50.000000,-25.4405812465,-49.2760848999,POINT (-49.2760848999 -25.4405812465)
2014-05-02 18:02:00.000000,-25.4405812465,-49.2760848999,POINT (-49.2760848999 -25.4405812465)
2014-05-02 18:02:10.000000,-25.4405812465,-49.2760848999,POINT (-49.2760848999 -25.4405812465)
2014-05-02 18:02:20.000000,-25.4405812465,-49.2760848999,POINT (-49.2760848999 -25.4405812465)
2014-05-02 18:02:30.000000,-25.4405812465,-49.2760848999,POINT (-49.2760848999 -25.4405812465)
2014-05-02 18:02:40.000000,-25.4405812465,-49.2760848999,POINT (-49.2760848999 -25.4405812465)
2014-05-02 18:02:50.000000,-25.4405812465,-49.2760848999,POINT (-49.2760848999 -25.4405812465)
2014-05-02 18:03:00.000000,-25.4405812465,-49.2760848999,POINT (-49.2760848999 -25.4405812465)
2014-05-02 18:03:10.000000,-25.4405812465,-49.2760848999,POINT (-49.2760848999 -25.4405812465)
2014-05-02 18:03:20.000000,-25.4405812465,-49.2760848999,POINT (-49.2760848999 -25.4405812465)
2014-05-02 18:03:30.000000,-25.4405812465,-49.2760848999,POINT (-49.2760848999 -25.4405812465)
2014-05-02 18:03:40.000000,-25.4405812465,-49.2760848999,POINT (-49.2760848999 -25.4405812465)
2014-05-02 18:03:50.000000,-25.4405812465,-49.2760848999,POINT (-49.2760848999 -25.4405812465)
2014-05-02 18:04:00.000000,-25.4405812465,-49.2760848999,POINT (-49.2760848999 -25.4405812465)
2014-05-02 18:04:10.000000,-25.4405812465,-49.2760848999,POINT (-49.2760848999 -25.4405812465)
2014-05-02 18:04:20.000000,-25.4405812465,-49.2760848999,POINT (-49.2760848999 -25.4405812465)
2014-05-02 18:04:30.000000,-25.4405812465,-49.2760848999,POINT (-49.2760848999 -25.4405812465)
2014-05-02 18:04:40.000000,-25.4405812465,-49.2760848999,POINT (-49.2760848999 -25.4405812465)
2014-05-02 18:04:50.000000,-25.4405812465,-49.2760848999,POINT (-49.2760848999 -25.4405812465)
2014-05-02 18:05:00.000000,-25.4405812465,-49.2760848999,POINT (-49.2760848999 -25.4405812465)
2014-05-02 18:05:10.000000,-25.4405812465,-49.2760848999,POINT (-49.2760848999 -25.4405812465)
2014-05-02 18:05:20.000000,-25.4405812465,-49.2760848999,POINT (-49.2760848999 -25.4405812465)
2014-05-02 18:05:30.000000,-25.4405812465,-49.2760848999,POINT (-49.2760848999 -25.4405812465)
2014-05-02 18:05:40.000000,-25.4405812465,-49.2760848999,POINT (-49.2760848999 -25.4405812465)
2014-05-02 18:05:50.000000,-25.4405812465,-49.2760848999,POINT (-49.2760848999 -25.4405812465)
2014-05-02 18:06:00.000000,-25.4405812465,-49.2760848999,POINT (-49.2760848999 -25.4405812465)
2014-05-02 18:06:10.000000,-25.4405812465,-49.2760848999,POINT (-49.2760848999 -25.4405812465)
2014-05-02 18:06:20.000000,-25.4405812465,-49.2760848999,POINT (-49.2760848999 -25.4405812465)
2014-05-02 18:06:30.000000,-25.4405812465,-49.2760848999,POINT (-49.2760848999 -25.4405812465)
2014-05-02 18:06:40.000000,-25.4405812465,-49.2760848999,POINT (-49.2760848999 -25.4405812465)
2014-05-02 18:06:50.000000,-25.4405812465,-49.2760848999,POINT (-49.2760848999 -25.4405812465)
2014-05-02 18:07:00.000000,-25.4405812465,-49.2760848999,POINT (-49.2760848999 -25.4405812465)
2014-05-02 18:07:10.000000,-25.4405812465,-49.2760848999,POINT (-49.2760848999 -25.4405812465)
2014-05-02 18:07:20.000000,-25.4405812465,-49.2760848999,POINT (-49.2760848999 -25.4405812465)
2014-05-02 18:07:30.000000,-25.4405812465,-49.2760848999,POINT (-49.2760848999 -25.4405812465)
2014-05-02 18:07:40.000000,-25.4405812465,-49.2760848999,POINT (-49.2760848999 -25.4405812465)
2014-05-02 18:07:50.000000,-25.4405812465,-49.2760848999,POINT (-49.2760848999 -25.4405812465)
2014-05-02 18:08:00.000000,-25.4405812465,-49.2760848999,POINT (-49.2760848999 -25.4405812465)
2014-05-02 18:08:10.000000,-25.4405812465,-49.2760848999,POINT (-49.2760848999 -25.4405812465)
2014-05-02 18:08:20.000000,-25.4405812465,-49.2760848999,POINT (-49.2760848999 -25.4405812465)
2014-05-02 18:08:30.000000,-25.4405812465,-49.2760848999,POINT (-49.2760848999 -25.4405812465)
2014-05-02 18:08:40.000000,-25.4405812465,-49.2760848999,POINT (-49.2760848999 -25.4405812465)
2014-05-02 18:08:50.000000,-25.4405812465,-49.2760848999,POINT (-49.2760848999 -25.4405812465)
2014-05-02 18:09:00.000000,-25.4405812465,-49.2760848999,POINT (-49.2760848999 -25.4405812465)
2014-05-02 18:09:10.000000,-25.4405812465,-49.2760848999,POINT (-49.2760848999 -25.4405812465)
2014-05-02 18:09:20.000000,-25.4405812465,-49.2760848999,POINT (-49.2760848999 -25.4405812465)
2014-05-02 18:09:30.000000,-25.4405812465,-49.2760848999,POINT (-49.2760848999 -25.4405812465)
2014-05-02 18:09:40.000000,-25.4405812465,-49.2760848999,POINT (-49.2760848999 -25.4405812465)
2014-05-02 18:09:50.000000,-25.4405812465,-49.2760848999,POINT (-49.2760848999 -25.4405812465)
2014-05-02 18:10:00.000000,-25.4405812465,-49.2760848999,POINT (-49.2760848999 -25.4405812465)
2014-05-02 18:10:10.000000,-25.4405812465,-49.2760848999,POINT (-49.2760848999 -25.4405812465)
2014-05-02 18:10:20.000000,-25.4405812465,-49.2760848999,POINT (-49.2760848999 -25.4405812465)
2014-05-02 18:10:30.000000,-25.4405812465,-49.2760848999,POINT (-49.2760848999 -25.4405812465)
2014-05-02 18:10:40.000000,-25.4405812465,-49.2760848999,POINT (-49.2760848999 -25.4405812465)
2014-05-02 18:10:50.000000,-25.4405812465,-49.2760848999,POINT (-49.2760848999 -25.4405812465)
2014-05-02 18:11:00.000000,-25.4405812465,-49.2760848999,POINT (-49.2760848999 -25.4405812465)
2014-05-02 18:11:10.000000,-25.4405812465,-49.2760848999,POINT (-49.2760848999 -25.4405812465)
2014-05-02 18:11:20.000000,-25.4405812465,-49.2760848999,POINT (-49.2760848999 -25.4405812465)
2014-05-02 18:11:30.000000,-25.4405812465,-49.2760848999,POINT (-49.2760848999 -25.4405812465)
2014-05-02 18:11:40.000000,-25.4405812465,-49.2760848999,POINT (-49.2760848999 -25.4405812465)
2014-05-02 18:11:50.000000,-25.4405812465,-49.2760848999,POINT (-49.2760848999 -25.4405812465)
2014-05-02 18:12:00.000000,-25.4405812465,-49.2760848999,POINT (-49.2760848999 -25.4405812465)
2014-05-02 18:12:10.000000,-25.4405812465,-49.2760848999,POINT (-49.2760848999 -25.4405812465)
2014-05-02 18:12:20.000000,-25.4405812465,-49.2760848999,POINT (-49.2760848999 -25.4405812465)
2014-05-02 18:12:30.000000,-25.4405812465,-49.2760848999,POINT (-49.2760848999 -25.4405812465)
2014-05-02 18:12:40.000000,-25.4405812465,-49.2760848999,POINT (-49.2760848999 -25.4405812465)
2014-05-02 18:12:50.000000,-25.4405812465,-49.2760848999,POINT (-49.2760848999 -25.4405812465)
2014-05-02 18:13:00.000000,-25.4405812465,-49.2760848999,POINT (-49.2760848999 -25.4405812465)
2014-05-02 18:13:10.000000,-25.4405812465,-49.2760848999,POINT (-49.2760848999 -25.4405812465)
2014-05-02 18:13:20.000000,-25.4405812465,-49.2760848999,POINT (-49.2760848999 -25.4405812465)
2014-05-02 18:13:30.000000,-25.4405812465,-49.2760848999,POINT (-49.2760848999 -25.4405812465)
2014-05-02 18:13:40.000000,-25.4405812465,-49.2760848999,POINT (-49.2760848999 -25.4405812465)
2014-05-02 18:13:50.000000,-25.4405812465,-49.2760848999,POINT (-49.2760848999 -25.4405812465)
2014-05-02 18:14:00.000000,-25.4405812465,-49.2760848999,POINT (-49.2760848999 -25.4405812465)
2014-05-02 18:14:10.000000,-25.4405812465,-49.2760848999,POINT (-49.2760848999 -25.4405812465)
2014-05-02 18:14:20.000000,-25.4405812465,-49.2760848999,POINT (-49.2760848999 -25.4405812465)
2014-05-02 18:14:30.000000,-25.4405812465,-49.2760848999,POINT (-49.2760848999 -25.4405812465)
2014-05-02 18:14:40.000000,-25.4405812465,-49.2760848999,POINT (-49.2760848999 -25.4405812465)
2014-05-02 18:14:50.000000,-25.4405812465,-49.2760848999,POINT (-49.2760848999 -25.4405812465)
2014-05-02 18:15:00.000000,-25.4405812465,-49.2760848999,POINT (-49.2760848999 -25.4405812465)
2014-05-02 18:15:10.000000,-25.4405812465,-49.2760848999,POINT (-49.2760848999 -25.4405812465)
2014-05-02 18:15:20.000000,-25.4405812465,-49.2760848999,POINT (-49.2760848999 -25.4405812465)
2014-05-02 18:15:30.000000,-25.4405812465,-49.2760848999,POINT (-49.2760848999 -25.4405812465)
2014-05-02 18:15:40.000000,-25.4405812465,-49.2760848999,POINT (-49.2760848999 -25.4405812465)
2014-05-02 18:15:50.000000,-25.4405812465,-49.2760848999,POINT (-49.2760848999 -25.4405812465)
2014-05-02 18:16:00.000000,-25.4405812465,-49.2760848999,POINT (-49.2760848999 -25.4405812465)
2014-05-02 18:16:10.000000,-25.4405812465,-49.2760848999,POINT (-49.2760848999 -25.4405812465)
2014-05-02 18:16:20.000000,-25.4405812465,-49.2760848999,POINT (-49.2760848999 -25.4405812465)
2014-05-02 18:16:30.000000,-25.4405812465,-49.2760848999,POINT (-49.2760848999 -25.4405812465)
2014-05-02 18:16:40.000000,-25.4405812465,-49.2760848999,POINT (-49.2760848999 -25.4405812465)
2014-05-02 18:16:50.000000,-25.4405812465,-49.2760848999,POINT (-49.2760848999 -25.4405812465)
2014-05-02 18:17:00.000000,-25.4405812465,-49.2760848999,POINT (-49.2760848999 -25.4405812465)
2014-05-02 18:17:10.000000,-25.4405812465,-49.2760848999,POINT (-49.2760848999 -25.4405812465)
2014-05-02 18:17:20.000000,-25.4405812465,-49.2760848999,POINT (-49.2760848999 -25.4405812465)
2014-05-02 18:17:30.000000,-25.4405812465,-49.2760848999,POINT (-49.2760848999 -25.4405812465)
2014-05-02 18:17:40.000000,-25.4405812465,-49.2760848999,POINT (-49.2760848999 -25.4405812465)
2014-05-02 18:17:50.000000,-25.4405812465,-49.2760848999,POINT (-49.2760848999 -25.4405812465)
2014-05-02 18:18:00.000000,-25.4405812465,-49.2760848999,POINT (-49.2760848999 -25.4405812465)
2014-05-02 18:18:10.000000,-25.4405812465,-49.2760848999,POINT (-49.2760848999 -25.4405812465)
2014-05-02 18:18:20.000000,-25.4405812465,-49.2760848999,POINT (-49.2760848999 -25.4405812465)
2014-05-02 18:18:30.000000,-25.4405812465,-49.2760848999,POINT (-49.2760848999 -25.4405812465)
2014-05-02 18:18:40.000000,-25.4405812465,-49.2760848999,POINT (-49.2760848999 -25.4405812465)
2014-05-02 18:18:50.000000,-25.4405812465,-49.2760848999,POINT (-49.2760848999 -25.4405812465)
2014-05-02 18:19:00.000000,-25.4405812465,-49.2760848999,POINT (-49.2760848999 -25.4405812465)
2014-05-02 18:19:10.000000,-25.4405812465,-49.2760848999,POINT (-49.2760848999 -25.4405812465)
2014-05-02 18:19:20.000000,-25.4405812465,-49.2760848999,POINT (-49.2760848999 -25.4405812465)
2014-05-02 18:19:30.000000,-25.4405812465,-49.2760848999,POINT (-49.2760848999 -25.4405812465)
2014-05-02 18:19:40.000000,-25.4405812465,-49.2760848999,POINT (-49.2760848999 -25.4405812465)
2014-05-02 18:19:50.000000,-25.4405812465,-49.2760848999,POINT (-49.2760848999 -25.4405812465)
2014-05-02 18:20:00.000000,-25.4405812465,-49.2760848999,POINT (-49.2760848999 -25.4405812465)
2014-05-02 18:20:10.000000,-25.4405812465,-49.2760848999,POINT (-49.2760848999 -25.4405812465)
2014-05-02 18:20:20.000000,-25.4405812465,-49.2760848999,POINT (-49.2760848999 -25.4405812465)
2014-05-02 18:20:30.000000,-25.4405812465,-49.2760848999,POINT (-49.2760848999 -25.4405812465)
2014-05-02 18:20:40.000000,-25.4405812465,-49.2760848999,POINT (-49.2760848999 -25.4405812465)
2014-05-02 18:20:50.000000,-25.4405812465,-49.2760848999,POINT (-49.2760848999 -25.4405812465)
2014-05-02 18:21:00.000000,-25.4405812465,-49.2760848999,POINT (-49.2760848999 -25.4405812465)
2014-05-02 18:21:10.000000,-25.4405812465,-49.2760848999,POINT (-49.2760848999 -25.4405812465)
2014-05-02 18:21:20.000000,-25.4405812465,-49.2760848999,POINT (-49.2760848999 -25.4405812465)
2014-05-02 18:21:30.000000,-25.4405812465,-49.2760848999,POINT (-49.2760848999 -25.4405812465)
2014-05-02 18:21:40.000000,-25.4405812465,-49.2760848999,POINT (-49.2760848999 -25.4405812465)
2014-05-02 18:21:50.000000,-25.4405812465,-49.2760848999,POINT (-49.2760848999 -25.4405812465)
2014-05-02 18:22:00.000000,-25.4405812465,-49.2760848999,POINT (-49.2760848999 -25.4405812465)
2014-05-02 18:22:10.000000,-25.4405812465,-49.2760848999,POINT (-49.2760848999 -25.4405812465)
2014-05-02 18:22:20.000000,-25.4405812465,-49.2760848999,POINT (-49.2760848999 -25.4405812465)
2014-05-02 18:22:30.000000,-25.4405812465,-49.2760848999,POINT (-49.2760848999 -25.4405812465)
2014-05-02 18:22:40.000000,-25.4405812465,-49.2760848999,POINT (-49.2760848999 -25.4405812465)
2014-05-02 18:22:50.000000,-25.4405812465,-49.2760848999,POINT (-49.2760848999 -25.4405812465)
2014-05-02 18:23:00.000000,-25.4405812465,-49.2760848999,POINT (-49.2760848999 -25.4405812465)
2014-05-02 18:23:10.000000,-25.4405812465,-49.2760848999,POINT (-49.2760848999 -25.4405812465)
2014-05-02 18:23:20.000000,-25.4405812465,-49.2760848999,POINT (-49.2760848999 -25.4405812465)
2014-05-02 18:23:30.000000,-25.4405812465,-49.2760848999,POINT (-49.2760848999 -25.4405812465)
2014-05-02 18:23:40.000000,-25.4405812465,-49.2760848999,POINT (-49.2760848999 -25.4405812465)
2014-05-02 18:23:50.000000,-25.4405812465,-49.2760848999,POINT (-49.2760848999 -25.4405812465)
2014-05-02 18:24:00.000000,-25.4405812465,-49.2760848999,POINT (-49.2760848999 -25.4405812465)
2014-05-02 18:24:10.000000,-25.4405812465,-49.2760848999,POINT (-49.2760848999 -25.4405812465)
2014-05-02 18:24:20.000000,-25.4405812465,-49.2760848999,POINT (-49.2760848999 -25.4405812465)
2014-05-02 18:24:30.000000,-25.4405812465,-49.2760848999,POINT (-49.2760848999 -25.4405812465)
2014-05-02 18:24:40.000000,-25.4405812465,-49.2760848999,POINT (-49.2760848999 -25.4405812465)
2014-05-02 18:24:50.000000,-25.4405812465,-49.2760848999,POINT (-49.2760848999 -25.4405812465)
2014-05-02 18:25:00.000000,-25.4405812465,-49.2760848999,POINT (-49.2760848999 -25.4405812465)
2014-05-02 18:25:10.000000,-25.4405812465,-49.2760848999,POINT (-49.2760848999 -25.4405812465)
2014-05-02 18:25:20.000000,-25.4405812465,-49.2760848999,POINT (-49.2760848999 -25.4405812465)
2014-05-02 18:25:30.000000,-25.4405812465,-49.2760848999,POINT (-49.2760848999 -25.4405812465)
2014-05-02 18:25:40.000000,-25.4405812465,-49.2760848999,POINT (-49.2760848999 -25.4405812465)
2014-05-02 18:25:50.000000,-25.4405812465,-49.2760848999,POINT (-49.2760848999 -25.4405812465)
2014-05-02 18:26:00.000000,-25.4405812465,-49.2760848999,POINT (-49.2760848999 -25.4405812465)
2014-05-02 18:26:10.000000,-25.4405812465,-49.2760848999,POINT (-49.2760848999 -25.4405812465)
2014-05-02 18:26:20.000000,-25.4405812465,-49.2760848999,POINT (-49.2760848999 -25.4405812465)
2014-05-02 18:26:30.000000,-25.4405812465,-49.2760848999,POINT (-49.2760848999 -25.4405812465)
2014-05-02 18:26:40.000000,-25.4405812465,-49.2760848999,POINT (-49.2760848999 -25.4405812465)
2014-05-02 18:26:50.000000,-25.4405812465,-49.2760848999,POINT (-49.2760848999 -25.4405812465)
2014-05-02 18:27:00.000000,-25.4405812465,-49.2760848999,POINT (-49.2760848999 -25.4405812465)
2014-05-02 18:27:10.000000,-25.4405812465,-49.2760848999,POINT (-49.2760848999 -25.4405812465)
2014-05-02 18:27:20.000000,-25.4405812465,-49.2760848999,POINT (-49.2760848999 -25.4405812465)
2014-05-02 18:27:30.000000,-25.4405812465,-49.2760848999,POINT (-49.2760848999 -25.4405812465)
2014-05-02 18:27:40.000000,-25.4405812465,-49.2760848999,POINT (-49.2760848999 -25.4405812465)
2014-05-02 18:27:50.000000,-25.4405812465,-49.2760848999,POINT (-49.2760848999 -25.4405812465)
2014-05-02 18:28:00.000000,-25.4405812465,-49.2760848999,POINT (-49.2760848999 -25.4405812465)
2014-05-02 18:28:10.000000,-25.4405812465,-49.2760848999,POINT (-49.2760848999 -25.4405812465)
2014-05-02 18:28:20.000000,-25.4405812465,-49.2760848999,POINT (-49.2760848999 -25.4405812465)
2014-05-02 18:28:30.000000,-25.4405812465,-49.2760848999,POINT (-49.2760848999 -25.4405812465)
2014-05-02 18:28:40.000000,-25.4405812465,-49.2760848999,POINT (-49.2760848999 -25.4405812465)
2014-05-02 18:28:50.000000,-25.4405812465,-49.2760848999,POINT (-49.2760848999 -25.4405812465)
2014-05-02 18:29:00.000000,-25.4405812465,-49.2760848999,POINT (-49.2760848999 -25.4405812465)
2014-05-02 18:29:10.000000,-25.4405812465,-49.2760848999,POINT (-49.2760848999 -25.4405812465)
2014-05-02 18:29:20.000000,-25.4405812465,-49.2760848999,POINT (-49.2760848999 -25.4405812465)
2014-05-02 18:29:30.000000,-25.4405812465,-49.2760848999,POINT (-49.2760848999 -25.4405812465)
2014-05-02 18:29:40.000000,-25.4405812465,-49.2760848999,POINT (-49.2760848999 -25.4405812465)
2014-05-02 18:29:50.000000,-25.4405812465,-49.2760848999,POINT (-49.2760848999 -25.4405812465)
2014-05-02 18:30:00.000000,-25.4405812465,-49.2760848999,POINT (-49.2760848999 -25.4405812465)
2014-05-02 18:30:10.000000,-25.4405812465,-49.2760848999,POINT (-49.2760848999 -25.4405812465)
2014-05-02 18:30:20.000000,-25.4405812465,-49.2760848999,POINT (-49.2760848999 -25.4405812465)
2014-05-02 18:30:30.000000,-25.4405812465,-49.2760848999,POINT (-49.2760848999 -25.4405812465)
2014-05-02 18:30:40.000000,-25.4405812465,-49.2760848999,POINT (-49.2760848999 -25.4405812465)
2014-05-02 18:30:50.000000,-25.4405812465,-49.2760848999,POINT (-49.2760848999 -25.4405812465)
2014-05-02 18:31:00.000000,-25.4405812465,-49.2760848999,POINT (-49.2760848999 -25.4405812465)
2014-05-02 18:31:10.000000,-25.4405812465,-49.2760848999,POINT (-49.2760848999 -25.4405812465)
2014-05-02 18:31:20.000000,-25.4405812465,-49.2760848999,POINT (-49.2760848999 -25.4405812465)
2014-05-02 18:31:30.000000,-25.4405812465,-49.2760848999,POINT (-49.2760848999 -25.4405812465)
2014-05-02 18:31:40.000000,-25.4405812465,-49.2760848999,POINT (-49.2760848999 -25.4405812465)
2014-05-02 18:31:50.000000,-25.4405812465,-49.2760848999,POINT (-49.2760848999 -25.4405812465)
2014-05-02 18:32:00.000000,-25.4405812465,-49.2760848999,POINT (-49.2760848999 -25.4405812465)
2014-05-02 18:32:10.000000,-25.4405812465,-49.2760848999,POINT (-49.2760848999 -25.4405812465)
2014-05-02 18:32:20.000000,-25.4405812465,-49.2760848999,POINT (-49.2760848999 -25.4405812465)
2014-05-02 18:32:30.000000,-25.4405812465,-49.2760848999,POINT (-49.2760848999 -25.4405812465)
2014-05-02 18:32:40.000000,-25.4405812465,-49.2760848999,POINT (-49.2760848999 -25.4405812465)
2014-05-02 18:32:50.000000,-25.4405812465,-49.2760848999,POINT (-49.2760848999 -25.4405812465)
2014-05-02 18:33:00.000000,-25.4405812465,-49.2760848999,POINT (-49.2760848999 -25.4405812465)
2014-05-02 18:33:10.000000,-25.4405812465,-49.2760848999,POINT (-49.2760848999 -25.4405812465)
2014-05-02 18:33:20.000000,-25.4405812465,-49.2760848999,POINT (-49.2760848999 -25.4405812465)
2014-05-02 18:33:30.000000,-25.4405812465,-49.2760848999,POINT (-49.2760848999 -25.4405812465)
2014-05-02 18:33:40.000000,-25.4405812465,-49.2760848999,POINT (-49.2760848999 -25.4405812465)
2014-05-02 18:33:50.000000,-25.4405812465,-49.2760848999,POINT (-49.2760848999 -25.4405812465)
2014-05-02 18:34:00.000000,-25.4405812465,-49.2760848999,POINT (-49.2760848999 -25.4405812465)
2014-05-02 18:34:10.000000,-25.4405812465,-49.2760848999,POINT (-49.2760848999 -25.4405812465)
2014-05-02 18:34:20.000000,-25.4405812465,-49.2760848999,POINT (-49.2760848999 -25.4405812465)
2014-05-02 18:34:30.000000,-25.4405812465,-49.2760848999,POINT (-49.2760848999 -25.4405812465)
2014-05-02 18:34:40.000000,-25.4405812465,-49.2760848999,POINT (-49.2760848999 -25.4405812465)
2014-05-02 18:34:50.000000,-25.4405812465,-49.2760848999,POINT (-49.2760848999 -25.4405812465)
2014-05-02 18:35:00.000000,-25.4405812465,-49.2760848999,POINT (-49.2760848999 -25.4405812465)
2014-05-02 18:35:10.000000,-25.4405812465,-49.2760848999,POINT (-49.2760848999 -25.4405812465)
2014-05-02 18:35:20.000000,-25.4405812465,-49.2760848999,POINT (-49.2760848999 -25.4405812465)
2014-05-02 18:35:30.000000,-25.4405812465,-49.2760848999,POINT (-49.2760848999 -25.4405812465)
2014-05-02 18:35:40.000000,-25.4405812465,-49.2760848999,POINT (-49.2760848999 -25.4405812465)
2014-05-02 18:35:50.000000,-25.4405812465,-49.2760848999,POINT (-49.2760848999 -25.4405812465)
2014-05-02 18:36:00.000000,-25.4405812465,-49.2760848999,POINT (-49.2760848999 -25.4405812465)
2014-05-02 18:36:10.000000,-25.4405812465,-49.2760848999,POINT (-49.2760848999 -25.4405812465)
2014-05-02 18:36:20.000000,-25.4405812465,-49.2760848999,POINT (-49.2760848999 -25.4405812465)
2014-05-02 18:36:30.000000,-25.4405812465,-49.2760848999,POINT (-49.2760848999 -25.4405812465)
2014-05-02 18:36:40.000000,-25.4405812465,-49.2760848999,POINT (-49.2760848999 -25.4405812465)
2014-05-02 18:36:50.000000,-25.4405812465,-49.2760848999,POINT (-49.2760848999 -25.4405812465)
2014-05-02 18:37:00.000000,-25.4405812465,-49.2760848999,POINT (-49.2760848999 -25.4405812465)
2014-05-02 18:37:10.000000,-25.4405812465,-49.2760848999,POINT (-49.2760848999 -25.4405812465)
2014-05-02 18:37:20.000000,-25.4405812465,-49.2760848999,POINT (-49.2760848999 -25.4405812465)
2014-05-02 18:37:30.000000,-25.4405812465,-49.2760848999,POINT (-49.2760848999 -25.4405812465)
2014-05-02 18:37:40.000000,-25.4405812465,-49.2760848999,POINT (-49.2760848999 -25.4405812465)
2014-05-02 18:37:50.000000,-25.4405812465,-49.2760848999,POINT (-49.2760848999 -25.4405812465)
2014-05-02 18:38:00.000000,-25.4405812465,-49.2760848999,POINT (-49.2760848999 -25.4405812465)
2014-05-02 18:38:10.000000,-25.4405812465,-49.2760848999,POINT (-49.2760848999 -25.4405812465)
2014-05-02 18:38:20.000000,-25.4405812465,-49.2760848999,POINT (-49.2760848999 -25.4405812465)
2014-05-02 18:38:30.000000,-25.4405812465,-49.2760848999,POINT (-49.2760848999 -25.4405812465)
2014-05-02 18:38:40.000000,-25.4405812465,-49.2760848999,POINT (-49.2760848999 -25.4405812465)
2014-05-02 18:38:50.000000,-25.4405812465,-49.2760848999,POINT (-49.2760848999 -25.4405812465)
2014-05-02 18:39:00.000000,-25.4405812465,-49.2760848999,POINT (-49.2760848999 -25.4405812465)
2014-05-02 18:39:10.000000,-25.4405812465,-49.2760848999,POINT (-49.2760848999 -25.4405812465)
2014-05-02 18:39:20.000000,-25.4405812465,-49.2760848999,POINT (-49.2760848999 -25.4405812465)
2014-05-02 18:39:30.000000,-25.4405812465,-49.2760848999,POINT (-49.2760848999 -25.4405812465)
2014-05-02 18:39:40.000000,-25.4405812465,-49.2760848999,POINT (-49.2760848999 -25.4405812465)
2014-05-02 18:39:50.000000,-25.4405812465,-49.2760848999,POINT (-49.2760848999 -25.4405812465)
2014-05-02 18:40:00.000000,-25.4405812465,-49.2760848999,POINT (-49.2760848999 -25.4405812465)
2014-05-02 18:40:10.000000,-25.4405812465,-49.2760848999,POINT (-49.2760848999 -25.4405812465)
2014-05-02 18:40:20.000000,-25.4405812465,-49.2760848999,POINT (-49.2760848999 -25.4405812465)
2014-05-02 18:40:30.000000,-25.4405812465,-49.2760848999,POINT (-49.2760848999 -25.4405812465)
2014-05-02 18:40:40.000000,-25.4405812465,-49.2760848999,POINT (-49.2760848999 -25.4405812465)
2014-05-02 18:40:50.000000,-25.4405812465,-49.2760848999,POINT (-49.2760848999 -25.4405812465)
2014-05-02 18:41:00.000000,-25.4405812465,-49.2760848999,POINT (-49.2760848999 -25.4405812465)
2014-05-02 18:41:10.000000,-25.4405812465,-49.2760848999,POINT (-49.2760848999 -25.4405812465)
2014-05-02 18:41:20.000000,-25.4405812465,-49.2760848999,POINT (-49.2760848999 -25.4405812465)
2014-05-02 18:41:30.000000,-25.4405812465,-49.2760848999,POINT (-49.2760848999 -25.4405812465)
2014-05-02 18:41:40.000000,-25.4405812465,-49.2760848999,POINT (-49.2760848999 -25.4405812465)
2014-05-02 18:41:50.000000,-25.4405812465,-49.2760848999,POINT (-49.2760848999 -25.4405812465)
2014-05-02 18:42:00.000000,-25.4405812465,-49.2760848999,POINT (-49.2760848999 -25.4405812465)
2014-05-02 18:42:10.000000,-25.4405812465,-49.2760848999,POINT (-49.2760848999 -25.4405812465)
2014-05-02 18:42:20.000000,-25.4405812465,-49.2760848999,POINT (-49.2760848999 -25.4405812465)
2014-05-02 18:42:30.000000,-25.4405812465,-49.2760848999,POINT (-49.2760848999 -25.4405812465)
2014-05-02 18:42:40.000000,-25.4405812465,-49.2760848999,POINT (-49.2760848999 -25.4405812465)
2014-05-02 18:42:50.000000,-25.4405812465,-49.2760848999,POINT (-49.2760848999 -25.4405812465)
2014-05-02 18:43:00.000000,-25.4405812465,-49.2760848999,POINT (-49.2760848999 -25.4405812465)
2014-05-02 18:43:10.000000,-25.4405812465,-49.2760848999,POINT (-49.2760848999 -25.4405812465)
2014-05-02 18:43:20.000000,-25.4405812465,-49.2760848999,POINT (-49.2760848999 -25.4405812465)
2014-05-02 18:43:30.000000,-25.4405812465,-49.2760848999,POINT (-49.2760848999 -25.4405812465)
2014-05-02 18:43:40.000000,-25.4405812465,-49.2760848999,POINT (-49.2760848999 -25.4405812465)
2014-05-02 18:43:50.000000,-25.4405812465,-49.2760848999,POINT (-49.2760848999 -25.4405812465)
2014-05-02 18:44:00.000000,-25.4405812465,-49.2760848999,POINT (-49.2760848999 -25.4405812465)
2014-05-02 18:44:10.000000,-25.4405812465,-49.2760848999,POINT (-49.2760848999 -25.4405812465)
2014-05-02 18:44:20.000000,-25.4405812465,-49.2760848999,POINT (-49.2760848999 -25.4405812465)
2014-05-02 18:44:30.000000,-25.4405812465,-49.2760848999,POINT (-49.2760848999 -25.4405812465)
2014-05-02 18:44:40.000000,-25.4405812465,-49.2760848999,POINT (-49.2760848999 -25.4405812465)
2014-05-02 18:44:50.000000,-25.4405812465,-49.2760848999,POINT (-49.2760848999 -25.4405812465)
2014-05-02 18:45:00.000000,-25.4405812465,-49.2760848999,POINT (-49.2760848999 -25.4405812465)
2014-05-02 18:45:10.000000,-25.4405812465,-49.2760848999,POINT (-49.2760848999 -25.4405812465)
2014-05-02 18:45:20.000000,-25.4405812465,-49.2760848999,POINT (-49.2760848999 -25.4405812465)
2014-05-02 18:45:30.000000,-25.4405812465,-49.2760848999,POINT (-49.2760848999 -25.4405812465)
2014-05-02 18:45:40.000000,-25.4405812465,-49.2760848999,POINT (-49.2760848999 -25.4405812465)
2014-05-02 18:45:50.000000,-25.4405812465,-49.2760848999,POINT (-49.2760848999 -25.4405812465)
2014-05-02 18:46:00.000000,-25.4405812465,-49.2760848999,POINT (-49.2760848999 -25.4405812465)
2014-05-02 18:46:10.000000,-25.4405812465,-49.2760848999,POINT (-49.2760848999 -25.4405812465)
2014-05-02 18:46:20.000000,-25.4405812465,-49.2760848999,POINT (-49.2760848999 -25.4405812465)
2014-05-02 18:46:30.000000,-25.4405812465,-49.2760848999,POINT (-49.2760848999 -25.4405812465)
2014-05-02 18:46:40.000000,-25.4405812465,-49.2760848999,POINT (-49.2760848999 -25.4405812465)
2014-05-02 18:46:50.000000,-25.4405812465,-49.2760848999,POINT (-49.2760848999 -25.4405812465)
2014-05-02 18:47:00.000000,-25.4405812465,-49.2760848999,POINT (-49.2760848999 -25.4405812465)
2014-05-02 18:47:10.000000,-25.4405812465,-49.2760848999,POINT (-49.2760848999 -25.4405812465)
2014-05-02 18:47:20.000000,-25.4405812465,-49.2760848999,POINT (-49.2760848999 -25.4405812465)
2014-05-02 18:47:30.000000,-25.4405812465,-49.2760848999,POINT (-49.2760848999 -25.4405812465)
2014-05-02 18:47:40.000000,-25.4405812465,-49.2760848999,POINT (-49.2760848999 -25.4405812465)
2014-05-02 18:47:50.000000,-25.4405812465,-49.2760848999,POINT (-49.2760848999 -25.4405812465)
2014-05-02 18:48:00.000000,-25.4405812465,-49.2760848999,POINT (-49.2760848999 -25.4405812465)
2014-05-02 18:48:10.000000,-25.4405812465,-49.2760848999,POINT (-49.2760848999 -25.4405812465)
2014-05-02 18:48:20.000000,-25.4405812465,-49.2760848999,POINT (-49.2760848999 -25.4405812465)
2014-05-02 18:48:30.000000,-25.4405812465,-49.2760848999,POINT (-49.2760848999 -25.4405812465)
2014-05-02 18:48:40.000000,-25.4405812465,-49.2760848999,POINT (-49.2760848999 -25.4405812465)
2014-05-02 18:48:50.000000,-25.4405812465,-49.2760848999,POINT (-49.2760848999 -25.4405812465)
2014-05-02 18:49:00.000000,-25.4405812465,-49.2760848999,POINT (-49.2760848999 -25.4405812465)
2014-05-02 18:49:10.000000,-25.4405812465,-49.2760848999,POINT (-49.2760848999 -25.4405812465)
2014-05-02 18:49:20.000000,-25.4405812465,-49.2760848999,POINT (-49.2760848999 -25.4405812465)
2014-05-02 18:49:30.000000,-25.4405812465,-49.2760848999,POINT (-49.2760848999 -25.4405812465)
2014-05-02 18:49:40.000000,-25.4405812465,-49.2760848999,POINT (-49.2760848999 -25.4405812465)
2014-05-02 18:49:50.000000,-25.4405812465,-49.2760848999,POINT (-49.2760848999 -25.4405812465)
2014-05-02 18:50:00.000000,-25.4405812465,-49.2760848999,POINT (-49.2760848999 -25.4405812465)
2014-05-02 18:50:10.000000,-25.4405812465,-49.2760848999,POINT (-49.2760848999 -25.4405812465)
2014-05-02 18:50:20.000000,-25.4405812465,-49.2760848999,POINT (-49.2760848999 -25.4405812465)
2014-05-02 18:50:30.000000,-25.4405812465,-49.2760848999,POINT (-49.2760848999 -25.4405812465)
2014-05-02 18:50:40.000000,-25.4405812465,-49.2760848999,POINT (-49.2760848999 -25.4405812465)
2014-05-02 18:50:50.000000,-25.4405812465,-49.2760848999,POINT (-49.2760848999 -25.4405812465)
2014-05-02 18:51:00.000000,-25.4405812465,-49.2760848999,POINT (-49.2760848999 -25.4405812465)
2014-05-02 18:51:10.000000,-25.4405812465,-49.2760848999,POINT (-49.2760848999 -25.4405812465)
2014-05-02 18:51:20.000000,-25.4405812465,-49.2760848999,POINT (-49.2760848999 -25.4405812465)
2014-05-02 18:51:30.000000,-25.4405812465,-49.2760848999,POINT (-49.2760848999 -25.4405812465)
2014-05-02 18:51:40.000000,-25.4405812465,-49.2760848999,POINT (-49.2760848999 -25.4405812465)
2014-05-02 18:51:50.000000,-25.4405812465,-49.2760848999,POINT (-49.2760848999 -25.4405812465)
2014-05-02 18:52:00.000000,-25.4405812465,-49.2760848999,POINT (-49.2760848999 -25.4405812465)
2014-05-02 18:52:10.000000,-25.4405812465,-49.2760848999,POINT (-49.2760848999 -25.4405812465)
2014-05-02 18:52:20.000000,-25.4405812465,-49.2760848999,POINT (-49.2760848999 -25.4405812465)
2014-05-02 18:52:30.000000,-25.4405812465,-49.2760848999,POINT (-49.2760848999 -25.4405812465)
2014-05-02 18:52:40.000000,-25.4405812465,-49.2760848999,POINT (-49.2760848999 -25.4405812465)
2014-05-02 18:52:50.000000,-25.4405812465,-49.2760848999,POINT (-49.2760848999 -25.4405812465)
2014-05-02 18:53:00.000000,-25.4405812465,-49.2760848999,POINT (-49.2760848999 -25.4405812465)
2014-05-02 18:53:10.000000,-25.4405812465,-49.2760848999,POINT (-49.2760848999 -25.4405812465)
2014-05-02 18:53:20.000000,-25.4405812465,-49.2760848999,POINT (-49.2760848999 -25.4405812465)
2014-05-02 18:53:30.000000,-25.4405812465,-49.2760848999,POINT (-49.2760848999 -25.4405812465)
2014-05-02 18:53:40.000000,-25.4405812465,-49.2760848999,POINT (-49.2760848999 -25.4405812465)
2014-05-02 18:53:50.000000,-25.4405812465,-49.2760848999,POINT (-49.2760848999 -25.4405812465)
2014-05-02 18:54:00.000000,-25.4405812465,-49.2760848999,POINT (-49.2760848999 -25.4405812465)
2014-05-02 18:54:10.000000,-25.4405812465,-49.2760848999,POINT (-49.2760848999 -25.4405812465)
2014-05-02 18:54:20.000000,-25.4405812465,-49.2760848999,POINT (-49.2760848999 -25.4405812465)
2014-05-02 18:54:30.000000,-25.4405812465,-49.2760848999,POINT (-49.2760848999 -25.4405812465)
2014-05-02 18:54:40.000000,-25.4405812465,-49.2760848999,POINT (-49.2760848999 -25.4405812465)
2014-05-02 18:54:50.000000,-25.4405812465,-49.2760848999,POINT (-49.2760848999 -25.4405812465)
2014-05-02 18:55:00.000000,-25.4405812465,-49.2760848999,POINT (-49.2760848999 -25.4405812465)
2014-05-02 18:55:10.000000,-25.4405812465,-49.2760848999,POINT (-49.2760848999 -25.4405812465)
2014-05-02 18:55:20.000000,-25.4405812465,-49.2760848999,POINT (-49.2760848999 -25.4405812465)
2014-05-02 18:55:30.000000,-25.4405812465,-49.2760848999,POINT (-49.2760848999 -25.4405812465)
2014-05-02 18:55:40.000000,-25.4405812465,-49.2760848999,POINT (-49.2760848999 -25.4405812465)
2014-05-02 18:55:50.000000,-25.4405812465,-49.2760848999,POINT (-49.2760848999 -25.4405812465)
2014-05-02 18:56:00.000000,-25.4405812465,-49.2760848999,POINT (-49.2760848999 -25.4405812465)
2014-05-02 18:56:10.000000,-25.4405812465,-49.2760848999,POINT (-49.2760848999 -25.4405812465)
2014-05-02 18:56:20.000000,-25.4405812465,-49.2760848999,POINT (-49.2760848999 -25.4405812465)
2014-05-02 18:56:30.000000,-25.4405812465,-49.2760848999,POINT (-49.2760848999 -25.4405812465)
2014-05-02 18:56:40.000000,-25.4405812465,-49.2760848999,POINT (-49.2760848999 -25.4405812465)
2014-05-02 18:56:50.000000,-25.4405812465,-49.2760848999,POINT (-49.2760848999 -25.4405812465)
2014-05-02 18:57:00.000000,-25.4405812465,-49.2760848999,POINT (-49.2760848999 -25.4405812465)
2014-05-02 18:57:10.000000,-25.4405812465,-49.2760848999,POINT (-49.2760848999 -25.4405812465)
2014-05-02 18:57:20.000000,-25.4405812465,-49.2760848999,POINT (-49.2760848999 -25.4405812465)
2014-05-02 18:57:30.000000,-25.4405812465,-49.2760848999,POINT (-49.2760848999 -25.4405812465)
2014-05-02 18:57:40.000000,-25.4405812465,-49.2760848999,POINT (-49.2760848999 -25.4405812465)
2014-05-02 18:57:50.000000,-25.4405812465,-49.2760848999,POINT (-49.2760848999 -25.4405812465)
2014-05-02 18:58:00.000000,-25.4405812465,-49.2760848999,POINT (-49.2760848999 -25.4405812465)
2014-05-02 18:58:10.000000,-25.4405812465,-49.2760848999,POINT (-49.2760848999 -25.4405812465)
2014-05-02 18:58:20.000000,-25.4405812465,-49.2760848999,POINT (-49.2760848999 -25.4405812465)
2014-05-02 18:58:30.000000,-25.4405812465,-49.2760848999,POINT (-49.2760848999 -25.4405812465)
2014-05-02 18:58:40.000000,-25.4405812465,-49.2760848999,POINT (-49.2760848999 -25.4405812465)
2014-05-02 18:58:50.000000,-25.4405812465,-49.2760848999,POINT (-49.2760848999 -25.4405812465)
2014-05-02 18:59:00.000000,-25.4405812465,-49.2760848999,POINT (-49.2760848999 -25.4405812465)
2014-05-02 18:59:10.000000,-25.4405812465,-49.2760848999,POINT (-49.2760848999 -25.4405812465)
2014-05-02 18:59:20.000000,-25.4405812465,-49.2760848999,POINT (-49.2760848999 -25.4405812465)
2014-05-02 18:59:30.000000,-25.4405812465,-49.2760848999,POINT (-49.2760848999 -25.4405812465)
2014-05-02 18:59:40.000000,-25.4405812465,-49.2760848999,POINT (-49.2760848999 -25.4405812465)
2014-05-02 18:59:50.000000,-25.4405812465,-49.2760848999,POINT (-49.2760848999 -25.4405812465)
2014-05-02 19:00:00.000000,-25.4405812465,-49.2760848999,POINT (-49.2760848999 -25.4405812465)
2014-05-02 19:00:10.000000,-25.4405812465,-49.2760848999,POINT (-49.2760848999 -25.4405812465)
2014-05-02 19:00:20.000000,-25.4405812465,-49.2760848999,POINT (-49.2760848999 -25.4405812465)
2014-05-02 19:00:30.000000,-25.4405812465,-49.2760848999,POINT (-49.2760848999 -25.4405812465)
2014-05-02 19:00:40.000000,-25.4405812465,-49.2760848999,POINT (-49.2760848999 -25.4405812465)
2014-05-02 19:00:50.000000,-25.4405812465,-49.2760848999,POINT (-49.2760848999 -25.4405812465)
2014-05-02 19:01:00.000000,-25.4405812465,-49.2760848999,POINT (-49.2760848999 -25.4405812465)
2014-05-02 19:01:10.000000,-25.4405812465,-49.2760848999,POINT (-49.2760848999 -25.4405812465)
2014-05-02 19:01:20.000000,-25.4405812465,-49.2760848999,POINT (-49.2760848999 -25.4405812465)
2014-05-02 19:01:30.000000,-25.4405812465,-49.2760848999,POINT (-49.2760848999 -25.4405812465)
2014-05-02 19:01:40.000000,-25.4405812465,-49.2760848999,POINT (-49.2760848999 -25.4405812465)
2014-05-02 19:01:50.000000,-25.4405812465,-49.2760848999,POINT (-49.2760848999 -25.4405812465)
2014-05-02 19:02:00.000000,-25.4405812465,-49.2760848999,POINT (-49.2760848999 -25.4405812465)
2014-05-02 19:02:10.000000,-25.4405812465,-49.2760848999,POINT (-49.2760848999 -25.4405812465)
2014-05-02 19:02:20.000000,-25.4405812465,-49.2760848999,POINT (-49.2760848999 -25.4405812465)
2014-05-02 19:02:30.000000,-25.4405812465,-49.2760848999,POINT (-49.2760848999 -25.4405812465)
2014-05-02 19:02:40.000000,-25.4405812465,-49.2760848999,POINT (-49.2760848999 -25.4405812465)
2014-05-02 19:02:50.000000,-25.4405812465,-49.2760848999,POINT (-49.2760848999 -25.4405812465)
2014-05-02 19:03:00.000000,-25.4405812465,-49.2760848999,POINT (-49.2760848999 -25.4405812465)
2014-05-02 19:03:10.000000,-25.4405812465,-49.2760848999,POINT (-49.2760848999 -25.4405812465)
2014-05-02 19:03:20.000000,-25.4405812465,-49.2760848999,POINT (-49.2760848999 -25.4405812465)
2014-05-02 19:03:30.000000,-25.4405812465,-49.2760848999,POINT (-49.2760848999 -25.4405812465)
2014-05-02 19:03:40.000000,-25.4405812465,-49.2760848999,POINT (-49.2760848999 -25.4405812465)
2014-05-02 19:03:50.000000,-25.4405812465,-49.2760848999,POINT (-49.2760848999 -25.4405812465)
2014-05-02 19:04:00.000000,-25.4405812465,-49.2760848999,POINT (-49.2760848999 -25.4405812465)
2014-05-02 19:04:10.000000,-25.4405812465,-49.2760848999,POINT (-49.2760848999 -25.4405812465)
2014-05-02 19:04:20.000000,-25.4405812465,-49.2760848999,POINT (-49.2760848999 -25.4405812465)
2014-05-02 19:04:30.000000,-25.4405812465,-49.2760848999,POINT (-49.2760848999 -25.4405812465)
2014-05-02 19:04:40.000000,-25.4405812465,-49.2760848999,POINT (-49.2760848999 -25.4405812465)
2014-05-02 19:04:50.000000,-25.4405812465,-49.2760848999,POINT (-49.2760848999 -25.4405812465)
2014-05-02 19:05:00.000000,-25.4405812465,-49.2760848999,POINT (-49.2760848999 -25.4405812465)
2014-05-02 19:05:10.000000,-25.4405812465,-49.2760848999,POINT (-49.2760848999 -25.4405812465)
2014-05-02 19:05:20.000000,-25.4405812465,-49.2760848999,POINT (-49.2760848999 -25.4405812465)
2014-05-02 19:05:30.000000,-25.4405812465,-49.2760848999,POINT (-49.2760848999 -25.4405812465)
2014-05-02 19:05:40.000000,-25.4405812465,-49.2760848999,POINT (-49.2760848999 -25.4405812465)
2014-05-02 19:05:50.000000,-25.4405812465,-49.2760848999,POINT (-49.2760848999 -25.4405812465)
2014-05-02 19:06:00.000000,-25.4405812465,-49.2760848999,POINT (-49.2760848999 -25.4405812465)
2014-05-02 19:06:10.000000,-25.4405812465,-49.2760848999,POINT (-49.2760848999 -25.4405812465)
2014-05-02 19:06:20.000000,-25.4405812465,-49.2760848999,POINT (-49.2760848999 -25.4405812465)
2014-05-02 19:06:30.000000,-25.4405812465,-49.2760848999,POINT (-49.2760848999 -25.4405812465)
2014-05-02 19:06:40.000000,-25.4405812465,-49.2760848999,POINT (-49.2760848999 -25.4405812465)
2014-05-02 19:06:50.000000,-25.4405812465,-49.2760848999,POINT (-49.2760848999 -25.4405812465)
2014-05-02 19:07:00.000000,-25.4405812465,-49.2760848999,POINT (-49.2760848999 -25.4405812465)
2014-05-02 19:07:10.000000,-25.4405812465,-49.2760848999,POINT (-49.2760848999 -25.4405812465)
2014-05-02 19:07:20.000000,-25.4405812465,-49.2760848999,POINT (-49.2760848999 -25.4405812465)
2014-05-02 19:07:30.000000,-25.4405812465,-49.2760848999,POINT (-49.2760848999 -25.4405812465)
2014-05-02 19:07:40.000000,-25.4405812465,-49.2760848999,POINT (-49.2760848999 -25.4405812465)
2014-05-02 19:07:50.000000,-25.4405812465,-49.2760848999,POINT (-49.2760848999 -25.4405812465)
2014-05-02 19:08:00.000000,-25.4405812465,-49.2760848999,POINT (-49.2760848999 -25.4405812465)
2014-05-02 19:08:10.000000,-25.4405812465,-49.2760848999,POINT (-49.2760848999 -25.4405812465)
2014-05-02 19:08:20.000000,-25.4405812465,-49.2760848999,POINT (-49.2760848999 -25.4405812465)
2014-05-02 19:08:30.000000,-25.4405812465,-49.2760848999,POINT (-49.2760848999 -25.4405812465)
2014-05-02 19:08:40.000000,-25.4405812465,-49.2760848999,POINT (-49.2760848999 -25.4405812465)
2014-05-02 19:08:50.000000,-25.4405812465,-49.2760848999,POINT (-49.2760848999 -25.4405812465)
2014-05-02 19:09:00.000000,-25.4405812465,-49.2760848999,POINT (-49.2760848999 -25.4405812465)
2014-05-02 19:09:10.000000,-25.4405812465,-49.2760848999,POINT (-49.2760848999 -25.4405812465)
2014-05-02 19:09:20.000000,-25.4405812465,-49.2760848999,POINT (-49.2760848999 -25.4405812465)
2014-05-02 19:09:30.000000,-25.4405812465,-49.2760848999,POINT (-49.2760848999 -25.4405812465)
2014-05-02 19:09:40.000000,-25.4405812465,-49.2760848999,POINT (-49.2760848999 -25.4405812465)
2014-05-02 19:09:50.000000,-25.4405812465,-49.2760848999,POINT (-49.2760848999 -25.4405812465)
2014-05-02 19:10:00.000000,-25.4405812465,-49.2760848999,POINT (-49.2760848999 -25.4405812465)
2014-05-02 19:10:10.000000,-25.4405812465,-49.2760848999,POINT (-49.2760848999 -25.4405812465)
2014-05-02 19:10:20.000000,-25.4405812465,-49.2760848999,POINT (-49.2760848999 -25.4405812465)
2014-05-02 19:10:30.000000,-25.4405812465,-49.2760848999,POINT (-49.2760848999 -25.4405812465)
2014-05-02 19:10:40.000000,-25.4405812465,-49.2760848999,POINT (-49.2760848999 -25.4405812465)
2014-05-02 19:10:50.000000,-25.4405812465,-49.2760848999,POINT (-49.2760848999 -25.4405812465)
2014-05-02 19:11:00.000000,-25.4405812465,-49.2760848999,POINT (-49.2760848999 -25.4405812465)
2014-05-02 19:11:10.000000,-25.4405812465,-49.2760848999,POINT (-49.2760848999 -25.4405812465)
2014-05-02 19:11:20.000000,-25.4405812465,-49.2760848999,POINT (-49.2760848999 -25.4405812465)
2014-05-02 19:11:30.000000,-25.4405812465,-49.2760848999,POINT (-49.2760848999 -25.4405812465)
2014-05-02 19:11:40.000000,-25.4405812465,-49.2760848999,POINT (-49.2760848999 -25.4405812465)
2014-05-02 19:11:50.000000,-25.4405812465,-49.2760848999,POINT (-49.2760848999 -25.4405812465)
2014-05-02 19:12:00.000000,-25.4405812465,-49.2760848999,POINT (-49.2760848999 -25.4405812465)
2014-05-02 19:12:10.000000,-25.4405812465,-49.2760848999,POINT (-49.2760848999 -25.4405812465)
2014-05-02 19:12:20.000000,-25.4405812465,-49.2760848999,POINT (-49.2760848999 -25.4405812465)
2014-05-02 19:12:30.000000,-25.4405812465,-49.2760848999,POINT (-49.2760848999 -25.4405812465)
2014-05-02 19:12:40.000000,-25.4405812465,-49.2760848999,POINT (-49.2760848999 -25.4405812465)
2014-05-02 19:12:50.000000,-25.4405812465,-49.2760848999,POINT (-49.2760848999 -25.4405812465)
2014-05-02 19:13:00.000000,-25.4405812465,-49.2760848999,POINT (-49.2760848999 -25.4405812465)
2014-05-02 19:13:10.000000,-25.4405812465,-49.2760848999,POINT (-49.2760848999 -25.4405812465)
2014-05-02 19:13:20.000000,-25.4405812465,-49.2760848999,POINT (-49.2760848999 -25.4405812465)
2014-05-02 19:13:30.000000,-25.4405812465,-49.2760848999,POINT (-49.2760848999 -25.4405812465)
2014-05-02 19:13:40.000000,-25.4405812465,-49.2760848999,POINT (-49.2760848999 -25.4405812465)
2014-05-02 19:13:50.000000,-25.4405812465,-49.2760848999,POINT (-49.2760848999 -25.4405812465)
2014-05-02 19:14:00.000000,-25.4405812465,-49.2760848999,POINT (-49.2760848999 -25.4405812465)
2014-05-02 19:14:10.000000,-25.4405812465,-49.2760848999,POINT (-49.2760848999 -25.4405812465)
2014-05-02 19:14:20.000000,-25.4405812465,-49.2760848999,POINT (-49.2760848999 -25.4405812465)
2014-05-02 19:14:30.000000,-25.4405812465,-49.2760848999,POINT (-49.2760848999 -25.4405812465)
2014-05-02 19:14:40.000000,-25.4405812465,-49.2760848999,POINT (-49.2760848999 -25.4405812465)
2014-05-02 19:14:50.000000,-25.4405812465,-49.2760848999,POINT (-49.2760848999 -25.4405812465)
2014-05-02 19:15:00.000000,-25.4405812465,-49.2760848999,POINT (-49.2760848999 -25.4405812465)
2014-05-02 19:15:10.000000,-25.4405812465,-49.2760848999,POINT (-49.2760848999 -25.4405812465)
2014-05-02 19:15:20.000000,-25.4405812465,-49.2760848999,POINT (-49.2760848999 -25.4405812465)
2014-05-02 19:15:30.000000,-25.4405812465,-49.2760848999,POINT (-49.2760848999 -25.4405812465)
2014-05-02 19:15:40.000000,-25.4405812465,-49.2760848999,POINT (-49.2760848999 -25.4405812465)
2014-05-02 19:15:50.000000,-25.4405812465,-49.2760848999,POINT (-49.2760848999 -25.4405812465)
2014-05-02 19:16:00.000000,-25.4405812465,-49.2760848999,POINT (-49.2760848999 -25.4405812465)
2014-05-02 19:16:10.000000,-25.4405812465,-49.2760848999,POINT (-49.2760848999 -25.4405812465)
2014-05-02 19:16:20.000000,-25.4405812465,-49.2760848999,POINT (-49.2760848999 -25.4405812465)
2014-05-02 19:16:30.000000,-25.4405812465,-49.2760848999,POINT (-49.2760848999 -25.4405812465)
2014-05-02 19:16:40.000000,-25.4405812465,-49.2760848999,POINT (-49.2760848999 -25.4405812465)
2014-05-02 19:16:50.000000,-25.4405812465,-49.2760848999,POINT (-49.2760848999 -25.4405812465)
2014-05-02 19:17:00.000000,-25.4405812465,-49.2760848999,POINT (-49.2760848999 -25.4405812465)
2014-05-02 19:17:10.000000,-25.4405812465,-49.2760848999,POINT (-49.2760848999 -25.4405812465)
2014-05-02 19:17:20.000000,-25.4405812465,-49.2760848999,POINT (-49.2760848999 -25.4405812465)
2014-05-02 19:17:30.000000,-25.4405812465,-49.2760848999,POINT (-49.2760848999 -25.4405812465)
2014-05-02 19:17:40.000000,-25.4405812465,-49.2760848999,POINT (-49.2760848999 -25.4405812465)
2014-05-02 19:17:50.000000,-25.4405812465,-49.2760848999,POINT (-49.2760848999 -25.4405812465)
2014-05-02 19:18:00.000000,-25.4405812465,-49.2760848999,POINT (-49.2760848999 -25.4405812465)
2014-05-02 19:18:10.000000,-25.4405812465,-49.2760848999,POINT (-49.2760848999 -25.4405812465)
2014-05-02 19:18:20.000000,-25.4405812465,-49.2760848999,POINT (-49.2760848999 -25.4405812465)
2014-05-02 19:18:30.000000,-25.4405812465,-49.2760848999,POINT (-49.2760848999 -25.4405812465)
2014-05-02 19:18:40.000000,-25.4405812465,-49.2760848999,POINT (-49.2760848999 -25.4405812465)
2014-05-02 19:18:50.000000,-25.4405812465,-49.2760848999,POINT (-49.2760848999 -25.4405812465)
2014-05-02 19:19:00.000000,-25.4405812465,-49.2760848999,POINT (-49.2760848999 -25.4405812465)
2014-05-02 19:19:10.000000,-25.4405812465,-49.2760848999,POINT (-49.2760848999 -25.4405812465)
2014-05-02 19:19:20.000000,-25.4405812465,-49.2760848999,POINT (-49.2760848999 -25.4405812465)
2014-05-02 19:19:30.000000,-25.4405812465,-49.2760848999,POINT (-49.2760848999 -25.4405812465)
2014-05-02 19:19:40.000000,-25.4405812465,-49.2760848999,POINT (-49.2760848999 -25.4405812465)
2014-05-02 19:19:50.000000,-25.4405812465,-49.2760848999,POINT (-49.2760848999 -25.4405812465)
2014-05-02 19:20:00.000000,-25.4405812465,-49.2760848999,POINT (-49.2760848999 -25.4405812465)
2014-05-02 19:20:10.000000,-25.4405812465,-49.2760848999,POINT (-49.2760848999 -25.4405812465)
2014-05-02 19:20:20.000000,-25.4405812465,-49.2760848999,POINT (-49.2760848999 -25.4405812465)
2014-05-02 19:20:30.000000,-25.4405812465,-49.2760848999,POINT (-49.2760848999 -25.4405812465)
2014-05-02 19:20:40.000000,-25.4405812465,-49.2760848999,POINT (-49.2760848999 -25.4405812465)
2014-05-02 19:20:50.000000,-25.4405812465,-49.2760848999,POINT (-49.2760848999 -25.4405812465)
2014-05-02 19:21:00.000000,-25.4405812465,-49.2760848999,POINT (-49.2760848999 -25.4405812465)
2014-05-02 19:21:10.000000,-25.4405812465,-49.2760848999,POINT (-49.2760848999 -25.4405812465)
2014-05-02 19:21:20.000000,-25.4405812465,-49.2760848999,POINT (-49.2760848999 -25.4405812465)
2014-05-02 19:21:30.000000,-25.4405812465,-49.2760848999,POINT (-49.2760848999 -25.4405812465)
2014-05-02 19:21:40.000000,-25.4405812465,-49.2760848999,POINT (-49.2760848999 -25.4405812465)
2014-05-02 19:21:50.000000,-25.4405812465,-49.2760848999,POINT (-49.2760848999 -25.4405812465)
2014-05-02 19:22:00.000000,-25.4405812465,-49.2760848999,POINT (-49.2760848999 -25.4405812465)
2014-05-02 19:22:10.000000,-25.4405812465,-49.2760848999,POINT (-49.2760848999 -25.4405812465)
2014-05-02 19:22:20.000000,-25.4405812465,-49.2760848999,POINT (-49.2760848999 -25.4405812465)
2014-05-02 19:22:30.000000,-25.4405812465,-49.2760848999,POINT (-49.2760848999 -25.4405812465)
2014-05-02 19:22:40.000000,-25.4405812465,-49.2760848999,POINT (-49.2760848999 -25.4405812465)
2014-05-02 19:22:50.000000,-25.4405812465,-49.2760848999,POINT (-49.2760848999 -25.4405812465)
2014-05-02 19:23:00.000000,-25.4405812465,-49.2760848999,POINT (-49.2760848999 -25.4405812465)
2014-05-02 19:23:10.000000,-25.4405812465,-49.2760848999,POINT (-49.2760848999 -25.4405812465)
2014-05-02 19:23:20.000000,-25.4405812465,-49.2760848999,POINT (-49.2760848999 -25.4405812465)
2014-05-02 19:23:30.000000,-25.4405812465,-49.2760848999,POINT (-49.2760848999 -25.4405812465)
2014-05-02 19:23:40.000000,-25.4405812465,-49.2760848999,POINT (-49.2760848999 -25.4405812465)
2014-05-02 19:23:50.000000,-25.4405812465,-49.2760848999,POINT (-49.2760848999 -25.4405812465)
2014-05-02 19:24:00.000000,-25.4405812465,-49.2760848999,POINT (-49.2760848999 -25.4405812465)
2014-05-02 19:24:10.000000,-25.4405812465,-49.2760848999,POINT (-49.2760848999 -25.4405812465)
2014-05-02 19:24:20.000000,-25.4405812465,-49.2760848999,POINT (-49.2760848999 -25.4405812465)
2014-05-02 19:24:30.000000,-25.4405812465,-49.2760848999,POINT (-49.2760848999 -25.4405812465)
2014-05-02 19:24:40.000000,-25.4405812465,-49.2760848999,POINT (-49.2760848999 -25.4405812465)
2014-05-02 19:24:50.000000,-25.4405812465,-49.2760848999,POINT (-49.2760848999 -25.4405812465)
2014-05-02 19:25:00.000000,-25.4405812465,-49.2760848999,POINT (-49.2760848999 -25.4405812465)
2014-05-02 19:25:10.000000,-25.4405812465,-49.2760848999,POINT (-49.2760848999 -25.4405812465)
2014-05-02 19:25:20.000000,-25.4405812465,-49.2760848999,POINT (-49.2760848999 -25.4405812465)
2014-05-02 19:25:30.000000,-25.4405812465,-49.2760848999,POINT (-49.2760848999 -25.4405812465)
2014-05-02 19:25:40.000000,-25.4405812465,-49.2760848999,POINT (-49.2760848999 -25.4405812465)
2014-05-02 19:25:50.000000,-25.4405812465,-49.2760848999,POINT (-49.2760848999 -25.4405812465)
2014-05-02 19:26:00.000000,-25.4405812465,-49.2760848999,POINT (-49.2760848999 -25.4405812465)
2014-05-02 19:26:10.000000,-25.4405812465,-49.2760848999,POINT (-49.2760848999 -25.4405812465)
2014-05-02 19:26:20.000000,-25.4405812465,-49.2760848999,POINT (-49.2760848999 -25.4405812465)
2014-05-02 19:26:30.000000,-25.4405812465,-49.2760848999,POINT (-49.2760848999 -25.4405812465)
2014-05-02 19:26:40.000000,-25.4405812465,-49.2760848999,POINT (-49.2760848999 -25.4405812465)
2014-05-02 19:26:50.000000,-25.4405812465,-49.2760848999,POINT (-49.2760848999 -25.4405812465)
2014-05-02 19:27:00.000000,-25.4405812465,-49.2760848999,POINT (-49.2760848999 -25.4405812465)
2014-05-02 19:27:10.000000,-25.4405812465,-49.2760848999,POINT (-49.2760848999 -25.4405812465)
2014-05-02 19:27:20.000000,-25.4405812465,-49.2760848999,POINT (-49.2760848999 -25.4405812465)
2014-05-02 19:27:30.000000,-25.4405812465,-49.2760848999,POINT (-49.2760848999 -25.4405812465)
2014-05-02 19:27:40.000000,-25.4405812465,-49.2760848999,POINT (-49.2760848999 -25.4405812465)
2014-05-02 19:27:50.000000,-25.4405812465,-49.2760848999,POINT (-49.2760848999 -25.4405812465)
2014-05-02 19:28:00.000000,-25.4405812465,-49.2760848999,POINT (-49.2760848999 -25.4405812465)
2014-05-02 19:28:10.000000,-25.4405812465,-49.2760848999,POINT (-49.2760848999 -25.4405812465)
2014-05-02 19:28:20.000000,-25.4405812465,-49.2760848999,POINT (-49.2760848999 -25.4405812465)
2014-05-02 19:28:30.000000,-25.4405812465,-49.2760848999,POINT (-49.2760848999 -25.4405812465)
2014-05-02 19:28:40.000000,-25.4405812465,-49.2760848999,POINT (-49.2760848999 -25.4405812465)
2014-05-02 19:28:50.000000,-25.4405812465,-49.2760848999,POINT (-49.2760848999 -25.4405812465)
2014-05-02 19:29:00.000000,-25.4405812465,-49.2760848999,POINT (-49.2760848999 -25.4405812465)
2014-05-02 19:29:10.000000,-25.4405812465,-49.2760848999,POINT (-49.2760848999 -25.4405812465)
2014-05-02 19:29:20.000000,-25.4405812465,-49.2760848999,POINT (-49.2760848999 -25.4405812465)
2014-05-02 19:29:30.000000,-25.4405812465,-49.2760848999,POINT (-49.2760848999 -25.4405812465)
2014-05-02 19:29:40.000000,-25.4405812465,-49.2760848999,POINT (-49.2760848999 -25.4405812465)
2014-05-02 19:29:50.000000,-25.4405812465,-49.2760848999,POINT (-49.2760848999 -25.4405812465)
2014-05-02 19:30:00.000000,-25.4405812465,-49.2760848999,POINT (-49.2760848999 -25.4405812465)
2014-05-02 19:30:10.000000,-25.4405812465,-49.2760848999,POINT (-49.2760848999 -25.4405812465)
2014-05-02 19:30:20.000000,-25.4405812465,-49.2760848999,POINT (-49.2760848999 -25.4405812465)
2014-05-02 19:30:30.000000,-25.4405812465,-49.2760848999,POINT (-49.2760848999 -25.4405812465)
2014-05-02 19:30:40.000000,-25.4405812465,-49.2760848999,POINT (-49.2760848999 -25.4405812465)
2014-05-02 19:30:50.000000,-25.4405812465,-49.2760848999,POINT (-49.2760848999 -25.4405812465)
2014-05-02 19:31:00.000000,-25.4405812465,-49.2760848999,POINT (-49.2760848999 -25.4405812465)
2014-05-02 19:31:10.000000,-25.4405812465,-49.2760848999,POINT (-49.2760848999 -25.4405812465)
2014-05-02 19:31:20.000000,-25.4405812465,-49.2760848999,POINT (-49.2760848999 -25.4405812465)
2014-05-02 19:31:30.000000,-25.4405812465,-49.2760848999,POINT (-49.2760848999 -25.4405812465)
2014-05-02 19:31:40.000000,-25.4405812465,-49.2760848999,POINT (-49.2760848999 -25.4405812465)
2014-05-02 19:31:50.000000,-25.4405812465,-49.2760848999,POINT (-49.2760848999 -25.4405812465)
2014-05-02 19:32:00.000000,-25.4405812465,-49.2760848999,POINT (-49.2760848999 -25.4405812465)
2014-05-02 19:32:10.000000,-25.4405812465,-49.2760848999,POINT (-49.2760848999 -25.4405812465)
2014-05-02 19:32:20.000000,-25.4405812465,-49.2760848999,POINT (-49.2760848999 -25.4405812465)
2014-05-02 19:32:30.000000,-25.4405812465,-49.2760848999,POINT (-49.2760848999 -25.4405812465)
2014-05-02 19:32:40.000000,-25.4405812465,-49.2760848999,POINT (-49.2760848999 -25.4405812465)
2014-05-02 19:32:50.000000,-25.4405812465,-49.2760848999,POINT (-49.2760848999 -25.4405812465)
2014-05-02 19:33:00.000000,-25.4405812465,-49.2760848999,POINT (-49.2760848999 -25.4405812465)
2014-05-02 19:33:10.000000,-25.4405812465,-49.2760848999,POINT (-49.2760848999 -25.4405812465)
2014-05-02 19:33:20.000000,-25.4405812465,-49.2760848999,POINT (-49.2760848999 -25.4405812465)
2014-05-02 19:33:30.000000,-25.4405812465,-49.2760848999,POINT (-49.2760848999 -25.4405812465)
2014-05-02 19:33:40.000000,-25.4405812465,-49.2760848999,POINT (-49.2760848999 -25.4405812465)
2014-05-02 19:33:50.000000,-25.4405812465,-49.2760848999,POINT (-49.2760848999 -25.4405812465)
2014-05-02 19:34:00.000000,-25.4405812465,-49.2760848999,POINT (-49.2760848999 -25.4405812465)
2014-05-02 19:34:10.000000,-25.4405812465,-49.2760848999,POINT (-49.2760848999 -25.4405812465)
2014-05-02 19:34:20.000000,-25.4405812465,-49.2760848999,POINT (-49.2760848999 -25.4405812465)
2014-05-02 19:34:30.000000,-25.4405812465,-49.2760848999,POINT (-49.2760848999 -25.4405812465)
2014-05-02 19:34:40.000000,-25.4405812465,-49.2760848999,POINT (-49.2760848999 -25.4405812465)
2014-05-02 19:34:50.000000,-25.4405812465,-49.2760848999,POINT (-49.2760848999 -25.4405812465)
2014-05-02 19:35:00.000000,-25.4405812465,-49.2760848999,POINT (-49.2760848999 -25.4405812465)
2014-05-02 19:35:10.000000,-25.4405812465,-49.2760848999,POINT (-49.2760848999 -25.4405812465)
2014-05-02 19:35:20.000000,-25.4405812465,-49.2760848999,POINT (-49.2760848999 -25.4405812465)
2014-05-02 19:35:30.000000,-25.4405812465,-49.2760848999,POINT (-49.2760848999 -25.4405812465)
2014-05-02 19:35:40.000000,-25.4405812465,-49.2760848999,POINT (-49.2760848999 -25.4405812465)
2014-05-02 19:35:50.000000,-25.4405812465,-49.2760848999,POINT (-49.2760848999 -25.4405812465)
2014-05-02 19:36:00.000000,-25.4405812465,-49.2760848999,POINT (-49.2760848999 -25.4405812465)
2014-05-02 19:36:10.000000,-25.4405812465,-49.2760848999,POINT (-49.2760848999 -25.4405812465)
2014-05-02 19:36:20.000000,-25.4405812465,-49.2760848999,POINT (-49.2760848999 -25.4405812465)
2014-05-02 19:36:30.000000,-25.4405812465,-49.2760848999,POINT (-49.2760848999 -25.4405812465)
2014-05-02 19:36:40.000000,-25.4405812465,-49.2760848999,POINT (-49.2760848999 -25.4405812465)
2014-05-02 19:36:50.000000,-25.4405812465,-49.2760848999,POINT (-49.2760848999 -25.4405812465)
2014-05-02 19:37:00.000000,-25.4405812465,-49.2760848999,POINT (-49.2760848999 -25.4405812465)
2014-05-02 19:37:10.000000,-25.4405812465,-49.2760848999,POINT (-49.2760848999 -25.4405812465)
2014-05-02 19:37:20.000000,-25.4405812465,-49.2760848999,POINT (-49.2760848999 -25.4405812465)
2014-05-02 19:37:30.000000,-25.4405812465,-49.2760848999,POINT (-49.2760848999 -25.4405812465)
2014-05-02 19:37:40.000000,-25.4405812465,-49.2760848999,POINT (-49.2760848999 -25.4405812465)
2014-05-02 19:37:50.000000,-25.4405812465,-49.2760848999,POINT (-49.2760848999 -25.4405812465)
2014-05-02 19:38:00.000000,-25.4405812465,-49.2760848999,POINT (-49.2760848999 -25.4405812465)
2014-05-02 19:38:10.000000,-25.4405812465,-49.2760848999,POINT (-49.2760848999 -25.4405812465)
2014-05-02 19:38:20.000000,-25.4405812465,-49.2760848999,POINT (-49.2760848999 -25.4405812465)
2014-05-02 19:38:30.000000,-25.4405812465,-49.2760848999,POINT (-49.2760848999 -25.4405812465)
2014-05-02 19:38:40.000000,-25.4405812465,-49.2760848999,POINT (-49.2760848999 -25.4405812465)
2014-05-02 19:38:50.000000,-25.4405812465,-49.2760848999,POINT (-49.2760848999 -25.4405812465)
2014-05-02 19:39:00.000000,-25.4405812465,-49.2760848999,POINT (-49.2760848999 -25.4405812465)
2014-05-02 19:39:10.000000,-25.4405812465,-49.2760848999,POINT (-49.2760848999 -25.4405812465)
2014-05-02 19:39:20.000000,-25.4405812465,-49.2760848999,POINT (-49.2760848999 -25.4405812465)
2014-05-02 19:39:30.000000,-25.4405812465,-49.2760848999,POINT (-49.2760848999 -25.4405812465)
2014-05-02 19:39:40.000000,-25.4405812465,-49.2760848999,POINT (-49.2760848999 -25.4405812465)
2014-05-02 19:39:50.000000,-25.4405812465,-49.2760848999,POINT (-49.2760848999 -25.4405812465)
2014-05-02 19:40:00.000000,-25.4405812465,-49.2760848999,POINT (-49.2760848999 -25.4405812465)
2014-05-02 19:40:10.000000,-25.4405812465,-49.2760848999,POINT (-49.2760848999 -25.4405812465)
2014-05-02 19:40:20.000000,-25.4405812465,-49.2760848999,POINT (-49.2760848999 -25.4405812465)
2014-05-02 19:40:30.000000,-25.4405812465,-49.2760848999,POINT (-49.2760848999 -25.4405812465)
2014-05-02 19:40:40.000000,-25.4405812465,-49.2760848999,POINT (-49.2760848999 -25.4405812465)
2014-05-02 19:40:50.000000,-25.4405812465,-49.2760848999,POINT (-49.2760848999 -25.4405812465)
2014-05-02 19:41:00.000000,-25.4405812465,-49.2760848999,POINT (-49.2760848999 -25.4405812465)
2014-05-02 19:41:10.000000,-25.4405812465,-49.2760848999,POINT (-49.2760848999 -25.4405812465)
2014-05-02 19:41:20.000000,-25.4405812465,-49.2760848999,POINT (-49.2760848999 -25.4405812465)
2014-05-02 19:41:30.000000,-25.4405812465,-49.2760848999,POINT (-49.2760848999 -25.4405812465)
2014-05-02 19:41:40.000000,-25.4405812465,-49.2760848999,POINT (-49.2760848999 -25.4405812465)
2014-05-02 19:41:50.000000,-25.4405812465,-49.2760848999,POINT (-49.2760848999 -25.4405812465)
2014-05-02 19:42:00.000000,-25.4405812465,-49.2760848999,POINT (-49.2760848999 -25.4405812465)
2014-05-02 19:42:10.000000,-25.4405812465,-49.2760848999,POINT (-49.2760848999 -25.4405812465)
2014-05-02 19:42:20.000000,-25.4405812465,-49.2760848999,POINT (-49.2760848999 -25.4405812465)
2014-05-02 19:42:30.000000,-25.4405812465,-49.2760848999,POINT (-49.2760848999 -25.4405812465)
2014-05-02 19:42:40.000000,-25.4405812465,-49.2760848999,POINT (-49.2760848999 -25.4405812465)
2014-05-02 19:42:50.000000,-25.4405812465,-49.2760848999,POINT (-49.2760848999 -25.4405812465)
2014-05-02 19:43:00.000000,-25.4405812465,-49.2760848999,POINT (-49.2760848999 -25.4405812465)
2014-05-02 19:43:10.000000,-25.4405812465,-49.2760848999,POINT (-49.2760848999 -25.4405812465)
2014-05-02 19:43:20.000000,-25.4405812465,-49.2760848999,POINT (-49.2760848999 -25.4405812465)
2014-05-02 19:43:30.000000,-25.4405812465,-49.2760848999,POINT (-49.2760848999 -25.4405812465)
2014-05-02 19:43:40.000000,-25.4405812465,-49.2760848999,POINT (-49.2760848999 -25.4405812465)
2014-05-02 19:43:50.000000,-25.4405812465,-49.2760848999,POINT (-49.2760848999 -25.4405812465)
2014-05-02 19:44:00.000000,-25.4405812465,-49.2760848999,POINT (-49.2760848999 -25.4405812465)
2014-05-02 19:44:10.000000,-25.4405812465,-49.2760848999,POINT (-49.2760848999 -25.4405812465)
2014-05-02 19:44:20.000000,-25.4405812465,-49.2760848999,POINT (-49.2760848999 -25.4405812465)
2014-05-02 19:44:30.000000,-25.4405812465,-49.2760848999,POINT (-49.2760848999 -25.4405812465)
2014-05-02 19:44:40.000000,-25.4405812465,-49.2760848999,POINT (-49.2760848999 -25.4405812465)
2014-05-02 19:44:50.000000,-25.4405812465,-49.2760848999,POINT (-49.2760848999 -25.4405812465)
2014-05-02 19:45:00.000000,-25.4405812465,-49.2760848999,POINT (-49.2760848999 -25.4405812465)
2014-05-02 19:45:10.000000,-25.4405812465,-49.2760848999,POINT (-49.2760848999 -25.4405812465)
2014-05-02 19:45:20.000000,-25.4405812465,-49.2760848999,POINT (-49.2760848999 -25.4405812465)
2014-05-02 19:45:30.000000,-25.4405812465,-49.2760848999,POINT (-49.2760848999 -25.4405812465)
2014-05-02 19:45:40.000000,-25.4405812465,-49.2760848999,POINT (-49.2760848999 -25.4405812465)
2014-05-02 19:45:50.000000,-25.4405812465,-49.2760848999,POINT (-49.2760848999 -25.4405812465)
2014-05-02 19:46:00.000000,-25.4405812465,-49.2760848999,POINT (-49.2760848999 -25.4405812465)
2014-05-02 19:46:10.000000,-25.4405812465,-49.2760848999,POINT (-49.2760848999 -25.4405812465)
2014-05-02 19:46:20.000000,-25.4405812465,-49.2760848999,POINT (-49.2760848999 -25.4405812465)
2014-05-02 19:46:30.000000,-25.4405812465,-49.2760848999,POINT (-49.2760848999 -25.4405812465)
2014-05-02 19:46:40.000000,-25.4405812465,-49.2760848999,POINT (-49.2760848999 -25.4405812465)
2014-05-02 19:46:58.208666,-25.4398664,-49.2762901,POINT (-49.2762901 -25.4398664)
2014-05-02 19:47:08.208666,-25.440047258441556,-49.27674899090909,POINT (-49.27674899090909 -25.440047258441556)
2014-05-02 19:47:18.208666,-25.440214384415583,-49.27717288831169,POINT (-49.27717288831169 -25.440214384415583)
2014-05-02 19:47:28.208666,-25.440357276623374,-49.27753503246753,POINT (-49.27753503246753 -25.440357276623374)
2014-05-02 19:47:38.208666,-25.440509574025974,-49.27792159480519,POINT (-49.27792159480519 -25.440509574025974)
2014-05-02 19:47:48.208666,-25.440674106493507,-49.278339176623376,POINT (-49.278339176623376 -25.440674106493507)
2014-05-02 19:47:58.208666,-25.440931507792207,-49.27898985194805,POINT (-49.27898985194805 -25.440931507792207)
2014-05-02 19:48:08.208666,-25.441143609090908,-49.27952720909091,POINT (-49.27952720909091 -25.441143609090908)
2014-05-02 19:48:18.208666,-25.441299624675324,-49.279924267532465,POINT (-49.279924267532465 -25.441299624675324)
2014-05-02 19:48:28.208666,-25.44140619090909,-49.28019632077922,POINT (-49.28019632077922 -25.44140619090909)
2014-05-02 19:48:38.208666,-25.44150512857143,-49.28044847142857,POINT (-49.28044847142857 -25.44150512857143)
2014-05-02 19:48:48.208666,-25.441623971428573,-49.28074792857143,POINT (-49.28074792857143 -25.441623971428573)
2014-05-02 19:48:58.208666,-25.44176606103896,-49.28110745064935,POINT (-49.28110745064935 -25.44176606103896)
2014-05-02 19:49:08.208666,-25.441928607792207,-49.28151982987013,POINT (-49.28151982987013 -25.441928607792207)
2014-05-02 19:49:18.208666,-25.442147936363636,-49.28207582727273,POINT (-49.28207582727273 -25.442147936363636)
2014-05-02 19:49:28.208666,-25.442347032467534,-49.28258055324675,POINT (-49.28258055324675 -25.442347032467534)
2014-05-02 19:49:38.208666,-25.442467401298703,-49.28288587012987,POINT (-49.28288587012987 -25.442467401298703)
2014-05-02 19:49:48.208666,-25.442696501298702,-49.28346676233766,POINT (-49.28346676233766 -25.442696501298702)
2014-05-02 19:49:58.208666,-25.44299308961039,-49.2842187012987,POINT (-49.2842187012987 -25.44299308961039)
2014-05-02 19:50:08.208666,-25.44316792727273,-49.28466226103896,POINT (-49.28466226103896 -25.44316792727273)
2014-05-02 19:50:18.208666,-25.4433448974026,-49.2851111064935,POINT (-49.2851111064935 -25.4433448974026)
2014-05-02 19:50:28.208666,-25.443531127272728,-49.28558318181818,POINT (-49.28558318181818 -25.443531127272728)
2014-05-02 19:50:38.208666,-25.443640642857144,-49.28586077142857,POINT (-49.28586077142857 -25.443640642857144)
2014-05-02 19:50:48.208666,-25.4437218012987,-49.286066484415585,POINT (-49.286066484415585 -25.4437218012987)
2014-05-02 19:50:58.208666,-25.443864388311688,-49.28642814025974,POINT (-49.28642814025974 -25.443864388311688)
2014-05-02 19:51:08.208666,-25.443996222077924,-49.28676244545455,POINT (-49.28676244545455 -25.443996222077924)
2014-05-02 19:51:18.208666,-25.44411353896104,-49.28705982727273,POINT (-49.28705982727273 -25.44411353896104)
2014-05-02 19:51:28.208666,-25.44420264935065,-49.2872859,POINT (-49.2872859 -25.44420264935065)
2014-05-02 19:51:38.208666,-25.444269454545456,-49.28748404545454,POINT (-49.28748404545454 -25.444269454545456)
2014-05-02 19:51:48.208666,-25.444252363636366,-49.28763273636363,POINT (-49.28763273636363 -25.444252363636366)
2014-05-02 19:51:58.208666,-25.44429655064935,-49.287837281818184,POINT (-49.287837281818184 -25.44429655064935)
2014-05-02 19:52:08.208666,-25.444399462337664,-49.288095354545455,POINT (-49.288095354545455 -25.444399462337664)
2014-05-02 19:52:18.208666,-25.44477158961039,-49.28903903246753,POINT (-49.28903903246753 -25.44477158961039)
2014-05-02 19:52:28.208666,-25.44513707142857,-49.289966,POINT (-49.289966 -25.44513707142857)
2014-05-02 19:52:38.208666,-25.445351867532466,-49.29050991818182,POINT (-49.29050991818182 -25.445351867532466)
2014-05-02 19:52:48.208666,-25.445481354545453,-49.2908378,POINT (-49.2908378 -25.445481354545453)
2014-05-02 19:52:58.208666,-25.445552953246754,-49.29101908571428,POINT (-49.29101908571428 -25.445552953246754)
2014-05-02 19:53:08.208666,-25.44589572077922,-49.29188665064935,POINT (-49.29188665064935 -25.44589572077922)
2014-05-02 19:53:18.208666,-25.446179572727274,-49.29253567792208,POINT (-49.29253567792208 -25.446179572727274)
2014-05-02 19:53:28.208666,-25.446312027272725,-49.29265342207792,POINT (-49.29265342207792 -25.446312027272725)
2014-05-02 19:53:38.208666,-25.446848762337662,-49.29261440779221,POINT (-49.29261440779221 -25.446848762337662)
2014-05-02 19:53:48.208666,-25.44758405324675,-49.29250051818182,POINT (-49.29250051818182 -25.44758405324675)
2014-05-02 19:53:58.208666,-25.448522954545453,-49.292355245454544,POINT (-49.292355245454544 -25.448522954545453)
2014-05-02 19:54:08.208666,-25.449486309090908,-49.292206172727276,POINT (-49.292206172727276 -25.449486309090908)
2014-05-02 19:54:18.208666,-25.450485699999998,-49.2920515,POINT (-49.2920515 -25.450485699999998)
2014-05-02 19:54:28.208666,-25.450837558441556,-49.29233869220779,POINT (-49.29233869220779 -25.450837558441556)
2014-05-02 19:54:38.208666,-25.451012793506493,-49.29281807792208,POINT (-49.29281807792208 -25.451012793506493)
2014-05-02 19:54:48.208666,-25.451333125974024,-49.29368818831169,POINT (-49.29368818831169 -25.451333125974024)
2014-05-02 19:54:58.208666,-25.451654414285713,-49.294562719480524,POINT (-49.294562719480524 -25.451654414285713)
2014-05-02 19:55:08.208666,-25.4519767,-49.29544186363636,POINT (-49.29544186363636 -25.4519767)
2014-05-02 19:55:18.208666,-25.45231534935065,-49.296364644155844,POINT (-49.296364644155844 -25.45231534935065)
2014-05-02 19:55:28.208666,-25.452602745454545,-49.29714760649351,POINT (-49.29714760649351 -25.452602745454545)
2014-05-02 19:55:38.208666,-25.45268990909091,-49.29738498701299,POINT (-49.29738498701299 -25.45268990909091)
2014-05-02 19:55:48.208666,-25.45282157012987,-49.29774365714286,POINT (-49.29774365714286 -25.45282157012987)
2014-05-02 19:55:58.208666,-25.452986192207792,-49.298192171428575,POINT (-49.298192171428575 -25.452986192207792)
2014-05-02 19:56:08.208666,-25.453282185714286,-49.29899857142857,POINT (-49.29899857142857 -25.453282185714286)
2014-05-02 19:56:18.208666,-25.45357140909091,-49.2997955,POINT (-49.2997955 -25.45357140909091)
2014-05-02 19:56:28.208666,-25.453823561038963,-49.30051258571429,POINT (-49.30051258571429 -25.453823561038963)
2014-05-02 19:56:38.208666,-25.453928483116883,-49.300808192207796,POINT (-49.300808192207796 -25.453928483116883)
2014-05-02 19:56:48.208666,-25.453960637662338,-49.300894429870134,POINT (-49.300894429870134 -25.453960637662338)
2014-05-02 19:56:58.208666,-25.45414100779221,-49.30135643376624,POINT (-49.30135643376624 -25.45414100779221)
2014-05-02 19:57:08.208666,-25.454316679220778,-49.3018168948052,POINT (-49.3018168948052 -25.454316679220778)
2014-05-02 19:57:18.208666,-25.45448478051948,-49.30227487012987,POINT (-49.30227487012987 -25.45448478051948)
2014-05-02 19:57:28.208666,-25.454610063636363,-49.302616209090914,POINT (-49.302616209090914 -25.454610063636363)
2014-05-02 19:57:38.208666,-25.454724685714286,-49.30292850649351,POINT (-49.30292850649351 -25.454724685714286)
2014-05-02 19:57:48.208666,-25.45487307142857,-49.30333276753247,POINT (-49.30333276753247 -25.45487307142857)
2014-05-02 19:57:58.208666,-25.455004199999998,-49.30366037142857,POINT (-49.30366037142857 -25.455004199999998)
2014-05-02 19:58:08.208666,-25.455115718181816,-49.30390086493506,POINT (-49.30390086493506 -25.455115718181816)
2014-05-02 19:58:18.208666,-25.455316683116884,-49.304587680519475,POINT (-49.304587680519475 -25.455316683116884)
2014-05-02 19:58:28.208666,-25.45553648701299,-49.305354033766235,POINT (-49.305354033766235 -25.45553648701299)
2014-05-02 19:58:38.208666,-25.455758363636363,-49.30606965454545,POINT (-49.30606965454545 -25.455758363636363)
2014-05-02 19:58:48.208666,-25.45619620909091,-49.30627375064935,POINT (-49.30627375064935 -25.45619620909091)
2014-05-02 19:58:58.208666,-25.45680849090909,-49.30606469220779,POINT (-49.30606469220779 -25.45680849090909)
2014-05-02 19:59:08.208666,-25.457053932467534,-49.30669201168831,POINT (-49.30669201168831 -25.457053932467534)
2014-05-02 19:59:18.208666,-25.45726568831169,-49.30740414025974,POINT (-49.30740414025974 -25.45726568831169)
2014-05-02 19:59:28.208666,-25.457478592207792,-49.308134593506495,POINT (-49.308134593506495 -25.457478592207792)
2014-05-02 19:59:38.208666,-25.457693288311688,-49.30886991688312,POINT (-49.30886991688312 -25.457693288311688)
2014-05-02 19:59:48.208666,-25.457909,-49.309608,POINT (-49.309608 -25.457909)
2014-05-02 20:00:00.000000,-25.4580987509,-49.309496985,POINT (-49.309496985 -25.4580987509)
2014-05-02 20:00:10.000000,-25.4580987509,-49.309496985,POINT (-49.309496985 -25.4580987509)
2014-05-02 20:00:20.000000,-25.4580987509,-49.309496985,POINT (-49.309496985 -25.4580987509)
2014-05-02 20:00:30.000000,-25.4580987509,-49.309496985,POINT (-49.309496985 -25.4580987509)
2014-05-02 20:00:40.000000,-25.4580987509,-49.309496985,POINT (-49.309496985 -25.4580987509)
2014-05-02 20:00:50.000000,-25.4580987509,-49.309496985,POINT (-49.309496985 -25.4580987509)
2014-05-02 20:01:00.000000,-25.4580987509,-49.309496985,POINT (-49.309496985 -25.4580987509)
2014-05-02 20:01:10.000000,-25.4580987509,-49.309496985,POINT (-49.309496985 -25.4580987509)
2014-05-02 20:01:20.000000,-25.4580987509,-49.309496985,POINT (-49.309496985 -25.4580987509)
2014-05-02 20:01:30.000000,-25.4580987509,-49.309496985,POINT (-49.309496985 -25.4580987509)
2014-05-02 20:01:40.000000,-25.4580987509,-49.309496985,POINT (-49.309496985 -25.4580987509)
2014-05-02 20:01:50.000000,-25.4580987509,-49.309496985,POINT (-49.309496985 -25.4580987509)
2014-05-02 20:02:00.000000,-25.4580987509,-49.309496985,POINT (-49.309496985 -25.4580987509)
2014-05-02 20:02:10.000000,-25.4580987509,-49.309496985,POINT (-49.309496985 -25.4580987509)
2014-05-02 20:02:20.000000,-25.4580987509,-49.309496985,POINT (-49.309496985 -25.4580987509)
2014-05-02 20:02:30.000000,-25.4580987509,-49.309496985,POINT (-49.309496985 -25.4580987509)
2014-05-02 20:02:40.000000,-25.4580987509,-49.309496985,POINT (-49.309496985 -25.4580987509)
2014-05-02 20:02:50.000000,-25.4580987509,-49.309496985,POINT (-49.309496985 -25.4580987509)
2014-05-02 20:03:00.000000,-25.4580987509,-49.309496985,POINT (-49.309496985 -25.4580987509)
2014-05-02 20:03:10.000000,-25.4580987509,-49.309496985,POINT (-49.309496985 -25.4580987509)
2014-05-02 20:03:20.000000,-25.4580987509,-49.309496985,POINT (-49.309496985 -25.4580987509)
2014-05-02 20:03:30.000000,-25.4580987509,-49.309496985,POINT (-49.309496985 -25.4580987509)
2014-05-02 20:03:40.000000,-25.4580987509,-49.309496985,POINT (-49.309496985 -25.4580987509)
2014-05-02 20:03:50.000000,-25.4580987509,-49.309496985,POINT (-49.309496985 -25.4580987509)
2014-05-02 20:04:00.000000,-25.4580987509,-49.309496985,POINT (-49.309496985 -25.4580987509)
2014-05-02 20:04:10.000000,-25.4580987509,-49.309496985,POINT (-49.309496985 -25.4580987509)
2014-05-02 20:04:20.000000,-25.4580987509,-49.309496985,POINT (-49.309496985 -25.4580987509)
2014-05-02 20:04:30.000000,-25.4580987509,-49.309496985,POINT (-49.309496985 -25.4580987509)
2014-05-02 20:04:40.000000,-25.4580987509,-49.309496985,POINT (-49.309496985 -25.4580987509)
2014-05-02 20:04:50.000000,-25.4580987509,-49.309496985,POINT (-49.309496985 -25.4580987509)
2014-05-02 20:05:00.000000,-25.4580987509,-49.309496985,POINT (-49.309496985 -25.4580987509)
2014-05-02 20:05:10.000000,-25.4580987509,-49.309496985,POINT (-49.309496985 -25.4580987509)
2014-05-02 20:05:20.000000,-25.4580987509,-49.309496985,POINT (-49.309496985 -25.4580987509)
2014-05-02 20:05:30.000000,-25.4580987509,-49.309496985,POINT (-49.309496985 -25.4580987509)
2014-05-02 20:05:40.000000,-25.4580987509,-49.309496985,POINT (-49.309496985 -25.4580987509)
2014-05-02 20:05:50.000000,-25.4580987509,-49.309496985,POINT (-49.309496985 -25.4580987509)
2014-05-02 20:06:00.000000,-25.4580987509,-49.309496985,POINT (-49.309496985 -25.4580987509)
2014-05-02 20:06:10.000000,-25.4580987509,-49.309496985,POINT (-49.309496985 -25.4580987509)
2014-05-02 20:06:20.000000,-25.4580987509,-49.309496985,POINT (-49.309496985 -25.4580987509)
2014-05-02 20:06:30.000000,-25.4580987509,-49.309496985,POINT (-49.309496985 -25.4580987509)
2014-05-02 20:06:40.000000,-25.4580987509,-49.309496985,POINT (-49.309496985 -25.4580987509)
2014-05-02 20:06:50.000000,-25.4580987509,-49.309496985,POINT (-49.309496985 -25.4580987509)
2014-05-02 20:07:00.000000,-25.4580987509,-49.309496985,POINT (-49.309496985 -25.4580987509)
2014-05-02 20:07:10.000000,-25.4580987509,-49.309496985,POINT (-49.309496985 -25.4580987509)
2014-05-02 20:07:20.000000,-25.4580987509,-49.309496985,POINT (-49.309496985 -25.4580987509)
2014-05-02 20:07:30.000000,-25.4580987509,-49.309496985,POINT (-49.309496985 -25.4580987509)
2014-05-02 20:07:40.000000,-25.4580987509,-49.309496985,POINT (-49.309496985 -25.4580987509)
2014-05-02 20:07:50.000000,-25.4580987509,-49.309496985,POINT (-49.309496985 -25.4580987509)
2014-05-02 20:08:00.000000,-25.4580987509,-49.309496985,POINT (-49.309496985 -25.4580987509)
2014-05-02 20:08:10.000000,-25.4580987509,-49.309496985,POINT (-49.309496985 -25.4580987509)
2014-05-02 20:08:20.000000,-25.4580987509,-49.309496985,POINT (-49.309496985 -25.4580987509)
2014-05-02 20:08:30.000000,-25.4580987509,-49.309496985,POINT (-49.309496985 -25.4580987509)
2014-05-02 20:08:40.000000,-25.4580987509,-49.309496985,POINT (-49.309496985 -25.4580987509)
2014-05-02 20:08:50.000000,-25.4580987509,-49.309496985,POINT (-49.309496985 -25.4580987509)
2014-05-02 20:09:00.000000,-25.4580987509,-49.309496985,POINT (-49.309496985 -25.4580987509)
2014-05-02 20:09:10.000000,-25.4580987509,-49.309496985,POINT (-49.309496985 -25.4580987509)
2014-05-02 20:09:20.000000,-25.4580987509,-49.309496985,POINT (-49.309496985 -25.4580987509)
2014-05-02 20:09:30.000000,-25.4580987509,-49.309496985,POINT (-49.309496985 -25.4580987509)
2014-05-02 20:09:40.000000,-25.4580987509,-49.309496985,POINT (-49.309496985 -25.4580987509)
2014-05-02 20:09:50.000000,-25.4580987509,-49.309496985,POINT (-49.309496985 -25.4580987509)
2014-05-02 20:10:00.000000,-25.4580987509,-49.309496985,POINT (-49.309496985 -25.4580987509)
2014-05-02 20:10:10.000000,-25.4580987509,-49.309496985,POINT (-49.309496985 -25.4580987509)
2014-05-02 20:10:20.000000,-25.4580987509,-49.309496985,POINT (-49.309496985 -25.4580987509)
2014-05-02 20:10:30.000000,-25.4580987509,-49.309496985,POINT (-49.309496985 -25.4580987509)
2014-05-02 20:10:40.000000,-25.4580987509,-49.309496985,POINT (-49.309496985 -25.4580987509)
2014-05-02 20:10:50.000000,-25.4580987509,-49.309496985,POINT (-49.309496985 -25.4580987509)
2014-05-02 20:11:00.000000,-25.4580987509,-49.309496985,POINT (-49.309496985 -25.4580987509)
2014-05-02 20:11:10.000000,-25.4580987509,-49.309496985,POINT (-49.309496985 -25.4580987509)
2014-05-02 20:11:20.000000,-25.4580987509,-49.309496985,POINT (-49.309496985 -25.4580987509)
2014-05-02 20:11:30.000000,-25.4580987509,-49.309496985,POINT (-49.309496985 -25.4580987509)
2014-05-02 20:11:40.000000,-25.4580987509,-49.309496985,POINT (-49.309496985 -25.4580987509)
2014-05-02 20:11:50.000000,-25.4580987509,-49.309496985,POINT (-49.309496985 -25.4580987509)
2014-05-02 20:12:00.000000,-25.4580987509,-49.309496985,POINT (-49.309496985 -25.4580987509)
2014-05-02 20:12:10.000000,-25.4580987509,-49.309496985,POINT (-49.309496985 -25.4580987509)
2014-05-02 20:12:20.000000,-25.4580987509,-49.309496985,POINT (-49.309496985 -25.4580987509)
2014-05-02 20:12:30.000000,-25.4580987509,-49.309496985,POINT (-49.309496985 -25.4580987509)
2014-05-02 20:12:40.000000,-25.4580987509,-49.309496985,POINT (-49.309496985 -25.4580987509)
2014-05-02 20:12:50.000000,-25.4580987509,-49.309496985,POINT (-49.309496985 -25.4580987509)
2014-05-02 20:13:00.000000,-25.4580987509,-49.309496985,POINT (-49.309496985 -25.4580987509)
2014-05-02 20:13:10.000000,-25.4580987509,-49.309496985,POINT (-49.309496985 -25.4580987509)
2014-05-02 20:13:20.000000,-25.4580987509,-49.309496985,POINT (-49.309496985 -25.4580987509)
2014-05-02 20:13:30.000000,-25.4580987509,-49.309496985,POINT (-49.309496985 -25.4580987509)
2014-05-02 20:13:40.000000,-25.4580987509,-49.309496985,POINT (-49.309496985 -25.4580987509)
2014-05-02 20:13:50.000000,-25.4580987509,-49.309496985,POINT (-49.309496985 -25.4580987509)
2014-05-02 20:14:00.000000,-25.4580987509,-49.309496985,POINT (-49.309496985 -25.4580987509)
2014-05-02 20:14:10.000000,-25.4580987509,-49.309496985,POINT (-49.309496985 -25.4580987509)
2014-05-02 20:14:20.000000,-25.4580987509,-49.309496985,POINT (-49.309496985 -25.4580987509)
2014-05-02 20:14:30.000000,-25.4580987509,-49.309496985,POINT (-49.309496985 -25.4580987509)
2014-05-02 20:14:40.000000,-25.4580987509,-49.309496985,POINT (-49.309496985 -25.4580987509)
2014-05-02 20:14:50.000000,-25.4580987509,-49.309496985,POINT (-49.309496985 -25.4580987509)
2014-05-02 20:15:00.000000,-25.4580987509,-49.309496985,POINT (-49.309496985 -25.4580987509)
2014-05-02 20:15:10.000000,-25.4580987509,-49.309496985,POINT (-49.309496985 -25.4580987509)
2014-05-02 20:15:20.000000,-25.4580987509,-49.309496985,POINT (-49.309496985 -25.4580987509)
2014-05-02 20:15:30.000000,-25.4580987509,-49.309496985,POINT (-49.309496985 -25.4580987509)
2014-05-02 20:15:40.000000,-25.4580987509,-49.309496985,POINT (-49.309496985 -25.4580987509)
2014-05-02 20:15:50.000000,-25.4580987509,-49.309496985,POINT (-49.309496985 -25.4580987509)
2014-05-02 20:16:00.000000,-25.4580987509,-49.309496985,POINT (-49.309496985 -25.4580987509)
2014-05-02 20:16:10.000000,-25.4580987509,-49.309496985,POINT (-49.309496985 -25.4580987509)
2014-05-02 20:16:20.000000,-25.4580987509,-49.309496985,POINT (-49.309496985 -25.4580987509)
2014-05-02 20:16:30.000000,-25.4580987509,-49.309496985,POINT (-49.309496985 -25.4580987509)
2014-05-02 20:16:40.000000,-25.4580987509,-49.309496985,POINT (-49.309496985 -25.4580987509)
2014-05-02 20:16:50.000000,-25.4580987509,-49.309496985,POINT (-49.309496985 -25.4580987509)
2014-05-02 20:17:00.000000,-25.4580987509,-49.309496985,POINT (-49.309496985 -25.4580987509)
2014-05-02 20:17:10.000000,-25.4580987509,-49.309496985,POINT (-49.309496985 -25.4580987509)
2014-05-02 20:17:20.000000,-25.4580987509,-49.309496985,POINT (-49.309496985 -25.4580987509)
2014-05-02 20:17:30.000000,-25.4580987509,-49.309496985,POINT (-49.309496985 -25.4580987509)
2014-05-02 20:17:40.000000,-25.4580987509,-49.309496985,POINT (-49.309496985 -25.4580987509)
2014-05-02 20:17:50.000000,-25.4580987509,-49.309496985,POINT (-49.309496985 -25.4580987509)
2014-05-02 20:18:00.000000,-25.4580987509,-49.309496985,POINT (-49.309496985 -25.4580987509)
2014-05-02 20:18:10.000000,-25.4580987509,-49.309496985,POINT (-49.309496985 -25.4580987509)
2014-05-02 20:18:20.000000,-25.4580987509,-49.309496985,POINT (-49.309496985 -25.4580987509)
2014-05-02 20:18:30.000000,-25.4580987509,-49.309496985,POINT (-49.309496985 -25.4580987509)
2014-05-02 20:18:40.000000,-25.4580987509,-49.309496985,POINT (-49.309496985 -25.4580987509)
2014-05-02 20:18:50.000000,-25.4580987509,-49.309496985,POINT (-49.309496985 -25.4580987509)
2014-05-02 20:19:00.000000,-25.4580987509,-49.309496985,POINT (-49.309496985 -25.4580987509)
2014-05-02 20:19:10.000000,-25.4580987509,-49.309496985,POINT (-49.309496985 -25.4580987509)
2014-05-02 20:19:20.000000,-25.4580987509,-49.309496985,POINT (-49.309496985 -25.4580987509)
2014-05-02 20:19:30.000000,-25.4580987509,-49.309496985,POINT (-49.309496985 -25.4580987509)
2014-05-02 20:19:40.000000,-25.4580987509,-49.309496985,POINT (-49.309496985 -25.4580987509)
2014-05-02 20:19:50.000000,-25.4580987509,-49.309496985,POINT (-49.309496985 -25.4580987509)
2014-05-02 20:20:00.000000,-25.4580987509,-49.309496985,POINT (-49.309496985 -25.4580987509)
2014-05-02 20:20:10.000000,-25.4580987509,-49.309496985,POINT (-49.309496985 -25.4580987509)
2014-05-02 20:20:20.000000,-25.4580987509,-49.309496985,POINT (-49.309496985 -25.4580987509)
2014-05-02 20:20:30.000000,-25.4580987509,-49.309496985,POINT (-49.309496985 -25.4580987509)
2014-05-02 20:20:40.000000,-25.4580987509,-49.309496985,POINT (-49.309496985 -25.4580987509)
2014-05-02 20:20:50.000000,-25.4580987509,-49.309496985,POINT (-49.309496985 -25.4580987509)
2014-05-02 20:21:00.000000,-25.4580987509,-49.309496985,POINT (-49.309496985 -25.4580987509)
2014-05-02 20:21:10.000000,-25.4580987509,-49.309496985,POINT (-49.309496985 -25.4580987509)
2014-05-02 20:21:20.000000,-25.4580987509,-49.309496985,POINT (-49.309496985 -25.4580987509)
2014-05-02 20:21:30.000000,-25.4580987509,-49.309496985,POINT (-49.309496985 -25.4580987509)
2014-05-02 20:21:40.000000,-25.4580987509,-49.309496985,POINT (-49.309496985 -25.4580987509)
2014-05-02 20:21:50.000000,-25.4580987509,-49.309496985,POINT (-49.309496985 -25.4580987509)
2014-05-02 20:22:00.000000,-25.4580987509,-49.309496985,POINT (-49.309496985 -25.4580987509)
2014-05-02 20:22:10.000000,-25.4580987509,-49.309496985,POINT (-49.309496985 -25.4580987509)
2014-05-02 20:22:20.000000,-25.4580987509,-49.309496985,POINT (-49.309496985 -25.4580987509)
2014-05-02 20:22:30.000000,-25.4580987509,-49.309496985,POINT (-49.309496985 -25.4580987509)
2014-05-02 20:22:40.000000,-25.4580987509,-49.309496985,POINT (-49.309496985 -25.4580987509)
2014-05-02 20:22:50.000000,-25.4580987509,-49.309496985,POINT (-49.309496985 -25.4580987509)
2014-05-02 20:23:00.000000,-25.4580987509,-49.309496985,POINT (-49.309496985 -25.4580987509)
2014-05-02 20:23:10.000000,-25.4580987509,-49.309496985,POINT (-49.309496985 -25.4580987509)
2014-05-02 20:23:20.000000,-25.4580987509,-49.309496985,POINT (-49.309496985 -25.4580987509)
2014-05-02 20:23:30.000000,-25.4580987509,-49.309496985,POINT (-49.309496985 -25.4580987509)
2014-05-02 20:23:40.000000,-25.4580987509,-49.309496985,POINT (-49.309496985 -25.4580987509)
2014-05-02 20:23:50.000000,-25.4580987509,-49.309496985,POINT (-49.309496985 -25.4580987509)
2014-05-02 20:24:00.000000,-25.4580987509,-49.309496985,POINT (-49.309496985 -25.4580987509)
2014-05-02 20:24:10.000000,-25.4580987509,-49.309496985,POINT (-49.309496985 -25.4580987509)
2014-05-02 20:24:20.000000,-25.4580987509,-49.309496985,POINT (-49.309496985 -25.4580987509)
2014-05-02 20:24:30.000000,-25.4580987509,-49.309496985,POINT (-49.309496985 -25.4580987509)
2014-05-02 20:24:40.000000,-25.4580987509,-49.309496985,POINT (-49.309496985 -25.4580987509)
2014-05-02 20:24:50.000000,-25.4580987509,-49.309496985,POINT (-49.309496985 -25.4580987509)
2014-05-02 20:25:00.000000,-25.4580987509,-49.309496985,POINT (-49.309496985 -25.4580987509)
2014-05-02 20:25:10.000000,-25.4580987509,-49.309496985,POINT (-49.309496985 -25.4580987509)
2014-05-02 20:25:20.000000,-25.4580987509,-49.309496985,POINT (-49.309496985 -25.4580987509)
2014-05-02 20:25:30.000000,-25.4580987509,-49.309496985,POINT (-49.309496985 -25.4580987509)
2014-05-02 20:25:40.000000,-25.4580987509,-49.309496985,POINT (-49.309496985 -25.4580987509)
2014-05-02 20:25:50.000000,-25.4580987509,-49.309496985,POINT (-49.309496985 -25.4580987509)
2014-05-02 20:26:00.000000,-25.4580987509,-49.309496985,POINT (-49.309496985 -25.4580987509)
2014-05-02 20:26:10.000000,-25.4580987509,-49.309496985,POINT (-49.309496985 -25.4580987509)
2014-05-02 20:26:20.000000,-25.4580987509,-49.309496985,POINT (-49.309496985 -25.4580987509)
2014-05-02 20:26:30.000000,-25.4580987509,-49.309496985,POINT (-49.309496985 -25.4580987509)
2014-05-02 20:26:40.000000,-25.4580987509,-49.309496985,POINT (-49.309496985 -25.4580987509)
2014-05-02 20:26:50.000000,-25.4580987509,-49.309496985,POINT (-49.309496985 -25.4580987509)
2014-05-02 20:27:00.000000,-25.4580987509,-49.309496985,POINT (-49.309496985 -25.4580987509)
2014-05-02 20:27:10.000000,-25.4580987509,-49.309496985,POINT (-49.309496985 -25.4580987509)
2014-05-02 20:27:20.000000,-25.4580987509,-49.309496985,POINT (-49.309496985 -25.4580987509)
2014-05-02 20:27:30.000000,-25.4580987509,-49.309496985,POINT (-49.309496985 -25.4580987509)
2014-05-02 20:27:40.000000,-25.4580987509,-49.309496985,POINT (-49.309496985 -25.4580987509)
2014-05-02 20:27:50.000000,-25.4580987509,-49.309496985,POINT (-49.309496985 -25.4580987509)
2014-05-02 20:28:00.000000,-25.4580987509,-49.309496985,POINT (-49.309496985 -25.4580987509)
2014-05-02 20:28:10.000000,-25.4580987509,-49.309496985,POINT (-49.309496985 -25.4580987509)
2014-05-02 20:28:20.000000,-25.4580987509,-49.309496985,POINT (-49.309496985 -25.4580987509)
2014-05-02 20:28:30.000000,-25.4580987509,-49.309496985,POINT (-49.309496985 -25.4580987509)
2014-05-02 20:28:40.000000,-25.4580987509,-49.309496985,POINT (-49.309496985 -25.4580987509)
2014-05-02 20:28:50.000000,-25.4580987509,-49.309496985,POINT (-49.309496985 -25.4580987509)
2014-05-02 20:29:00.000000,-25.4580987509,-49.309496985,POINT (-49.309496985 -25.4580987509)
2014-05-02 20:29:10.000000,-25.4580987509,-49.309496985,POINT (-49.309496985 -25.4580987509)
2014-05-02 20:29:20.000000,-25.4580987509,-49.309496985,POINT (-49.309496985 -25.4580987509)
2014-05-02 20:29:30.000000,-25.4580987509,-49.309496985,POINT (-49.309496985 -25.4580987509)
2014-05-02 20:29:40.000000,-25.4580987509,-49.309496985,POINT (-49.309496985 -25.4580987509)
2014-05-02 20:29:50.000000,-25.4580987509,-49.309496985,POINT (-49.309496985 -25.4580987509)
2014-05-02 20:30:00.000000,-25.4580987509,-49.309496985,POINT (-49.309496985 -25.4580987509)
2014-05-02 20:30:10.000000,-25.4580987509,-49.309496985,POINT (-49.309496985 -25.4580987509)
2014-05-02 20:30:20.000000,-25.4580987509,-49.309496985,POINT (-49.309496985 -25.4580987509)
2014-05-02 20:30:30.000000,-25.4580987509,-49.309496985,POINT (-49.309496985 -25.4580987509)
2014-05-02 20:30:40.000000,-25.4580987509,-49.309496985,POINT (-49.309496985 -25.4580987509)
2014-05-02 20:30:50.000000,-25.4580987509,-49.309496985,POINT (-49.309496985 -25.4580987509)
2014-05-02 20:31:00.000000,-25.4580987509,-49.309496985,POINT (-49.309496985 -25.4580987509)
2014-05-02 20:31:10.000000,-25.4580987509,-49.309496985,POINT (-49.309496985 -25.4580987509)
2014-05-02 20:31:20.000000,-25.4580987509,-49.309496985,POINT (-49.309496985 -25.4580987509)
2014-05-02 20:31:30.000000,-25.4580987509,-49.309496985,POINT (-49.309496985 -25.4580987509)
2014-05-02 20:31:40.000000,-25.4580987509,-49.309496985,POINT (-49.309496985 -25.4580987509)
2014-05-02 20:31:50.000000,-25.4580987509,-49.309496985,POINT (-49.309496985 -25.4580987509)
2014-05-02 20:32:00.000000,-25.4580987509,-49.309496985,POINT (-49.309496985 -25.4580987509)
2014-05-02 20:32:10.000000,-25.4580987509,-49.309496985,POINT (-49.309496985 -25.4580987509)
2014-05-02 20:32:20.000000,-25.4580987509,-49.309496985,POINT (-49.309496985 -25.4580987509)
2014-05-02 20:32:30.000000,-25.4580987509,-49.309496985,POINT (-49.309496985 -25.4580987509)
2014-05-02 20:32:40.000000,-25.4580987509,-49.309496985,POINT (-49.309496985 -25.4580987509)
2014-05-02 20:32:50.000000,-25.4580987509,-49.309496985,POINT (-49.309496985 -25.4580987509)
2014-05-02 20:33:00.000000,-25.4580987509,-49.309496985,POINT (-49.309496985 -25.4580987509)
2014-05-02 20:33:10.000000,-25.4580987509,-49.309496985,POINT (-49.309496985 -25.4580987509)
2014-05-02 20:33:20.000000,-25.4580987509,-49.309496985,POINT (-49.309496985 -25.4580987509)
2014-05-02 20:33:30.000000,-25.4580987509,-49.309496985,POINT (-49.309496985 -25.4580987509)
2014-05-02 20:33:40.000000,-25.4580987509,-49.309496985,POINT (-49.309496985 -25.4580987509)
2014-05-02 20:33:50.000000,-25.4580987509,-49.309496985,POINT (-49.309496985 -25.4580987509)
2014-05-02 20:34:00.000000,-25.4580987509,-49.309496985,POINT (-49.309496985 -25.4580987509)
2014-05-02 20:34:10.000000,-25.4580987509,-49.309496985,POINT (-49.309496985 -25.4580987509)
2014-05-02 20:34:20.000000,-25.4580987509,-49.309496985,POINT (-49.309496985 -25.4580987509)
2014-05-02 20:34:30.000000,-25.4580987509,-49.309496985,POINT (-49.309496985 -25.4580987509)
2014-05-02 20:34:40.000000,-25.4580987509,-49.309496985,POINT (-49.309496985 -25.4580987509)
2014-05-02 20:34:50.000000,-25.4580987509,-49.309496985,POINT (-49.309496985 -25.4580987509)
2014-05-02 20:35:00.000000,-25.4580987509,-49.309496985,POINT (-49.309496985 -25.4580987509)
2014-05-02 20:35:10.000000,-25.4580987509,-49.309496985,POINT (-49.309496985 -25.4580987509)
2014-05-02 20:35:20.000000,-25.4580987509,-49.309496985,POINT (-49.309496985 -25.4580987509)
2014-05-02 20:35:30.000000,-25.4580987509,-49.309496985,POINT (-49.309496985 -25.4580987509)
2014-05-02 20:35:40.000000,-25.4580987509,-49.309496985,POINT (-49.309496985 -25.4580987509)
2014-05-02 20:35:50.000000,-25.4580987509,-49.309496985,POINT (-49.309496985 -25.4580987509)
2014-05-02 20:36:00.000000,-25.4580987509,-49.309496985,POINT (-49.309496985 -25.4580987509)
2014-05-02 20:36:10.000000,-25.4580987509,-49.309496985,POINT (-49.309496985 -25.4580987509)
2014-05-02 20:36:20.000000,-25.4580987509,-49.309496985,POINT (-49.309496985 -25.4580987509)
2014-05-02 20:36:30.000000,-25.4580987509,-49.309496985,POINT (-49.309496985 -25.4580987509)
2014-05-02 20:36:40.000000,-25.4580987509,-49.309496985,POINT (-49.309496985 -25.4580987509)
2014-05-02 20:36:50.000000,-25.4580987509,-49.309496985,POINT (-49.309496985 -25.4580987509)
2014-05-02 20:37:00.000000,-25.4580987509,-49.309496985,POINT (-49.309496985 -25.4580987509)
2014-05-02 20:37:10.000000,-25.4580987509,-49.309496985,POINT (-49.309496985 -25.4580987509)
2014-05-02 20:37:20.000000,-25.4580987509,-49.309496985,POINT (-49.309496985 -25.4580987509)
2014-05-02 20:37:30.000000,-25.4580987509,-49.309496985,POINT (-49.309496985 -25.4580987509)
2014-05-02 20:37:40.000000,-25.4580987509,-49.309496985,POINT (-49.309496985 -25.4580987509)
2014-05-02 20:37:50.000000,-25.4580987509,-49.309496985,POINT (-49.309496985 -25.4580987509)
2014-05-02 20:38:00.000000,-25.4580987509,-49.309496985,POINT (-49.309496985 -25.4580987509)
2014-05-02 20:38:10.000000,-25.4580987509,-49.309496985,POINT (-49.309496985 -25.4580987509)
2014-05-02 20:38:20.000000,-25.4580987509,-49.309496985,POINT (-49.309496985 -25.4580987509)
2014-05-02 20:38:30.000000,-25.4580987509,-49.309496985,POINT (-49.309496985 -25.4580987509)
2014-05-02 20:38:40.000000,-25.4580987509,-49.309496985,POINT (-49.309496985 -25.4580987509)
2014-05-02 20:38:50.000000,-25.4580987509,-49.309496985,POINT (-49.309496985 -25.4580987509)
2014-05-02 20:39:00.000000,-25.4580987509,-49.309496985,POINT (-49.309496985 -25.4580987509)
2014-05-02 20:39:10.000000,-25.4580987509,-49.309496985,POINT (-49.309496985 -25.4580987509)
2014-05-02 20:39:20.000000,-25.4580987509,-49.309496985,POINT (-49.309496985 -25.4580987509)
2014-05-02 20:39:30.000000,-25.4580987509,-49.309496985,POINT (-49.309496985 -25.4580987509)
2014-05-02 20:39:40.000000,-25.4580987509,-49.309496985,POINT (-49.309496985 -25.4580987509)
2014-05-02 20:39:50.000000,-25.4580987509,-49.309496985,POINT (-49.309496985 -25.4580987509)
2014-05-02 20:40:00.000000,-25.4580987509,-49.309496985,POINT (-49.309496985 -25.4580987509)
2014-05-02 20:40:10.000000,-25.4580987509,-49.309496985,POINT (-49.309496985 -25.4580987509)
2014-05-02 20:40:20.000000,-25.4580987509,-49.309496985,POINT (-49.309496985 -25.4580987509)
2014-05-02 20:40:30.000000,-25.4580987509,-49.309496985,POINT (-49.309496985 -25.4580987509)
2014-05-02 20:40:40.000000,-25.4580987509,-49.309496985,POINT (-49.309496985 -25.4580987509)
2014-05-02 20:40:50.000000,-25.4580987509,-49.309496985,POINT (-49.309496985 -25.4580987509)
2014-05-02 20:41:00.000000,-25.4580987509,-49.309496985,POINT (-49.309496985 -25.4580987509)
2014-05-02 20:41:10.000000,-25.4580987509,-49.309496985,POINT (-49.309496985 -25.4580987509)
2014-05-02 20:41:20.000000,-25.4580987509,-49.309496985,POINT (-49.309496985 -25.4580987509)
2014-05-02 20:41:30.000000,-25.4580987509,-49.309496985,POINT (-49.309496985 -25.4580987509)
2014-05-02 20:41:40.000000,-25.4580987509,-49.309496985,POINT (-49.309496985 -25.4580987509)
2014-05-02 20:41:50.000000,-25.4580987509,-49.309496985,POINT (-49.309496985 -25.4580987509)
2014-05-02 20:42:00.000000,-25.4580987509,-49.309496985,POINT (-49.309496985 -25.4580987509)
2014-05-02 20:42:10.000000,-25.4580987509,-49.309496985,POINT (-49.309496985 -25.4580987509)
2014-05-02 20:42:20.000000,-25.4580987509,-49.309496985,POINT (-49.309496985 -25.4580987509)
2014-05-02 20:42:30.000000,-25.4580987509,-49.309496985,POINT (-49.309496985 -25.4580987509)
2014-05-02 20:42:40.000000,-25.4580987509,-49.309496985,POINT (-49.309496985 -25.4580987509)
2014-05-02 20:42:50.000000,-25.4580987509,-49.309496985,POINT (-49.309496985 -25.4580987509)
2014-05-02 20:43:00.000000,-25.4580987509,-49.309496985,POINT (-49.309496985 -25.4580987509)
2014-05-02 20:43:10.000000,-25.4580987509,-49.309496985,POINT (-49.309496985 -25.4580987509)
2014-05-02 20:43:20.000000,-25.4580987509,-49.309496985,POINT (-49.309496985 -25.4580987509)
2014-05-02 20:43:30.000000,-25.4580987509,-49.309496985,POINT (-49.309496985 -25.4580987509)
2014-05-02 20:43:40.000000,-25.4580987509,-49.309496985,POINT (-49.309496985 -25.4580987509)
2014-05-02 20:43:50.000000,-25.4580987509,-49.309496985,POINT (-49.309496985 -25.4580987509)
2014-05-02 20:44:00.000000,-25.4580987509,-49.309496985,POINT (-49.309496985 -25.4580987509)
2014-05-02 20:44:10.000000,-25.4580987509,-49.309496985,POINT (-49.309496985 -25.4580987509)
2014-05-02 20:44:20.000000,-25.4580987509,-49.309496985,POINT (-49.309496985 -25.4580987509)
2014-05-02 20:44:30.000000,-25.4580987509,-49.309496985,POINT (-49.309496985 -25.4580987509)
2014-05-02 20:44:40.000000,-25.4580987509,-49.309496985,POINT (-49.309496985 -25.4580987509)
2014-05-02 20:44:50.000000,-25.4580987509,-49.309496985,POINT (-49.309496985 -25.4580987509)
2014-05-02 20:45:00.000000,-25.4580987509,-49.309496985,POINT (-49.309496985 -25.4580987509)
2014-05-02 20:45:10.000000,-25.4580987509,-49.309496985,POINT (-49.309496985 -25.4580987509)
2014-05-02 20:45:20.000000,-25.4580987509,-49.309496985,POINT (-49.309496985 -25.4580987509)
2014-05-02 20:45:30.000000,-25.4580987509,-49.309496985,POINT (-49.309496985 -25.4580987509)
2014-05-02 20:45:40.000000,-25.4580987509,-49.309496985,POINT (-49.309496985 -25.4580987509)
2014-05-02 20:45:50.000000,-25.4580987509,-49.309496985,POINT (-49.309496985 -25.4580987509)
2014-05-02 20:46:00.000000,-25.4580987509,-49.309496985,POINT (-49.309496985 -25.4580987509)
2014-05-02 20:46:10.000000,-25.4580987509,-49.309496985,POINT (-49.309496985 -25.4580987509)
2014-05-02 20:46:20.000000,-25.4580987509,-49.309496985,POINT (-49.309496985 -25.4580987509)
2014-05-02 20:46:30.000000,-25.4580987509,-49.309496985,POINT (-49.309496985 -25.4580987509)
2014-05-02 20:46:40.000000,-25.4580987509,-49.309496985,POINT (-49.309496985 -25.4580987509)
2014-05-02 20:46:50.000000,-25.4580987509,-49.309496985,POINT (-49.309496985 -25.4580987509)
2014-05-02 20:47:00.000000,-25.4580987509,-49.309496985,POINT (-49.309496985 -25.4580987509)
2014-05-02 20:47:10.000000,-25.4580987509,-49.309496985,POINT (-49.309496985 -25.4580987509)
2014-05-02 20:47:20.000000,-25.4580987509,-49.309496985,POINT (-49.309496985 -25.4580987509)
2014-05-02 20:47:30.000000,-25.4580987509,-49.309496985,POINT (-49.309496985 -25.4580987509)
2014-05-02 20:47:40.000000,-25.4580987509,-49.309496985,POINT (-49.309496985 -25.4580987509)
2014-05-02 20:47:50.000000,-25.4580987509,-49.309496985,POINT (-49.309496985 -25.4580987509)
2014-05-02 20:48:00.000000,-25.4580987509,-49.309496985,POINT (-49.309496985 -25.4580987509)
2014-05-02 20:48:10.000000,-25.4580987509,-49.309496985,POINT (-49.309496985 -25.4580987509)
2014-05-02 20:48:20.000000,-25.4580987509,-49.309496985,POINT (-49.309496985 -25.4580987509)
2014-05-02 20:48:30.000000,-25.4580987509,-49.309496985,POINT (-49.309496985 -25.4580987509)
2014-05-02 20:48:40.000000,-25.4580987509,-49.309496985,POINT (-49.309496985 -25.4580987509)
2014-05-02 20:48:50.000000,-25.4580987509,-49.309496985,POINT (-49.309496985 -25.4580987509)
2014-05-02 20:49:00.000000,-25.4580987509,-49.309496985,POINT (-49.309496985 -25.4580987509)
2014-05-02 20:49:10.000000,-25.4580987509,-49.309496985,POINT (-49.309496985 -25.4580987509)
2014-05-02 20:49:20.000000,-25.4580987509,-49.309496985,POINT (-49.309496985 -25.4580987509)
2014-05-02 20:49:30.000000,-25.4580987509,-49.309496985,POINT (-49.309496985 -25.4580987509)
2014-05-02 20:49:40.000000,-25.4580987509,-49.309496985,POINT (-49.309496985 -25.4580987509)
2014-05-02 20:49:50.000000,-25.4580987509,-49.309496985,POINT (-49.309496985 -25.4580987509)
2014-05-02 20:50:00.000000,-25.4580987509,-49.309496985,POINT (-49.309496985 -25.4580987509)
2014-05-02 20:50:10.000000,-25.4580987509,-49.309496985,POINT (-49.309496985 -25.4580987509)
2014-05-02 20:50:20.000000,-25.4580987509,-49.309496985,POINT (-49.309496985 -25.4580987509)
2014-05-02 20:50:30.000000,-25.4580987509,-49.309496985,POINT (-49.309496985 -25.4580987509)
2014-05-02 20:50:40.000000,-25.4580987509,-49.309496985,POINT (-49.309496985 -25.4580987509)
2014-05-02 20:50:50.000000,-25.4580987509,-49.309496985,POINT (-49.309496985 -25.4580987509)
2014-05-02 20:51:00.000000,-25.4580987509,-49.309496985,POINT (-49.309496985 -25.4580987509)
2014-05-02 20:51:10.000000,-25.4580987509,-49.309496985,POINT (-49.309496985 -25.4580987509)
2014-05-02 20:51:20.000000,-25.4580987509,-49.309496985,POINT (-49.309496985 -25.4580987509)
2014-05-02 20:51:30.000000,-25.4580987509,-49.309496985,POINT (-49.309496985 -25.4580987509)
2014-05-02 20:51:40.000000,-25.4580987509,-49.309496985,POINT (-49.309496985 -25.4580987509)
2014-05-02 20:51:50.000000,-25.4580987509,-49.309496985,POINT (-49.309496985 -25.4580987509)
2014-05-02 20:52:00.000000,-25.4580987509,-49.309496985,POINT (-49.309496985 -25.4580987509)
2014-05-02 20:52:10.000000,-25.4580987509,-49.309496985,POINT (-49.309496985 -25.4580987509)
2014-05-02 20:52:20.000000,-25.4580987509,-49.309496985,POINT (-49.309496985 -25.4580987509)
2014-05-02 20:52:30.000000,-25.4580987509,-49.309496985,POINT (-49.309496985 -25.4580987509)
2014-05-02 20:52:40.000000,-25.4580987509,-49.309496985,POINT (-49.309496985 -25.4580987509)
2014-05-02 20:52:50.000000,-25.4580987509,-49.309496985,POINT (-49.309496985 -25.4580987509)
2014-05-02 20:53:00.000000,-25.4580987509,-49.309496985,POINT (-49.309496985 -25.4580987509)
2014-05-02 20:53:10.000000,-25.4580987509,-49.309496985,POINT (-49.309496985 -25.4580987509)
2014-05-02 20:53:20.000000,-25.4580987509,-49.309496985,POINT (-49.309496985 -25.4580987509)
2014-05-02 20:53:30.000000,-25.4580987509,-49.309496985,POINT (-49.309496985 -25.4580987509)
2014-05-02 20:53:40.000000,-25.4580987509,-49.309496985,POINT (-49.309496985 -25.4580987509)
2014-05-02 20:53:50.000000,-25.4580987509,-49.309496985,POINT (-49.309496985 -25.4580987509)
2014-05-02 20:54:00.000000,-25.4580987509,-49.309496985,POINT (-49.309496985 -25.4580987509)
2014-05-02 20:54:10.000000,-25.4580987509,-49.309496985,POINT (-49.309496985 -25.4580987509)
2014-05-02 20:54:20.000000,-25.4580987509,-49.309496985,POINT (-49.309496985 -25.4580987509)
2014-05-02 20:54:30.000000,-25.4580987509,-49.309496985,POINT (-49.309496985 -25.4580987509)
2014-05-02 20:54:40.000000,-25.4580987509,-49.309496985,POINT (-49.309496985 -25.4580987509)
2014-05-02 20:54:50.000000,-25.4580987509,-49.309496985,POINT (-49.309496985 -25.4580987509)
2014-05-02 20:55:00.000000,-25.4580987509,-49.309496985,POINT (-49.309496985 -25.4580987509)
2014-05-02 20:55:10.000000,-25.4580987509,-49.309496985,POINT (-49.309496985 -25.4580987509)
2014-05-02 20:55:20.000000,-25.4580987509,-49.309496985,POINT (-49.309496985 -25.4580987509)
2014-05-02 20:55:30.000000,-25.4580987509,-49.309496985,POINT (-49.309496985 -25.4580987509)
2014-05-02 20:55:40.000000,-25.4580987509,-49.309496985,POINT (-49.309496985 -25.4580987509)
2014-05-02 20:55:50.000000,-25.4580987509,-49.309496985,POINT (-49.309496985 -25.4580987509)
2014-05-02 20:56:00.000000,-25.4580987509,-49.309496985,POINT (-49.309496985 -25.4580987509)
2014-05-02 20:56:10.000000,-25.4580987509,-49.309496985,POINT (-49.309496985 -25.4580987509)
2014-05-02 20:56:20.000000,-25.4580987509,-49.309496985,POINT (-49.309496985 -25.4580987509)
2014-05-02 20:56:30.000000,-25.4580987509,-49.309496985,POINT (-49.309496985 -25.4580987509)
2014-05-02 20:56:40.000000,-25.4580987509,-49.309496985,POINT (-49.309496985 -25.4580987509)
2014-05-02 20:56:50.000000,-25.4580987509,-49.309496985,POINT (-49.309496985 -25.4580987509)
2014-05-02 20:57:00.000000,-25.4580987509,-49.309496985,POINT (-49.309496985 -25.4580987509)
2014-05-02 20:57:10.000000,-25.4580987509,-49.309496985,POINT (-49.309496985 -25.4580987509)
2014-05-02 20:57:20.000000,-25.4580987509,-49.309496985,POINT (-49.309496985 -25.4580987509)
2014-05-02 20:57:30.000000,-25.4580987509,-49.309496985,POINT (-49.309496985 -25.4580987509)
2014-05-02 20:57:40.000000,-25.4580987509,-49.309496985,POINT (-49.309496985 -25.4580987509)
2014-05-02 20:57:50.000000,-25.4580987509,-49.309496985,POINT (-49.309496985 -25.4580987509)
2014-05-02 20:58:00.000000,-25.4580987509,-49.309496985,POINT (-49.309496985 -25.4580987509)
2014-05-02 20:58:10.000000,-25.4580987509,-49.309496985,POINT (-49.309496985 -25.4580987509)
2014-05-02 20:58:20.000000,-25.4580987509,-49.309496985,POINT (-49.309496985 -25.4580987509)
2014-05-02 20:58:30.000000,-25.4580987509,-49.309496985,POINT (-49.309496985 -25.4580987509)
2014-05-02 20:58:40.000000,-25.4580987509,-49.309496985,POINT (-49.309496985 -25.4580987509)
2014-05-02 20:58:50.000000,-25.4580987509,-49.309496985,POINT (-49.309496985 -25.4580987509)
2014-05-02 20:59:00.000000,-25.4580987509,-49.309496985,POINT (-49.309496985 -25.4580987509)
2014-05-02 20:59:10.000000,-25.4580987509,-49.309496985,POINT (-49.309496985 -25.4580987509)
2014-05-02 20:59:20.000000,-25.4580987509,-49.309496985,POINT (-49.309496985 -25.4580987509)
2014-05-02 20:59:30.000000,-25.4580987509,-49.309496985,POINT (-49.309496985 -25.4580987509)
2014-05-02 20:59:40.000000,-25.4580987509,-49.309496985,POINT (-49.309496985 -25.4580987509)
2014-05-02 20:59:50.000000,-25.4580987509,-49.309496985,POINT (-49.309496985 -25.4580987509)
