timestamp,lat,lon,geometry
2014-05-12 07:00:00.000000,-25.374540548,-49.2243601686,POINT (-49.2243601686 -25.374540548)
2014-05-12 07:00:10.000000,-25.374540548,-49.2243601686,POINT (-49.2243601686 -25.374540548)
2014-05-12 07:00:20.000000,-25.374540548,-49.2243601686,POINT (-49.2243601686 -25.374540548)
2014-05-12 07:00:30.000000,-25.374540548,-49.2243601686,POINT (-49.2243601686 -25.374540548)
2014-05-12 07:00:40.000000,-25.374540548,-49.2243601686,POINT (-49.2243601686 -25.374540548)
2014-05-12 07:00:50.000000,-25.374540548,-49.2243601686,POINT (-49.2243601686 -25.374540548)
2014-05-12 07:01:00.000000,-25.374540548,-49.2243601686,POINT (-49.2243601686 -25.374540548)
2014-05-12 07:01:10.000000,-25.374540548,-49.2243601686,POINT (-49.2243601686 -25.374540548)
2014-05-12 07:01:20.000000,-25.374540548,-49.2243601686,POINT (-49.2243601686 -25.374540548)
2014-05-12 07:01:30.000000,-25.374540548,-49.2243601686,POINT (-49.2243601686 -25.374540548)
2014-05-12 07:01:40.000000,-25.374540548,-49.2243601686,POINT (-49.2243601686 -25.374540548)
2014-05-12 07:01:50.000000,-25.374540548,-49.2243601686,POINT (-49.2243601686 -25.374540548)
2014-05-12 07:02:00.000000,-25.374540548,-49.2243601686,POINT (-49.2243601686 -25.374540548)
2014-05-12 07:02:10.000000,-25.374540548,-49.2243601686,POINT (-49.2243601686 -25.374540548)
2014-05-12 07:02:20.000000,-25.374540548,-49.2243601686,POINT (-49.2243601686 -25.374540548)
2014-05-12 07:02:30.000000,-25.374540548,-49.2243601686,POINT (-49.2243601686 -25.374540548)
2014-05-12 07:02:40.000000,-25.374540548,-49.2243601686,POINT (-49.2243601686 -25.374540548)
2014-05-12 07:02:50.000000,-25.374540548,-49.2243601686,POINT (-49.2243601686 -25.374540548)
2014-05-12 07:03:00.000000,-25.374540548,-49.2243601686,POINT (-49.2243601686 -25.374540548)
2014-05-12 07:03:10.000000,-25.374540548,-49.2243601686,POINT (-49.2243601686 -25.374540548)
2014-05-12 07:03:20.000000,-25.374540548,-49.2243601686,POINT (-49.2243601686 -25.374540548)
2014-05-12 07:03:30.000000,-25.374540548,-49.2243601686,POINT (-49.2243601686 -25.374540548)
2014-05-12 07:03:40.000000,-25.374540548,-49.2243601686,POINT (-49.2243601686 -25.374540548)
2014-05-12 07:03:50.000000,-25.374540548,-49.2243601686,POINT (-49.2243601686 -25.374540548)
2014-05-12 07:04:00.000000,-25.374540548,-49.2243601686,POINT (-49.2243601686 -25.374540548)
2014-05-12 07:04:10.000000,-25.374540548,-49.2243601686,POINT (-49.2243601686 -25.374540548)
2014-05-12 07:04:20.000000,-25.374540548,-49.2243601686,POINT (-49.2243601686 -25.374540548)
2014-05-12 07:04:30.000000,-25.374540548,-49.2243601686,POINT (-49.2243601686 -25.374540548)
2014-05-12 07:04:40.000000,-25.374540548,-49.2243601686,POINT (-49.2243601686 -25.374540548)
2014-05-12 07:04:50.000000,-25.374540548,-49.2243601686,POINT (-49.2243601686 -25.374540548)
2014-05-12 07:05:00.000000,-25.374540548,-49.2243601686,POINT (-49.2243601686 -25.374540548)
2014-05-12 07:05:10.000000,-25.374540548,-49.2243601686,POINT (-49.2243601686 -25.374540548)
2014-05-12 07:05:20.000000,-25.374540548,-49.2243601686,POINT (-49.2243601686 -25.374540548)
2014-05-12 07:05:30.000000,-25.374540548,-49.2243601686,POINT (-49.2243601686 -25.374540548)
2014-05-12 07:05:40.000000,-25.374540548,-49.2243601686,POINT (-49.2243601686 -25.374540548)
2014-05-12 07:05:50.000000,-25.374540548,-49.2243601686,POINT (-49.2243601686 -25.374540548)
2014-05-12 07:06:00.000000,-25.374540548,-49.2243601686,POINT (-49.2243601686 -25.374540548)
2014-05-12 07:06:10.000000,-25.374540548,-49.2243601686,POINT (-49.2243601686 -25.374540548)
2014-05-12 07:06:20.000000,-25.374540548,-49.2243601686,POINT (-49.2243601686 -25.374540548)
2014-05-12 07:06:30.000000,-25.374540548,-49.2243601686,POINT (-49.2243601686 -25.374540548)
2014-05-12 07:06:40.000000,-25.374540548,-49.2243601686,POINT (-49.2243601686 -25.374540548)
2014-05-12 07:06:50.000000,-25.374540548,-49.2243601686,POINT (-49.2243601686 -25.374540548)
2014-05-12 07:07:00.000000,-25.374540548,-49.2243601686,POINT (-49.2243601686 -25.374540548)
2014-05-12 07:07:10.000000,-25.374540548,-49.2243601686,POINT (-49.2243601686 -25.374540548)
2014-05-12 07:07:20.000000,-25.374540548,-49.2243601686,POINT (-49.2243601686 -25.374540548)
2014-05-12 07:07:30.000000,-25.374540548,-49.2243601686,POINT (-49.2243601686 -25.374540548)
2014-05-12 07:07:40.000000,-25.374540548,-49.2243601686,POINT (-49.2243601686 -25.374540548)
2014-05-12 07:07:50.000000,-25.374540548,-49.2243601686,POINT (-49.2243601686 -25.374540548)
2014-05-12 07:08:00.000000,-25.374540548,-49.2243601686,POINT (-49.2243601686 -25.374540548)
2014-05-12 07:08:10.000000,-25.374540548,-49.2243601686,POINT (-49.2243601686 -25.374540548)
2014-05-12 07:08:20.000000,-25.374540548,-49.2243601686,POINT (-49.2243601686 -25.374540548)
2014-05-12 07:08:30.000000,-25.374540548,-49.2243601686,POINT (-49.2243601686 -25.374540548)
2014-05-12 07:08:40.000000,-25.374540548,-49.2243601686,POINT (-49.2243601686 -25.374540548)
2014-05-12 07:08:50.000000,-25.374540548,-49.2243601686,POINT (-49.2243601686 -25.374540548)
2014-05-12 07:09:00.000000,-25.374540548,-49.2243601686,POINT (-49.2243601686 -25.374540548)
2014-05-12 07:09:10.000000,-25.374540548,-49.2243601686,POINT (-49.2243601686 -25.374540548)
2014-05-12 07:09:20.000000,-25.374540548,-49.2243601686,POINT (-49.2243601686 -25.374540548)
2014-05-12 07:09:30.000000,-25.374540548,-49.2243601686,POINT (-49.2243601686 -25.374540548)
2014-05-12 07:09:40.000000,-25.374540548,-49.2243601686,POINT (-49.2243601686 -25.374540548)
2014-05-12 07:09:50.000000,-25.374540548,-49.2243601686,POINT (-49.2243601686 -25.374540548)
2014-05-12 07:10:00.000000,-25.374540548,-49.2243601686,POINT (-49.2243601686 -25.374540548)
2014-05-12 07:10:10.000000,-25.374540548,-49.2243601686,POINT (-49.2243601686 -25.374540548)
2014-05-12 07:10:20.000000,-25.374540548,-49.2243601686,POINT (-49.2243601686 -25.374540548)
2014-05-12 07:10:30.000000,-25.374540548,-49.2243601686,POINT (-49.2243601686 -25.374540548)
2014-05-12 07:10:40.000000,-25.374540548,-49.2243601686,POINT (-49.2243601686 -25.374540548)
2014-05-12 07:10:50.000000,-25.374540548,-49.2243601686,POINT (-49.2243601686 -25.374540548)
2014-05-12 07:11:00.000000,-25.374540548,-49.2243601686,POINT (-49.2243601686 -25.374540548)
2014-05-12 07:11:10.000000,-25.374540548,-49.2243601686,POINT (-49.2243601686 -25.374540548)
2014-05-12 07:11:20.000000,-25.374540548,-49.2243601686,POINT (-49.2243601686 -25.374540548)
2014-05-12 07:11:30.000000,-25.374540548,-49.2243601686,POINT (-49.2243601686 -25.374540548)
2014-05-12 07:11:40.000000,-25.374540548,-49.2243601686,POINT (-49.2243601686 -25.374540548)
2014-05-12 07:11:50.000000,-25.374540548,-49.2243601686,POINT (-49.2243601686 -25.374540548)
2014-05-12 07:12:00.000000,-25.374540548,-49.2243601686,POINT (-49.2243601686 -25.374540548)
2014-05-12 07:12:10.000000,-25.374540548,-49.2243601686,POINT (-49.2243601686 -25.374540548)
2014-05-12 07:12:20.000000,-25.374540548,-49.2243601686,POINT (-49.2243601686 -25.374540548)
2014-05-12 07:12:30.000000,-25.374540548,-49.2243601686,POINT (-49.2243601686 -25.374540548)
2014-05-12 07:12:40.000000,-25.374540548,-49.2243601686,POINT (-49.2243601686 -25.374540548)
2014-05-12 07:12:50.000000,-25.374540548,-49.2243601686,POINT (-49.2243601686 -25.374540548)
2014-05-12 07:13:00.000000,-25.374540548,-49.2243601686,POINT (-49.2243601686 -25.374540548)
2014-05-12 07:13:10.000000,-25.374540548,-49.2243601686,POINT (-49.2243601686 -25.374540548)
2014-05-12 07:13:20.000000,-25.374540548,-49.2243601686,POINT (-49.2243601686 -25.374540548)
2014-05-12 07:13:30.000000,-25.374540548,-49.2243601686,POINT (-49.2243601686 -25.374540548)
2014-05-12 07:13:40.000000,-25.374540548,-49.2243601686,POINT (-49.2243601686 -25.374540548)
2014-05-12 07:13:50.000000,-25.374540548,-49.2243601686,POINT (-49.2243601686 -25.374540548)
2014-05-12 07:14:00.000000,-25.374540548,-49.2243601686,POINT (-49.2243601686 -25.374540548)
2014-05-12 07:14:10.000000,-25.374540548,-49.2243601686,POINT (-49.2243601686 -25.374540548)
2014-05-12 07:14:20.000000,-25.374540548,-49.2243601686,POINT (-49.2243601686 -25.374540548)
2014-05-12 07:14:30.000000,-25.374540548,-49.2243601686,POINT (-49.2243601686 -25.374540548)
2014-05-12 07:14:40.000000,-25.374540548,-49.2243601686,POINT (-49.2243601686 -25.374540548)
2014-05-12 07:14:50.000000,-25.374540548,-49.2243601686,POINT (-49.2243601686 -25.374540548)
2014-05-12 07:15:00.000000,-25.374540548,-49.2243601686,POINT (-49.2243601686 -25.374540548)
2014-05-12 07:15:10.000000,-25.374540548,-49.2243601686,POINT (-49.2243601686 -25.374540548)
2014-05-12 07:15:20.000000,-25.374540548,-49.2243601686,POINT (-49.2243601686 -25.374540548)
2014-05-12 07:15:30.000000,-25.374540548,-49.2243601686,POINT (-49.2243601686 -25.374540548)
2014-05-12 07:15:40.000000,-25.374540548,-49.2243601686,POINT (-49.2243601686 -25.374540548)
2014-05-12 07:15:50.000000,-25.374540548,-49.2243601686,POINT (-49.2243601686 -25.374540548)
2014-05-12 07:16:00.000000,-25.374540548,-49.2243601686,POINT (-49.2243601686 -25.374540548)
2014-05-12 07:16:10.000000,-25.374540548,-49.2243601686,POINT (-49.2243601686 -25.374540548)
2014-05-12 07:16:20.000000,-25.374540548,-49.2243601686,POINT (-49.2243601686 -25.374540548)
2014-05-12 07:16:30.000000,-25.374540548,-49.2243601686,POINT (-49.2243601686 -25.374540548)
2014-05-12 07:16:40.000000,-25.374540548,-49.2243601686,POINT (-49.2243601686 -25.374540548)
2014-05-12 07:16:50.000000,-25.374540548,-49.2243601686,POINT (-49.2243601686 -25.374540548)
2014-05-12 07:17:00.000000,-25.374540548,-49.2243601686,POINT (-49.2243601686 -25.374540548)
2014-05-12 07:17:10.000000,-25.374540548,-49.2243601686,POINT (-49.2243601686 -25.374540548)
2014-05-12 07:17:20.000000,-25.374540548,-49.2243601686,POINT (-49.2243601686 -25.374540548)
2014-05-12 07:17:30.000000,-25.374540548,-49.2243601686,POINT (-49.2243601686 -25.374540548)
2014-05-12 07:17:40.000000,-25.374540548,-49.2243601686,POINT (-49.2243601686 -25.374540548)
2014-05-12 07:17:50.000000,-25.374540548,-49.2243601686,POINT (-49.2243601686 -25.374540548)
2014-05-12 07:18:00.000000,-25.374540548,-49.2243601686,POINT (-49.2243601686 -25.374540548)
2014-05-12 07:18:10.000000,-25.374540548,-49.2243601686,POINT (-49.2243601686 -25.374540548)
2014-05-12 07:18:20.000000,-25.374540548,-49.2243601686,POINT (-49.2243601686 -25.374540548)
2014-05-12 07:18:30.000000,-25.374540548,-49.2243601686,POINT (-49.2243601686 -25.374540548)
2014-05-12 07:18:40.000000,-25.374540548,-49.2243601686,POINT (-49.2243601686 -25.374540548)
2014-05-12 07:18:50.000000,-25.374540548,-49.2243601686,POINT (-49.2243601686 -25.374540548)
2014-05-12 07:19:00.000000,-25.374540548,-49.2243601686,POINT (-49.2243601686 -25.374540548)
2014-05-12 07:19:10.000000,-25.374540548,-49.2243601686,POINT (-49.2243601686 -25.374540548)
2014-05-12 07:19:20.000000,-25.374540548,-49.2243601686,POINT (-49.2243601686 -25.374540548)
2014-05-12 07:19:30.000000,-25.374540548,-49.2243601686,POINT (-49.2243601686 -25.374540548)
2014-05-12 07:19:40.000000,-25.374540548,-49.2243601686,POINT (-49.2243601686 -25.374540548)
2014-05-12 07:19:50.000000,-25.374540548,-49.2243601686,POINT (-49.2243601686 -25.374540548)
2014-05-12 07:20:00.000000,-25.374540548,-49.2243601686,POINT (-49.2243601686 -25.374540548)
2014-05-12 07:20:10.000000,-25.374540548,-49.2243601686,POINT (-49.2243601686 -25.374540548)
2014-05-12 07:20:20.000000,-25.374540548,-49.2243601686,POINT (-49.2243601686 -25.374540548)
2014-05-12 07:20:30.000000,-25.374540548,-49.2243601686,POINT (-49.2243601686 -25.374540548)
2014-05-12 07:20:40.000000,-25.374540548,-49.2243601686,POINT (-49.2243601686 -25.374540548)
2014-05-12 07:20:50.000000,-25.374540548,-49.2243601686,POINT (-49.2243601686 -25.374540548)
2014-05-12 07:21:00.000000,-25.374540548,-49.2243601686,POINT (-49.2243601686 -25.374540548)
2014-05-12 07:21:10.000000,-25.374540548,-49.2243601686,POINT (-49.2243601686 -25.374540548)
2014-05-12 07:21:20.000000,-25.374540548,-49.2243601686,POINT (-49.2243601686 -25.374540548)
2014-05-12 07:21:30.000000,-25.374540548,-49.2243601686,POINT (-49.2243601686 -25.374540548)
2014-05-12 07:21:40.000000,-25.374540548,-49.2243601686,POINT (-49.2243601686 -25.374540548)
2014-05-12 07:21:50.000000,-25.374540548,-49.2243601686,POINT (-49.2243601686 -25.374540548)
2014-05-12 07:22:00.000000,-25.374540548,-49.2243601686,POINT (-49.2243601686 -25.374540548)
2014-05-12 07:22:10.000000,-25.374540548,-49.2243601686,POINT (-49.2243601686 -25.374540548)
2014-05-12 07:22:20.000000,-25.374540548,-49.2243601686,POINT (-49.2243601686 -25.374540548)
2014-05-12 07:22:30.000000,-25.374540548,-49.2243601686,POINT (-49.2243601686 -25.374540548)
2014-05-12 07:22:40.000000,-25.374540548,-49.2243601686,POINT (-49.2243601686 -25.374540548)
2014-05-12 07:22:50.000000,-25.374540548,-49.2243601686,POINT (-49.2243601686 -25.374540548)
2014-05-12 07:23:00.000000,-25.374540548,-49.2243601686,POINT (-49.2243601686 -25.374540548)
2014-05-12 07:23:10.000000,-25.374540548,-49.2243601686,POINT (-49.2243601686 -25.374540548)
2014-05-12 07:23:20.000000,-25.374540548,-49.2243601686,POINT (-49.2243601686 -25.374540548)
2014-05-12 07:23:30.000000,-25.374540548,-49.2243601686,POINT (-49.2243601686 -25.374540548)
2014-05-12 07:23:40.000000,-25.374540548,-49.2243601686,POINT (-49.2243601686 -25.374540548)
2014-05-12 07:23:50.000000,-25.374540548,-49.2243601686,POINT (-49.2243601686 -25.374540548)
2014-05-12 07:24:00.000000,-25.374540548,-49.2243601686,POINT (-49.2243601686 -25.374540548)
2014-05-12 07:24:10.000000,-25.374540548,-49.2243601686,POINT (-49.2243601686 -25.374540548)
2014-05-12 07:24:20.000000,-25.374540548,-49.2243601686,POINT (-49.2243601686 -25.374540548)
2014-05-12 07:24:30.000000,-25.374540548,-49.2243601686,POINT (-49.2243601686 -25.374540548)
2014-05-12 07:24:40.000000,-25.374540548,-49.2243601686,POINT (-49.2243601686 -25.374540548)
2014-05-12 07:24:50.000000,-25.374540548,-49.2243601686,POINT (-49.2243601686 -25.374540548)
2014-05-12 07:25:00.000000,-25.374540548,-49.2243601686,POINT (-49.2243601686 -25.374540548)
2014-05-12 07:25:10.000000,-25.374540548,-49.2243601686,POINT (-49.2243601686 -25.374540548)
2014-05-12 07:25:20.000000,-25.374540548,-49.2243601686,POINT (-49.2243601686 -25.374540548)
2014-05-12 07:25:30.000000,-25.374540548,-49.2243601686,POINT (-49.2243601686 -25.374540548)
2014-05-12 07:25:40.000000,-25.374540548,-49.2243601686,POINT (-49.2243601686 -25.374540548)
2014-05-12 07:25:50.000000,-25.374540548,-49.2243601686,POINT (-49.2243601686 -25.374540548)
2014-05-12 07:26:00.000000,-25.374540548,-49.2243601686,POINT (-49.2243601686 -25.374540548)
2014-05-12 07:26:10.000000,-25.374540548,-49.2243601686,POINT (-49.2243601686 -25.374540548)
2014-05-12 07:26:20.000000,-25.374540548,-49.2243601686,POINT (-49.2243601686 -25.374540548)
2014-05-12 07:26:30.000000,-25.374540548,-49.2243601686,POINT (-49.2243601686 -25.374540548)
2014-05-12 07:26:40.000000,-25.374540548,-49.2243601686,POINT (-49.2243601686 -25.374540548)
2014-05-12 07:26:50.000000,-25.374540548,-49.2243601686,POINT (-49.2243601686 -25.374540548)
2014-05-12 07:27:00.000000,-25.374540548,-49.2243601686,POINT (-49.2243601686 -25.374540548)
2014-05-12 07:27:10.000000,-25.374540548,-49.2243601686,POINT (-49.2243601686 -25.374540548)
2014-05-12 07:27:20.000000,-25.374540548,-49.2243601686,POINT (-49.2243601686 -25.374540548)
2014-05-12 07:27:30.000000,-25.374540548,-49.2243601686,POINT (-49.2243601686 -25.374540548)
2014-05-12 07:27:40.000000,-25.374540548,-49.2243601686,POINT (-49.2243601686 -25.374540548)
2014-05-12 07:27:50.000000,-25.374540548,-49.2243601686,POINT (-49.2243601686 -25.374540548)
2014-05-12 07:28:00.000000,-25.374540548,-49.2243601686,POINT (-49.2243601686 -25.374540548)
2014-05-12 07:28:10.000000,-25.374540548,-49.2243601686,POINT (-49.2243601686 -25.374540548)
2014-05-12 07:28:20.000000,-25.374540548,-49.2243601686,POINT (-49.2243601686 -25.374540548)
2014-05-12 07:28:30.000000,-25.374540548,-49.2243601686,POINT (-49.2243601686 -25.374540548)
2014-05-12 07:28:40.000000,-25.374540548,-49.2243601686,POINT (-49.2243601686 -25.374540548)
2014-05-12 07:28:50.000000,-25.374540548,-49.2243601686,POINT (-49.2243601686 -25.374540548)
2014-05-12 07:29:00.000000,-25.374540548,-49.2243601686,POINT (-49.2243601686 -25.374540548)
2014-05-12 07:29:10.000000,-25.374540548,-49.2243601686,POINT (-49.2243601686 -25.374540548)
2014-05-12 07:29:20.000000,-25.374540548,-49.2243601686,POINT (-49.2243601686 -25.374540548)
2014-05-12 07:29:30.000000,-25.374540548,-49.2243601686,POINT (-49.2243601686 -25.374540548)
2014-05-12 07:29:40.000000,-25.374540548,-49.2243601686,POINT (-49.2243601686 -25.374540548)
2014-05-12 07:29:50.000000,-25.374540548,-49.2243601686,POINT (-49.2243601686 -25.374540548)
2014-05-12 07:30:00.000000,-25.374540548,-49.2243601686,POINT (-49.2243601686 -25.374540548)
2014-05-12 07:30:10.000000,-25.374540548,-49.2243601686,POINT (-49.2243601686 -25.374540548)
2014-05-12 07:30:20.000000,-25.374540548,-49.2243601686,POINT (-49.2243601686 -25.374540548)
2014-05-12 07:30:30.000000,-25.374540548,-49.2243601686,POINT (-49.2243601686 -25.374540548)
2014-05-12 07:30:40.000000,-25.374540548,-49.2243601686,POINT (-49.2243601686 -25.374540548)
2014-05-12 07:30:50.000000,-25.374540548,-49.2243601686,POINT (-49.2243601686 -25.374540548)
2014-05-12 07:31:00.000000,-25.374540548,-49.2243601686,POINT (-49.2243601686 -25.374540548)
2014-05-12 07:31:10.000000,-25.374540548,-49.2243601686,POINT (-49.2243601686 -25.374540548)
2014-05-12 07:31:20.000000,-25.374540548,-49.2243601686,POINT (-49.2243601686 -25.374540548)
2014-05-12 07:31:30.000000,-25.374540548,-49.2243601686,POINT (-49.2243601686 -25.374540548)
2014-05-12 07:31:40.000000,-25.374540548,-49.2243601686,POINT (-49.2243601686 -25.374540548)
2014-05-12 07:31:50.000000,-25.374540548,-49.2243601686,POINT (-49.2243601686 -25.374540548)
2014-05-12 07:32:00.000000,-25.374540548,-49.2243601686,POINT (-49.2243601686 -25.374540548)
2014-05-12 07:32:10.000000,-25.374540548,-49.2243601686,POINT (-49.2243601686 -25.374540548)
2014-05-12 07:32:20.000000,-25.374540548,-49.2243601686,POINT (-49.2243601686 -25.374540548)
2014-05-12 07:32:30.000000,-25.374540548,-49.2243601686,POINT (-49.2243601686 -25.374540548)
2014-05-12 07:32:40.000000,-25.374540548,-49.2243601686,POINT (-49.2243601686 -25.374540548)
2014-05-12 07:32:50.000000,-25.374540548,-49.2243601686,POINT (-49.2243601686 -25.374540548)
2014-05-12 07:33:00.000000,-25.374540548,-49.2243601686,POINT (-49.2243601686 -25.374540548)
2014-05-12 07:33:10.000000,-25.374540548,-49.2243601686,POINT (-49.2243601686 -25.374540548)
2014-05-12 07:33:20.000000,-25.374540548,-49.2243601686,POINT (-49.2243601686 -25.374540548)
2014-05-12 07:33:30.000000,-25.374540548,-49.2243601686,POINT (-49.2243601686 -25.374540548)
2014-05-12 07:33:40.000000,-25.374540548,-49.2243601686,POINT (-49.2243601686 -25.374540548)
2014-05-12 07:33:50.000000,-25.374540548,-49.2243601686,POINT (-49.2243601686 -25.374540548)
2014-05-12 07:34:00.000000,-25.374540548,-49.2243601686,POINT (-49.2243601686 -25.374540548)
2014-05-12 07:34:10.000000,-25.374540548,-49.2243601686,POINT (-49.2243601686 -25.374540548)
2014-05-12 07:34:20.000000,-25.374540548,-49.2243601686,POINT (-49.2243601686 -25.374540548)
2014-05-12 07:34:30.000000,-25.374540548,-49.2243601686,POINT (-49.2243601686 -25.374540548)
2014-05-12 07:34:40.000000,-25.374540548,-49.2243601686,POINT (-49.2243601686 -25.374540548)
2014-05-12 07:34:50.000000,-25.374540548,-49.2243601686,POINT (-49.2243601686 -25.374540548)
2014-05-12 07:35:00.000000,-25.374540548,-49.2243601686,POINT (-49.2243601686 -25.374540548)
2014-05-12 07:35:10.000000,-25.374540548,-49.2243601686,POINT (-49.2243601686 -25.374540548)
2014-05-12 07:35:20.000000,-25.374540548,-49.2243601686,POINT (-49.2243601686 -25.374540548)
2014-05-12 07:35:30.000000,-25.374540548,-49.2243601686,POINT (-49.2243601686 -25.374540548)
2014-05-12 07:35:40.000000,-25.374540548,-49.2243601686,POINT (-49.2243601686 -25.374540548)
2014-05-12 07:35:50.000000,-25.374540548,-49.2243601686,POINT (-49.2243601686 -25.374540548)
2014-05-12 07:36:00.000000,-25.374540548,-49.2243601686,POINT (-49.2243601686 -25.374540548)
2014-05-12 07:36:10.000000,-25.374540548,-49.2243601686,POINT (-49.2243601686 -25.374540548)
2014-05-12 07:36:20.000000,-25.374540548,-49.2243601686,POINT (-49.2243601686 -25.374540548)
2014-05-12 07:36:30.000000,-25.374540548,-49.2243601686,POINT (-49.2243601686 -25.374540548)
2014-05-12 07:36:40.000000,-25.374540548,-49.2243601686,POINT (-49.2243601686 -25.374540548)
2014-05-12 07:36:50.000000,-25.374540548,-49.2243601686,POINT (-49.2243601686 -25.374540548)
2014-05-12 07:37:00.000000,-25.374540548,-49.2243601686,POINT (-49.2243601686 -25.374540548)
2014-05-12 07:37:10.000000,-25.374540548,-49.2243601686,POINT (-49.2243601686 -25.374540548)
2014-05-12 07:37:20.000000,-25.374540548,-49.2243601686,POINT (-49.2243601686 -25.374540548)
2014-05-12 07:37:30.000000,-25.374540548,-49.2243601686,POINT (-49.2243601686 -25.374540548)
2014-05-12 07:37:40.000000,-25.374540548,-49.2243601686,POINT (-49.2243601686 -25.374540548)
2014-05-12 07:37:50.000000,-25.374540548,-49.2243601686,POINT (-49.2243601686 -25.374540548)
2014-05-12 07:38:00.000000,-25.374540548,-49.2243601686,POINT (-49.2243601686 -25.374540548)
2014-05-12 07:38:10.000000,-25.374540548,-49.2243601686,POINT (-49.2243601686 -25.374540548)
2014-05-12 07:38:20.000000,-25.374540548,-49.2243601686,POINT (-49.2243601686 -25.374540548)
2014-05-12 07:38:30.000000,-25.374540548,-49.2243601686,POINT (-49.2243601686 -25.374540548)
2014-05-12 07:38:40.000000,-25.374540548,-49.2243601686,POINT (-49.2243601686 -25.374540548)
2014-05-12 07:38:50.000000,-25.374540548,-49.2243601686,POINT (-49.2243601686 -25.374540548)
2014-05-12 07:39:00.000000,-25.374540548,-49.2243601686,POINT (-49.2243601686 -25.374540548)
2014-05-12 07:39:10.000000,-25.374540548,-49.2243601686,POINT (-49.2243601686 -25.374540548)
2014-05-12 07:39:20.000000,-25.374540548,-49.2243601686,POINT (-49.2243601686 -25.374540548)
2014-05-12 07:39:30.000000,-25.374540548,-49.2243601686,POINT (-49.2243601686 -25.374540548)
2014-05-12 07:39:40.000000,-25.374540548,-49.2243601686,POINT (-49.2243601686 -25.374540548)
2014-05-12 07:39:50.000000,-25.374540548,-49.2243601686,POINT (-49.2243601686 -25.374540548)
2014-05-12 07:40:00.000000,-25.374540548,-49.2243601686,POINT (-49.2243601686 -25.374540548)
2014-05-12 07:40:10.000000,-25.374540548,-49.2243601686,POINT (-49.2243601686 -25.374540548)
2014-05-12 07:40:20.000000,-25.374540548,-49.2243601686,POINT (-49.2243601686 -25.374540548)
2014-05-12 07:40:30.000000,-25.374540548,-49.2243601686,POINT (-49.2243601686 -25.374540548)
2014-05-12 07:40:40.000000,-25.374540548,-49.2243601686,POINT (-49.2243601686 -25.374540548)
2014-05-12 07:40:50.000000,-25.374540548,-49.2243601686,POINT (-49.2243601686 -25.374540548)
2014-05-12 07:41:00.000000,-25.374540548,-49.2243601686,POINT (-49.2243601686 -25.374540548)
2014-05-12 07:41:10.000000,-25.374540548,-49.2243601686,POINT (-49.2243601686 -25.374540548)
2014-05-12 07:41:20.000000,-25.374540548,-49.2243601686,POINT (-49.2243601686 -25.374540548)
2014-05-12 07:41:30.000000,-25.374540548,-49.2243601686,POINT (-49.2243601686 -25.374540548)
2014-05-12 07:41:40.000000,-25.374540548,-49.2243601686,POINT (-49.2243601686 -25.374540548)
2014-05-12 07:41:50.000000,-25.374540548,-49.2243601686,POINT (-49.2243601686 -25.374540548)
2014-05-12 07:42:00.000000,-25.374540548,-49.2243601686,POINT (-49.2243601686 -25.374540548)
2014-05-12 07:42:10.000000,-25.374540548,-49.2243601686,POINT (-49.2243601686 -25.374540548)
2014-05-12 07:42:20.000000,-25.374540548,-49.2243601686,POINT (-49.2243601686 -25.374540548)
2014-05-12 07:42:30.000000,-25.374540548,-49.2243601686,POINT (-49.2243601686 -25.374540548)
2014-05-12 07:42:40.000000,-25.374540548,-49.2243601686,POINT (-49.2243601686 -25.374540548)
2014-05-12 07:42:50.000000,-25.374540548,-49.2243601686,POINT (-49.2243601686 -25.374540548)
2014-05-12 07:43:00.000000,-25.374540548,-49.2243601686,POINT (-49.2243601686 -25.374540548)
2014-05-12 07:43:10.000000,-25.374540548,-49.2243601686,POINT (-49.2243601686 -25.374540548)
2014-05-12 07:43:20.000000,-25.374540548,-49.2243601686,POINT (-49.2243601686 -25.374540548)
2014-05-12 07:43:30.000000,-25.374540548,-49.2243601686,POINT (-49.2243601686 -25.374540548)
2014-05-12 07:43:40.000000,-25.374540548,-49.2243601686,POINT (-49.2243601686 -25.374540548)
2014-05-12 07:43:50.000000,-25.374540548,-49.2243601686,POINT (-49.2243601686 -25.374540548)
2014-05-12 07:44:00.000000,-25.374540548,-49.2243601686,POINT (-49.2243601686 -25.374540548)
2014-05-12 07:44:10.000000,-25.374540548,-49.2243601686,POINT (-49.2243601686 -25.374540548)
2014-05-12 07:44:20.000000,-25.374540548,-49.2243601686,POINT (-49.2243601686 -25.374540548)
2014-05-12 07:44:30.000000,-25.374540548,-49.2243601686,POINT (-49.2243601686 -25.374540548)
2014-05-12 07:44:40.000000,-25.374540548,-49.2243601686,POINT (-49.2243601686 -25.374540548)
2014-05-12 07:44:50.000000,-25.374540548,-49.2243601686,POINT (-49.2243601686 -25.374540548)
2014-05-12 07:45:00.000000,-25.374540548,-49.2243601686,POINT (-49.2243601686 -25.374540548)
2014-05-12 07:45:10.000000,-25.374540548,-49.2243601686,POINT (-49.2243601686 -25.374540548)
2014-05-12 07:45:20.000000,-25.374540548,-49.2243601686,POINT (-49.2243601686 -25.374540548)
2014-05-12 07:45:30.000000,-25.374540548,-49.2243601686,POINT (-49.2243601686 -25.374540548)
2014-05-12 07:45:40.000000,-25.374540548,-49.2243601686,POINT (-49.2243601686 -25.374540548)
2014-05-12 07:45:50.000000,-25.374540548,-49.2243601686,POINT (-49.2243601686 -25.374540548)
2014-05-12 07:46:00.000000,-25.374540548,-49.2243601686,POINT (-49.2243601686 -25.374540548)
2014-05-12 07:46:10.000000,-25.374540548,-49.2243601686,POINT (-49.2243601686 -25.374540548)
2014-05-12 07:46:20.000000,-25.374540548,-49.2243601686,POINT (-49.2243601686 -25.374540548)
2014-05-12 07:46:30.000000,-25.374540548,-49.2243601686,POINT (-49.2243601686 -25.374540548)
2014-05-12 07:46:40.000000,-25.374540548,-49.2243601686,POINT (-49.2243601686 -25.374540548)
2014-05-12 07:46:50.000000,-25.374540548,-49.2243601686,POINT (-49.2243601686 -25.374540548)
2014-05-12 07:47:00.000000,-25.374540548,-49.2243601686,POINT (-49.2243601686 -25.374540548)
2014-05-12 07:47:10.000000,-25.374540548,-49.2243601686,POINT (-49.2243601686 -25.374540548)
2014-05-12 07:47:20.000000,-25.374540548,-49.2243601686,POINT (-49.2243601686 -25.374540548)
2014-05-12 07:47:30.000000,-25.374540548,-49.2243601686,POINT (-49.2243601686 -25.374540548)
2014-05-12 07:47:40.000000,-25.374540548,-49.2243601686,POINT (-49.2243601686 -25.374540548)
2014-05-12 07:47:50.000000,-25.374540548,-49.2243601686,POINT (-49.2243601686 -25.374540548)
2014-05-12 07:48:00.000000,-25.374540548,-49.2243601686,POINT (-49.2243601686 -25.374540548)
2014-05-12 07:48:10.000000,-25.374540548,-49.2243601686,POINT (-49.2243601686 -25.374540548)
2014-05-12 07:48:20.000000,-25.374540548,-49.2243601686,POINT (-49.2243601686 -25.374540548)
2014-05-12 07:48:30.000000,-25.374540548,-49.2243601686,POINT (-49.2243601686 -25.374540548)
2014-05-12 07:48:40.000000,-25.374540548,-49.2243601686,POINT (-49.2243601686 -25.374540548)
2014-05-12 07:48:50.000000,-25.374540548,-49.2243601686,POINT (-49.2243601686 -25.374540548)
2014-05-12 07:49:00.000000,-25.374540548,-49.2243601686,POINT (-49.2243601686 -25.374540548)
2014-05-12 07:49:10.000000,-25.374540548,-49.2243601686,POINT (-49.2243601686 -25.374540548)
2014-05-12 07:49:20.000000,-25.374540548,-49.2243601686,POINT (-49.2243601686 -25.374540548)
2014-05-12 07:49:30.000000,-25.374540548,-49.2243601686,POINT (-49.2243601686 -25.374540548)
2014-05-12 07:49:40.000000,-25.374540548,-49.2243601686,POINT (-49.2243601686 -25.374540548)
2014-05-12 07:49:50.000000,-25.374540548,-49.2243601686,POINT (-49.2243601686 -25.374540548)
2014-05-12 07:50:00.000000,-25.374540548,-49.2243601686,POINT (-49.2243601686 -25.374540548)
2014-05-12 07:50:10.000000,-25.374540548,-49.2243601686,POINT (-49.2243601686 -25.374540548)
2014-05-12 07:50:20.000000,-25.374540548,-49.2243601686,POINT (-49.2243601686 -25.374540548)
2014-05-12 07:50:30.000000,-25.374540548,-49.2243601686,POINT (-49.2243601686 -25.374540548)
2014-05-12 07:50:40.000000,-25.374540548,-49.2243601686,POINT (-49.2243601686 -25.374540548)
2014-05-12 07:50:50.000000,-25.374540548,-49.2243601686,POINT (-49.2243601686 -25.374540548)
2014-05-12 07:51:00.000000,-25.374540548,-49.2243601686,POINT (-49.2243601686 -25.374540548)
2014-05-12 07:51:10.000000,-25.374540548,-49.2243601686,POINT (-49.2243601686 -25.374540548)
2014-05-12 07:51:20.000000,-25.374540548,-49.2243601686,POINT (-49.2243601686 -25.374540548)
2014-05-12 07:51:30.000000,-25.374540548,-49.2243601686,POINT (-49.2243601686 -25.374540548)
2014-05-12 07:51:40.000000,-25.374540548,-49.2243601686,POINT (-49.2243601686 -25.374540548)
2014-05-12 07:51:50.000000,-25.374540548,-49.2243601686,POINT (-49.2243601686 -25.374540548)
2014-05-12 07:52:00.000000,-25.374540548,-49.2243601686,POINT (-49.2243601686 -25.374540548)
2014-05-12 07:52:10.000000,-25.374540548,-49.2243601686,POINT (-49.2243601686 -25.374540548)
2014-05-12 07:52:20.000000,-25.374540548,-49.2243601686,POINT (-49.2243601686 -25.374540548)
2014-05-12 07:52:30.000000,-25.374540548,-49.2243601686,POINT (-49.2243601686 -25.374540548)
2014-05-12 07:52:40.000000,-25.374540548,-49.2243601686,POINT (-49.2243601686 -25.374540548)
2014-05-12 07:52:50.000000,-25.374540548,-49.2243601686,POINT (-49.2243601686 -25.374540548)
2014-05-12 07:53:00.000000,-25.374540548,-49.2243601686,POINT (-49.2243601686 -25.374540548)
2014-05-12 07:53:10.000000,-25.374540548,-49.2243601686,POINT (-49.2243601686 -25.374540548)
2014-05-12 07:53:20.000000,-25.374540548,-49.2243601686,POINT (-49.2243601686 -25.374540548)
2014-05-12 07:53:30.000000,-25.374540548,-49.2243601686,POINT (-49.2243601686 -25.374540548)
2014-05-12 07:53:40.000000,-25.374540548,-49.2243601686,POINT (-49.2243601686 -25.374540548)
2014-05-12 07:53:50.000000,-25.374540548,-49.2243601686,POINT (-49.2243601686 -25.374540548)
2014-05-12 07:54:00.000000,-25.374540548,-49.2243601686,POINT (-49.2243601686 -25.374540548)
2014-05-12 07:54:10.000000,-25.374540548,-49.2243601686,POINT (-49.2243601686 -25.374540548)
2014-05-12 07:54:20.000000,-25.374540548,-49.2243601686,POINT (-49.2243601686 -25.374540548)
2014-05-12 07:54:30.000000,-25.374540548,-49.2243601686,POINT (-49.2243601686 -25.374540548)
2014-05-12 07:54:40.000000,-25.374540548,-49.2243601686,POINT (-49.2243601686 -25.374540548)
2014-05-12 07:54:50.000000,-25.374540548,-49.2243601686,POINT (-49.2243601686 -25.374540548)
2014-05-12 07:55:00.000000,-25.374540548,-49.2243601686,POINT (-49.2243601686 -25.374540548)
2014-05-12 07:55:10.000000,-25.374540548,-49.2243601686,POINT (-49.2243601686 -25.374540548)
2014-05-12 07:55:20.000000,-25.374540548,-49.2243601686,POINT (-49.2243601686 -25.374540548)
2014-05-12 07:55:30.000000,-25.374540548,-49.2243601686,POINT (-49.2243601686 -25.374540548)
2014-05-12 07:55:40.000000,-25.374540548,-49.2243601686,POINT (-49.2243601686 -25.374540548)
2014-05-12 07:55:50.000000,-25.374540548,-49.2243601686,POINT (-49.2243601686 -25.374540548)
2014-05-12 07:56:00.000000,-25.374540548,-49.2243601686,POINT (-49.2243601686 -25.374540548)
2014-05-12 07:56:10.000000,-25.374540548,-49.2243601686,POINT (-49.2243601686 -25.374540548)
2014-05-12 07:56:20.000000,-25.374540548,-49.2243601686,POINT (-49.2243601686 -25.374540548)
2014-05-12 07:56:30.000000,-25.374540548,-49.2243601686,POINT (-49.2243601686 -25.374540548)
2014-05-12 07:56:40.000000,-25.374540548,-49.2243601686,POINT (-49.2243601686 -25.374540548)
2014-05-12 07:56:50.000000,-25.374540548,-49.2243601686,POINT (-49.2243601686 -25.374540548)
2014-05-12 07:57:00.000000,-25.374540548,-49.2243601686,POINT (-49.2243601686 -25.374540548)
2014-05-12 07:57:10.000000,-25.374540548,-49.2243601686,POINT (-49.2243601686 -25.374540548)
2014-05-12 07:57:20.000000,-25.374540548,-49.2243601686,POINT (-49.2243601686 -25.374540548)
2014-05-12 07:57:30.000000,-25.374540548,-49.2243601686,POINT (-49.2243601686 -25.374540548)
2014-05-12 07:57:40.000000,-25.374540548,-49.2243601686,POINT (-49.2243601686 -25.374540548)
2014-05-12 07:57:50.000000,-25.374540548,-49.2243601686,POINT (-49.2243601686 -25.374540548)
2014-05-12 07:58:00.000000,-25.374540548,-49.2243601686,POINT (-49.2243601686 -25.374540548)
2014-05-12 07:58:10.000000,-25.374540548,-49.2243601686,POINT (-49.2243601686 -25.374540548)
2014-05-12 07:58:20.000000,-25.374540548,-49.2243601686,POINT (-49.2243601686 -25.374540548)
2014-05-12 07:58:30.000000,-25.374540548,-49.2243601686,POINT (-49.2243601686 -25.374540548)
2014-05-12 07:58:40.000000,-25.374540548,-49.2243601686,POINT (-49.2243601686 -25.374540548)
2014-05-12 07:58:50.000000,-25.374540548,-49.2243601686,POINT (-49.2243601686 -25.374540548)
2014-05-12 07:59:00.000000,-25.374540548,-49.2243601686,POINT (-49.2243601686 -25.374540548)
2014-05-12 07:59:10.000000,-25.374540548,-49.2243601686,POINT (-49.2243601686 -25.374540548)
2014-05-12 07:59:20.000000,-25.374540548,-49.2243601686,POINT (-49.2243601686 -25.374540548)
2014-05-12 07:59:30.000000,-25.374540548,-49.2243601686,POINT (-49.2243601686 -25.374540548)
2014-05-12 07:59:40.000000,-25.374540548,-49.2243601686,POINT (-49.2243601686 -25.374540548)
2014-05-12 07:59:50.000000,-25.374540548,-49.2243601686,POINT (-49.2243601686 -25.374540548)
2014-05-12 08:00:00.000000,-25.374540548,-49.2243601686,POINT (-49.2243601686 -25.374540548)
2014-05-12 08:00:10.000000,-25.374540548,-49.2243601686,POINT (-49.2243601686 -25.374540548)
2014-05-12 08:00:20.000000,-25.374540548,-49.2243601686,POINT (-49.2243601686 -25.374540548)
2014-05-12 08:00:30.000000,-25.374540548,-49.2243601686,POINT (-49.2243601686 -25.374540548)
2014-05-12 08:00:40.000000,-25.374540548,-49.2243601686,POINT (-49.2243601686 -25.374540548)
2014-05-12 08:00:50.000000,-25.374540548,-49.2243601686,POINT (-49.2243601686 -25.374540548)
2014-05-12 08:01:00.000000,-25.374540548,-49.2243601686,POINT (-49.2243601686 -25.374540548)
2014-05-12 08:01:10.000000,-25.374540548,-49.2243601686,POINT (-49.2243601686 -25.374540548)
2014-05-12 08:01:20.000000,-25.374540548,-49.2243601686,POINT (-49.2243601686 -25.374540548)
2014-05-12 08:01:30.000000,-25.374540548,-49.2243601686,POINT (-49.2243601686 -25.374540548)
2014-05-12 08:01:40.000000,-25.374540548,-49.2243601686,POINT (-49.2243601686 -25.374540548)
2014-05-12 08:01:50.000000,-25.374540548,-49.2243601686,POINT (-49.2243601686 -25.374540548)
2014-05-12 08:02:00.000000,-25.374540548,-49.2243601686,POINT (-49.2243601686 -25.374540548)
2014-05-12 08:02:10.000000,-25.374540548,-49.2243601686,POINT (-49.2243601686 -25.374540548)
2014-05-12 08:02:20.000000,-25.374540548,-49.2243601686,POINT (-49.2243601686 -25.374540548)
2014-05-12 08:02:30.000000,-25.374540548,-49.2243601686,POINT (-49.2243601686 -25.374540548)
2014-05-12 08:02:40.000000,-25.374540548,-49.2243601686,POINT (-49.2243601686 -25.374540548)
2014-05-12 08:02:50.000000,-25.374540548,-49.2243601686,POINT (-49.2243601686 -25.374540548)
2014-05-12 08:03:00.000000,-25.374540548,-49.2243601686,POINT (-49.2243601686 -25.374540548)
2014-05-12 08:03:10.000000,-25.374540548,-49.2243601686,POINT (-49.2243601686 -25.374540548)
2014-05-12 08:03:20.000000,-25.374540548,-49.2243601686,POINT (-49.2243601686 -25.374540548)
2014-05-12 08:03:30.000000,-25.374540548,-49.2243601686,POINT (-49.2243601686 -25.374540548)
2014-05-12 08:03:40.000000,-25.374540548,-49.2243601686,POINT (-49.2243601686 -25.374540548)
2014-05-12 08:03:50.000000,-25.374540548,-49.2243601686,POINT (-49.2243601686 -25.374540548)
2014-05-12 08:04:00.000000,-25.374540548,-49.2243601686,POINT (-49.2243601686 -25.374540548)
2014-05-12 08:04:10.000000,-25.374540548,-49.2243601686,POINT (-49.2243601686 -25.374540548)
2014-05-12 08:04:20.000000,-25.374540548,-49.2243601686,POINT (-49.2243601686 -25.374540548)
2014-05-12 08:04:30.000000,-25.374540548,-49.2243601686,POINT (-49.2243601686 -25.374540548)
2014-05-12 08:04:40.000000,-25.374540548,-49.2243601686,POINT (-49.2243601686 -25.374540548)
2014-05-12 08:04:50.000000,-25.374540548,-49.2243601686,POINT (-49.2243601686 -25.374540548)
2014-05-12 08:05:00.000000,-25.374540548,-49.2243601686,POINT (-49.2243601686 -25.374540548)
2014-05-12 08:05:10.000000,-25.374540548,-49.2243601686,POINT (-49.2243601686 -25.374540548)
2014-05-12 08:05:20.000000,-25.374540548,-49.2243601686,POINT (-49.2243601686 -25.374540548)
2014-05-12 08:05:30.000000,-25.374540548,-49.2243601686,POINT (-49.2243601686 -25.374540548)
2014-05-12 08:05:40.000000,-25.374540548,-49.2243601686,POINT (-49.2243601686 -25.374540548)
2014-05-12 08:05:50.000000,-25.374540548,-49.2243601686,POINT (-49.2243601686 -25.374540548)
2014-05-12 08:06:00.000000,-25.374540548,-49.2243601686,POINT (-49.2243601686 -25.374540548)
2014-05-12 08:06:10.000000,-25.374540548,-49.2243601686,POINT (-49.2243601686 -25.374540548)
2014-05-12 08:06:20.000000,-25.374540548,-49.2243601686,POINT (-49.2243601686 -25.374540548)
2014-05-12 08:06:30.000000,-25.374540548,-49.2243601686,POINT (-49.2243601686 -25.374540548)
2014-05-12 08:06:40.000000,-25.374540548,-49.2243601686,POINT (-49.2243601686 -25.374540548)
2014-05-12 08:06:50.000000,-25.374540548,-49.2243601686,POINT (-49.2243601686 -25.374540548)
2014-05-12 08:07:00.000000,-25.374540548,-49.2243601686,POINT (-49.2243601686 -25.374540548)
2014-05-12 08:07:10.000000,-25.374540548,-49.2243601686,POINT (-49.2243601686 -25.374540548)
2014-05-12 08:07:20.000000,-25.374540548,-49.2243601686,POINT (-49.2243601686 -25.374540548)
2014-05-12 08:07:30.000000,-25.374540548,-49.2243601686,POINT (-49.2243601686 -25.374540548)
2014-05-12 08:07:40.000000,-25.374540548,-49.2243601686,POINT (-49.2243601686 -25.374540548)
2014-05-12 08:07:50.000000,-25.374540548,-49.2243601686,POINT (-49.2243601686 -25.374540548)
2014-05-12 08:08:00.000000,-25.374540548,-49.2243601686,POINT (-49.2243601686 -25.374540548)
2014-05-12 08:08:10.000000,-25.374540548,-49.2243601686,POINT (-49.2243601686 -25.374540548)
2014-05-12 08:08:20.000000,-25.374540548,-49.2243601686,POINT (-49.2243601686 -25.374540548)
2014-05-12 08:08:30.000000,-25.374540548,-49.2243601686,POINT (-49.2243601686 -25.374540548)
2014-05-12 08:08:40.000000,-25.374540548,-49.2243601686,POINT (-49.2243601686 -25.374540548)
2014-05-12 08:08:50.000000,-25.374540548,-49.2243601686,POINT (-49.2243601686 -25.374540548)
2014-05-12 08:09:00.000000,-25.374540548,-49.2243601686,POINT (-49.2243601686 -25.374540548)
2014-05-12 08:09:10.000000,-25.374540548,-49.2243601686,POINT (-49.2243601686 -25.374540548)
2014-05-12 08:09:20.000000,-25.374540548,-49.2243601686,POINT (-49.2243601686 -25.374540548)
2014-05-12 08:09:30.000000,-25.374540548,-49.2243601686,POINT (-49.2243601686 -25.374540548)
2014-05-12 08:09:40.000000,-25.374540548,-49.2243601686,POINT (-49.2243601686 -25.374540548)
2014-05-12 08:09:50.000000,-25.374540548,-49.2243601686,POINT (-49.2243601686 -25.374540548)
2014-05-12 08:10:00.000000,-25.374540548,-49.2243601686,POINT (-49.2243601686 -25.374540548)
2014-05-12 08:10:10.000000,-25.374540548,-49.2243601686,POINT (-49.2243601686 -25.374540548)
2014-05-12 08:10:20.000000,-25.374540548,-49.2243601686,POINT (-49.2243601686 -25.374540548)
2014-05-12 08:10:30.000000,-25.374540548,-49.2243601686,POINT (-49.2243601686 -25.374540548)
2014-05-12 08:10:40.000000,-25.374540548,-49.2243601686,POINT (-49.2243601686 -25.374540548)
2014-05-12 08:10:50.000000,-25.374540548,-49.2243601686,POINT (-49.2243601686 -25.374540548)
2014-05-12 08:11:00.000000,-25.374540548,-49.2243601686,POINT (-49.2243601686 -25.374540548)
2014-05-12 08:11:10.000000,-25.374540548,-49.2243601686,POINT (-49.2243601686 -25.374540548)
2014-05-12 08:11:20.000000,-25.374540548,-49.2243601686,POINT (-49.2243601686 -25.374540548)
2014-05-12 08:11:30.000000,-25.374540548,-49.2243601686,POINT (-49.2243601686 -25.374540548)
2014-05-12 08:11:40.000000,-25.374540548,-49.2243601686,POINT (-49.2243601686 -25.374540548)
2014-05-12 08:11:50.000000,-25.374540548,-49.2243601686,POINT (-49.2243601686 -25.374540548)
2014-05-12 08:12:00.000000,-25.374540548,-49.2243601686,POINT (-49.2243601686 -25.374540548)
2014-05-12 08:12:10.000000,-25.374540548,-49.2243601686,POINT (-49.2243601686 -25.374540548)
2014-05-12 08:12:20.000000,-25.374540548,-49.2243601686,POINT (-49.2243601686 -25.374540548)
2014-05-12 08:12:30.000000,-25.374540548,-49.2243601686,POINT (-49.2243601686 -25.374540548)
2014-05-12 08:12:40.000000,-25.374540548,-49.2243601686,POINT (-49.2243601686 -25.374540548)
2014-05-12 08:12:50.000000,-25.374540548,-49.2243601686,POINT (-49.2243601686 -25.374540548)
2014-05-12 08:13:00.000000,-25.374540548,-49.2243601686,POINT (-49.2243601686 -25.374540548)
2014-05-12 08:13:10.000000,-25.374540548,-49.2243601686,POINT (-49.2243601686 -25.374540548)
2014-05-12 08:13:20.000000,-25.374540548,-49.2243601686,POINT (-49.2243601686 -25.374540548)
2014-05-12 08:13:30.000000,-25.374540548,-49.2243601686,POINT (-49.2243601686 -25.374540548)
2014-05-12 08:13:40.000000,-25.374540548,-49.2243601686,POINT (-49.2243601686 -25.374540548)
2014-05-12 08:13:50.000000,-25.374540548,-49.2243601686,POINT (-49.2243601686 -25.374540548)
2014-05-12 08:14:00.000000,-25.374540548,-49.2243601686,POINT (-49.2243601686 -25.374540548)
2014-05-12 08:14:10.000000,-25.374540548,-49.2243601686,POINT (-49.2243601686 -25.374540548)
2014-05-12 08:14:20.000000,-25.374540548,-49.2243601686,POINT (-49.2243601686 -25.374540548)
2014-05-12 08:14:30.000000,-25.374540548,-49.2243601686,POINT (-49.2243601686 -25.374540548)
2014-05-12 08:14:40.000000,-25.374540548,-49.2243601686,POINT (-49.2243601686 -25.374540548)
2014-05-12 08:14:50.000000,-25.374540548,-49.2243601686,POINT (-49.2243601686 -25.374540548)
2014-05-12 08:15:00.000000,-25.374540548,-49.2243601686,POINT (-49.2243601686 -25.374540548)
2014-05-12 08:15:10.000000,-25.374540548,-49.2243601686,POINT (-49.2243601686 -25.374540548)
2014-05-12 08:15:20.000000,-25.374540548,-49.2243601686,POINT (-49.2243601686 -25.374540548)
2014-05-12 08:15:30.000000,-25.374540548,-49.2243601686,POINT (-49.2243601686 -25.374540548)
2014-05-12 08:15:40.000000,-25.374540548,-49.2243601686,POINT (-49.2243601686 -25.374540548)
2014-05-12 08:15:50.000000,-25.374540548,-49.2243601686,POINT (-49.2243601686 -25.374540548)
2014-05-12 08:16:00.000000,-25.374540548,-49.2243601686,POINT (-49.2243601686 -25.374540548)
2014-05-12 08:16:10.000000,-25.374540548,-49.2243601686,POINT (-49.2243601686 -25.374540548)
2014-05-12 08:16:20.000000,-25.374540548,-49.2243601686,POINT (-49.2243601686 -25.374540548)
2014-05-12 08:16:30.000000,-25.374540548,-49.2243601686,POINT (-49.2243601686 -25.374540548)
2014-05-12 08:16:40.000000,-25.374540548,-49.2243601686,POINT (-49.2243601686 -25.374540548)
2014-05-12 08:16:50.000000,-25.374540548,-49.2243601686,POINT (-49.2243601686 -25.374540548)
2014-05-12 08:17:00.000000,-25.374540548,-49.2243601686,POINT (-49.2243601686 -25.374540548)
2014-05-12 08:17:10.000000,-25.374540548,-49.2243601686,POINT (-49.2243601686 -25.374540548)
2014-05-12 08:17:20.000000,-25.374540548,-49.2243601686,POINT (-49.2243601686 -25.374540548)
2014-05-12 08:17:30.000000,-25.374540548,-49.2243601686,POINT (-49.2243601686 -25.374540548)
2014-05-12 08:17:40.000000,-25.374540548,-49.2243601686,POINT (-49.2243601686 -25.374540548)
2014-05-12 08:17:50.000000,-25.374540548,-49.2243601686,POINT (-49.2243601686 -25.374540548)
2014-05-12 08:18:00.000000,-25.374540548,-49.2243601686,POINT (-49.2243601686 -25.374540548)
2014-05-12 08:18:10.000000,-25.374540548,-49.2243601686,POINT (-49.2243601686 -25.374540548)
2014-05-12 08:18:20.000000,-25.374540548,-49.2243601686,POINT (-49.2243601686 -25.374540548)
2014-05-12 08:18:30.000000,-25.374540548,-49.2243601686,POINT (-49.2243601686 -25.374540548)
2014-05-12 08:18:40.000000,-25.374540548,-49.2243601686,POINT (-49.2243601686 -25.374540548)
2014-05-12 08:18:50.000000,-25.374540548,-49.2243601686,POINT (-49.2243601686 -25.374540548)
2014-05-12 08:19:00.000000,-25.374540548,-49.2243601686,POINT (-49.2243601686 -25.374540548)
2014-05-12 08:19:10.000000,-25.374540548,-49.2243601686,POINT (-49.2243601686 -25.374540548)
2014-05-12 08:19:20.000000,-25.374540548,-49.2243601686,POINT (-49.2243601686 -25.374540548)
2014-05-12 08:19:30.000000,-25.374540548,-49.2243601686,POINT (-49.2243601686 -25.374540548)
2014-05-12 08:19:40.000000,-25.374540548,-49.2243601686,POINT (-49.2243601686 -25.374540548)
2014-05-12 08:19:50.000000,-25.374540548,-49.2243601686,POINT (-49.2243601686 -25.374540548)
2014-05-12 08:20:00.000000,-25.374540548,-49.2243601686,POINT (-49.2243601686 -25.374540548)
2014-05-12 08:20:10.000000,-25.374540548,-49.2243601686,POINT (-49.2243601686 -25.374540548)
2014-05-12 08:20:20.000000,-25.374540548,-49.2243601686,POINT (-49.2243601686 -25.374540548)
2014-05-12 08:20:30.000000,-25.374540548,-49.2243601686,POINT (-49.2243601686 -25.374540548)
2014-05-12 08:20:40.000000,-25.374540548,-49.2243601686,POINT (-49.2243601686 -25.374540548)
2014-05-12 08:20:50.000000,-25.374540548,-49.2243601686,POINT (-49.2243601686 -25.374540548)
2014-05-12 08:21:00.000000,-25.374540548,-49.2243601686,POINT (-49.2243601686 -25.374540548)
2014-05-12 08:21:10.000000,-25.374540548,-49.2243601686,POINT (-49.2243601686 -25.374540548)
2014-05-12 08:21:20.000000,-25.374540548,-49.2243601686,POINT (-49.2243601686 -25.374540548)
2014-05-12 08:21:30.000000,-25.374540548,-49.2243601686,POINT (-49.2243601686 -25.374540548)
2014-05-12 08:21:40.000000,-25.374540548,-49.2243601686,POINT (-49.2243601686 -25.374540548)
2014-05-12 08:21:50.000000,-25.374540548,-49.2243601686,POINT (-49.2243601686 -25.374540548)
2014-05-12 08:22:00.000000,-25.374540548,-49.2243601686,POINT (-49.2243601686 -25.374540548)
2014-05-12 08:22:10.000000,-25.374540548,-49.2243601686,POINT (-49.2243601686 -25.374540548)
2014-05-12 08:22:20.000000,-25.374540548,-49.2243601686,POINT (-49.2243601686 -25.374540548)
2014-05-12 08:22:30.000000,-25.374540548,-49.2243601686,POINT (-49.2243601686 -25.374540548)
2014-05-12 08:22:40.000000,-25.374540548,-49.2243601686,POINT (-49.2243601686 -25.374540548)
2014-05-12 08:22:50.000000,-25.374540548,-49.2243601686,POINT (-49.2243601686 -25.374540548)
2014-05-12 08:23:00.000000,-25.374540548,-49.2243601686,POINT (-49.2243601686 -25.374540548)
2014-05-12 08:23:10.000000,-25.374540548,-49.2243601686,POINT (-49.2243601686 -25.374540548)
2014-05-12 08:23:20.000000,-25.374540548,-49.2243601686,POINT (-49.2243601686 -25.374540548)
2014-05-12 08:23:30.000000,-25.374540548,-49.2243601686,POINT (-49.2243601686 -25.374540548)
2014-05-12 08:23:40.000000,-25.374540548,-49.2243601686,POINT (-49.2243601686 -25.374540548)
2014-05-12 08:23:50.000000,-25.374540548,-49.2243601686,POINT (-49.2243601686 -25.374540548)
2014-05-12 08:24:00.000000,-25.374540548,-49.2243601686,POINT (-49.2243601686 -25.374540548)
2014-05-12 08:24:10.000000,-25.374540548,-49.2243601686,POINT (-49.2243601686 -25.374540548)
2014-05-12 08:24:20.000000,-25.374540548,-49.2243601686,POINT (-49.2243601686 -25.374540548)
2014-05-12 08:24:30.000000,-25.374540548,-49.2243601686,POINT (-49.2243601686 -25.374540548)
2014-05-12 08:24:40.000000,-25.374540548,-49.2243601686,POINT (-49.2243601686 -25.374540548)
2014-05-12 08:24:50.000000,-25.374540548,-49.2243601686,POINT (-49.2243601686 -25.374540548)
2014-05-12 08:25:00.000000,-25.374540548,-49.2243601686,POINT (-49.2243601686 -25.374540548)
2014-05-12 08:25:10.000000,-25.374540548,-49.2243601686,POINT (-49.2243601686 -25.374540548)
2014-05-12 08:25:20.000000,-25.374540548,-49.2243601686,POINT (-49.2243601686 -25.374540548)
2014-05-12 08:25:30.000000,-25.374540548,-49.2243601686,POINT (-49.2243601686 -25.374540548)
2014-05-12 08:25:40.000000,-25.374540548,-49.2243601686,POINT (-49.2243601686 -25.374540548)
2014-05-12 08:25:50.000000,-25.374540548,-49.2243601686,POINT (-49.2243601686 -25.374540548)
2014-05-12 08:26:00.000000,-25.374540548,-49.2243601686,POINT (-49.2243601686 -25.374540548)
2014-05-12 08:26:10.000000,-25.374540548,-49.2243601686,POINT (-49.2243601686 -25.374540548)
2014-05-12 08:26:20.000000,-25.374540548,-49.2243601686,POINT (-49.2243601686 -25.374540548)
2014-05-12 08:26:30.000000,-25.374540548,-49.2243601686,POINT (-49.2243601686 -25.374540548)
2014-05-12 08:26:40.000000,-25.374540548,-49.2243601686,POINT (-49.2243601686 -25.374540548)
2014-05-12 08:26:50.000000,-25.374540548,-49.2243601686,POINT (-49.2243601686 -25.374540548)
2014-05-12 08:27:00.000000,-25.374540548,-49.2243601686,POINT (-49.2243601686 -25.374540548)
2014-05-12 08:27:10.000000,-25.374540548,-49.2243601686,POINT (-49.2243601686 -25.374540548)
2014-05-12 08:27:20.000000,-25.374540548,-49.2243601686,POINT (-49.2243601686 -25.374540548)
2014-05-12 08:27:30.000000,-25.374540548,-49.2243601686,POINT (-49.2243601686 -25.374540548)
2014-05-12 08:27:40.000000,-25.374540548,-49.2243601686,POINT (-49.2243601686 -25.374540548)
2014-05-12 08:27:50.000000,-25.374540548,-49.2243601686,POINT (-49.2243601686 -25.374540548)
2014-05-12 08:28:00.000000,-25.374540548,-49.2243601686,POINT (-49.2243601686 -25.374540548)
2014-05-12 08:28:10.000000,-25.374540548,-49.2243601686,POINT (-49.2243601686 -25.374540548)
2014-05-12 08:28:20.000000,-25.374540548,-49.2243601686,POINT (-49.2243601686 -25.374540548)
2014-05-12 08:28:30.000000,-25.374540548,-49.2243601686,POINT (-49.2243601686 -25.374540548)
2014-05-12 08:28:40.000000,-25.374540548,-49.2243601686,POINT (-49.2243601686 -25.374540548)
2014-05-12 08:28:50.000000,-25.374540548,-49.2243601686,POINT (-49.2243601686 -25.374540548)
2014-05-12 08:29:00.000000,-25.374540548,-49.2243601686,POINT (-49.2243601686 -25.374540548)
2014-05-12 08:29:10.000000,-25.374540548,-49.2243601686,POINT (-49.2243601686 -25.374540548)
2014-05-12 08:29:20.000000,-25.374540548,-49.2243601686,POINT (-49.2243601686 -25.374540548)
2014-05-12 08:29:30.000000,-25.374540548,-49.2243601686,POINT (-49.2243601686 -25.374540548)
2014-05-12 08:29:40.000000,-25.374540548,-49.2243601686,POINT (-49.2243601686 -25.374540548)
2014-05-12 08:29:50.000000,-25.374540548,-49.2243601686,POINT (-49.2243601686 -25.374540548)
2014-05-12 08:30:00.000000,-25.374540548,-49.2243601686,POINT (-49.2243601686 -25.374540548)
2014-05-12 08:30:10.000000,-25.374540548,-49.2243601686,POINT (-49.2243601686 -25.374540548)
2014-05-12 08:30:20.000000,-25.374540548,-49.2243601686,POINT (-49.2243601686 -25.374540548)
2014-05-12 08:30:30.000000,-25.374540548,-49.2243601686,POINT (-49.2243601686 -25.374540548)
2014-05-12 08:30:40.000000,-25.374540548,-49.2243601686,POINT (-49.2243601686 -25.374540548)
2014-05-12 08:30:50.000000,-25.374540548,-49.2243601686,POINT (-49.2243601686 -25.374540548)
2014-05-12 08:31:00.000000,-25.374540548,-49.2243601686,POINT (-49.2243601686 -25.374540548)
2014-05-12 08:31:10.000000,-25.374540548,-49.2243601686,POINT (-49.2243601686 -25.374540548)
2014-05-12 08:31:20.000000,-25.374540548,-49.2243601686,POINT (-49.2243601686 -25.374540548)
2014-05-12 08:31:30.000000,-25.374540548,-49.2243601686,POINT (-49.2243601686 -25.374540548)
2014-05-12 08:31:40.000000,-25.374540548,-49.2243601686,POINT (-49.2243601686 -25.374540548)
2014-05-12 08:31:50.000000,-25.374540548,-49.2243601686,POINT (-49.2243601686 -25.374540548)
2014-05-12 08:32:00.000000,-25.374540548,-49.2243601686,POINT (-49.2243601686 -25.374540548)
2014-05-12 08:32:10.000000,-25.374540548,-49.2243601686,POINT (-49.2243601686 -25.374540548)
2014-05-12 08:32:20.000000,-25.374540548,-49.2243601686,POINT (-49.2243601686 -25.374540548)
2014-05-12 08:32:30.000000,-25.374540548,-49.2243601686,POINT (-49.2243601686 -25.374540548)
2014-05-12 08:32:40.000000,-25.374540548,-49.2243601686,POINT (-49.2243601686 -25.374540548)
2014-05-12 08:32:50.000000,-25.374540548,-49.2243601686,POINT (-49.2243601686 -25.374540548)
2014-05-12 08:33:00.000000,-25.374540548,-49.2243601686,POINT (-49.2243601686 -25.374540548)
2014-05-12 08:33:10.000000,-25.374540548,-49.2243601686,POINT (-49.2243601686 -25.374540548)
2014-05-12 08:33:20.000000,-25.374540548,-49.2243601686,POINT (-49.2243601686 -25.374540548)
2014-05-12 08:33:30.000000,-25.374540548,-49.2243601686,POINT (-49.2243601686 -25.374540548)
2014-05-12 08:33:40.000000,-25.374540548,-49.2243601686,POINT (-49.2243601686 -25.374540548)
2014-05-12 08:33:50.000000,-25.374540548,-49.2243601686,POINT (-49.2243601686 -25.374540548)
2014-05-12 08:34:00.000000,-25.374540548,-49.2243601686,POINT (-49.2243601686 -25.374540548)
2014-05-12 08:34:10.000000,-25.374540548,-49.2243601686,POINT (-49.2243601686 -25.374540548)
2014-05-12 08:34:20.000000,-25.374540548,-49.2243601686,POINT (-49.2243601686 -25.374540548)
2014-05-12 08:34:30.000000,-25.374540548,-49.2243601686,POINT (-49.2243601686 -25.374540548)
2014-05-12 08:34:40.000000,-25.374540548,-49.2243601686,POINT (-49.2243601686 -25.374540548)
2014-05-12 08:34:50.000000,-25.374540548,-49.2243601686,POINT (-49.2243601686 -25.374540548)
2014-05-12 08:35:00.000000,-25.374540548,-49.2243601686,POINT (-49.2243601686 -25.374540548)
2014-05-12 08:35:10.000000,-25.374540548,-49.2243601686,POINT (-49.2243601686 -25.374540548)
2014-05-12 08:35:20.000000,-25.374540548,-49.2243601686,POINT (-49.2243601686 -25.374540548)
2014-05-12 08:35:30.000000,-25.374540548,-49.2243601686,POINT (-49.2243601686 -25.374540548)
2014-05-12 08:35:40.000000,-25.374540548,-49.2243601686,POINT (-49.2243601686 -25.374540548)
2014-05-12 08:35:50.000000,-25.374540548,-49.2243601686,POINT (-49.2243601686 -25.374540548)
2014-05-12 08:36:00.000000,-25.374540548,-49.2243601686,POINT (-49.2243601686 -25.374540548)
2014-05-12 08:36:10.000000,-25.374540548,-49.2243601686,POINT (-49.2243601686 -25.374540548)
2014-05-12 08:36:20.000000,-25.374540548,-49.2243601686,POINT (-49.2243601686 -25.374540548)
2014-05-12 08:36:30.000000,-25.374540548,-49.2243601686,POINT (-49.2243601686 -25.374540548)
2014-05-12 08:36:40.000000,-25.374540548,-49.2243601686,POINT (-49.2243601686 -25.374540548)
2014-05-12 08:36:50.000000,-25.374540548,-49.2243601686,POINT (-49.2243601686 -25.374540548)
2014-05-12 08:37:00.000000,-25.374540548,-49.2243601686,POINT (-49.2243601686 -25.374540548)
2014-05-12 08:37:10.000000,-25.374540548,-49.2243601686,POINT (-49.2243601686 -25.374540548)
2014-05-12 08:37:20.000000,-25.374540548,-49.2243601686,POINT (-49.2243601686 -25.374540548)
2014-05-12 08:37:30.000000,-25.374540548,-49.2243601686,POINT (-49.2243601686 -25.374540548)
2014-05-12 08:37:40.000000,-25.374540548,-49.2243601686,POINT (-49.2243601686 -25.374540548)
2014-05-12 08:37:50.000000,-25.374540548,-49.2243601686,POINT (-49.2243601686 -25.374540548)
2014-05-12 08:38:00.000000,-25.374540548,-49.2243601686,POINT (-49.2243601686 -25.374540548)
2014-05-12 08:38:10.000000,-25.374540548,-49.2243601686,POINT (-49.2243601686 -25.374540548)
2014-05-12 08:38:20.000000,-25.374540548,-49.2243601686,POINT (-49.2243601686 -25.374540548)
2014-05-12 08:38:30.000000,-25.374540548,-49.2243601686,POINT (-49.2243601686 -25.374540548)
2014-05-12 08:38:40.000000,-25.374540548,-49.2243601686,POINT (-49.2243601686 -25.374540548)
2014-05-12 08:38:50.000000,-25.374540548,-49.2243601686,POINT (-49.2243601686 -25.374540548)
2014-05-12 08:39:00.000000,-25.374540548,-49.2243601686,POINT (-49.2243601686 -25.374540548)
2014-05-12 08:39:10.000000,-25.374540548,-49.2243601686,POINT (-49.2243601686 -25.374540548)
2014-05-12 08:39:20.000000,-25.374540548,-49.2243601686,POINT (-49.2243601686 -25.374540548)
2014-05-12 08:39:30.000000,-25.374540548,-49.2243601686,POINT (-49.2243601686 -25.374540548)
2014-05-12 08:39:40.000000,-25.374540548,-49.2243601686,POINT (-49.2243601686 -25.374540548)
2014-05-12 08:39:50.000000,-25.374540548,-49.2243601686,POINT (-49.2243601686 -25.374540548)
2014-05-12 08:40:00.000000,-25.374540548,-49.2243601686,POINT (-49.2243601686 -25.374540548)
2014-05-12 08:40:10.000000,-25.374540548,-49.2243601686,POINT (-49.2243601686 -25.374540548)
2014-05-12 08:40:20.000000,-25.374540548,-49.2243601686,POINT (-49.2243601686 -25.374540548)
2014-05-12 08:40:30.000000,-25.374540548,-49.2243601686,POINT (-49.2243601686 -25.374540548)
2014-05-12 08:40:40.000000,-25.374540548,-49.2243601686,POINT (-49.2243601686 -25.374540548)
2014-05-12 08:40:50.000000,-25.374540548,-49.2243601686,POINT (-49.2243601686 -25.374540548)
2014-05-12 08:41:00.000000,-25.374540548,-49.2243601686,POINT (-49.2243601686 -25.374540548)
2014-05-12 08:41:10.000000,-25.374540548,-49.2243601686,POINT (-49.2243601686 -25.374540548)
2014-05-12 08:41:20.000000,-25.374540548,-49.2243601686,POINT (-49.2243601686 -25.374540548)
2014-05-12 08:41:30.000000,-25.374540548,-49.2243601686,POINT (-49.2243601686 -25.374540548)
2014-05-12 08:41:40.000000,-25.374540548,-49.2243601686,POINT (-49.2243601686 -25.374540548)
2014-05-12 08:41:50.000000,-25.374540548,-49.2243601686,POINT (-49.2243601686 -25.374540548)
2014-05-12 08:42:00.000000,-25.374540548,-49.2243601686,POINT (-49.2243601686 -25.374540548)
2014-05-12 08:42:10.000000,-25.374540548,-49.2243601686,POINT (-49.2243601686 -25.374540548)
2014-05-12 08:42:20.000000,-25.374540548,-49.2243601686,POINT (-49.2243601686 -25.374540548)
2014-05-12 08:42:30.000000,-25.374540548,-49.2243601686,POINT (-49.2243601686 -25.374540548)
2014-05-12 08:42:40.000000,-25.374540548,-49.2243601686,POINT (-49.2243601686 -25.374540548)
2014-05-12 08:42:50.000000,-25.374540548,-49.2243601686,POINT (-49.2243601686 -25.374540548)
2014-05-12 08:43:00.000000,-25.374540548,-49.2243601686,POINT (-49.2243601686 -25.374540548)
2014-05-12 08:43:10.000000,-25.374540548,-49.2243601686,POINT (-49.2243601686 -25.374540548)
2014-05-12 08:43:20.000000,-25.374540548,-49.2243601686,POINT (-49.2243601686 -25.374540548)
2014-05-12 08:43:30.000000,-25.374540548,-49.2243601686,POINT (-49.2243601686 -25.374540548)
2014-05-12 08:43:40.000000,-25.374540548,-49.2243601686,POINT (-49.2243601686 -25.374540548)
2014-05-12 08:43:50.000000,-25.374540548,-49.2243601686,POINT (-49.2243601686 -25.374540548)
2014-05-12 08:44:00.000000,-25.374540548,-49.2243601686,POINT (-49.2243601686 -25.374540548)
2014-05-12 08:44:10.000000,-25.374540548,-49.2243601686,POINT (-49.2243601686 -25.374540548)
2014-05-12 08:44:20.000000,-25.374540548,-49.2243601686,POINT (-49.2243601686 -25.374540548)
2014-05-12 08:44:30.000000,-25.374540548,-49.2243601686,POINT (-49.2243601686 -25.374540548)
2014-05-12 08:44:40.000000,-25.374540548,-49.2243601686,POINT (-49.2243601686 -25.374540548)
2014-05-12 08:44:50.000000,-25.374540548,-49.2243601686,POINT (-49.2243601686 -25.374540548)
2014-05-12 08:45:00.000000,-25.374540548,-49.2243601686,POINT (-49.2243601686 -25.374540548)
2014-05-12 08:45:10.000000,-25.374540548,-49.2243601686,POINT (-49.2243601686 -25.374540548)
2014-05-12 08:45:20.000000,-25.374540548,-49.2243601686,POINT (-49.2243601686 -25.374540548)
2014-05-12 08:45:30.000000,-25.374540548,-49.2243601686,POINT (-49.2243601686 -25.374540548)
2014-05-12 08:45:40.000000,-25.374540548,-49.2243601686,POINT (-49.2243601686 -25.374540548)
2014-05-12 08:45:50.000000,-25.374540548,-49.2243601686,POINT (-49.2243601686 -25.374540548)
2014-05-12 08:46:00.000000,-25.374540548,-49.2243601686,POINT (-49.2243601686 -25.374540548)
2014-05-12 08:46:10.000000,-25.374540548,-49.2243601686,POINT (-49.2243601686 -25.374540548)
2014-05-12 08:46:20.000000,-25.374540548,-49.2243601686,POINT (-49.2243601686 -25.374540548)
2014-05-12 08:46:30.000000,-25.374540548,-49.2243601686,POINT (-49.2243601686 -25.374540548)
2014-05-12 08:46:40.000000,-25.374540548,-49.2243601686,POINT (-49.2243601686 -25.374540548)
2014-05-12 08:46:50.000000,-25.374540548,-49.2243601686,POINT (-49.2243601686 -25.374540548)
2014-05-12 08:47:00.000000,-25.374540548,-49.2243601686,POINT (-49.2243601686 -25.374540548)
2014-05-12 08:47:10.000000,-25.374540548,-49.2243601686,POINT (-49.2243601686 -25.374540548)
2014-05-12 08:47:20.000000,-25.374540548,-49.2243601686,POINT (-49.2243601686 -25.374540548)
2014-05-12 08:47:30.000000,-25.374540548,-49.2243601686,POINT (-49.2243601686 -25.374540548)
2014-05-12 08:47:40.000000,-25.374540548,-49.2243601686,POINT (-49.2243601686 -25.374540548)
2014-05-12 08:47:50.000000,-25.374540548,-49.2243601686,POINT (-49.2243601686 -25.374540548)
2014-05-12 08:48:00.000000,-25.374540548,-49.2243601686,POINT (-49.2243601686 -25.374540548)
2014-05-12 08:48:10.000000,-25.374540548,-49.2243601686,POINT (-49.2243601686 -25.374540548)
2014-05-12 08:48:20.000000,-25.374540548,-49.2243601686,POINT (-49.2243601686 -25.374540548)
2014-05-12 08:48:30.000000,-25.374540548,-49.2243601686,POINT (-49.2243601686 -25.374540548)
2014-05-12 08:48:40.000000,-25.374540548,-49.2243601686,POINT (-49.2243601686 -25.374540548)
2014-05-12 08:48:50.000000,-25.374540548,-49.2243601686,POINT (-49.2243601686 -25.374540548)
2014-05-12 08:49:00.000000,-25.374540548,-49.2243601686,POINT (-49.2243601686 -25.374540548)
2014-05-12 08:49:10.000000,-25.374540548,-49.2243601686,POINT (-49.2243601686 -25.374540548)
2014-05-12 08:49:20.000000,-25.374540548,-49.2243601686,POINT (-49.2243601686 -25.374540548)
2014-05-12 08:49:30.000000,-25.374540548,-49.2243601686,POINT (-49.2243601686 -25.374540548)
2014-05-12 08:49:40.000000,-25.374540548,-49.2243601686,POINT (-49.2243601686 -25.374540548)
2014-05-12 08:49:50.000000,-25.374540548,-49.2243601686,POINT (-49.2243601686 -25.374540548)
2014-05-12 08:50:00.000000,-25.374540548,-49.2243601686,POINT (-49.2243601686 -25.374540548)
2014-05-12 08:50:10.000000,-25.374540548,-49.2243601686,POINT (-49.2243601686 -25.374540548)
2014-05-12 08:50:20.000000,-25.374540548,-49.2243601686,POINT (-49.2243601686 -25.374540548)
2014-05-12 08:50:30.000000,-25.374540548,-49.2243601686,POINT (-49.2243601686 -25.374540548)
2014-05-12 08:50:40.000000,-25.374540548,-49.2243601686,POINT (-49.2243601686 -25.374540548)
2014-05-12 08:50:50.000000,-25.374540548,-49.2243601686,POINT (-49.2243601686 -25.374540548)
2014-05-12 08:51:00.000000,-25.374540548,-49.2243601686,POINT (-49.2243601686 -25.374540548)
2014-05-12 08:51:10.000000,-25.374540548,-49.2243601686,POINT (-49.2243601686 -25.374540548)
2014-05-12 08:51:20.000000,-25.374540548,-49.2243601686,POINT (-49.2243601686 -25.374540548)
2014-05-12 08:51:30.000000,-25.374540548,-49.2243601686,POINT (-49.2243601686 -25.374540548)
2014-05-12 08:51:40.000000,-25.374540548,-49.2243601686,POINT (-49.2243601686 -25.374540548)
2014-05-12 08:51:50.000000,-25.374540548,-49.2243601686,POINT (-49.2243601686 -25.374540548)
2014-05-12 08:52:00.000000,-25.374540548,-49.2243601686,POINT (-49.2243601686 -25.374540548)
2014-05-12 08:52:10.000000,-25.374540548,-49.2243601686,POINT (-49.2243601686 -25.374540548)
2014-05-12 08:52:20.000000,-25.374540548,-49.2243601686,POINT (-49.2243601686 -25.374540548)
2014-05-12 08:52:30.000000,-25.374540548,-49.2243601686,POINT (-49.2243601686 -25.374540548)
2014-05-12 08:52:40.000000,-25.374540548,-49.2243601686,POINT (-49.2243601686 -25.374540548)
2014-05-12 08:52:50.000000,-25.374540548,-49.2243601686,POINT (-49.2243601686 -25.374540548)
2014-05-12 08:53:00.000000,-25.374540548,-49.2243601686,POINT (-49.2243601686 -25.374540548)
2014-05-12 08:53:10.000000,-25.374540548,-49.2243601686,POINT (-49.2243601686 -25.374540548)
2014-05-12 08:53:20.000000,-25.374540548,-49.2243601686,POINT (-49.2243601686 -25.374540548)
2014-05-12 08:53:30.000000,-25.374540548,-49.2243601686,POINT (-49.2243601686 -25.374540548)
2014-05-12 08:53:40.000000,-25.374540548,-49.2243601686,POINT (-49.2243601686 -25.374540548)
2014-05-12 08:53:50.000000,-25.374540548,-49.2243601686,POINT (-49.2243601686 -25.374540548)
2014-05-12 08:54:00.000000,-25.374540548,-49.2243601686,POINT (-49.2243601686 -25.374540548)
2014-05-12 08:54:10.000000,-25.374540548,-49.2243601686,POINT (-49.2243601686 -25.374540548)
2014-05-12 08:54:20.000000,-25.374540548,-49.2243601686,POINT (-49.2243601686 -25.374540548)
2014-05-12 08:54:30.000000,-25.374540548,-49.2243601686,POINT (-49.2243601686 -25.374540548)
2014-05-12 08:54:40.000000,-25.374540548,-49.2243601686,POINT (-49.2243601686 -25.374540548)
2014-05-12 08:54:50.000000,-25.374540548,-49.2243601686,POINT (-49.2243601686 -25.374540548)
2014-05-12 08:55:00.000000,-25.374540548,-49.2243601686,POINT (-49.2243601686 -25.374540548)
2014-05-12 08:55:10.000000,-25.374540548,-49.2243601686,POINT (-49.2243601686 -25.374540548)
2014-05-12 08:55:20.000000,-25.374540548,-49.2243601686,POINT (-49.2243601686 -25.374540548)
2014-05-12 08:55:30.000000,-25.374540548,-49.2243601686,POINT (-49.2243601686 -25.374540548)
2014-05-12 08:55:40.000000,-25.374540548,-49.2243601686,POINT (-49.2243601686 -25.374540548)
2014-05-12 08:55:50.000000,-25.374540548,-49.2243601686,POINT (-49.2243601686 -25.374540548)
2014-05-12 08:56:00.000000,-25.374540548,-49.2243601686,POINT (-49.2243601686 -25.374540548)
2014-05-12 08:56:10.000000,-25.374540548,-49.2243601686,POINT (-49.2243601686 -25.374540548)
2014-05-12 08:56:20.000000,-25.374540548,-49.2243601686,POINT (-49.2243601686 -25.374540548)
2014-05-12 08:56:30.000000,-25.374540548,-49.2243601686,POINT (-49.2243601686 -25.374540548)
2014-05-12 08:56:40.000000,-25.374540548,-49.2243601686,POINT (-49.2243601686 -25.374540548)
2014-05-12 08:56:50.000000,-25.374540548,-49.2243601686,POINT (-49.2243601686 -25.374540548)
2014-05-12 08:57:00.000000,-25.374540548,-49.2243601686,POINT (-49.2243601686 -25.374540548)
2014-05-12 08:57:10.000000,-25.374540548,-49.2243601686,POINT (-49.2243601686 -25.374540548)
2014-05-12 08:57:20.000000,-25.374540548,-49.2243601686,POINT (-49.2243601686 -25.374540548)
2014-05-12 08:57:30.000000,-25.374540548,-49.2243601686,POINT (-49.2243601686 -25.374540548)
2014-05-12 08:57:40.000000,-25.374540548,-49.2243601686,POINT (-49.2243601686 -25.374540548)
2014-05-12 08:57:50.000000,-25.374540548,-49.2243601686,POINT (-49.2243601686 -25.374540548)
2014-05-12 08:58:00.000000,-25.374540548,-49.2243601686,POINT (-49.2243601686 -25.374540548)
2014-05-12 08:58:10.000000,-25.374540548,-49.2243601686,POINT (-49.2243601686 -25.374540548)
2014-05-12 08:58:20.000000,-25.374540548,-49.2243601686,POINT (-49.2243601686 -25.374540548)
2014-05-12 08:58:30.000000,-25.374540548,-49.2243601686,POINT (-49.2243601686 -25.374540548)
2014-05-12 08:58:40.000000,-25.374540548,-49.2243601686,POINT (-49.2243601686 -25.374540548)
2014-05-12 08:58:50.000000,-25.374540548,-49.2243601686,POINT (-49.2243601686 -25.374540548)
2014-05-12 08:59:00.000000,-25.374540548,-49.2243601686,POINT (-49.2243601686 -25.374540548)
2014-05-12 08:59:10.000000,-25.374540548,-49.2243601686,POINT (-49.2243601686 -25.374540548)
2014-05-12 08:59:20.000000,-25.374540548,-49.2243601686,POINT (-49.2243601686 -25.374540548)
2014-05-12 08:59:30.000000,-25.374540548,-49.2243601686,POINT (-49.2243601686 -25.374540548)
2014-05-12 08:59:40.000000,-25.374540548,-49.2243601686,POINT (-49.2243601686 -25.374540548)
2014-05-12 08:59:50.000000,-25.374540548,-49.2243601686,POINT (-49.2243601686 -25.374540548)
2014-05-12 09:00:00.000000,-25.374540548,-49.2243601686,POINT (-49.2243601686 -25.374540548)
2014-05-12 09:00:10.000000,-25.374540548,-49.2243601686,POINT (-49.2243601686 -25.374540548)
2014-05-12 09:00:20.000000,-25.374540548,-49.2243601686,POINT (-49.2243601686 -25.374540548)
2014-05-12 09:00:30.000000,-25.374540548,-49.2243601686,POINT (-49.2243601686 -25.374540548)
2014-05-12 09:00:40.000000,-25.374540548,-49.2243601686,POINT (-49.2243601686 -25.374540548)
2014-05-12 09:00:50.000000,-25.374540548,-49.2243601686,POINT (-49.2243601686 -25.374540548)
2014-05-12 09:01:00.000000,-25.374540548,-49.2243601686,POINT (-49.2243601686 -25.374540548)
2014-05-12 09:01:10.000000,-25.374540548,-49.2243601686,POINT (-49.2243601686 -25.374540548)
2014-05-12 09:01:20.000000,-25.374540548,-49.2243601686,POINT (-49.2243601686 -25.374540548)
2014-05-12 09:01:30.000000,-25.374540548,-49.2243601686,POINT (-49.2243601686 -25.374540548)
2014-05-12 09:01:40.000000,-25.374540548,-49.2243601686,POINT (-49.2243601686 -25.374540548)
2014-05-12 09:01:50.000000,-25.374540548,-49.2243601686,POINT (-49.2243601686 -25.374540548)
2014-05-12 09:02:00.000000,-25.374540548,-49.2243601686,POINT (-49.2243601686 -25.374540548)
2014-05-12 09:02:10.000000,-25.374540548,-49.2243601686,POINT (-49.2243601686 -25.374540548)
2014-05-12 09:02:20.000000,-25.374540548,-49.2243601686,POINT (-49.2243601686 -25.374540548)
2014-05-12 09:02:30.000000,-25.374540548,-49.2243601686,POINT (-49.2243601686 -25.374540548)
2014-05-12 09:02:40.000000,-25.374540548,-49.2243601686,POINT (-49.2243601686 -25.374540548)
2014-05-12 09:02:50.000000,-25.374540548,-49.2243601686,POINT (-49.2243601686 -25.374540548)
2014-05-12 09:03:00.000000,-25.374540548,-49.2243601686,POINT (-49.2243601686 -25.374540548)
2014-05-12 09:03:10.000000,-25.374540548,-49.2243601686,POINT (-49.2243601686 -25.374540548)
2014-05-12 09:03:20.000000,-25.374540548,-49.2243601686,POINT (-49.2243601686 -25.374540548)
2014-05-12 09:03:30.000000,-25.374540548,-49.2243601686,POINT (-49.2243601686 -25.374540548)
2014-05-12 09:03:40.000000,-25.374540548,-49.2243601686,POINT (-49.2243601686 -25.374540548)
2014-05-12 09:03:50.000000,-25.374540548,-49.2243601686,POINT (-49.2243601686 -25.374540548)
2014-05-12 09:04:00.000000,-25.374540548,-49.2243601686,POINT (-49.2243601686 -25.374540548)
2014-05-12 09:04:10.000000,-25.374540548,-49.2243601686,POINT (-49.2243601686 -25.374540548)
2014-05-12 09:04:20.000000,-25.374540548,-49.2243601686,POINT (-49.2243601686 -25.374540548)
2014-05-12 09:04:30.000000,-25.374540548,-49.2243601686,POINT (-49.2243601686 -25.374540548)
2014-05-12 09:04:40.000000,-25.374540548,-49.2243601686,POINT (-49.2243601686 -25.374540548)
2014-05-12 09:04:50.000000,-25.374540548,-49.2243601686,POINT (-49.2243601686 -25.374540548)
2014-05-12 09:05:00.000000,-25.374540548,-49.2243601686,POINT (-49.2243601686 -25.374540548)
2014-05-12 09:05:10.000000,-25.374540548,-49.2243601686,POINT (-49.2243601686 -25.374540548)
2014-05-12 09:05:20.000000,-25.374540548,-49.2243601686,POINT (-49.2243601686 -25.374540548)
2014-05-12 09:05:30.000000,-25.374540548,-49.2243601686,POINT (-49.2243601686 -25.374540548)
2014-05-12 09:05:40.000000,-25.374540548,-49.2243601686,POINT (-49.2243601686 -25.374540548)
2014-05-12 09:05:50.000000,-25.374540548,-49.2243601686,POINT (-49.2243601686 -25.374540548)
2014-05-12 09:06:00.000000,-25.374540548,-49.2243601686,POINT (-49.2243601686 -25.374540548)
2014-05-12 09:06:10.000000,-25.374540548,-49.2243601686,POINT (-49.2243601686 -25.374540548)
2014-05-12 09:06:20.000000,-25.374540548,-49.2243601686,POINT (-49.2243601686 -25.374540548)
2014-05-12 09:06:30.000000,-25.374540548,-49.2243601686,POINT (-49.2243601686 -25.374540548)
2014-05-12 09:06:40.000000,-25.374540548,-49.2243601686,POINT (-49.2243601686 -25.374540548)
2014-05-12 09:06:50.000000,-25.374540548,-49.2243601686,POINT (-49.2243601686 -25.374540548)
2014-05-12 09:07:00.000000,-25.374540548,-49.2243601686,POINT (-49.2243601686 -25.374540548)
2014-05-12 09:07:10.000000,-25.374540548,-49.2243601686,POINT (-49.2243601686 -25.374540548)
2014-05-12 09:07:20.000000,-25.374540548,-49.2243601686,POINT (-49.2243601686 -25.374540548)
2014-05-12 09:07:30.000000,-25.374540548,-49.2243601686,POINT (-49.2243601686 -25.374540548)
2014-05-12 09:07:40.000000,-25.374540548,-49.2243601686,POINT (-49.2243601686 -25.374540548)
2014-05-12 09:07:50.000000,-25.374540548,-49.2243601686,POINT (-49.2243601686 -25.374540548)
2014-05-12 09:08:00.000000,-25.374540548,-49.2243601686,POINT (-49.2243601686 -25.374540548)
2014-05-12 09:08:10.000000,-25.374540548,-49.2243601686,POINT (-49.2243601686 -25.374540548)
2014-05-12 09:08:20.000000,-25.374540548,-49.2243601686,POINT (-49.2243601686 -25.374540548)
2014-05-12 09:08:30.000000,-25.374540548,-49.2243601686,POINT (-49.2243601686 -25.374540548)
2014-05-12 09:08:40.000000,-25.374540548,-49.2243601686,POINT (-49.2243601686 -25.374540548)
2014-05-12 09:08:50.000000,-25.374540548,-49.2243601686,POINT (-49.2243601686 -25.374540548)
2014-05-12 09:09:00.000000,-25.374540548,-49.2243601686,POINT (-49.2243601686 -25.374540548)
2014-05-12 09:09:10.000000,-25.374540548,-49.2243601686,POINT (-49.2243601686 -25.374540548)
2014-05-12 09:09:20.000000,-25.374540548,-49.2243601686,POINT (-49.2243601686 -25.374540548)
2014-05-12 09:09:30.000000,-25.374540548,-49.2243601686,POINT (-49.2243601686 -25.374540548)
2014-05-12 09:09:40.000000,-25.374540548,-49.2243601686,POINT (-49.2243601686 -25.374540548)
2014-05-12 09:09:50.000000,-25.374540548,-49.2243601686,POINT (-49.2243601686 -25.374540548)
2014-05-12 09:10:00.000000,-25.374540548,-49.2243601686,POINT (-49.2243601686 -25.374540548)
2014-05-12 09:10:10.000000,-25.374540548,-49.2243601686,POINT (-49.2243601686 -25.374540548)
2014-05-12 09:10:20.000000,-25.374540548,-49.2243601686,POINT (-49.2243601686 -25.374540548)
2014-05-12 09:10:30.000000,-25.374540548,-49.2243601686,POINT (-49.2243601686 -25.374540548)
2014-05-12 09:10:40.000000,-25.374540548,-49.2243601686,POINT (-49.2243601686 -25.374540548)
2014-05-12 09:10:50.000000,-25.374540548,-49.2243601686,POINT (-49.2243601686 -25.374540548)
2014-05-12 09:11:00.000000,-25.374540548,-49.2243601686,POINT (-49.2243601686 -25.374540548)
2014-05-12 09:11:10.000000,-25.374540548,-49.2243601686,POINT (-49.2243601686 -25.374540548)
2014-05-12 09:11:20.000000,-25.374540548,-49.2243601686,POINT (-49.2243601686 -25.374540548)
2014-05-12 09:11:30.000000,-25.374540548,-49.2243601686,POINT (-49.2243601686 -25.374540548)
2014-05-12 09:11:40.000000,-25.374540548,-49.2243601686,POINT (-49.2243601686 -25.374540548)
2014-05-12 09:11:50.000000,-25.374540548,-49.2243601686,POINT (-49.2243601686 -25.374540548)
2014-05-12 09:12:00.000000,-25.374540548,-49.2243601686,POINT (-49.2243601686 -25.374540548)
2014-05-12 09:12:10.000000,-25.374540548,-49.2243601686,POINT (-49.2243601686 -25.374540548)
2014-05-12 09:12:20.000000,-25.374540548,-49.2243601686,POINT (-49.2243601686 -25.374540548)
2014-05-12 09:12:30.000000,-25.374540548,-49.2243601686,POINT (-49.2243601686 -25.374540548)
2014-05-12 09:12:40.000000,-25.374540548,-49.2243601686,POINT (-49.2243601686 -25.374540548)
2014-05-12 09:12:50.000000,-25.374540548,-49.2243601686,POINT (-49.2243601686 -25.374540548)
2014-05-12 09:13:00.000000,-25.374540548,-49.2243601686,POINT (-49.2243601686 -25.374540548)
2014-05-12 09:13:10.000000,-25.374540548,-49.2243601686,POINT (-49.2243601686 -25.374540548)
2014-05-12 09:13:20.000000,-25.374540548,-49.2243601686,POINT (-49.2243601686 -25.374540548)
2014-05-12 09:13:30.000000,-25.374540548,-49.2243601686,POINT (-49.2243601686 -25.374540548)
2014-05-12 09:13:40.000000,-25.374540548,-49.2243601686,POINT (-49.2243601686 -25.374540548)
2014-05-12 09:13:50.000000,-25.374540548,-49.2243601686,POINT (-49.2243601686 -25.374540548)
2014-05-12 09:14:00.000000,-25.374540548,-49.2243601686,POINT (-49.2243601686 -25.374540548)
2014-05-12 09:14:10.000000,-25.374540548,-49.2243601686,POINT (-49.2243601686 -25.374540548)
2014-05-12 09:14:20.000000,-25.374540548,-49.2243601686,POINT (-49.2243601686 -25.374540548)
2014-05-12 09:14:30.000000,-25.374540548,-49.2243601686,POINT (-49.2243601686 -25.374540548)
2014-05-12 09:14:40.000000,-25.374540548,-49.2243601686,POINT (-49.2243601686 -25.374540548)
2014-05-12 09:14:50.000000,-25.374540548,-49.2243601686,POINT (-49.2243601686 -25.374540548)
2014-05-12 09:15:00.000000,-25.374540548,-49.2243601686,POINT (-49.2243601686 -25.374540548)
2014-05-12 09:15:10.000000,-25.374540548,-49.2243601686,POINT (-49.2243601686 -25.374540548)
2014-05-12 09:15:20.000000,-25.374540548,-49.2243601686,POINT (-49.2243601686 -25.374540548)
2014-05-12 09:15:30.000000,-25.374540548,-49.2243601686,POINT (-49.2243601686 -25.374540548)
2014-05-12 09:15:40.000000,-25.374540548,-49.2243601686,POINT (-49.2243601686 -25.374540548)
2014-05-12 09:15:50.000000,-25.374540548,-49.2243601686,POINT (-49.2243601686 -25.374540548)
2014-05-12 09:16:00.000000,-25.374540548,-49.2243601686,POINT (-49.2243601686 -25.374540548)
2014-05-12 09:16:10.000000,-25.374540548,-49.2243601686,POINT (-49.2243601686 -25.374540548)
2014-05-12 09:16:20.000000,-25.374540548,-49.2243601686,POINT (-49.2243601686 -25.374540548)
2014-05-12 09:16:30.000000,-25.374540548,-49.2243601686,POINT (-49.2243601686 -25.374540548)
2014-05-12 09:16:40.000000,-25.374540548,-49.2243601686,POINT (-49.2243601686 -25.374540548)
2014-05-12 09:16:50.000000,-25.374540548,-49.2243601686,POINT (-49.2243601686 -25.374540548)
2014-05-12 09:17:00.000000,-25.374540548,-49.2243601686,POINT (-49.2243601686 -25.374540548)
2014-05-12 09:17:10.000000,-25.374540548,-49.2243601686,POINT (-49.2243601686 -25.374540548)
2014-05-12 09:17:20.000000,-25.374540548,-49.2243601686,POINT (-49.2243601686 -25.374540548)
2014-05-12 09:17:30.000000,-25.374540548,-49.2243601686,POINT (-49.2243601686 -25.374540548)
2014-05-12 09:17:40.000000,-25.374540548,-49.2243601686,POINT (-49.2243601686 -25.374540548)
2014-05-12 09:17:50.000000,-25.374540548,-49.2243601686,POINT (-49.2243601686 -25.374540548)
2014-05-12 09:18:00.000000,-25.374540548,-49.2243601686,POINT (-49.2243601686 -25.374540548)
2014-05-12 09:18:10.000000,-25.374540548,-49.2243601686,POINT (-49.2243601686 -25.374540548)
2014-05-12 09:18:20.000000,-25.374540548,-49.2243601686,POINT (-49.2243601686 -25.374540548)
2014-05-12 09:18:30.000000,-25.374540548,-49.2243601686,POINT (-49.2243601686 -25.374540548)
2014-05-12 09:18:40.000000,-25.374540548,-49.2243601686,POINT (-49.2243601686 -25.374540548)
2014-05-12 09:18:50.000000,-25.374540548,-49.2243601686,POINT (-49.2243601686 -25.374540548)
2014-05-12 09:19:00.000000,-25.374540548,-49.2243601686,POINT (-49.2243601686 -25.374540548)
2014-05-12 09:19:10.000000,-25.374540548,-49.2243601686,POINT (-49.2243601686 -25.374540548)
2014-05-12 09:19:20.000000,-25.374540548,-49.2243601686,POINT (-49.2243601686 -25.374540548)
2014-05-12 09:19:30.000000,-25.374540548,-49.2243601686,POINT (-49.2243601686 -25.374540548)
2014-05-12 09:19:40.000000,-25.374540548,-49.2243601686,POINT (-49.2243601686 -25.374540548)
2014-05-12 09:19:50.000000,-25.374540548,-49.2243601686,POINT (-49.2243601686 -25.374540548)
2014-05-12 09:20:00.000000,-25.374540548,-49.2243601686,POINT (-49.2243601686 -25.374540548)
2014-05-12 09:20:10.000000,-25.374540548,-49.2243601686,POINT (-49.2243601686 -25.374540548)
2014-05-12 09:20:20.000000,-25.374540548,-49.2243601686,POINT (-49.2243601686 -25.374540548)
2014-05-12 09:20:30.000000,-25.374540548,-49.2243601686,POINT (-49.2243601686 -25.374540548)
2014-05-12 09:20:40.000000,-25.374540548,-49.2243601686,POINT (-49.2243601686 -25.374540548)
2014-05-12 09:20:50.000000,-25.374540548,-49.2243601686,POINT (-49.2243601686 -25.374540548)
2014-05-12 09:21:00.000000,-25.374540548,-49.2243601686,POINT (-49.2243601686 -25.374540548)
2014-05-12 09:21:10.000000,-25.374540548,-49.2243601686,POINT (-49.2243601686 -25.374540548)
2014-05-12 09:21:20.000000,-25.374540548,-49.2243601686,POINT (-49.2243601686 -25.374540548)
2014-05-12 09:21:30.000000,-25.374540548,-49.2243601686,POINT (-49.2243601686 -25.374540548)
2014-05-12 09:21:40.000000,-25.374540548,-49.2243601686,POINT (-49.2243601686 -25.374540548)
2014-05-12 09:21:50.000000,-25.374540548,-49.2243601686,POINT (-49.2243601686 -25.374540548)
2014-05-12 09:22:00.000000,-25.374540548,-49.2243601686,POINT (-49.2243601686 -25.374540548)
2014-05-12 09:22:10.000000,-25.374540548,-49.2243601686,POINT (-49.2243601686 -25.374540548)
2014-05-12 09:22:20.000000,-25.374540548,-49.2243601686,POINT (-49.2243601686 -25.374540548)
2014-05-12 09:22:30.000000,-25.374540548,-49.2243601686,POINT (-49.2243601686 -25.374540548)
2014-05-12 09:22:40.000000,-25.374540548,-49.2243601686,POINT (-49.2243601686 -25.374540548)
2014-05-12 09:22:50.000000,-25.374540548,-49.2243601686,POINT (-49.2243601686 -25.374540548)
2014-05-12 09:23:00.000000,-25.374540548,-49.2243601686,POINT (-49.2243601686 -25.374540548)
2014-05-12 09:23:10.000000,-25.374540548,-49.2243601686,POINT (-49.2243601686 -25.374540548)
2014-05-12 09:23:20.000000,-25.374540548,-49.2243601686,POINT (-49.2243601686 -25.374540548)
2014-05-12 09:23:30.000000,-25.374540548,-49.2243601686,POINT (-49.2243601686 -25.374540548)
2014-05-12 09:23:40.000000,-25.374540548,-49.2243601686,POINT (-49.2243601686 -25.374540548)
2014-05-12 09:23:50.000000,-25.374540548,-49.2243601686,POINT (-49.2243601686 -25.374540548)
2014-05-12 09:24:00.000000,-25.374540548,-49.2243601686,POINT (-49.2243601686 -25.374540548)
2014-05-12 09:24:10.000000,-25.374540548,-49.2243601686,POINT (-49.2243601686 -25.374540548)
2014-05-12 09:24:20.000000,-25.374540548,-49.2243601686,POINT (-49.2243601686 -25.374540548)
2014-05-12 09:24:30.000000,-25.374540548,-49.2243601686,POINT (-49.2243601686 -25.374540548)
2014-05-12 09:24:40.000000,-25.374540548,-49.2243601686,POINT (-49.2243601686 -25.374540548)
2014-05-12 09:24:50.000000,-25.374540548,-49.2243601686,POINT (-49.2243601686 -25.374540548)
2014-05-12 09:25:00.000000,-25.374540548,-49.2243601686,POINT (-49.2243601686 -25.374540548)
2014-05-12 09:25:10.000000,-25.374540548,-49.2243601686,POINT (-49.2243601686 -25.374540548)
2014-05-12 09:25:20.000000,-25.374540548,-49.2243601686,POINT (-49.2243601686 -25.374540548)
2014-05-12 09:25:30.000000,-25.374540548,-49.2243601686,POINT (-49.2243601686 -25.374540548)
2014-05-12 09:25:40.000000,-25.374540548,-49.2243601686,POINT (-49.2243601686 -25.374540548)
2014-05-12 09:25:50.000000,-25.374540548,-49.2243601686,POINT (-49.2243601686 -25.374540548)
2014-05-12 09:26:00.000000,-25.374540548,-49.2243601686,POINT (-49.2243601686 -25.374540548)
2014-05-12 09:26:10.000000,-25.374540548,-49.2243601686,POINT (-49.2243601686 -25.374540548)
2014-05-12 09:26:20.000000,-25.374540548,-49.2243601686,POINT (-49.2243601686 -25.374540548)
2014-05-12 09:26:30.000000,-25.374540548,-49.2243601686,POINT (-49.2243601686 -25.374540548)
2014-05-12 09:26:40.000000,-25.374540548,-49.2243601686,POINT (-49.2243601686 -25.374540548)
2014-05-12 09:26:50.000000,-25.374540548,-49.2243601686,POINT (-49.2243601686 -25.374540548)
2014-05-12 09:27:00.000000,-25.374540548,-49.2243601686,POINT (-49.2243601686 -25.374540548)
2014-05-12 09:27:10.000000,-25.374540548,-49.2243601686,POINT (-49.2243601686 -25.374540548)
2014-05-12 09:27:20.000000,-25.374540548,-49.2243601686,POINT (-49.2243601686 -25.374540548)
2014-05-12 09:27:30.000000,-25.374540548,-49.2243601686,POINT (-49.2243601686 -25.374540548)
2014-05-12 09:27:40.000000,-25.374540548,-49.2243601686,POINT (-49.2243601686 -25.374540548)
2014-05-12 09:27:50.000000,-25.374540548,-49.2243601686,POINT (-49.2243601686 -25.374540548)
2014-05-12 09:28:00.000000,-25.374540548,-49.2243601686,POINT (-49.2243601686 -25.374540548)
2014-05-12 09:28:10.000000,-25.374540548,-49.2243601686,POINT (-49.2243601686 -25.374540548)
2014-05-12 09:28:20.000000,-25.374540548,-49.2243601686,POINT (-49.2243601686 -25.374540548)
2014-05-12 09:28:30.000000,-25.374540548,-49.2243601686,POINT (-49.2243601686 -25.374540548)
2014-05-12 09:28:40.000000,-25.374540548,-49.2243601686,POINT (-49.2243601686 -25.374540548)
2014-05-12 09:28:50.000000,-25.374540548,-49.2243601686,POINT (-49.2243601686 -25.374540548)
2014-05-12 09:29:00.000000,-25.374540548,-49.2243601686,POINT (-49.2243601686 -25.374540548)
2014-05-12 09:29:10.000000,-25.374540548,-49.2243601686,POINT (-49.2243601686 -25.374540548)
2014-05-12 09:29:20.000000,-25.374540548,-49.2243601686,POINT (-49.2243601686 -25.374540548)
2014-05-12 09:29:30.000000,-25.374540548,-49.2243601686,POINT (-49.2243601686 -25.374540548)
2014-05-12 09:29:40.000000,-25.374540548,-49.2243601686,POINT (-49.2243601686 -25.374540548)
2014-05-12 09:29:50.000000,-25.374540548,-49.2243601686,POINT (-49.2243601686 -25.374540548)
2014-05-12 09:30:00.000000,-25.374540548,-49.2243601686,POINT (-49.2243601686 -25.374540548)
2014-05-12 09:30:10.000000,-25.374540548,-49.2243601686,POINT (-49.2243601686 -25.374540548)
2014-05-12 09:30:20.000000,-25.374540548,-49.2243601686,POINT (-49.2243601686 -25.374540548)
2014-05-12 09:30:30.000000,-25.374540548,-49.2243601686,POINT (-49.2243601686 -25.374540548)
2014-05-12 09:30:40.000000,-25.374540548,-49.2243601686,POINT (-49.2243601686 -25.374540548)
2014-05-12 09:30:50.000000,-25.374540548,-49.2243601686,POINT (-49.2243601686 -25.374540548)
2014-05-12 09:31:00.000000,-25.374540548,-49.2243601686,POINT (-49.2243601686 -25.374540548)
2014-05-12 09:31:10.000000,-25.374540548,-49.2243601686,POINT (-49.2243601686 -25.374540548)
2014-05-12 09:31:20.000000,-25.374540548,-49.2243601686,POINT (-49.2243601686 -25.374540548)
2014-05-12 09:31:30.000000,-25.374540548,-49.2243601686,POINT (-49.2243601686 -25.374540548)
2014-05-12 09:31:40.000000,-25.374540548,-49.2243601686,POINT (-49.2243601686 -25.374540548)
2014-05-12 09:31:50.000000,-25.374540548,-49.2243601686,POINT (-49.2243601686 -25.374540548)
2014-05-12 09:32:00.000000,-25.374540548,-49.2243601686,POINT (-49.2243601686 -25.374540548)
2014-05-12 09:32:10.000000,-25.374540548,-49.2243601686,POINT (-49.2243601686 -25.374540548)
2014-05-12 09:32:20.000000,-25.374540548,-49.2243601686,POINT (-49.2243601686 -25.374540548)
2014-05-12 09:32:30.000000,-25.374540548,-49.2243601686,POINT (-49.2243601686 -25.374540548)
2014-05-12 09:32:40.000000,-25.374540548,-49.2243601686,POINT (-49.2243601686 -25.374540548)
2014-05-12 09:32:50.000000,-25.374540548,-49.2243601686,POINT (-49.2243601686 -25.374540548)
2014-05-12 09:33:00.000000,-25.374540548,-49.2243601686,POINT (-49.2243601686 -25.374540548)
2014-05-12 09:33:10.000000,-25.374540548,-49.2243601686,POINT (-49.2243601686 -25.374540548)
2014-05-12 09:33:20.000000,-25.374540548,-49.2243601686,POINT (-49.2243601686 -25.374540548)
2014-05-12 09:33:30.000000,-25.374540548,-49.2243601686,POINT (-49.2243601686 -25.374540548)
2014-05-12 09:33:40.000000,-25.374540548,-49.2243601686,POINT (-49.2243601686 -25.374540548)
2014-05-12 09:33:50.000000,-25.374540548,-49.2243601686,POINT (-49.2243601686 -25.374540548)
2014-05-12 09:34:00.000000,-25.374540548,-49.2243601686,POINT (-49.2243601686 -25.374540548)
2014-05-12 09:34:10.000000,-25.374540548,-49.2243601686,POINT (-49.2243601686 -25.374540548)
2014-05-12 09:34:20.000000,-25.374540548,-49.2243601686,POINT (-49.2243601686 -25.374540548)
2014-05-12 09:34:30.000000,-25.374540548,-49.2243601686,POINT (-49.2243601686 -25.374540548)
2014-05-12 09:34:40.000000,-25.374540548,-49.2243601686,POINT (-49.2243601686 -25.374540548)
2014-05-12 09:34:50.000000,-25.374540548,-49.2243601686,POINT (-49.2243601686 -25.374540548)
2014-05-12 09:35:00.000000,-25.374540548,-49.2243601686,POINT (-49.2243601686 -25.374540548)
2014-05-12 09:35:10.000000,-25.374540548,-49.2243601686,POINT (-49.2243601686 -25.374540548)
2014-05-12 09:35:20.000000,-25.374540548,-49.2243601686,POINT (-49.2243601686 -25.374540548)
2014-05-12 09:35:30.000000,-25.374540548,-49.2243601686,POINT (-49.2243601686 -25.374540548)
2014-05-12 09:35:40.000000,-25.374540548,-49.2243601686,POINT (-49.2243601686 -25.374540548)
2014-05-12 09:35:50.000000,-25.374540548,-49.2243601686,POINT (-49.2243601686 -25.374540548)
2014-05-12 09:36:00.000000,-25.374540548,-49.2243601686,POINT (-49.2243601686 -25.374540548)
2014-05-12 09:36:10.000000,-25.374540548,-49.2243601686,POINT (-49.2243601686 -25.374540548)
2014-05-12 09:36:20.000000,-25.374540548,-49.2243601686,POINT (-49.2243601686 -25.374540548)
2014-05-12 09:36:30.000000,-25.374540548,-49.2243601686,POINT (-49.2243601686 -25.374540548)
2014-05-12 09:36:40.000000,-25.374540548,-49.2243601686,POINT (-49.2243601686 -25.374540548)
2014-05-12 09:36:50.000000,-25.374540548,-49.2243601686,POINT (-49.2243601686 -25.374540548)
2014-05-12 09:37:00.000000,-25.374540548,-49.2243601686,POINT (-49.2243601686 -25.374540548)
2014-05-12 09:37:10.000000,-25.374540548,-49.2243601686,POINT (-49.2243601686 -25.374540548)
2014-05-12 09:37:20.000000,-25.374540548,-49.2243601686,POINT (-49.2243601686 -25.374540548)
2014-05-12 09:37:30.000000,-25.374540548,-49.2243601686,POINT (-49.2243601686 -25.374540548)
2014-05-12 09:37:40.000000,-25.374540548,-49.2243601686,POINT (-49.2243601686 -25.374540548)
2014-05-12 09:37:50.000000,-25.374540548,-49.2243601686,POINT (-49.2243601686 -25.374540548)
2014-05-12 09:38:00.000000,-25.374540548,-49.2243601686,POINT (-49.2243601686 -25.374540548)
2014-05-12 09:38:10.000000,-25.374540548,-49.2243601686,POINT (-49.2243601686 -25.374540548)
2014-05-12 09:38:20.000000,-25.374540548,-49.2243601686,POINT (-49.2243601686 -25.374540548)
2014-05-12 09:38:30.000000,-25.374540548,-49.2243601686,POINT (-49.2243601686 -25.374540548)
2014-05-12 09:38:40.000000,-25.374540548,-49.2243601686,POINT (-49.2243601686 -25.374540548)
2014-05-12 09:38:50.000000,-25.374540548,-49.2243601686,POINT (-49.2243601686 -25.374540548)
2014-05-12 09:39:00.000000,-25.374540548,-49.2243601686,POINT (-49.2243601686 -25.374540548)
2014-05-12 09:39:10.000000,-25.374540548,-49.2243601686,POINT (-49.2243601686 -25.374540548)
2014-05-12 09:39:20.000000,-25.374540548,-49.2243601686,POINT (-49.2243601686 -25.374540548)
2014-05-12 09:39:30.000000,-25.374540548,-49.2243601686,POINT (-49.2243601686 -25.374540548)
2014-05-12 09:39:40.000000,-25.374540548,-49.2243601686,POINT (-49.2243601686 -25.374540548)
2014-05-12 09:39:50.000000,-25.374540548,-49.2243601686,POINT (-49.2243601686 -25.374540548)
2014-05-12 09:40:00.000000,-25.374540548,-49.2243601686,POINT (-49.2243601686 -25.374540548)
2014-05-12 09:40:10.000000,-25.374540548,-49.2243601686,POINT (-49.2243601686 -25.374540548)
2014-05-12 09:40:20.000000,-25.374540548,-49.2243601686,POINT (-49.2243601686 -25.374540548)
2014-05-12 09:40:30.000000,-25.374540548,-49.2243601686,POINT (-49.2243601686 -25.374540548)
2014-05-12 09:40:40.000000,-25.374540548,-49.2243601686,POINT (-49.2243601686 -25.374540548)
2014-05-12 09:40:50.000000,-25.374540548,-49.2243601686,POINT (-49.2243601686 -25.374540548)
2014-05-12 09:41:00.000000,-25.374540548,-49.2243601686,POINT (-49.2243601686 -25.374540548)
2014-05-12 09:41:10.000000,-25.374540548,-49.2243601686,POINT (-49.2243601686 -25.374540548)
2014-05-12 09:41:20.000000,-25.374540548,-49.2243601686,POINT (-49.2243601686 -25.374540548)
2014-05-12 09:41:30.000000,-25.374540548,-49.2243601686,POINT (-49.2243601686 -25.374540548)
2014-05-12 09:41:40.000000,-25.374540548,-49.2243601686,POINT (-49.2243601686 -25.374540548)
2014-05-12 09:41:50.000000,-25.374540548,-49.2243601686,POINT (-49.2243601686 -25.374540548)
2014-05-12 09:42:00.000000,-25.374540548,-49.2243601686,POINT (-49.2243601686 -25.374540548)
2014-05-12 09:42:10.000000,-25.374540548,-49.2243601686,POINT (-49.2243601686 -25.374540548)
2014-05-12 09:42:20.000000,-25.374540548,-49.2243601686,POINT (-49.2243601686 -25.374540548)
2014-05-12 09:42:30.000000,-25.374540548,-49.2243601686,POINT (-49.2243601686 -25.374540548)
2014-05-12 09:42:40.000000,-25.374540548,-49.2243601686,POINT (-49.2243601686 -25.374540548)
2014-05-12 09:42:50.000000,-25.374540548,-49.2243601686,POINT (-49.2243601686 -25.374540548)
2014-05-12 09:43:00.000000,-25.374540548,-49.2243601686,POINT (-49.2243601686 -25.374540548)
2014-05-12 09:43:10.000000,-25.374540548,-49.2243601686,POINT (-49.2243601686 -25.374540548)
2014-05-12 09:43:20.000000,-25.374540548,-49.2243601686,POINT (-49.2243601686 -25.374540548)
2014-05-12 09:43:30.000000,-25.374540548,-49.2243601686,POINT (-49.2243601686 -25.374540548)
2014-05-12 09:43:40.000000,-25.374540548,-49.2243601686,POINT (-49.2243601686 -25.374540548)
2014-05-12 09:43:50.000000,-25.374540548,-49.2243601686,POINT (-49.2243601686 -25.374540548)
2014-05-12 09:44:00.000000,-25.374540548,-49.2243601686,POINT (-49.2243601686 -25.374540548)
2014-05-12 09:44:10.000000,-25.374540548,-49.2243601686,POINT (-49.2243601686 -25.374540548)
2014-05-12 09:44:20.000000,-25.374540548,-49.2243601686,POINT (-49.2243601686 -25.374540548)
2014-05-12 09:44:30.000000,-25.374540548,-49.2243601686,POINT (-49.2243601686 -25.374540548)
2014-05-12 09:44:40.000000,-25.374540548,-49.2243601686,POINT (-49.2243601686 -25.374540548)
2014-05-12 09:44:50.000000,-25.374540548,-49.2243601686,POINT (-49.2243601686 -25.374540548)
2014-05-12 09:45:00.000000,-25.374540548,-49.2243601686,POINT (-49.2243601686 -25.374540548)
2014-05-12 09:45:10.000000,-25.374540548,-49.2243601686,POINT (-49.2243601686 -25.374540548)
2014-05-12 09:45:20.000000,-25.374540548,-49.2243601686,POINT (-49.2243601686 -25.374540548)
2014-05-12 09:45:30.000000,-25.374540548,-49.2243601686,POINT (-49.2243601686 -25.374540548)
2014-05-12 09:45:40.000000,-25.374540548,-49.2243601686,POINT (-49.2243601686 -25.374540548)
2014-05-12 09:45:50.000000,-25.374540548,-49.2243601686,POINT (-49.2243601686 -25.374540548)
2014-05-12 09:46:00.000000,-25.374540548,-49.2243601686,POINT (-49.2243601686 -25.374540548)
2014-05-12 09:46:10.000000,-25.374540548,-49.2243601686,POINT (-49.2243601686 -25.374540548)
2014-05-12 09:46:20.000000,-25.374540548,-49.2243601686,POINT (-49.2243601686 -25.374540548)
2014-05-12 09:46:30.000000,-25.374540548,-49.2243601686,POINT (-49.2243601686 -25.374540548)
2014-05-12 09:46:40.000000,-25.374540548,-49.2243601686,POINT (-49.2243601686 -25.374540548)
2014-05-12 09:46:50.000000,-25.374540548,-49.2243601686,POINT (-49.2243601686 -25.374540548)
2014-05-12 09:47:00.000000,-25.374540548,-49.2243601686,POINT (-49.2243601686 -25.374540548)
2014-05-12 09:47:10.000000,-25.374540548,-49.2243601686,POINT (-49.2243601686 -25.374540548)
2014-05-12 09:47:20.000000,-25.374540548,-49.2243601686,POINT (-49.2243601686 -25.374540548)
2014-05-12 09:47:30.000000,-25.374540548,-49.2243601686,POINT (-49.2243601686 -25.374540548)
2014-05-12 09:47:40.000000,-25.374540548,-49.2243601686,POINT (-49.2243601686 -25.374540548)
2014-05-12 09:47:50.000000,-25.374540548,-49.2243601686,POINT (-49.2243601686 -25.374540548)
2014-05-12 09:48:00.000000,-25.374540548,-49.2243601686,POINT (-49.2243601686 -25.374540548)
2014-05-12 09:48:10.000000,-25.374540548,-49.2243601686,POINT (-49.2243601686 -25.374540548)
2014-05-12 09:48:20.000000,-25.374540548,-49.2243601686,POINT (-49.2243601686 -25.374540548)
2014-05-12 09:48:30.000000,-25.374540548,-49.2243601686,POINT (-49.2243601686 -25.374540548)
2014-05-12 09:48:40.000000,-25.374540548,-49.2243601686,POINT (-49.2243601686 -25.374540548)
2014-05-12 09:48:50.000000,-25.374540548,-49.2243601686,POINT (-49.2243601686 -25.374540548)
2014-05-12 09:49:00.000000,-25.374540548,-49.2243601686,POINT (-49.2243601686 -25.374540548)
2014-05-12 09:49:10.000000,-25.374540548,-49.2243601686,POINT (-49.2243601686 -25.374540548)
2014-05-12 09:49:20.000000,-25.374540548,-49.2243601686,POINT (-49.2243601686 -25.374540548)
2014-05-12 09:49:30.000000,-25.374540548,-49.2243601686,POINT (-49.2243601686 -25.374540548)
2014-05-12 09:49:40.000000,-25.374540548,-49.2243601686,POINT (-49.2243601686 -25.374540548)
2014-05-12 09:49:50.000000,-25.374540548,-49.2243601686,POINT (-49.2243601686 -25.374540548)
2014-05-12 09:50:00.000000,-25.374540548,-49.2243601686,POINT (-49.2243601686 -25.374540548)
2014-05-12 09:50:10.000000,-25.374540548,-49.2243601686,POINT (-49.2243601686 -25.374540548)
2014-05-12 09:50:20.000000,-25.374540548,-49.2243601686,POINT (-49.2243601686 -25.374540548)
2014-05-12 09:50:30.000000,-25.374540548,-49.2243601686,POINT (-49.2243601686 -25.374540548)
2014-05-12 09:50:40.000000,-25.374540548,-49.2243601686,POINT (-49.2243601686 -25.374540548)
2014-05-12 09:50:50.000000,-25.374540548,-49.2243601686,POINT (-49.2243601686 -25.374540548)
2014-05-12 09:51:00.000000,-25.374540548,-49.2243601686,POINT (-49.2243601686 -25.374540548)
2014-05-12 09:51:10.000000,-25.374540548,-49.2243601686,POINT (-49.2243601686 -25.374540548)
2014-05-12 09:51:20.000000,-25.374540548,-49.2243601686,POINT (-49.2243601686 -25.374540548)
2014-05-12 09:51:30.000000,-25.374540548,-49.2243601686,POINT (-49.2243601686 -25.374540548)
2014-05-12 09:51:40.000000,-25.374540548,-49.2243601686,POINT (-49.2243601686 -25.374540548)
2014-05-12 09:51:50.000000,-25.374540548,-49.2243601686,POINT (-49.2243601686 -25.374540548)
2014-05-12 09:52:00.000000,-25.374540548,-49.2243601686,POINT (-49.2243601686 -25.374540548)
2014-05-12 09:52:10.000000,-25.374540548,-49.2243601686,POINT (-49.2243601686 -25.374540548)
2014-05-12 09:52:20.000000,-25.374540548,-49.2243601686,POINT (-49.2243601686 -25.374540548)
2014-05-12 09:52:30.000000,-25.374540548,-49.2243601686,POINT (-49.2243601686 -25.374540548)
2014-05-12 09:52:40.000000,-25.374540548,-49.2243601686,POINT (-49.2243601686 -25.374540548)
2014-05-12 09:52:50.000000,-25.374540548,-49.2243601686,POINT (-49.2243601686 -25.374540548)
2014-05-12 09:53:00.000000,-25.374540548,-49.2243601686,POINT (-49.2243601686 -25.374540548)
2014-05-12 09:53:10.000000,-25.374540548,-49.2243601686,POINT (-49.2243601686 -25.374540548)
2014-05-12 09:53:20.000000,-25.374540548,-49.2243601686,POINT (-49.2243601686 -25.374540548)
2014-05-12 09:53:30.000000,-25.374540548,-49.2243601686,POINT (-49.2243601686 -25.374540548)
2014-05-12 09:53:40.000000,-25.374540548,-49.2243601686,POINT (-49.2243601686 -25.374540548)
2014-05-12 09:53:50.000000,-25.374540548,-49.2243601686,POINT (-49.2243601686 -25.374540548)
2014-05-12 09:54:00.000000,-25.374540548,-49.2243601686,POINT (-49.2243601686 -25.374540548)
2014-05-12 09:54:10.000000,-25.374540548,-49.2243601686,POINT (-49.2243601686 -25.374540548)
2014-05-12 09:54:20.000000,-25.374540548,-49.2243601686,POINT (-49.2243601686 -25.374540548)
2014-05-12 09:54:30.000000,-25.374540548,-49.2243601686,POINT (-49.2243601686 -25.374540548)
2014-05-12 09:54:40.000000,-25.374540548,-49.2243601686,POINT (-49.2243601686 -25.374540548)
2014-05-12 09:54:50.000000,-25.374540548,-49.2243601686,POINT (-49.2243601686 -25.374540548)
2014-05-12 09:55:00.000000,-25.374540548,-49.2243601686,POINT (-49.2243601686 -25.374540548)
2014-05-12 09:55:10.000000,-25.374540548,-49.2243601686,POINT (-49.2243601686 -25.374540548)
2014-05-12 09:55:20.000000,-25.374540548,-49.2243601686,POINT (-49.2243601686 -25.374540548)
2014-05-12 09:55:30.000000,-25.374540548,-49.2243601686,POINT (-49.2243601686 -25.374540548)
2014-05-12 09:55:40.000000,-25.374540548,-49.2243601686,POINT (-49.2243601686 -25.374540548)
2014-05-12 09:55:50.000000,-25.374540548,-49.2243601686,POINT (-49.2243601686 -25.374540548)
2014-05-12 09:56:00.000000,-25.374540548,-49.2243601686,POINT (-49.2243601686 -25.374540548)
2014-05-12 09:56:10.000000,-25.374540548,-49.2243601686,POINT (-49.2243601686 -25.374540548)
2014-05-12 09:56:20.000000,-25.374540548,-49.2243601686,POINT (-49.2243601686 -25.374540548)
2014-05-12 09:56:30.000000,-25.374540548,-49.2243601686,POINT (-49.2243601686 -25.374540548)
2014-05-12 09:56:40.000000,-25.374540548,-49.2243601686,POINT (-49.2243601686 -25.374540548)
2014-05-12 09:56:50.000000,-25.374540548,-49.2243601686,POINT (-49.2243601686 -25.374540548)
2014-05-12 09:57:00.000000,-25.374540548,-49.2243601686,POINT (-49.2243601686 -25.374540548)
2014-05-12 09:57:10.000000,-25.374540548,-49.2243601686,POINT (-49.2243601686 -25.374540548)
2014-05-12 09:57:20.000000,-25.374540548,-49.2243601686,POINT (-49.2243601686 -25.374540548)
2014-05-12 09:57:30.000000,-25.374540548,-49.2243601686,POINT (-49.2243601686 -25.374540548)
2014-05-12 09:57:40.000000,-25.374540548,-49.2243601686,POINT (-49.2243601686 -25.374540548)
2014-05-12 09:57:50.000000,-25.374540548,-49.2243601686,POINT (-49.2243601686 -25.374540548)
2014-05-12 09:58:00.000000,-25.374540548,-49.2243601686,POINT (-49.2243601686 -25.374540548)
2014-05-12 09:58:10.000000,-25.374540548,-49.2243601686,POINT (-49.2243601686 -25.374540548)
2014-05-12 09:58:20.000000,-25.374540548,-49.2243601686,POINT (-49.2243601686 -25.374540548)
2014-05-12 09:58:30.000000,-25.374540548,-49.2243601686,POINT (-49.2243601686 -25.374540548)
2014-05-12 09:58:40.000000,-25.374540548,-49.2243601686,POINT (-49.2243601686 -25.374540548)
2014-05-12 09:58:50.000000,-25.374540548,-49.2243601686,POINT (-49.2243601686 -25.374540548)
2014-05-12 09:59:00.000000,-25.374540548,-49.2243601686,POINT (-49.2243601686 -25.374540548)
2014-05-12 09:59:10.000000,-25.374540548,-49.2243601686,POINT (-49.2243601686 -25.374540548)
2014-05-12 09:59:20.000000,-25.374540548,-49.2243601686,POINT (-49.2243601686 -25.374540548)
2014-05-12 09:59:30.000000,-25.374540548,-49.2243601686,POINT (-49.2243601686 -25.374540548)
2014-05-12 09:59:40.000000,-25.374540548,-49.2243601686,POINT (-49.2243601686 -25.374540548)
2014-05-12 09:59:50.000000,-25.374540548,-49.2243601686,POINT (-49.2243601686 -25.374540548)
2014-05-12 10:00:00.000000,-25.374540548,-49.2243601686,POINT (-49.2243601686 -25.374540548)
2014-05-12 10:00:10.000000,-25.374540548,-49.2243601686,POINT (-49.2243601686 -25.374540548)
2014-05-12 10:00:20.000000,-25.374540548,-49.2243601686,POINT (-49.2243601686 -25.374540548)
2014-05-12 10:00:30.000000,-25.374540548,-49.2243601686,POINT (-49.2243601686 -25.374540548)
2014-05-12 10:00:40.000000,-25.374540548,-49.2243601686,POINT (-49.2243601686 -25.374540548)
2014-05-12 10:00:50.000000,-25.374540548,-49.2243601686,POINT (-49.2243601686 -25.374540548)
2014-05-12 10:01:00.000000,-25.374540548,-49.2243601686,POINT (-49.2243601686 -25.374540548)
2014-05-12 10:01:10.000000,-25.374540548,-49.2243601686,POINT (-49.2243601686 -25.374540548)
2014-05-12 10:01:20.000000,-25.374540548,-49.2243601686,POINT (-49.2243601686 -25.374540548)
2014-05-12 10:01:30.000000,-25.374540548,-49.2243601686,POINT (-49.2243601686 -25.374540548)
2014-05-12 10:01:40.000000,-25.374540548,-49.2243601686,POINT (-49.2243601686 -25.374540548)
2014-05-12 10:01:50.000000,-25.374540548,-49.2243601686,POINT (-49.2243601686 -25.374540548)
2014-05-12 10:02:00.000000,-25.374540548,-49.2243601686,POINT (-49.2243601686 -25.374540548)
2014-05-12 10:02:10.000000,-25.374540548,-49.2243601686,POINT (-49.2243601686 -25.374540548)
2014-05-12 10:02:20.000000,-25.374540548,-49.2243601686,POINT (-49.2243601686 -25.374540548)
2014-05-12 10:02:30.000000,-25.374540548,-49.2243601686,POINT (-49.2243601686 -25.374540548)
2014-05-12 10:02:40.000000,-25.374540548,-49.2243601686,POINT (-49.2243601686 -25.374540548)
2014-05-12 10:02:50.000000,-25.374540548,-49.2243601686,POINT (-49.2243601686 -25.374540548)
2014-05-12 10:03:00.000000,-25.374540548,-49.2243601686,POINT (-49.2243601686 -25.374540548)
2014-05-12 10:03:10.000000,-25.374540548,-49.2243601686,POINT (-49.2243601686 -25.374540548)
2014-05-12 10:03:20.000000,-25.374540548,-49.2243601686,POINT (-49.2243601686 -25.374540548)
2014-05-12 10:03:30.000000,-25.374540548,-49.2243601686,POINT (-49.2243601686 -25.374540548)
2014-05-12 10:03:40.000000,-25.374540548,-49.2243601686,POINT (-49.2243601686 -25.374540548)
2014-05-12 10:03:50.000000,-25.374540548,-49.2243601686,POINT (-49.2243601686 -25.374540548)
2014-05-12 10:04:00.000000,-25.374540548,-49.2243601686,POINT (-49.2243601686 -25.374540548)
2014-05-12 10:04:10.000000,-25.374540548,-49.2243601686,POINT (-49.2243601686 -25.374540548)
2014-05-12 10:04:20.000000,-25.374540548,-49.2243601686,POINT (-49.2243601686 -25.374540548)
2014-05-12 10:04:30.000000,-25.374540548,-49.2243601686,POINT (-49.2243601686 -25.374540548)
2014-05-12 10:04:40.000000,-25.374540548,-49.2243601686,POINT (-49.2243601686 -25.374540548)
2014-05-12 10:04:50.000000,-25.374540548,-49.2243601686,POINT (-49.2243601686 -25.374540548)
2014-05-12 10:05:00.000000,-25.374540548,-49.2243601686,POINT (-49.2243601686 -25.374540548)
2014-05-12 10:05:10.000000,-25.374540548,-49.2243601686,POINT (-49.2243601686 -25.374540548)
2014-05-12 10:05:20.000000,-25.374540548,-49.2243601686,POINT (-49.2243601686 -25.374540548)
2014-05-12 10:05:30.000000,-25.374540548,-49.2243601686,POINT (-49.2243601686 -25.374540548)
2014-05-12 10:05:40.000000,-25.374540548,-49.2243601686,POINT (-49.2243601686 -25.374540548)
2014-05-12 10:05:50.000000,-25.374540548,-49.2243601686,POINT (-49.2243601686 -25.374540548)
2014-05-12 10:06:00.000000,-25.374540548,-49.2243601686,POINT (-49.2243601686 -25.374540548)
2014-05-12 10:06:10.000000,-25.374540548,-49.2243601686,POINT (-49.2243601686 -25.374540548)
2014-05-12 10:06:20.000000,-25.374540548,-49.2243601686,POINT (-49.2243601686 -25.374540548)
2014-05-12 10:06:30.000000,-25.374540548,-49.2243601686,POINT (-49.2243601686 -25.374540548)
2014-05-12 10:06:40.000000,-25.374540548,-49.2243601686,POINT (-49.2243601686 -25.374540548)
2014-05-12 10:06:50.000000,-25.374540548,-49.2243601686,POINT (-49.2243601686 -25.374540548)
2014-05-12 10:07:00.000000,-25.374540548,-49.2243601686,POINT (-49.2243601686 -25.374540548)
2014-05-12 10:07:10.000000,-25.374540548,-49.2243601686,POINT (-49.2243601686 -25.374540548)
2014-05-12 10:07:20.000000,-25.374540548,-49.2243601686,POINT (-49.2243601686 -25.374540548)
2014-05-12 10:07:30.000000,-25.374540548,-49.2243601686,POINT (-49.2243601686 -25.374540548)
2014-05-12 10:07:40.000000,-25.374540548,-49.2243601686,POINT (-49.2243601686 -25.374540548)
2014-05-12 10:07:50.000000,-25.374540548,-49.2243601686,POINT (-49.2243601686 -25.374540548)
2014-05-12 10:08:00.000000,-25.374540548,-49.2243601686,POINT (-49.2243601686 -25.374540548)
2014-05-12 10:08:10.000000,-25.374540548,-49.2243601686,POINT (-49.2243601686 -25.374540548)
2014-05-12 10:08:20.000000,-25.374540548,-49.2243601686,POINT (-49.2243601686 -25.374540548)
2014-05-12 10:08:30.000000,-25.374540548,-49.2243601686,POINT (-49.2243601686 -25.374540548)
2014-05-12 10:08:40.000000,-25.374540548,-49.2243601686,POINT (-49.2243601686 -25.374540548)
2014-05-12 10:08:50.000000,-25.374540548,-49.2243601686,POINT (-49.2243601686 -25.374540548)
2014-05-12 10:09:00.000000,-25.374540548,-49.2243601686,POINT (-49.2243601686 -25.374540548)
2014-05-12 10:09:10.000000,-25.374540548,-49.2243601686,POINT (-49.2243601686 -25.374540548)
2014-05-12 10:09:20.000000,-25.374540548,-49.2243601686,POINT (-49.2243601686 -25.374540548)
2014-05-12 10:09:30.000000,-25.374540548,-49.2243601686,POINT (-49.2243601686 -25.374540548)
2014-05-12 10:09:40.000000,-25.374540548,-49.2243601686,POINT (-49.2243601686 -25.374540548)
2014-05-12 10:09:50.000000,-25.374540548,-49.2243601686,POINT (-49.2243601686 -25.374540548)
2014-05-12 10:10:00.000000,-25.374540548,-49.2243601686,POINT (-49.2243601686 -25.374540548)
2014-05-12 10:10:10.000000,-25.374540548,-49.2243601686,POINT (-49.2243601686 -25.374540548)
2014-05-12 10:10:20.000000,-25.374540548,-49.2243601686,POINT (-49.2243601686 -25.374540548)
2014-05-12 10:10:30.000000,-25.374540548,-49.2243601686,POINT (-49.2243601686 -25.374540548)
2014-05-12 10:10:40.000000,-25.374540548,-49.2243601686,POINT (-49.2243601686 -25.374540548)
2014-05-12 10:10:50.000000,-25.374540548,-49.2243601686,POINT (-49.2243601686 -25.374540548)
2014-05-12 10:11:00.000000,-25.374540548,-49.2243601686,POINT (-49.2243601686 -25.374540548)
2014-05-12 10:11:10.000000,-25.374540548,-49.2243601686,POINT (-49.2243601686 -25.374540548)
2014-05-12 10:11:20.000000,-25.374540548,-49.2243601686,POINT (-49.2243601686 -25.374540548)
2014-05-12 10:11:30.000000,-25.374540548,-49.2243601686,POINT (-49.2243601686 -25.374540548)
2014-05-12 10:11:40.000000,-25.374540548,-49.2243601686,POINT (-49.2243601686 -25.374540548)
2014-05-12 10:11:50.000000,-25.374540548,-49.2243601686,POINT (-49.2243601686 -25.374540548)
2014-05-12 10:12:00.000000,-25.374540548,-49.2243601686,POINT (-49.2243601686 -25.374540548)
2014-05-12 10:12:10.000000,-25.374540548,-49.2243601686,POINT (-49.2243601686 -25.374540548)
2014-05-12 10:12:20.000000,-25.374540548,-49.2243601686,POINT (-49.2243601686 -25.374540548)
2014-05-12 10:12:30.000000,-25.374540548,-49.2243601686,POINT (-49.2243601686 -25.374540548)
2014-05-12 10:12:40.000000,-25.374540548,-49.2243601686,POINT (-49.2243601686 -25.374540548)
2014-05-12 10:12:50.000000,-25.374540548,-49.2243601686,POINT (-49.2243601686 -25.374540548)
2014-05-12 10:13:00.000000,-25.374540548,-49.2243601686,POINT (-49.2243601686 -25.374540548)
2014-05-12 10:13:10.000000,-25.374540548,-49.2243601686,POINT (-49.2243601686 -25.374540548)
2014-05-12 10:13:20.000000,-25.374540548,-49.2243601686,POINT (-49.2243601686 -25.374540548)
2014-05-12 10:13:30.000000,-25.374540548,-49.2243601686,POINT (-49.2243601686 -25.374540548)
2014-05-12 10:13:40.000000,-25.374540548,-49.2243601686,POINT (-49.2243601686 -25.374540548)
2014-05-12 10:13:50.000000,-25.374540548,-49.2243601686,POINT (-49.2243601686 -25.374540548)
2014-05-12 10:14:00.000000,-25.374540548,-49.2243601686,POINT (-49.2243601686 -25.374540548)
2014-05-12 10:14:10.000000,-25.374540548,-49.2243601686,POINT (-49.2243601686 -25.374540548)
2014-05-12 10:14:20.000000,-25.374540548,-49.2243601686,POINT (-49.2243601686 -25.374540548)
2014-05-12 10:14:30.000000,-25.374540548,-49.2243601686,POINT (-49.2243601686 -25.374540548)
2014-05-12 10:14:40.000000,-25.374540548,-49.2243601686,POINT (-49.2243601686 -25.374540548)
2014-05-12 10:14:50.000000,-25.374540548,-49.2243601686,POINT (-49.2243601686 -25.374540548)
2014-05-12 10:15:00.000000,-25.374540548,-49.2243601686,POINT (-49.2243601686 -25.374540548)
2014-05-12 10:15:10.000000,-25.374540548,-49.2243601686,POINT (-49.2243601686 -25.374540548)
2014-05-12 10:15:20.000000,-25.374540548,-49.2243601686,POINT (-49.2243601686 -25.374540548)
2014-05-12 10:15:30.000000,-25.374540548,-49.2243601686,POINT (-49.2243601686 -25.374540548)
2014-05-12 10:15:40.000000,-25.374540548,-49.2243601686,POINT (-49.2243601686 -25.374540548)
2014-05-12 10:15:50.000000,-25.374540548,-49.2243601686,POINT (-49.2243601686 -25.374540548)
2014-05-12 10:16:00.000000,-25.374540548,-49.2243601686,POINT (-49.2243601686 -25.374540548)
2014-05-12 10:16:10.000000,-25.374540548,-49.2243601686,POINT (-49.2243601686 -25.374540548)
2014-05-12 10:16:20.000000,-25.374540548,-49.2243601686,POINT (-49.2243601686 -25.374540548)
2014-05-12 10:16:30.000000,-25.374540548,-49.2243601686,POINT (-49.2243601686 -25.374540548)
2014-05-12 10:16:40.000000,-25.374540548,-49.2243601686,POINT (-49.2243601686 -25.374540548)
2014-05-12 10:16:50.000000,-25.374540548,-49.2243601686,POINT (-49.2243601686 -25.374540548)
2014-05-12 10:17:00.000000,-25.374540548,-49.2243601686,POINT (-49.2243601686 -25.374540548)
2014-05-12 10:17:10.000000,-25.374540548,-49.2243601686,POINT (-49.2243601686 -25.374540548)
2014-05-12 10:17:20.000000,-25.374540548,-49.2243601686,POINT (-49.2243601686 -25.374540548)
2014-05-12 10:17:30.000000,-25.374540548,-49.2243601686,POINT (-49.2243601686 -25.374540548)
2014-05-12 10:17:40.000000,-25.374540548,-49.2243601686,POINT (-49.2243601686 -25.374540548)
2014-05-12 10:17:50.000000,-25.374540548,-49.2243601686,POINT (-49.2243601686 -25.374540548)
2014-05-12 10:18:00.000000,-25.374540548,-49.2243601686,POINT (-49.2243601686 -25.374540548)
2014-05-12 10:18:10.000000,-25.374540548,-49.2243601686,POINT (-49.2243601686 -25.374540548)
2014-05-12 10:18:20.000000,-25.374540548,-49.2243601686,POINT (-49.2243601686 -25.374540548)
2014-05-12 10:18:30.000000,-25.374540548,-49.2243601686,POINT (-49.2243601686 -25.374540548)
2014-05-12 10:18:40.000000,-25.374540548,-49.2243601686,POINT (-49.2243601686 -25.374540548)
2014-05-12 10:18:50.000000,-25.374540548,-49.2243601686,POINT (-49.2243601686 -25.374540548)
2014-05-12 10:19:00.000000,-25.374540548,-49.2243601686,POINT (-49.2243601686 -25.374540548)
2014-05-12 10:19:10.000000,-25.374540548,-49.2243601686,POINT (-49.2243601686 -25.374540548)
2014-05-12 10:19:20.000000,-25.374540548,-49.2243601686,POINT (-49.2243601686 -25.374540548)
2014-05-12 10:19:30.000000,-25.374540548,-49.2243601686,POINT (-49.2243601686 -25.374540548)
2014-05-12 10:19:40.000000,-25.374540548,-49.2243601686,POINT (-49.2243601686 -25.374540548)
2014-05-12 10:19:50.000000,-25.374540548,-49.2243601686,POINT (-49.2243601686 -25.374540548)
2014-05-12 10:20:00.000000,-25.374540548,-49.2243601686,POINT (-49.2243601686 -25.374540548)
2014-05-12 10:20:10.000000,-25.374540548,-49.2243601686,POINT (-49.2243601686 -25.374540548)
2014-05-12 10:20:20.000000,-25.374540548,-49.2243601686,POINT (-49.2243601686 -25.374540548)
2014-05-12 10:20:30.000000,-25.374540548,-49.2243601686,POINT (-49.2243601686 -25.374540548)
2014-05-12 10:20:40.000000,-25.374540548,-49.2243601686,POINT (-49.2243601686 -25.374540548)
2014-05-12 10:20:50.000000,-25.374540548,-49.2243601686,POINT (-49.2243601686 -25.374540548)
2014-05-12 10:21:00.000000,-25.374540548,-49.2243601686,POINT (-49.2243601686 -25.374540548)
2014-05-12 10:21:10.000000,-25.374540548,-49.2243601686,POINT (-49.2243601686 -25.374540548)
2014-05-12 10:21:20.000000,-25.374540548,-49.2243601686,POINT (-49.2243601686 -25.374540548)
2014-05-12 10:21:30.000000,-25.374540548,-49.2243601686,POINT (-49.2243601686 -25.374540548)
2014-05-12 10:21:40.000000,-25.374540548,-49.2243601686,POINT (-49.2243601686 -25.374540548)
2014-05-12 10:21:50.000000,-25.374540548,-49.2243601686,POINT (-49.2243601686 -25.374540548)
2014-05-12 10:22:00.000000,-25.374540548,-49.2243601686,POINT (-49.2243601686 -25.374540548)
2014-05-12 10:22:10.000000,-25.374540548,-49.2243601686,POINT (-49.2243601686 -25.374540548)
2014-05-12 10:22:20.000000,-25.374540548,-49.2243601686,POINT (-49.2243601686 -25.374540548)
2014-05-12 10:22:30.000000,-25.374540548,-49.2243601686,POINT (-49.2243601686 -25.374540548)
2014-05-12 10:22:40.000000,-25.374540548,-49.2243601686,POINT (-49.2243601686 -25.374540548)
2014-05-12 10:22:50.000000,-25.374540548,-49.2243601686,POINT (-49.2243601686 -25.374540548)
2014-05-12 10:23:00.000000,-25.374540548,-49.2243601686,POINT (-49.2243601686 -25.374540548)
2014-05-12 10:23:10.000000,-25.374540548,-49.2243601686,POINT (-49.2243601686 -25.374540548)
2014-05-12 10:23:20.000000,-25.374540548,-49.2243601686,POINT (-49.2243601686 -25.374540548)
2014-05-12 10:23:30.000000,-25.374540548,-49.2243601686,POINT (-49.2243601686 -25.374540548)
2014-05-12 10:23:40.000000,-25.374540548,-49.2243601686,POINT (-49.2243601686 -25.374540548)
2014-05-12 10:23:50.000000,-25.374540548,-49.2243601686,POINT (-49.2243601686 -25.374540548)
2014-05-12 10:24:00.000000,-25.374540548,-49.2243601686,POINT (-49.2243601686 -25.374540548)
2014-05-12 10:24:10.000000,-25.374540548,-49.2243601686,POINT (-49.2243601686 -25.374540548)
2014-05-12 10:24:20.000000,-25.374540548,-49.2243601686,POINT (-49.2243601686 -25.374540548)
2014-05-12 10:24:30.000000,-25.374540548,-49.2243601686,POINT (-49.2243601686 -25.374540548)
2014-05-12 10:24:40.000000,-25.374540548,-49.2243601686,POINT (-49.2243601686 -25.374540548)
2014-05-12 10:24:50.000000,-25.374540548,-49.2243601686,POINT (-49.2243601686 -25.374540548)
2014-05-12 10:25:00.000000,-25.374540548,-49.2243601686,POINT (-49.2243601686 -25.374540548)
2014-05-12 10:25:10.000000,-25.374540548,-49.2243601686,POINT (-49.2243601686 -25.374540548)
2014-05-12 10:25:20.000000,-25.374540548,-49.2243601686,POINT (-49.2243601686 -25.374540548)
2014-05-12 10:25:30.000000,-25.374540548,-49.2243601686,POINT (-49.2243601686 -25.374540548)
2014-05-12 10:25:40.000000,-25.374540548,-49.2243601686,POINT (-49.2243601686 -25.374540548)
2014-05-12 10:25:50.000000,-25.374540548,-49.2243601686,POINT (-49.2243601686 -25.374540548)
2014-05-12 10:26:00.000000,-25.374540548,-49.2243601686,POINT (-49.2243601686 -25.374540548)
2014-05-12 10:26:10.000000,-25.374540548,-49.2243601686,POINT (-49.2243601686 -25.374540548)
2014-05-12 10:26:20.000000,-25.374540548,-49.2243601686,POINT (-49.2243601686 -25.374540548)
2014-05-12 10:26:30.000000,-25.374540548,-49.2243601686,POINT (-49.2243601686 -25.374540548)
2014-05-12 10:26:40.000000,-25.374540548,-49.2243601686,POINT (-49.2243601686 -25.374540548)
2014-05-12 10:26:50.000000,-25.374540548,-49.2243601686,POINT (-49.2243601686 -25.374540548)
2014-05-12 10:27:00.000000,-25.374540548,-49.2243601686,POINT (-49.2243601686 -25.374540548)
2014-05-12 10:27:10.000000,-25.374540548,-49.2243601686,POINT (-49.2243601686 -25.374540548)
2014-05-12 10:27:20.000000,-25.374540548,-49.2243601686,POINT (-49.2243601686 -25.374540548)
2014-05-12 10:27:30.000000,-25.374540548,-49.2243601686,POINT (-49.2243601686 -25.374540548)
2014-05-12 10:27:40.000000,-25.374540548,-49.2243601686,POINT (-49.2243601686 -25.374540548)
2014-05-12 10:27:50.000000,-25.374540548,-49.2243601686,POINT (-49.2243601686 -25.374540548)
2014-05-12 10:28:00.000000,-25.374540548,-49.2243601686,POINT (-49.2243601686 -25.374540548)
2014-05-12 10:28:10.000000,-25.374540548,-49.2243601686,POINT (-49.2243601686 -25.374540548)
2014-05-12 10:28:20.000000,-25.374540548,-49.2243601686,POINT (-49.2243601686 -25.374540548)
2014-05-12 10:28:30.000000,-25.374540548,-49.2243601686,POINT (-49.2243601686 -25.374540548)
2014-05-12 10:28:40.000000,-25.374540548,-49.2243601686,POINT (-49.2243601686 -25.374540548)
2014-05-12 10:28:50.000000,-25.374540548,-49.2243601686,POINT (-49.2243601686 -25.374540548)
2014-05-12 10:29:00.000000,-25.374540548,-49.2243601686,POINT (-49.2243601686 -25.374540548)
2014-05-12 10:29:10.000000,-25.374540548,-49.2243601686,POINT (-49.2243601686 -25.374540548)
2014-05-12 10:29:20.000000,-25.374540548,-49.2243601686,POINT (-49.2243601686 -25.374540548)
2014-05-12 10:29:30.000000,-25.374540548,-49.2243601686,POINT (-49.2243601686 -25.374540548)
2014-05-12 10:29:40.000000,-25.374540548,-49.2243601686,POINT (-49.2243601686 -25.374540548)
2014-05-12 10:29:50.000000,-25.374540548,-49.2243601686,POINT (-49.2243601686 -25.374540548)
2014-05-12 10:30:00.000000,-25.374540548,-49.2243601686,POINT (-49.2243601686 -25.374540548)
2014-05-12 10:30:10.000000,-25.374540548,-49.2243601686,POINT (-49.2243601686 -25.374540548)
2014-05-12 10:30:20.000000,-25.374540548,-49.2243601686,POINT (-49.2243601686 -25.374540548)
2014-05-12 10:30:30.000000,-25.374540548,-49.2243601686,POINT (-49.2243601686 -25.374540548)
2014-05-12 10:30:40.000000,-25.374540548,-49.2243601686,POINT (-49.2243601686 -25.374540548)
2014-05-12 10:30:50.000000,-25.374540548,-49.2243601686,POINT (-49.2243601686 -25.374540548)
2014-05-12 10:31:00.000000,-25.374540548,-49.2243601686,POINT (-49.2243601686 -25.374540548)
2014-05-12 10:31:10.000000,-25.374540548,-49.2243601686,POINT (-49.2243601686 -25.374540548)
2014-05-12 10:31:20.000000,-25.374540548,-49.2243601686,POINT (-49.2243601686 -25.374540548)
2014-05-12 10:31:30.000000,-25.374540548,-49.2243601686,POINT (-49.2243601686 -25.374540548)
2014-05-12 10:31:40.000000,-25.374540548,-49.2243601686,POINT (-49.2243601686 -25.374540548)
2014-05-12 10:31:50.000000,-25.374540548,-49.2243601686,POINT (-49.2243601686 -25.374540548)
2014-05-12 10:32:00.000000,-25.374540548,-49.2243601686,POINT (-49.2243601686 -25.374540548)
2014-05-12 10:32:10.000000,-25.374540548,-49.2243601686,POINT (-49.2243601686 -25.374540548)
2014-05-12 10:32:20.000000,-25.374540548,-49.2243601686,POINT (-49.2243601686 -25.374540548)
2014-05-12 10:32:30.000000,-25.374540548,-49.2243601686,POINT (-49.2243601686 -25.374540548)
2014-05-12 10:32:40.000000,-25.374540548,-49.2243601686,POINT (-49.2243601686 -25.374540548)
2014-05-12 10:32:50.000000,-25.374540548,-49.2243601686,POINT (-49.2243601686 -25.374540548)
2014-05-12 10:33:00.000000,-25.374540548,-49.2243601686,POINT (-49.2243601686 -25.374540548)
2014-05-12 10:33:10.000000,-25.374540548,-49.2243601686,POINT (-49.2243601686 -25.374540548)
2014-05-12 10:33:20.000000,-25.374540548,-49.2243601686,POINT (-49.2243601686 -25.374540548)
2014-05-12 10:33:30.000000,-25.374540548,-49.2243601686,POINT (-49.2243601686 -25.374540548)
2014-05-12 10:33:40.000000,-25.374540548,-49.2243601686,POINT (-49.2243601686 -25.374540548)
2014-05-12 10:33:50.000000,-25.374540548,-49.2243601686,POINT (-49.2243601686 -25.374540548)
2014-05-12 10:34:00.000000,-25.374540548,-49.2243601686,POINT (-49.2243601686 -25.374540548)
2014-05-12 10:34:10.000000,-25.374540548,-49.2243601686,POINT (-49.2243601686 -25.374540548)
2014-05-12 10:34:20.000000,-25.374540548,-49.2243601686,POINT (-49.2243601686 -25.374540548)
2014-05-12 10:34:30.000000,-25.374540548,-49.2243601686,POINT (-49.2243601686 -25.374540548)
2014-05-12 10:34:40.000000,-25.374540548,-49.2243601686,POINT (-49.2243601686 -25.374540548)
2014-05-12 10:34:50.000000,-25.374540548,-49.2243601686,POINT (-49.2243601686 -25.374540548)
2014-05-12 10:35:00.000000,-25.374540548,-49.2243601686,POINT (-49.2243601686 -25.374540548)
2014-05-12 10:35:10.000000,-25.374540548,-49.2243601686,POINT (-49.2243601686 -25.374540548)
2014-05-12 10:35:20.000000,-25.374540548,-49.2243601686,POINT (-49.2243601686 -25.374540548)
2014-05-12 10:35:30.000000,-25.374540548,-49.2243601686,POINT (-49.2243601686 -25.374540548)
2014-05-12 10:35:40.000000,-25.374540548,-49.2243601686,POINT (-49.2243601686 -25.374540548)
2014-05-12 10:35:50.000000,-25.374540548,-49.2243601686,POINT (-49.2243601686 -25.374540548)
2014-05-12 10:36:00.000000,-25.374540548,-49.2243601686,POINT (-49.2243601686 -25.374540548)
2014-05-12 10:36:10.000000,-25.374540548,-49.2243601686,POINT (-49.2243601686 -25.374540548)
2014-05-12 10:36:20.000000,-25.374540548,-49.2243601686,POINT (-49.2243601686 -25.374540548)
2014-05-12 10:36:30.000000,-25.374540548,-49.2243601686,POINT (-49.2243601686 -25.374540548)
2014-05-12 10:36:40.000000,-25.374540548,-49.2243601686,POINT (-49.2243601686 -25.374540548)
2014-05-12 10:36:50.000000,-25.374540548,-49.2243601686,POINT (-49.2243601686 -25.374540548)
2014-05-12 10:37:00.000000,-25.374540548,-49.2243601686,POINT (-49.2243601686 -25.374540548)
2014-05-12 10:37:10.000000,-25.374540548,-49.2243601686,POINT (-49.2243601686 -25.374540548)
2014-05-12 10:37:20.000000,-25.374540548,-49.2243601686,POINT (-49.2243601686 -25.374540548)
2014-05-12 10:37:30.000000,-25.374540548,-49.2243601686,POINT (-49.2243601686 -25.374540548)
2014-05-12 10:37:40.000000,-25.374540548,-49.2243601686,POINT (-49.2243601686 -25.374540548)
2014-05-12 10:37:50.000000,-25.374540548,-49.2243601686,POINT (-49.2243601686 -25.374540548)
2014-05-12 10:38:00.000000,-25.374540548,-49.2243601686,POINT (-49.2243601686 -25.374540548)
2014-05-12 10:38:10.000000,-25.374540548,-49.2243601686,POINT (-49.2243601686 -25.374540548)
2014-05-12 10:38:20.000000,-25.374540548,-49.2243601686,POINT (-49.2243601686 -25.374540548)
2014-05-12 10:38:30.000000,-25.374540548,-49.2243601686,POINT (-49.2243601686 -25.374540548)
2014-05-12 10:38:40.000000,-25.374540548,-49.2243601686,POINT (-49.2243601686 -25.374540548)
2014-05-12 10:38:50.000000,-25.374540548,-49.2243601686,POINT (-49.2243601686 -25.374540548)
2014-05-12 10:39:00.000000,-25.374540548,-49.2243601686,POINT (-49.2243601686 -25.374540548)
2014-05-12 10:39:10.000000,-25.374540548,-49.2243601686,POINT (-49.2243601686 -25.374540548)
2014-05-12 10:39:20.000000,-25.374540548,-49.2243601686,POINT (-49.2243601686 -25.374540548)
2014-05-12 10:39:30.000000,-25.374540548,-49.2243601686,POINT (-49.2243601686 -25.374540548)
2014-05-12 10:39:40.000000,-25.374540548,-49.2243601686,POINT (-49.2243601686 -25.374540548)
2014-05-12 10:39:50.000000,-25.374540548,-49.2243601686,POINT (-49.2243601686 -25.374540548)
2014-05-12 10:40:00.000000,-25.374540548,-49.2243601686,POINT (-49.2243601686 -25.374540548)
2014-05-12 10:40:10.000000,-25.374540548,-49.2243601686,POINT (-49.2243601686 -25.374540548)
2014-05-12 10:40:20.000000,-25.374540548,-49.2243601686,POINT (-49.2243601686 -25.374540548)
2014-05-12 10:40:30.000000,-25.374540548,-49.2243601686,POINT (-49.2243601686 -25.374540548)
2014-05-12 10:40:40.000000,-25.374540548,-49.2243601686,POINT (-49.2243601686 -25.374540548)
2014-05-12 10:40:50.000000,-25.374540548,-49.2243601686,POINT (-49.2243601686 -25.374540548)
2014-05-12 10:41:00.000000,-25.374540548,-49.2243601686,POINT (-49.2243601686 -25.374540548)
2014-05-12 10:41:10.000000,-25.374540548,-49.2243601686,POINT (-49.2243601686 -25.374540548)
2014-05-12 10:41:20.000000,-25.374540548,-49.2243601686,POINT (-49.2243601686 -25.374540548)
2014-05-12 10:41:30.000000,-25.374540548,-49.2243601686,POINT (-49.2243601686 -25.374540548)
2014-05-12 10:41:40.000000,-25.374540548,-49.2243601686,POINT (-49.2243601686 -25.374540548)
2014-05-12 10:41:50.000000,-25.374540548,-49.2243601686,POINT (-49.2243601686 -25.374540548)
2014-05-12 10:42:00.000000,-25.374540548,-49.2243601686,POINT (-49.2243601686 -25.374540548)
2014-05-12 10:42:10.000000,-25.374540548,-49.2243601686,POINT (-49.2243601686 -25.374540548)
2014-05-12 10:42:20.000000,-25.374540548,-49.2243601686,POINT (-49.2243601686 -25.374540548)
2014-05-12 10:42:30.000000,-25.374540548,-49.2243601686,POINT (-49.2243601686 -25.374540548)
2014-05-12 10:42:40.000000,-25.374540548,-49.2243601686,POINT (-49.2243601686 -25.374540548)
2014-05-12 10:42:50.000000,-25.374540548,-49.2243601686,POINT (-49.2243601686 -25.374540548)
2014-05-12 10:43:00.000000,-25.374540548,-49.2243601686,POINT (-49.2243601686 -25.374540548)
2014-05-12 10:43:10.000000,-25.374540548,-49.2243601686,POINT (-49.2243601686 -25.374540548)
2014-05-12 10:43:20.000000,-25.374540548,-49.2243601686,POINT (-49.2243601686 -25.374540548)
2014-05-12 10:43:30.000000,-25.374540548,-49.2243601686,POINT (-49.2243601686 -25.374540548)
2014-05-12 10:43:40.000000,-25.374540548,-49.2243601686,POINT (-49.2243601686 -25.374540548)
2014-05-12 10:43:50.000000,-25.374540548,-49.2243601686,POINT (-49.2243601686 -25.374540548)
2014-05-12 10:44:00.000000,-25.374540548,-49.2243601686,POINT (-49.2243601686 -25.374540548)
2014-05-12 10:44:10.000000,-25.374540548,-49.2243601686,POINT (-49.2243601686 -25.374540548)
2014-05-12 10:44:20.000000,-25.374540548,-49.2243601686,POINT (-49.2243601686 -25.374540548)
2014-05-12 10:44:30.000000,-25.374540548,-49.2243601686,POINT (-49.2243601686 -25.374540548)
2014-05-12 10:44:40.000000,-25.374540548,-49.2243601686,POINT (-49.2243601686 -25.374540548)
2014-05-12 10:44:50.000000,-25.374540548,-49.2243601686,POINT (-49.2243601686 -25.374540548)
2014-05-12 10:45:00.000000,-25.374540548,-49.2243601686,POINT (-49.2243601686 -25.374540548)
2014-05-12 10:45:10.000000,-25.374540548,-49.2243601686,POINT (-49.2243601686 -25.374540548)
2014-05-12 10:45:20.000000,-25.374540548,-49.2243601686,POINT (-49.2243601686 -25.374540548)
2014-05-12 10:45:30.000000,-25.374540548,-49.2243601686,POINT (-49.2243601686 -25.374540548)
2014-05-12 10:45:40.000000,-25.374540548,-49.2243601686,POINT (-49.2243601686 -25.374540548)
2014-05-12 10:45:50.000000,-25.374540548,-49.2243601686,POINT (-49.2243601686 -25.374540548)
2014-05-12 10:46:00.000000,-25.374540548,-49.2243601686,POINT (-49.2243601686 -25.374540548)
2014-05-12 10:46:10.000000,-25.374540548,-49.2243601686,POINT (-49.2243601686 -25.374540548)
2014-05-12 10:46:20.000000,-25.374540548,-49.2243601686,POINT (-49.2243601686 -25.374540548)
2014-05-12 10:46:30.000000,-25.374540548,-49.2243601686,POINT (-49.2243601686 -25.374540548)
2014-05-12 10:46:40.000000,-25.374540548,-49.2243601686,POINT (-49.2243601686 -25.374540548)
2014-05-12 10:46:50.000000,-25.374540548,-49.2243601686,POINT (-49.2243601686 -25.374540548)
2014-05-12 10:47:00.000000,-25.374540548,-49.2243601686,POINT (-49.2243601686 -25.374540548)
2014-05-12 10:47:10.000000,-25.374540548,-49.2243601686,POINT (-49.2243601686 -25.374540548)
2014-05-12 10:47:20.000000,-25.374540548,-49.2243601686,POINT (-49.2243601686 -25.374540548)
2014-05-12 10:47:30.000000,-25.374540548,-49.2243601686,POINT (-49.2243601686 -25.374540548)
2014-05-12 10:47:40.000000,-25.374540548,-49.2243601686,POINT (-49.2243601686 -25.374540548)
2014-05-12 10:47:50.000000,-25.374540548,-49.2243601686,POINT (-49.2243601686 -25.374540548)
2014-05-12 10:48:00.000000,-25.374540548,-49.2243601686,POINT (-49.2243601686 -25.374540548)
2014-05-12 10:48:10.000000,-25.374540548,-49.2243601686,POINT (-49.2243601686 -25.374540548)
2014-05-12 10:48:20.000000,-25.374540548,-49.2243601686,POINT (-49.2243601686 -25.374540548)
2014-05-12 10:48:30.000000,-25.374540548,-49.2243601686,POINT (-49.2243601686 -25.374540548)
2014-05-12 10:48:40.000000,-25.374540548,-49.2243601686,POINT (-49.2243601686 -25.374540548)
2014-05-12 10:48:50.000000,-25.374540548,-49.2243601686,POINT (-49.2243601686 -25.374540548)
2014-05-12 10:49:00.000000,-25.374540548,-49.2243601686,POINT (-49.2243601686 -25.374540548)
2014-05-12 10:49:10.000000,-25.374540548,-49.2243601686,POINT (-49.2243601686 -25.374540548)
2014-05-12 10:49:20.000000,-25.374540548,-49.2243601686,POINT (-49.2243601686 -25.374540548)
2014-05-12 10:49:30.000000,-25.374540548,-49.2243601686,POINT (-49.2243601686 -25.374540548)
2014-05-12 10:49:40.000000,-25.374540548,-49.2243601686,POINT (-49.2243601686 -25.374540548)
2014-05-12 10:49:50.000000,-25.374540548,-49.2243601686,POINT (-49.2243601686 -25.374540548)
2014-05-12 10:50:00.000000,-25.374540548,-49.2243601686,POINT (-49.2243601686 -25.374540548)
2014-05-12 10:50:10.000000,-25.374540548,-49.2243601686,POINT (-49.2243601686 -25.374540548)
2014-05-12 10:50:20.000000,-25.374540548,-49.2243601686,POINT (-49.2243601686 -25.374540548)
2014-05-12 10:50:30.000000,-25.374540548,-49.2243601686,POINT (-49.2243601686 -25.374540548)
2014-05-12 10:50:40.000000,-25.374540548,-49.2243601686,POINT (-49.2243601686 -25.374540548)
2014-05-12 10:50:50.000000,-25.374540548,-49.2243601686,POINT (-49.2243601686 -25.374540548)
2014-05-12 10:51:00.000000,-25.374540548,-49.2243601686,POINT (-49.2243601686 -25.374540548)
2014-05-12 10:51:10.000000,-25.374540548,-49.2243601686,POINT (-49.2243601686 -25.374540548)
2014-05-12 10:51:20.000000,-25.374540548,-49.2243601686,POINT (-49.2243601686 -25.374540548)
2014-05-12 10:51:30.000000,-25.374540548,-49.2243601686,POINT (-49.2243601686 -25.374540548)
2014-05-12 10:51:40.000000,-25.374540548,-49.2243601686,POINT (-49.2243601686 -25.374540548)
2014-05-12 10:51:50.000000,-25.374540548,-49.2243601686,POINT (-49.2243601686 -25.374540548)
2014-05-12 10:52:00.000000,-25.374540548,-49.2243601686,POINT (-49.2243601686 -25.374540548)
2014-05-12 10:52:10.000000,-25.374540548,-49.2243601686,POINT (-49.2243601686 -25.374540548)
2014-05-12 10:52:20.000000,-25.374540548,-49.2243601686,POINT (-49.2243601686 -25.374540548)
2014-05-12 10:52:30.000000,-25.374540548,-49.2243601686,POINT (-49.2243601686 -25.374540548)
2014-05-12 10:52:40.000000,-25.374540548,-49.2243601686,POINT (-49.2243601686 -25.374540548)
2014-05-12 10:52:50.000000,-25.374540548,-49.2243601686,POINT (-49.2243601686 -25.374540548)
2014-05-12 10:53:00.000000,-25.374540548,-49.2243601686,POINT (-49.2243601686 -25.374540548)
2014-05-12 10:53:10.000000,-25.374540548,-49.2243601686,POINT (-49.2243601686 -25.374540548)
2014-05-12 10:53:20.000000,-25.374540548,-49.2243601686,POINT (-49.2243601686 -25.374540548)
2014-05-12 10:53:30.000000,-25.374540548,-49.2243601686,POINT (-49.2243601686 -25.374540548)
2014-05-12 10:53:40.000000,-25.374540548,-49.2243601686,POINT (-49.2243601686 -25.374540548)
2014-05-12 10:53:50.000000,-25.374540548,-49.2243601686,POINT (-49.2243601686 -25.374540548)
2014-05-12 10:54:00.000000,-25.374540548,-49.2243601686,POINT (-49.2243601686 -25.374540548)
2014-05-12 10:54:10.000000,-25.374540548,-49.2243601686,POINT (-49.2243601686 -25.374540548)
2014-05-12 10:54:20.000000,-25.374540548,-49.2243601686,POINT (-49.2243601686 -25.374540548)
2014-05-12 10:54:30.000000,-25.374540548,-49.2243601686,POINT (-49.2243601686 -25.374540548)
2014-05-12 10:54:40.000000,-25.374540548,-49.2243601686,POINT (-49.2243601686 -25.374540548)
2014-05-12 10:54:50.000000,-25.374540548,-49.2243601686,POINT (-49.2243601686 -25.374540548)
2014-05-12 10:55:00.000000,-25.374540548,-49.2243601686,POINT (-49.2243601686 -25.374540548)
2014-05-12 10:55:10.000000,-25.374540548,-49.2243601686,POINT (-49.2243601686 -25.374540548)
2014-05-12 10:55:20.000000,-25.374540548,-49.2243601686,POINT (-49.2243601686 -25.374540548)
2014-05-12 10:55:30.000000,-25.374540548,-49.2243601686,POINT (-49.2243601686 -25.374540548)
2014-05-12 10:55:40.000000,-25.374540548,-49.2243601686,POINT (-49.2243601686 -25.374540548)
2014-05-12 10:55:50.000000,-25.374540548,-49.2243601686,POINT (-49.2243601686 -25.374540548)
2014-05-12 10:56:00.000000,-25.374540548,-49.2243601686,POINT (-49.2243601686 -25.374540548)
2014-05-12 10:56:10.000000,-25.374540548,-49.2243601686,POINT (-49.2243601686 -25.374540548)
2014-05-12 10:56:20.000000,-25.374540548,-49.2243601686,POINT (-49.2243601686 -25.374540548)
2014-05-12 10:56:30.000000,-25.374540548,-49.2243601686,POINT (-49.2243601686 -25.374540548)
2014-05-12 10:56:40.000000,-25.374540548,-49.2243601686,POINT (-49.2243601686 -25.374540548)
2014-05-12 10:56:50.000000,-25.374540548,-49.2243601686,POINT (-49.2243601686 -25.374540548)
2014-05-12 10:57:00.000000,-25.374540548,-49.2243601686,POINT (-49.2243601686 -25.374540548)
2014-05-12 10:57:10.000000,-25.374540548,-49.2243601686,POINT (-49.2243601686 -25.374540548)
2014-05-12 10:57:20.000000,-25.374540548,-49.2243601686,POINT (-49.2243601686 -25.374540548)
2014-05-12 10:57:30.000000,-25.374540548,-49.2243601686,POINT (-49.2243601686 -25.374540548)
2014-05-12 10:57:40.000000,-25.374540548,-49.2243601686,POINT (-49.2243601686 -25.374540548)
2014-05-12 10:57:50.000000,-25.374540548,-49.2243601686,POINT (-49.2243601686 -25.374540548)
2014-05-12 10:58:00.000000,-25.374540548,-49.2243601686,POINT (-49.2243601686 -25.374540548)
2014-05-12 10:58:10.000000,-25.374540548,-49.2243601686,POINT (-49.2243601686 -25.374540548)
2014-05-12 10:58:20.000000,-25.374540548,-49.2243601686,POINT (-49.2243601686 -25.374540548)
2014-05-12 10:58:30.000000,-25.374540548,-49.2243601686,POINT (-49.2243601686 -25.374540548)
2014-05-12 10:58:40.000000,-25.374540548,-49.2243601686,POINT (-49.2243601686 -25.374540548)
2014-05-12 10:58:50.000000,-25.374540548,-49.2243601686,POINT (-49.2243601686 -25.374540548)
2014-05-12 10:59:00.000000,-25.374540548,-49.2243601686,POINT (-49.2243601686 -25.374540548)
2014-05-12 10:59:10.000000,-25.374540548,-49.2243601686,POINT (-49.2243601686 -25.374540548)
2014-05-12 10:59:20.000000,-25.374540548,-49.2243601686,POINT (-49.2243601686 -25.374540548)
2014-05-12 10:59:30.000000,-25.374540548,-49.2243601686,POINT (-49.2243601686 -25.374540548)
2014-05-12 10:59:40.000000,-25.374540548,-49.2243601686,POINT (-49.2243601686 -25.374540548)
2014-05-12 10:59:50.000000,-25.374540548,-49.2243601686,POINT (-49.2243601686 -25.374540548)
2014-05-12 11:00:00.000000,-25.374540548,-49.2243601686,POINT (-49.2243601686 -25.374540548)
2014-05-12 11:00:10.000000,-25.374540548,-49.2243601686,POINT (-49.2243601686 -25.374540548)
2014-05-12 11:00:20.000000,-25.374540548,-49.2243601686,POINT (-49.2243601686 -25.374540548)
2014-05-12 11:00:30.000000,-25.374540548,-49.2243601686,POINT (-49.2243601686 -25.374540548)
2014-05-12 11:00:40.000000,-25.374540548,-49.2243601686,POINT (-49.2243601686 -25.374540548)
2014-05-12 11:00:50.000000,-25.374540548,-49.2243601686,POINT (-49.2243601686 -25.374540548)
2014-05-12 11:01:00.000000,-25.374540548,-49.2243601686,POINT (-49.2243601686 -25.374540548)
2014-05-12 11:01:10.000000,-25.374540548,-49.2243601686,POINT (-49.2243601686 -25.374540548)
2014-05-12 11:01:20.000000,-25.374540548,-49.2243601686,POINT (-49.2243601686 -25.374540548)
2014-05-12 11:01:30.000000,-25.374540548,-49.2243601686,POINT (-49.2243601686 -25.374540548)
2014-05-12 11:01:40.000000,-25.374540548,-49.2243601686,POINT (-49.2243601686 -25.374540548)
2014-05-12 11:01:50.000000,-25.374540548,-49.2243601686,POINT (-49.2243601686 -25.374540548)
2014-05-12 11:02:00.000000,-25.374540548,-49.2243601686,POINT (-49.2243601686 -25.374540548)
2014-05-12 11:02:10.000000,-25.374540548,-49.2243601686,POINT (-49.2243601686 -25.374540548)
2014-05-12 11:02:20.000000,-25.374540548,-49.2243601686,POINT (-49.2243601686 -25.374540548)
2014-05-12 11:02:30.000000,-25.374540548,-49.2243601686,POINT (-49.2243601686 -25.374540548)
2014-05-12 11:02:40.000000,-25.374540548,-49.2243601686,POINT (-49.2243601686 -25.374540548)
2014-05-12 11:02:50.000000,-25.374540548,-49.2243601686,POINT (-49.2243601686 -25.374540548)
2014-05-12 11:03:00.000000,-25.374540548,-49.2243601686,POINT (-49.2243601686 -25.374540548)
2014-05-12 11:03:10.000000,-25.374540548,-49.2243601686,POINT (-49.2243601686 -25.374540548)
2014-05-12 11:03:20.000000,-25.374540548,-49.2243601686,POINT (-49.2243601686 -25.374540548)
2014-05-12 11:03:30.000000,-25.374540548,-49.2243601686,POINT (-49.2243601686 -25.374540548)
2014-05-12 11:03:40.000000,-25.374540548,-49.2243601686,POINT (-49.2243601686 -25.374540548)
2014-05-12 11:03:50.000000,-25.374540548,-49.2243601686,POINT (-49.2243601686 -25.374540548)
2014-05-12 11:04:00.000000,-25.374540548,-49.2243601686,POINT (-49.2243601686 -25.374540548)
2014-05-12 11:04:10.000000,-25.374540548,-49.2243601686,POINT (-49.2243601686 -25.374540548)
2014-05-12 11:04:20.000000,-25.374540548,-49.2243601686,POINT (-49.2243601686 -25.374540548)
2014-05-12 11:04:30.000000,-25.374540548,-49.2243601686,POINT (-49.2243601686 -25.374540548)
2014-05-12 11:04:40.000000,-25.374540548,-49.2243601686,POINT (-49.2243601686 -25.374540548)
2014-05-12 11:04:50.000000,-25.374540548,-49.2243601686,POINT (-49.2243601686 -25.374540548)
2014-05-12 11:05:00.000000,-25.374540548,-49.2243601686,POINT (-49.2243601686 -25.374540548)
2014-05-12 11:05:10.000000,-25.374540548,-49.2243601686,POINT (-49.2243601686 -25.374540548)
2014-05-12 11:05:20.000000,-25.374540548,-49.2243601686,POINT (-49.2243601686 -25.374540548)
2014-05-12 11:05:30.000000,-25.374540548,-49.2243601686,POINT (-49.2243601686 -25.374540548)
2014-05-12 11:05:40.000000,-25.374540548,-49.2243601686,POINT (-49.2243601686 -25.374540548)
2014-05-12 11:05:50.000000,-25.374540548,-49.2243601686,POINT (-49.2243601686 -25.374540548)
2014-05-12 11:06:00.000000,-25.374540548,-49.2243601686,POINT (-49.2243601686 -25.374540548)
2014-05-12 11:06:10.000000,-25.374540548,-49.2243601686,POINT (-49.2243601686 -25.374540548)
2014-05-12 11:06:20.000000,-25.374540548,-49.2243601686,POINT (-49.2243601686 -25.374540548)
2014-05-12 11:06:30.000000,-25.374540548,-49.2243601686,POINT (-49.2243601686 -25.374540548)
2014-05-12 11:06:40.000000,-25.374540548,-49.2243601686,POINT (-49.2243601686 -25.374540548)
2014-05-12 11:06:50.000000,-25.374540548,-49.2243601686,POINT (-49.2243601686 -25.374540548)
2014-05-12 11:07:00.000000,-25.374540548,-49.2243601686,POINT (-49.2243601686 -25.374540548)
2014-05-12 11:07:10.000000,-25.374540548,-49.2243601686,POINT (-49.2243601686 -25.374540548)
2014-05-12 11:07:20.000000,-25.374540548,-49.2243601686,POINT (-49.2243601686 -25.374540548)
2014-05-12 11:07:30.000000,-25.374540548,-49.2243601686,POINT (-49.2243601686 -25.374540548)
2014-05-12 11:07:40.000000,-25.374540548,-49.2243601686,POINT (-49.2243601686 -25.374540548)
2014-05-12 11:07:50.000000,-25.374540548,-49.2243601686,POINT (-49.2243601686 -25.374540548)
2014-05-12 11:08:00.000000,-25.374540548,-49.2243601686,POINT (-49.2243601686 -25.374540548)
2014-05-12 11:08:10.000000,-25.374540548,-49.2243601686,POINT (-49.2243601686 -25.374540548)
2014-05-12 11:08:20.000000,-25.374540548,-49.2243601686,POINT (-49.2243601686 -25.374540548)
2014-05-12 11:08:30.000000,-25.374540548,-49.2243601686,POINT (-49.2243601686 -25.374540548)
2014-05-12 11:08:40.000000,-25.374540548,-49.2243601686,POINT (-49.2243601686 -25.374540548)
2014-05-12 11:08:50.000000,-25.374540548,-49.2243601686,POINT (-49.2243601686 -25.374540548)
2014-05-12 11:09:00.000000,-25.374540548,-49.2243601686,POINT (-49.2243601686 -25.374540548)
2014-05-12 11:09:10.000000,-25.374540548,-49.2243601686,POINT (-49.2243601686 -25.374540548)
2014-05-12 11:09:20.000000,-25.374540548,-49.2243601686,POINT (-49.2243601686 -25.374540548)
2014-05-12 11:09:30.000000,-25.374540548,-49.2243601686,POINT (-49.2243601686 -25.374540548)
2014-05-12 11:09:40.000000,-25.374540548,-49.2243601686,POINT (-49.2243601686 -25.374540548)
2014-05-12 11:09:50.000000,-25.374540548,-49.2243601686,POINT (-49.2243601686 -25.374540548)
2014-05-12 11:10:00.000000,-25.374540548,-49.2243601686,POINT (-49.2243601686 -25.374540548)
2014-05-12 11:10:10.000000,-25.374540548,-49.2243601686,POINT (-49.2243601686 -25.374540548)
2014-05-12 11:10:20.000000,-25.374540548,-49.2243601686,POINT (-49.2243601686 -25.374540548)
2014-05-12 11:10:30.000000,-25.374540548,-49.2243601686,POINT (-49.2243601686 -25.374540548)
2014-05-12 11:10:40.000000,-25.374540548,-49.2243601686,POINT (-49.2243601686 -25.374540548)
2014-05-12 11:10:50.000000,-25.374540548,-49.2243601686,POINT (-49.2243601686 -25.374540548)
2014-05-12 11:11:00.000000,-25.374540548,-49.2243601686,POINT (-49.2243601686 -25.374540548)
2014-05-12 11:11:10.000000,-25.374540548,-49.2243601686,POINT (-49.2243601686 -25.374540548)
2014-05-12 11:11:20.000000,-25.374540548,-49.2243601686,POINT (-49.2243601686 -25.374540548)
2014-05-12 11:11:30.000000,-25.374540548,-49.2243601686,POINT (-49.2243601686 -25.374540548)
2014-05-12 11:11:40.000000,-25.374540548,-49.2243601686,POINT (-49.2243601686 -25.374540548)
2014-05-12 11:11:50.000000,-25.374540548,-49.2243601686,POINT (-49.2243601686 -25.374540548)
2014-05-12 11:12:00.000000,-25.374540548,-49.2243601686,POINT (-49.2243601686 -25.374540548)
2014-05-12 11:12:10.000000,-25.374540548,-49.2243601686,POINT (-49.2243601686 -25.374540548)
2014-05-12 11:12:20.000000,-25.374540548,-49.2243601686,POINT (-49.2243601686 -25.374540548)
2014-05-12 11:12:30.000000,-25.374540548,-49.2243601686,POINT (-49.2243601686 -25.374540548)
2014-05-12 11:12:40.000000,-25.374540548,-49.2243601686,POINT (-49.2243601686 -25.374540548)
2014-05-12 11:12:50.000000,-25.374540548,-49.2243601686,POINT (-49.2243601686 -25.374540548)
2014-05-12 11:13:00.000000,-25.374540548,-49.2243601686,POINT (-49.2243601686 -25.374540548)
2014-05-12 11:13:10.000000,-25.374540548,-49.2243601686,POINT (-49.2243601686 -25.374540548)
2014-05-12 11:13:20.000000,-25.374540548,-49.2243601686,POINT (-49.2243601686 -25.374540548)
2014-05-12 11:13:30.000000,-25.374540548,-49.2243601686,POINT (-49.2243601686 -25.374540548)
2014-05-12 11:13:40.000000,-25.374540548,-49.2243601686,POINT (-49.2243601686 -25.374540548)
2014-05-12 11:13:50.000000,-25.374540548,-49.2243601686,POINT (-49.2243601686 -25.374540548)
2014-05-12 11:14:00.000000,-25.374540548,-49.2243601686,POINT (-49.2243601686 -25.374540548)
2014-05-12 11:14:10.000000,-25.374540548,-49.2243601686,POINT (-49.2243601686 -25.374540548)
2014-05-12 11:14:20.000000,-25.374540548,-49.2243601686,POINT (-49.2243601686 -25.374540548)
2014-05-12 11:14:30.000000,-25.374540548,-49.2243601686,POINT (-49.2243601686 -25.374540548)
2014-05-12 11:14:40.000000,-25.374540548,-49.2243601686,POINT (-49.2243601686 -25.374540548)
2014-05-12 11:14:50.000000,-25.374540548,-49.2243601686,POINT (-49.2243601686 -25.374540548)
2014-05-12 11:15:00.000000,-25.374540548,-49.2243601686,POINT (-49.2243601686 -25.374540548)
2014-05-12 11:15:10.000000,-25.374540548,-49.2243601686,POINT (-49.2243601686 -25.374540548)
2014-05-12 11:15:20.000000,-25.374540548,-49.2243601686,POINT (-49.2243601686 -25.374540548)
2014-05-12 11:15:30.000000,-25.374540548,-49.2243601686,POINT (-49.2243601686 -25.374540548)
2014-05-12 11:15:40.000000,-25.374540548,-49.2243601686,POINT (-49.2243601686 -25.374540548)
2014-05-12 11:15:50.000000,-25.374540548,-49.2243601686,POINT (-49.2243601686 -25.374540548)
2014-05-12 11:16:00.000000,-25.374540548,-49.2243601686,POINT (-49.2243601686 -25.374540548)
2014-05-12 11:16:10.000000,-25.374540548,-49.2243601686,POINT (-49.2243601686 -25.374540548)
2014-05-12 11:16:20.000000,-25.374540548,-49.2243601686,POINT (-49.2243601686 -25.374540548)
2014-05-12 11:16:30.000000,-25.374540548,-49.2243601686,POINT (-49.2243601686 -25.374540548)
2014-05-12 11:16:40.000000,-25.374540548,-49.2243601686,POINT (-49.2243601686 -25.374540548)
2014-05-12 11:16:50.000000,-25.374540548,-49.2243601686,POINT (-49.2243601686 -25.374540548)
2014-05-12 11:17:00.000000,-25.374540548,-49.2243601686,POINT (-49.2243601686 -25.374540548)
2014-05-12 11:17:10.000000,-25.374540548,-49.2243601686,POINT (-49.2243601686 -25.374540548)
2014-05-12 11:17:20.000000,-25.374540548,-49.2243601686,POINT (-49.2243601686 -25.374540548)
2014-05-12 11:17:30.000000,-25.374540548,-49.2243601686,POINT (-49.2243601686 -25.374540548)
2014-05-12 11:17:40.000000,-25.374540548,-49.2243601686,POINT (-49.2243601686 -25.374540548)
2014-05-12 11:17:50.000000,-25.374540548,-49.2243601686,POINT (-49.2243601686 -25.374540548)
2014-05-12 11:18:00.000000,-25.374540548,-49.2243601686,POINT (-49.2243601686 -25.374540548)
2014-05-12 11:18:10.000000,-25.374540548,-49.2243601686,POINT (-49.2243601686 -25.374540548)
2014-05-12 11:18:20.000000,-25.374540548,-49.2243601686,POINT (-49.2243601686 -25.374540548)
2014-05-12 11:18:30.000000,-25.374540548,-49.2243601686,POINT (-49.2243601686 -25.374540548)
2014-05-12 11:18:40.000000,-25.374540548,-49.2243601686,POINT (-49.2243601686 -25.374540548)
2014-05-12 11:18:50.000000,-25.374540548,-49.2243601686,POINT (-49.2243601686 -25.374540548)
2014-05-12 11:19:00.000000,-25.374540548,-49.2243601686,POINT (-49.2243601686 -25.374540548)
2014-05-12 11:19:10.000000,-25.374540548,-49.2243601686,POINT (-49.2243601686 -25.374540548)
2014-05-12 11:19:20.000000,-25.374540548,-49.2243601686,POINT (-49.2243601686 -25.374540548)
2014-05-12 11:19:30.000000,-25.374540548,-49.2243601686,POINT (-49.2243601686 -25.374540548)
2014-05-12 11:19:40.000000,-25.374540548,-49.2243601686,POINT (-49.2243601686 -25.374540548)
2014-05-12 11:19:50.000000,-25.374540548,-49.2243601686,POINT (-49.2243601686 -25.374540548)
2014-05-12 11:20:00.000000,-25.374540548,-49.2243601686,POINT (-49.2243601686 -25.374540548)
2014-05-12 11:20:10.000000,-25.374540548,-49.2243601686,POINT (-49.2243601686 -25.374540548)
2014-05-12 11:20:20.000000,-25.374540548,-49.2243601686,POINT (-49.2243601686 -25.374540548)
2014-05-12 11:20:30.000000,-25.374540548,-49.2243601686,POINT (-49.2243601686 -25.374540548)
2014-05-12 11:20:40.000000,-25.374540548,-49.2243601686,POINT (-49.2243601686 -25.374540548)
2014-05-12 11:20:50.000000,-25.374540548,-49.2243601686,POINT (-49.2243601686 -25.374540548)
2014-05-12 11:21:00.000000,-25.374540548,-49.2243601686,POINT (-49.2243601686 -25.374540548)
2014-05-12 11:21:10.000000,-25.374540548,-49.2243601686,POINT (-49.2243601686 -25.374540548)
2014-05-12 11:21:20.000000,-25.374540548,-49.2243601686,POINT (-49.2243601686 -25.374540548)
2014-05-12 11:21:30.000000,-25.374540548,-49.2243601686,POINT (-49.2243601686 -25.374540548)
2014-05-12 11:21:40.000000,-25.374540548,-49.2243601686,POINT (-49.2243601686 -25.374540548)
2014-05-12 11:21:50.000000,-25.374540548,-49.2243601686,POINT (-49.2243601686 -25.374540548)
2014-05-12 11:22:00.000000,-25.374540548,-49.2243601686,POINT (-49.2243601686 -25.374540548)
2014-05-12 11:22:10.000000,-25.374540548,-49.2243601686,POINT (-49.2243601686 -25.374540548)
2014-05-12 11:22:20.000000,-25.374540548,-49.2243601686,POINT (-49.2243601686 -25.374540548)
2014-05-12 11:22:30.000000,-25.374540548,-49.2243601686,POINT (-49.2243601686 -25.374540548)
2014-05-12 11:22:40.000000,-25.374540548,-49.2243601686,POINT (-49.2243601686 -25.374540548)
2014-05-12 11:22:50.000000,-25.374540548,-49.2243601686,POINT (-49.2243601686 -25.374540548)
2014-05-12 11:23:00.000000,-25.374540548,-49.2243601686,POINT (-49.2243601686 -25.374540548)
2014-05-12 11:23:10.000000,-25.374540548,-49.2243601686,POINT (-49.2243601686 -25.374540548)
2014-05-12 11:23:20.000000,-25.374540548,-49.2243601686,POINT (-49.2243601686 -25.374540548)
2014-05-12 11:23:30.000000,-25.374540548,-49.2243601686,POINT (-49.2243601686 -25.374540548)
2014-05-12 11:23:40.000000,-25.374540548,-49.2243601686,POINT (-49.2243601686 -25.374540548)
2014-05-12 11:23:50.000000,-25.374540548,-49.2243601686,POINT (-49.2243601686 -25.374540548)
2014-05-12 11:24:00.000000,-25.374540548,-49.2243601686,POINT (-49.2243601686 -25.374540548)
2014-05-12 11:24:10.000000,-25.374540548,-49.2243601686,POINT (-49.2243601686 -25.374540548)
2014-05-12 11:24:20.000000,-25.374540548,-49.2243601686,POINT (-49.2243601686 -25.374540548)
2014-05-12 11:24:30.000000,-25.374540548,-49.2243601686,POINT (-49.2243601686 -25.374540548)
2014-05-12 11:24:40.000000,-25.374540548,-49.2243601686,POINT (-49.2243601686 -25.374540548)
2014-05-12 11:24:50.000000,-25.374540548,-49.2243601686,POINT (-49.2243601686 -25.374540548)
2014-05-12 11:25:00.000000,-25.374540548,-49.2243601686,POINT (-49.2243601686 -25.374540548)
2014-05-12 11:25:10.000000,-25.374540548,-49.2243601686,POINT (-49.2243601686 -25.374540548)
2014-05-12 11:25:20.000000,-25.374540548,-49.2243601686,POINT (-49.2243601686 -25.374540548)
2014-05-12 11:25:30.000000,-25.374540548,-49.2243601686,POINT (-49.2243601686 -25.374540548)
2014-05-12 11:25:40.000000,-25.374540548,-49.2243601686,POINT (-49.2243601686 -25.374540548)
2014-05-12 11:25:50.000000,-25.374540548,-49.2243601686,POINT (-49.2243601686 -25.374540548)
2014-05-12 11:26:00.000000,-25.374540548,-49.2243601686,POINT (-49.2243601686 -25.374540548)
2014-05-12 11:26:10.000000,-25.374540548,-49.2243601686,POINT (-49.2243601686 -25.374540548)
2014-05-12 11:26:20.000000,-25.374540548,-49.2243601686,POINT (-49.2243601686 -25.374540548)
2014-05-12 11:26:30.000000,-25.374540548,-49.2243601686,POINT (-49.2243601686 -25.374540548)
2014-05-12 11:26:40.000000,-25.374540548,-49.2243601686,POINT (-49.2243601686 -25.374540548)
2014-05-12 11:26:50.000000,-25.374540548,-49.2243601686,POINT (-49.2243601686 -25.374540548)
2014-05-12 11:27:00.000000,-25.374540548,-49.2243601686,POINT (-49.2243601686 -25.374540548)
2014-05-12 11:27:10.000000,-25.374540548,-49.2243601686,POINT (-49.2243601686 -25.374540548)
2014-05-12 11:27:20.000000,-25.374540548,-49.2243601686,POINT (-49.2243601686 -25.374540548)
2014-05-12 11:27:30.000000,-25.374540548,-49.2243601686,POINT (-49.2243601686 -25.374540548)
2014-05-12 11:27:40.000000,-25.374540548,-49.2243601686,POINT (-49.2243601686 -25.374540548)
2014-05-12 11:27:50.000000,-25.374540548,-49.2243601686,POINT (-49.2243601686 -25.374540548)
2014-05-12 11:28:00.000000,-25.374540548,-49.2243601686,POINT (-49.2243601686 -25.374540548)
2014-05-12 11:28:10.000000,-25.374540548,-49.2243601686,POINT (-49.2243601686 -25.374540548)
2014-05-12 11:28:20.000000,-25.374540548,-49.2243601686,POINT (-49.2243601686 -25.374540548)
2014-05-12 11:28:30.000000,-25.374540548,-49.2243601686,POINT (-49.2243601686 -25.374540548)
2014-05-12 11:28:40.000000,-25.374540548,-49.2243601686,POINT (-49.2243601686 -25.374540548)
2014-05-12 11:28:50.000000,-25.374540548,-49.2243601686,POINT (-49.2243601686 -25.374540548)
2014-05-12 11:29:00.000000,-25.374540548,-49.2243601686,POINT (-49.2243601686 -25.374540548)
2014-05-12 11:29:10.000000,-25.374540548,-49.2243601686,POINT (-49.2243601686 -25.374540548)
2014-05-12 11:29:20.000000,-25.374540548,-49.2243601686,POINT (-49.2243601686 -25.374540548)
2014-05-12 11:29:30.000000,-25.374540548,-49.2243601686,POINT (-49.2243601686 -25.374540548)
2014-05-12 11:29:40.000000,-25.374540548,-49.2243601686,POINT (-49.2243601686 -25.374540548)
2014-05-12 11:29:50.000000,-25.374540548,-49.2243601686,POINT (-49.2243601686 -25.374540548)
2014-05-12 11:30:00.000000,-25.374540548,-49.2243601686,POINT (-49.2243601686 -25.374540548)
2014-05-12 11:30:10.000000,-25.374540548,-49.2243601686,POINT (-49.2243601686 -25.374540548)
2014-05-12 11:30:20.000000,-25.374540548,-49.2243601686,POINT (-49.2243601686 -25.374540548)
2014-05-12 11:30:30.000000,-25.374540548,-49.2243601686,POINT (-49.2243601686 -25.374540548)
2014-05-12 11:30:40.000000,-25.374540548,-49.2243601686,POINT (-49.2243601686 -25.374540548)
2014-05-12 11:30:50.000000,-25.374540548,-49.2243601686,POINT (-49.2243601686 -25.374540548)
2014-05-12 11:31:00.000000,-25.374540548,-49.2243601686,POINT (-49.2243601686 -25.374540548)
2014-05-12 11:31:10.000000,-25.374540548,-49.2243601686,POINT (-49.2243601686 -25.374540548)
2014-05-12 11:31:20.000000,-25.374540548,-49.2243601686,POINT (-49.2243601686 -25.374540548)
2014-05-12 11:31:30.000000,-25.374540548,-49.2243601686,POINT (-49.2243601686 -25.374540548)
2014-05-12 11:31:40.000000,-25.374540548,-49.2243601686,POINT (-49.2243601686 -25.374540548)
2014-05-12 11:31:50.000000,-25.374540548,-49.2243601686,POINT (-49.2243601686 -25.374540548)
2014-05-12 11:32:00.000000,-25.374540548,-49.2243601686,POINT (-49.2243601686 -25.374540548)
2014-05-12 11:32:10.000000,-25.374540548,-49.2243601686,POINT (-49.2243601686 -25.374540548)
2014-05-12 11:32:20.000000,-25.374540548,-49.2243601686,POINT (-49.2243601686 -25.374540548)
2014-05-12 11:32:30.000000,-25.374540548,-49.2243601686,POINT (-49.2243601686 -25.374540548)
2014-05-12 11:32:40.000000,-25.374540548,-49.2243601686,POINT (-49.2243601686 -25.374540548)
2014-05-12 11:32:50.000000,-25.374540548,-49.2243601686,POINT (-49.2243601686 -25.374540548)
2014-05-12 11:33:00.000000,-25.374540548,-49.2243601686,POINT (-49.2243601686 -25.374540548)
2014-05-12 11:33:10.000000,-25.374540548,-49.2243601686,POINT (-49.2243601686 -25.374540548)
2014-05-12 11:33:20.000000,-25.374540548,-49.2243601686,POINT (-49.2243601686 -25.374540548)
2014-05-12 11:33:30.000000,-25.374540548,-49.2243601686,POINT (-49.2243601686 -25.374540548)
2014-05-12 11:33:40.000000,-25.374540548,-49.2243601686,POINT (-49.2243601686 -25.374540548)
2014-05-12 11:33:50.000000,-25.374540548,-49.2243601686,POINT (-49.2243601686 -25.374540548)
2014-05-12 11:34:00.000000,-25.374540548,-49.2243601686,POINT (-49.2243601686 -25.374540548)
2014-05-12 11:34:10.000000,-25.374540548,-49.2243601686,POINT (-49.2243601686 -25.374540548)
2014-05-12 11:34:20.000000,-25.374540548,-49.2243601686,POINT (-49.2243601686 -25.374540548)
2014-05-12 11:34:30.000000,-25.374540548,-49.2243601686,POINT (-49.2243601686 -25.374540548)
2014-05-12 11:34:40.000000,-25.374540548,-49.2243601686,POINT (-49.2243601686 -25.374540548)
2014-05-12 11:34:50.000000,-25.374540548,-49.2243601686,POINT (-49.2243601686 -25.374540548)
2014-05-12 11:35:00.000000,-25.374540548,-49.2243601686,POINT (-49.2243601686 -25.374540548)
2014-05-12 11:35:10.000000,-25.374540548,-49.2243601686,POINT (-49.2243601686 -25.374540548)
2014-05-12 11:35:20.000000,-25.374540548,-49.2243601686,POINT (-49.2243601686 -25.374540548)
2014-05-12 11:35:30.000000,-25.374540548,-49.2243601686,POINT (-49.2243601686 -25.374540548)
2014-05-12 11:35:40.000000,-25.374540548,-49.2243601686,POINT (-49.2243601686 -25.374540548)
2014-05-12 11:35:50.000000,-25.374540548,-49.2243601686,POINT (-49.2243601686 -25.374540548)
2014-05-12 11:36:00.000000,-25.374540548,-49.2243601686,POINT (-49.2243601686 -25.374540548)
2014-05-12 11:36:10.000000,-25.374540548,-49.2243601686,POINT (-49.2243601686 -25.374540548)
2014-05-12 11:36:20.000000,-25.374540548,-49.2243601686,POINT (-49.2243601686 -25.374540548)
2014-05-12 11:36:30.000000,-25.374540548,-49.2243601686,POINT (-49.2243601686 -25.374540548)
2014-05-12 11:36:40.000000,-25.374540548,-49.2243601686,POINT (-49.2243601686 -25.374540548)
2014-05-12 11:36:50.000000,-25.374540548,-49.2243601686,POINT (-49.2243601686 -25.374540548)
2014-05-12 11:37:00.000000,-25.374540548,-49.2243601686,POINT (-49.2243601686 -25.374540548)
2014-05-12 11:37:10.000000,-25.374540548,-49.2243601686,POINT (-49.2243601686 -25.374540548)
2014-05-12 11:37:20.000000,-25.374540548,-49.2243601686,POINT (-49.2243601686 -25.374540548)
2014-05-12 11:37:30.000000,-25.374540548,-49.2243601686,POINT (-49.2243601686 -25.374540548)
2014-05-12 11:37:40.000000,-25.374540548,-49.2243601686,POINT (-49.2243601686 -25.374540548)
2014-05-12 11:37:50.000000,-25.374540548,-49.2243601686,POINT (-49.2243601686 -25.374540548)
2014-05-12 11:38:00.000000,-25.374540548,-49.2243601686,POINT (-49.2243601686 -25.374540548)
2014-05-12 11:38:10.000000,-25.374540548,-49.2243601686,POINT (-49.2243601686 -25.374540548)
2014-05-12 11:38:20.000000,-25.374540548,-49.2243601686,POINT (-49.2243601686 -25.374540548)
2014-05-12 11:38:30.000000,-25.374540548,-49.2243601686,POINT (-49.2243601686 -25.374540548)
2014-05-12 11:38:40.000000,-25.374540548,-49.2243601686,POINT (-49.2243601686 -25.374540548)
2014-05-12 11:38:50.000000,-25.374540548,-49.2243601686,POINT (-49.2243601686 -25.374540548)
2014-05-12 11:39:00.000000,-25.374540548,-49.2243601686,POINT (-49.2243601686 -25.374540548)
2014-05-12 11:39:10.000000,-25.374540548,-49.2243601686,POINT (-49.2243601686 -25.374540548)
2014-05-12 11:39:20.000000,-25.374540548,-49.2243601686,POINT (-49.2243601686 -25.374540548)
2014-05-12 11:39:30.000000,-25.374540548,-49.2243601686,POINT (-49.2243601686 -25.374540548)
2014-05-12 11:39:40.000000,-25.374540548,-49.2243601686,POINT (-49.2243601686 -25.374540548)
2014-05-12 11:39:50.000000,-25.374540548,-49.2243601686,POINT (-49.2243601686 -25.374540548)
2014-05-12 11:40:00.000000,-25.374540548,-49.2243601686,POINT (-49.2243601686 -25.374540548)
2014-05-12 11:40:10.000000,-25.374540548,-49.2243601686,POINT (-49.2243601686 -25.374540548)
2014-05-12 11:40:20.000000,-25.374540548,-49.2243601686,POINT (-49.2243601686 -25.374540548)
2014-05-12 11:40:30.000000,-25.374540548,-49.2243601686,POINT (-49.2243601686 -25.374540548)
2014-05-12 11:40:40.000000,-25.374540548,-49.2243601686,POINT (-49.2243601686 -25.374540548)
2014-05-12 11:40:50.000000,-25.374540548,-49.2243601686,POINT (-49.2243601686 -25.374540548)
2014-05-12 11:41:00.000000,-25.374540548,-49.2243601686,POINT (-49.2243601686 -25.374540548)
2014-05-12 11:41:10.000000,-25.374540548,-49.2243601686,POINT (-49.2243601686 -25.374540548)
2014-05-12 11:41:20.000000,-25.374540548,-49.2243601686,POINT (-49.2243601686 -25.374540548)
2014-05-12 11:41:30.000000,-25.374540548,-49.2243601686,POINT (-49.2243601686 -25.374540548)
2014-05-12 11:41:40.000000,-25.374540548,-49.2243601686,POINT (-49.2243601686 -25.374540548)
2014-05-12 11:41:50.000000,-25.374540548,-49.2243601686,POINT (-49.2243601686 -25.374540548)
2014-05-12 11:42:00.000000,-25.374540548,-49.2243601686,POINT (-49.2243601686 -25.374540548)
2014-05-12 11:42:10.000000,-25.374540548,-49.2243601686,POINT (-49.2243601686 -25.374540548)
2014-05-12 11:42:20.000000,-25.374540548,-49.2243601686,POINT (-49.2243601686 -25.374540548)
2014-05-12 11:42:30.000000,-25.374540548,-49.2243601686,POINT (-49.2243601686 -25.374540548)
2014-05-12 11:42:40.000000,-25.374540548,-49.2243601686,POINT (-49.2243601686 -25.374540548)
2014-05-12 11:42:50.000000,-25.374540548,-49.2243601686,POINT (-49.2243601686 -25.374540548)
2014-05-12 11:43:00.000000,-25.374540548,-49.2243601686,POINT (-49.2243601686 -25.374540548)
2014-05-12 11:43:10.000000,-25.374540548,-49.2243601686,POINT (-49.2243601686 -25.374540548)
2014-05-12 11:43:20.000000,-25.374540548,-49.2243601686,POINT (-49.2243601686 -25.374540548)
2014-05-12 11:43:30.000000,-25.374540548,-49.2243601686,POINT (-49.2243601686 -25.374540548)
2014-05-12 11:43:40.000000,-25.374540548,-49.2243601686,POINT (-49.2243601686 -25.374540548)
2014-05-12 11:43:50.000000,-25.374540548,-49.2243601686,POINT (-49.2243601686 -25.374540548)
2014-05-12 11:44:00.000000,-25.374540548,-49.2243601686,POINT (-49.2243601686 -25.374540548)
2014-05-12 11:44:10.000000,-25.374540548,-49.2243601686,POINT (-49.2243601686 -25.374540548)
2014-05-12 11:44:20.000000,-25.374540548,-49.2243601686,POINT (-49.2243601686 -25.374540548)
2014-05-12 11:44:30.000000,-25.374540548,-49.2243601686,POINT (-49.2243601686 -25.374540548)
2014-05-12 11:44:40.000000,-25.374540548,-49.2243601686,POINT (-49.2243601686 -25.374540548)
2014-05-12 11:44:50.000000,-25.374540548,-49.2243601686,POINT (-49.2243601686 -25.374540548)
2014-05-12 11:45:00.000000,-25.374540548,-49.2243601686,POINT (-49.2243601686 -25.374540548)
2014-05-12 11:45:10.000000,-25.374540548,-49.2243601686,POINT (-49.2243601686 -25.374540548)
2014-05-12 11:45:20.000000,-25.374540548,-49.2243601686,POINT (-49.2243601686 -25.374540548)
2014-05-12 11:45:30.000000,-25.374540548,-49.2243601686,POINT (-49.2243601686 -25.374540548)
2014-05-12 11:45:40.000000,-25.374540548,-49.2243601686,POINT (-49.2243601686 -25.374540548)
2014-05-12 11:45:50.000000,-25.374540548,-49.2243601686,POINT (-49.2243601686 -25.374540548)
2014-05-12 11:46:00.000000,-25.374540548,-49.2243601686,POINT (-49.2243601686 -25.374540548)
2014-05-12 11:46:10.000000,-25.374540548,-49.2243601686,POINT (-49.2243601686 -25.374540548)
2014-05-12 11:46:20.000000,-25.374540548,-49.2243601686,POINT (-49.2243601686 -25.374540548)
2014-05-12 11:46:30.000000,-25.374540548,-49.2243601686,POINT (-49.2243601686 -25.374540548)
2014-05-12 11:46:40.000000,-25.374540548,-49.2243601686,POINT (-49.2243601686 -25.374540548)
2014-05-12 11:46:50.000000,-25.374540548,-49.2243601686,POINT (-49.2243601686 -25.374540548)
2014-05-12 11:47:00.000000,-25.374540548,-49.2243601686,POINT (-49.2243601686 -25.374540548)
2014-05-12 11:47:10.000000,-25.374540548,-49.2243601686,POINT (-49.2243601686 -25.374540548)
2014-05-12 11:47:20.000000,-25.374540548,-49.2243601686,POINT (-49.2243601686 -25.374540548)
2014-05-12 11:47:30.000000,-25.374540548,-49.2243601686,POINT (-49.2243601686 -25.374540548)
2014-05-12 11:47:40.000000,-25.374540548,-49.2243601686,POINT (-49.2243601686 -25.374540548)
2014-05-12 11:47:50.000000,-25.374540548,-49.2243601686,POINT (-49.2243601686 -25.374540548)
2014-05-12 11:48:00.000000,-25.374540548,-49.2243601686,POINT (-49.2243601686 -25.374540548)
2014-05-12 11:48:10.000000,-25.374540548,-49.2243601686,POINT (-49.2243601686 -25.374540548)
2014-05-12 11:48:20.000000,-25.374540548,-49.2243601686,POINT (-49.2243601686 -25.374540548)
2014-05-12 11:48:30.000000,-25.374540548,-49.2243601686,POINT (-49.2243601686 -25.374540548)
2014-05-12 11:48:40.000000,-25.374540548,-49.2243601686,POINT (-49.2243601686 -25.374540548)
2014-05-12 11:48:50.000000,-25.374540548,-49.2243601686,POINT (-49.2243601686 -25.374540548)
2014-05-12 11:49:00.000000,-25.374540548,-49.2243601686,POINT (-49.2243601686 -25.374540548)
2014-05-12 11:49:10.000000,-25.374540548,-49.2243601686,POINT (-49.2243601686 -25.374540548)
2014-05-12 11:49:20.000000,-25.374540548,-49.2243601686,POINT (-49.2243601686 -25.374540548)
2014-05-12 11:49:30.000000,-25.374540548,-49.2243601686,POINT (-49.2243601686 -25.374540548)
2014-05-12 11:49:40.000000,-25.374540548,-49.2243601686,POINT (-49.2243601686 -25.374540548)
2014-05-12 11:49:50.000000,-25.374540548,-49.2243601686,POINT (-49.2243601686 -25.374540548)
2014-05-12 11:50:00.000000,-25.374540548,-49.2243601686,POINT (-49.2243601686 -25.374540548)
2014-05-12 11:50:10.000000,-25.374540548,-49.2243601686,POINT (-49.2243601686 -25.374540548)
2014-05-12 11:50:20.000000,-25.374540548,-49.2243601686,POINT (-49.2243601686 -25.374540548)
2014-05-12 11:50:30.000000,-25.374540548,-49.2243601686,POINT (-49.2243601686 -25.374540548)
2014-05-12 11:50:40.000000,-25.374540548,-49.2243601686,POINT (-49.2243601686 -25.374540548)
2014-05-12 11:50:50.000000,-25.374540548,-49.2243601686,POINT (-49.2243601686 -25.374540548)
2014-05-12 11:51:00.000000,-25.374540548,-49.2243601686,POINT (-49.2243601686 -25.374540548)
2014-05-12 11:51:10.000000,-25.374540548,-49.2243601686,POINT (-49.2243601686 -25.374540548)
2014-05-12 11:51:20.000000,-25.374540548,-49.2243601686,POINT (-49.2243601686 -25.374540548)
2014-05-12 11:51:30.000000,-25.374540548,-49.2243601686,POINT (-49.2243601686 -25.374540548)
2014-05-12 11:51:40.000000,-25.374540548,-49.2243601686,POINT (-49.2243601686 -25.374540548)
2014-05-12 11:51:50.000000,-25.374540548,-49.2243601686,POINT (-49.2243601686 -25.374540548)
2014-05-12 11:52:00.000000,-25.374540548,-49.2243601686,POINT (-49.2243601686 -25.374540548)
2014-05-12 11:52:10.000000,-25.374540548,-49.2243601686,POINT (-49.2243601686 -25.374540548)
2014-05-12 11:52:20.000000,-25.374540548,-49.2243601686,POINT (-49.2243601686 -25.374540548)
2014-05-12 11:52:30.000000,-25.374540548,-49.2243601686,POINT (-49.2243601686 -25.374540548)
2014-05-12 11:52:40.000000,-25.374540548,-49.2243601686,POINT (-49.2243601686 -25.374540548)
2014-05-12 11:52:50.000000,-25.374540548,-49.2243601686,POINT (-49.2243601686 -25.374540548)
2014-05-12 11:53:00.000000,-25.374540548,-49.2243601686,POINT (-49.2243601686 -25.374540548)
2014-05-12 11:53:10.000000,-25.374540548,-49.2243601686,POINT (-49.2243601686 -25.374540548)
2014-05-12 11:53:20.000000,-25.374540548,-49.2243601686,POINT (-49.2243601686 -25.374540548)
2014-05-12 11:53:30.000000,-25.374540548,-49.2243601686,POINT (-49.2243601686 -25.374540548)
2014-05-12 11:53:40.000000,-25.374540548,-49.2243601686,POINT (-49.2243601686 -25.374540548)
2014-05-12 11:53:50.000000,-25.374540548,-49.2243601686,POINT (-49.2243601686 -25.374540548)
2014-05-12 11:54:00.000000,-25.374540548,-49.2243601686,POINT (-49.2243601686 -25.374540548)
2014-05-12 11:54:10.000000,-25.374540548,-49.2243601686,POINT (-49.2243601686 -25.374540548)
2014-05-12 11:54:20.000000,-25.374540548,-49.2243601686,POINT (-49.2243601686 -25.374540548)
2014-05-12 11:54:30.000000,-25.374540548,-49.2243601686,POINT (-49.2243601686 -25.374540548)
2014-05-12 11:54:40.000000,-25.374540548,-49.2243601686,POINT (-49.2243601686 -25.374540548)
2014-05-12 11:54:50.000000,-25.374540548,-49.2243601686,POINT (-49.2243601686 -25.374540548)
2014-05-12 11:55:00.000000,-25.374540548,-49.2243601686,POINT (-49.2243601686 -25.374540548)
2014-05-12 11:55:10.000000,-25.374540548,-49.2243601686,POINT (-49.2243601686 -25.374540548)
2014-05-12 11:55:20.000000,-25.374540548,-49.2243601686,POINT (-49.2243601686 -25.374540548)
2014-05-12 11:55:30.000000,-25.374540548,-49.2243601686,POINT (-49.2243601686 -25.374540548)
2014-05-12 11:55:40.000000,-25.374540548,-49.2243601686,POINT (-49.2243601686 -25.374540548)
2014-05-12 11:55:50.000000,-25.374540548,-49.2243601686,POINT (-49.2243601686 -25.374540548)
2014-05-12 11:56:00.000000,-25.374540548,-49.2243601686,POINT (-49.2243601686 -25.374540548)
2014-05-12 11:56:10.000000,-25.374540548,-49.2243601686,POINT (-49.2243601686 -25.374540548)
2014-05-12 11:56:20.000000,-25.374540548,-49.2243601686,POINT (-49.2243601686 -25.374540548)
2014-05-12 11:56:30.000000,-25.374540548,-49.2243601686,POINT (-49.2243601686 -25.374540548)
2014-05-12 11:56:40.000000,-25.374540548,-49.2243601686,POINT (-49.2243601686 -25.374540548)
2014-05-12 11:56:50.000000,-25.374540548,-49.2243601686,POINT (-49.2243601686 -25.374540548)
2014-05-12 11:57:00.000000,-25.374540548,-49.2243601686,POINT (-49.2243601686 -25.374540548)
2014-05-12 11:57:10.000000,-25.374540548,-49.2243601686,POINT (-49.2243601686 -25.374540548)
2014-05-12 11:57:20.000000,-25.374540548,-49.2243601686,POINT (-49.2243601686 -25.374540548)
2014-05-12 11:57:30.000000,-25.374540548,-49.2243601686,POINT (-49.2243601686 -25.374540548)
2014-05-12 11:57:40.000000,-25.374540548,-49.2243601686,POINT (-49.2243601686 -25.374540548)
2014-05-12 11:57:50.000000,-25.374540548,-49.2243601686,POINT (-49.2243601686 -25.374540548)
2014-05-12 11:58:00.000000,-25.374540548,-49.2243601686,POINT (-49.2243601686 -25.374540548)
2014-05-12 11:58:10.000000,-25.374540548,-49.2243601686,POINT (-49.2243601686 -25.374540548)
2014-05-12 11:58:20.000000,-25.374540548,-49.2243601686,POINT (-49.2243601686 -25.374540548)
2014-05-12 11:58:30.000000,-25.374540548,-49.2243601686,POINT (-49.2243601686 -25.374540548)
2014-05-12 11:58:40.000000,-25.374540548,-49.2243601686,POINT (-49.2243601686 -25.374540548)
2014-05-12 11:58:50.000000,-25.374540548,-49.2243601686,POINT (-49.2243601686 -25.374540548)
2014-05-12 11:59:00.000000,-25.374540548,-49.2243601686,POINT (-49.2243601686 -25.374540548)
2014-05-12 11:59:10.000000,-25.374540548,-49.2243601686,POINT (-49.2243601686 -25.374540548)
2014-05-12 11:59:20.000000,-25.374540548,-49.2243601686,POINT (-49.2243601686 -25.374540548)
2014-05-12 11:59:30.000000,-25.374540548,-49.2243601686,POINT (-49.2243601686 -25.374540548)
2014-05-12 11:59:40.000000,-25.374540548,-49.2243601686,POINT (-49.2243601686 -25.374540548)
2014-05-12 11:59:50.000000,-25.374540548,-49.2243601686,POINT (-49.2243601686 -25.374540548)
2014-05-12 12:00:00.000000,-25.374540548,-49.2243601686,POINT (-49.2243601686 -25.374540548)
2014-05-12 12:00:10.000000,-25.374540548,-49.2243601686,POINT (-49.2243601686 -25.374540548)
2014-05-12 12:00:20.000000,-25.374540548,-49.2243601686,POINT (-49.2243601686 -25.374540548)
2014-05-12 12:00:30.000000,-25.374540548,-49.2243601686,POINT (-49.2243601686 -25.374540548)
2014-05-12 12:00:40.000000,-25.374540548,-49.2243601686,POINT (-49.2243601686 -25.374540548)
2014-05-12 12:00:50.000000,-25.374540548,-49.2243601686,POINT (-49.2243601686 -25.374540548)
2014-05-12 12:01:00.000000,-25.374540548,-49.2243601686,POINT (-49.2243601686 -25.374540548)
2014-05-12 12:01:10.000000,-25.374540548,-49.2243601686,POINT (-49.2243601686 -25.374540548)
2014-05-12 12:01:20.000000,-25.374540548,-49.2243601686,POINT (-49.2243601686 -25.374540548)
2014-05-12 12:01:30.000000,-25.374540548,-49.2243601686,POINT (-49.2243601686 -25.374540548)
2014-05-12 12:01:40.000000,-25.374540548,-49.2243601686,POINT (-49.2243601686 -25.374540548)
2014-05-12 12:01:50.000000,-25.374540548,-49.2243601686,POINT (-49.2243601686 -25.374540548)
2014-05-12 12:02:00.000000,-25.374540548,-49.2243601686,POINT (-49.2243601686 -25.374540548)
2014-05-12 12:02:10.000000,-25.374540548,-49.2243601686,POINT (-49.2243601686 -25.374540548)
2014-05-12 12:02:20.000000,-25.374540548,-49.2243601686,POINT (-49.2243601686 -25.374540548)
2014-05-12 12:02:30.000000,-25.374540548,-49.2243601686,POINT (-49.2243601686 -25.374540548)
2014-05-12 12:02:40.000000,-25.374540548,-49.2243601686,POINT (-49.2243601686 -25.374540548)
2014-05-12 12:02:50.000000,-25.374540548,-49.2243601686,POINT (-49.2243601686 -25.374540548)
2014-05-12 12:03:00.000000,-25.374540548,-49.2243601686,POINT (-49.2243601686 -25.374540548)
2014-05-12 12:03:10.000000,-25.374540548,-49.2243601686,POINT (-49.2243601686 -25.374540548)
2014-05-12 12:03:20.000000,-25.374540548,-49.2243601686,POINT (-49.2243601686 -25.374540548)
2014-05-12 12:03:30.000000,-25.374540548,-49.2243601686,POINT (-49.2243601686 -25.374540548)
2014-05-12 12:03:40.000000,-25.374540548,-49.2243601686,POINT (-49.2243601686 -25.374540548)
2014-05-12 12:03:50.000000,-25.374540548,-49.2243601686,POINT (-49.2243601686 -25.374540548)
2014-05-12 12:04:00.000000,-25.374540548,-49.2243601686,POINT (-49.2243601686 -25.374540548)
2014-05-12 12:04:10.000000,-25.374540548,-49.2243601686,POINT (-49.2243601686 -25.374540548)
2014-05-12 12:04:20.000000,-25.374540548,-49.2243601686,POINT (-49.2243601686 -25.374540548)
2014-05-12 12:04:30.000000,-25.374540548,-49.2243601686,POINT (-49.2243601686 -25.374540548)
2014-05-12 12:04:40.000000,-25.374540548,-49.2243601686,POINT (-49.2243601686 -25.374540548)
2014-05-12 12:04:50.000000,-25.374540548,-49.2243601686,POINT (-49.2243601686 -25.374540548)
2014-05-12 12:05:00.000000,-25.374540548,-49.2243601686,POINT (-49.2243601686 -25.374540548)
2014-05-12 12:05:10.000000,-25.374540548,-49.2243601686,POINT (-49.2243601686 -25.374540548)
2014-05-12 12:05:20.000000,-25.374540548,-49.2243601686,POINT (-49.2243601686 -25.374540548)
2014-05-12 12:05:30.000000,-25.374540548,-49.2243601686,POINT (-49.2243601686 -25.374540548)
2014-05-12 12:05:40.000000,-25.374540548,-49.2243601686,POINT (-49.2243601686 -25.374540548)
2014-05-12 12:05:50.000000,-25.374540548,-49.2243601686,POINT (-49.2243601686 -25.374540548)
2014-05-12 12:06:00.000000,-25.374540548,-49.2243601686,POINT (-49.2243601686 -25.374540548)
2014-05-12 12:06:10.000000,-25.374540548,-49.2243601686,POINT (-49.2243601686 -25.374540548)
2014-05-12 12:06:20.000000,-25.374540548,-49.2243601686,POINT (-49.2243601686 -25.374540548)
2014-05-12 12:06:30.000000,-25.374540548,-49.2243601686,POINT (-49.2243601686 -25.374540548)
2014-05-12 12:06:40.000000,-25.374540548,-49.2243601686,POINT (-49.2243601686 -25.374540548)
2014-05-12 12:06:50.000000,-25.374540548,-49.2243601686,POINT (-49.2243601686 -25.374540548)
2014-05-12 12:07:00.000000,-25.374540548,-49.2243601686,POINT (-49.2243601686 -25.374540548)
2014-05-12 12:07:10.000000,-25.374540548,-49.2243601686,POINT (-49.2243601686 -25.374540548)
2014-05-12 12:07:20.000000,-25.374540548,-49.2243601686,POINT (-49.2243601686 -25.374540548)
2014-05-12 12:07:30.000000,-25.374540548,-49.2243601686,POINT (-49.2243601686 -25.374540548)
2014-05-12 12:07:40.000000,-25.374540548,-49.2243601686,POINT (-49.2243601686 -25.374540548)
2014-05-12 12:07:50.000000,-25.374540548,-49.2243601686,POINT (-49.2243601686 -25.374540548)
2014-05-12 12:08:00.000000,-25.374540548,-49.2243601686,POINT (-49.2243601686 -25.374540548)
2014-05-12 12:08:10.000000,-25.374540548,-49.2243601686,POINT (-49.2243601686 -25.374540548)
2014-05-12 12:08:20.000000,-25.374540548,-49.2243601686,POINT (-49.2243601686 -25.374540548)
2014-05-12 12:08:30.000000,-25.374540548,-49.2243601686,POINT (-49.2243601686 -25.374540548)
2014-05-12 12:08:40.000000,-25.374540548,-49.2243601686,POINT (-49.2243601686 -25.374540548)
2014-05-12 12:08:50.000000,-25.374540548,-49.2243601686,POINT (-49.2243601686 -25.374540548)
2014-05-12 12:09:00.000000,-25.374540548,-49.2243601686,POINT (-49.2243601686 -25.374540548)
2014-05-12 12:09:10.000000,-25.374540548,-49.2243601686,POINT (-49.2243601686 -25.374540548)
2014-05-12 12:09:20.000000,-25.374540548,-49.2243601686,POINT (-49.2243601686 -25.374540548)
2014-05-12 12:09:30.000000,-25.374540548,-49.2243601686,POINT (-49.2243601686 -25.374540548)
2014-05-12 12:09:40.000000,-25.374540548,-49.2243601686,POINT (-49.2243601686 -25.374540548)
2014-05-12 12:09:50.000000,-25.374540548,-49.2243601686,POINT (-49.2243601686 -25.374540548)
2014-05-12 12:10:00.000000,-25.374540548,-49.2243601686,POINT (-49.2243601686 -25.374540548)
2014-05-12 12:10:10.000000,-25.374540548,-49.2243601686,POINT (-49.2243601686 -25.374540548)
2014-05-12 12:10:20.000000,-25.374540548,-49.2243601686,POINT (-49.2243601686 -25.374540548)
2014-05-12 12:10:30.000000,-25.374540548,-49.2243601686,POINT (-49.2243601686 -25.374540548)
2014-05-12 12:10:40.000000,-25.374540548,-49.2243601686,POINT (-49.2243601686 -25.374540548)
2014-05-12 12:10:50.000000,-25.374540548,-49.2243601686,POINT (-49.2243601686 -25.374540548)
2014-05-12 12:11:00.000000,-25.374540548,-49.2243601686,POINT (-49.2243601686 -25.374540548)
2014-05-12 12:11:10.000000,-25.374540548,-49.2243601686,POINT (-49.2243601686 -25.374540548)
2014-05-12 12:11:20.000000,-25.374540548,-49.2243601686,POINT (-49.2243601686 -25.374540548)
2014-05-12 12:11:30.000000,-25.374540548,-49.2243601686,POINT (-49.2243601686 -25.374540548)
2014-05-12 12:11:40.000000,-25.374540548,-49.2243601686,POINT (-49.2243601686 -25.374540548)
2014-05-12 12:11:50.000000,-25.374540548,-49.2243601686,POINT (-49.2243601686 -25.374540548)
2014-05-12 12:12:00.000000,-25.374540548,-49.2243601686,POINT (-49.2243601686 -25.374540548)
2014-05-12 12:12:10.000000,-25.374540548,-49.2243601686,POINT (-49.2243601686 -25.374540548)
2014-05-12 12:12:20.000000,-25.374540548,-49.2243601686,POINT (-49.2243601686 -25.374540548)
2014-05-12 12:12:30.000000,-25.374540548,-49.2243601686,POINT (-49.2243601686 -25.374540548)
2014-05-12 12:12:40.000000,-25.374540548,-49.2243601686,POINT (-49.2243601686 -25.374540548)
2014-05-12 12:12:50.000000,-25.374540548,-49.2243601686,POINT (-49.2243601686 -25.374540548)
2014-05-12 12:13:00.000000,-25.374540548,-49.2243601686,POINT (-49.2243601686 -25.374540548)
2014-05-12 12:13:10.000000,-25.374540548,-49.2243601686,POINT (-49.2243601686 -25.374540548)
2014-05-12 12:13:20.000000,-25.374540548,-49.2243601686,POINT (-49.2243601686 -25.374540548)
2014-05-12 12:13:30.000000,-25.374540548,-49.2243601686,POINT (-49.2243601686 -25.374540548)
2014-05-12 12:13:40.000000,-25.374540548,-49.2243601686,POINT (-49.2243601686 -25.374540548)
2014-05-12 12:13:50.000000,-25.374540548,-49.2243601686,POINT (-49.2243601686 -25.374540548)
2014-05-12 12:14:00.000000,-25.374540548,-49.2243601686,POINT (-49.2243601686 -25.374540548)
2014-05-12 12:14:10.000000,-25.374540548,-49.2243601686,POINT (-49.2243601686 -25.374540548)
2014-05-12 12:14:20.000000,-25.374540548,-49.2243601686,POINT (-49.2243601686 -25.374540548)
2014-05-12 12:14:30.000000,-25.374540548,-49.2243601686,POINT (-49.2243601686 -25.374540548)
2014-05-12 12:14:40.000000,-25.374540548,-49.2243601686,POINT (-49.2243601686 -25.374540548)
2014-05-12 12:14:50.000000,-25.374540548,-49.2243601686,POINT (-49.2243601686 -25.374540548)
2014-05-12 12:15:00.000000,-25.374540548,-49.2243601686,POINT (-49.2243601686 -25.374540548)
2014-05-12 12:15:10.000000,-25.374540548,-49.2243601686,POINT (-49.2243601686 -25.374540548)
2014-05-12 12:15:20.000000,-25.374540548,-49.2243601686,POINT (-49.2243601686 -25.374540548)
2014-05-12 12:15:30.000000,-25.374540548,-49.2243601686,POINT (-49.2243601686 -25.374540548)
2014-05-12 12:15:40.000000,-25.374540548,-49.2243601686,POINT (-49.2243601686 -25.374540548)
2014-05-12 12:15:50.000000,-25.374540548,-49.2243601686,POINT (-49.2243601686 -25.374540548)
2014-05-12 12:16:00.000000,-25.374540548,-49.2243601686,POINT (-49.2243601686 -25.374540548)
2014-05-12 12:16:10.000000,-25.374540548,-49.2243601686,POINT (-49.2243601686 -25.374540548)
2014-05-12 12:16:20.000000,-25.374540548,-49.2243601686,POINT (-49.2243601686 -25.374540548)
2014-05-12 12:16:30.000000,-25.374540548,-49.2243601686,POINT (-49.2243601686 -25.374540548)
2014-05-12 12:16:40.000000,-25.374540548,-49.2243601686,POINT (-49.2243601686 -25.374540548)
2014-05-12 12:16:50.000000,-25.374540548,-49.2243601686,POINT (-49.2243601686 -25.374540548)
2014-05-12 12:17:00.000000,-25.374540548,-49.2243601686,POINT (-49.2243601686 -25.374540548)
2014-05-12 12:17:10.000000,-25.374540548,-49.2243601686,POINT (-49.2243601686 -25.374540548)
2014-05-12 12:17:20.000000,-25.374540548,-49.2243601686,POINT (-49.2243601686 -25.374540548)
2014-05-12 12:17:30.000000,-25.374540548,-49.2243601686,POINT (-49.2243601686 -25.374540548)
2014-05-12 12:17:40.000000,-25.374540548,-49.2243601686,POINT (-49.2243601686 -25.374540548)
2014-05-12 12:17:50.000000,-25.374540548,-49.2243601686,POINT (-49.2243601686 -25.374540548)
2014-05-12 12:18:00.000000,-25.374540548,-49.2243601686,POINT (-49.2243601686 -25.374540548)
2014-05-12 12:18:10.000000,-25.374540548,-49.2243601686,POINT (-49.2243601686 -25.374540548)
2014-05-12 12:18:20.000000,-25.374540548,-49.2243601686,POINT (-49.2243601686 -25.374540548)
2014-05-12 12:18:30.000000,-25.374540548,-49.2243601686,POINT (-49.2243601686 -25.374540548)
2014-05-12 12:18:40.000000,-25.374540548,-49.2243601686,POINT (-49.2243601686 -25.374540548)
2014-05-12 12:18:50.000000,-25.374540548,-49.2243601686,POINT (-49.2243601686 -25.374540548)
2014-05-12 12:19:00.000000,-25.374540548,-49.2243601686,POINT (-49.2243601686 -25.374540548)
2014-05-12 12:19:10.000000,-25.374540548,-49.2243601686,POINT (-49.2243601686 -25.374540548)
2014-05-12 12:19:20.000000,-25.374540548,-49.2243601686,POINT (-49.2243601686 -25.374540548)
2014-05-12 12:19:30.000000,-25.374540548,-49.2243601686,POINT (-49.2243601686 -25.374540548)
2014-05-12 12:19:40.000000,-25.374540548,-49.2243601686,POINT (-49.2243601686 -25.374540548)
2014-05-12 12:19:50.000000,-25.374540548,-49.2243601686,POINT (-49.2243601686 -25.374540548)
2014-05-12 12:20:00.000000,-25.374540548,-49.2243601686,POINT (-49.2243601686 -25.374540548)
2014-05-12 12:20:10.000000,-25.374540548,-49.2243601686,POINT (-49.2243601686 -25.374540548)
2014-05-12 12:20:20.000000,-25.374540548,-49.2243601686,POINT (-49.2243601686 -25.374540548)
2014-05-12 12:20:30.000000,-25.374540548,-49.2243601686,POINT (-49.2243601686 -25.374540548)
2014-05-12 12:20:40.000000,-25.374540548,-49.2243601686,POINT (-49.2243601686 -25.374540548)
2014-05-12 12:20:50.000000,-25.374540548,-49.2243601686,POINT (-49.2243601686 -25.374540548)
2014-05-12 12:21:00.000000,-25.374540548,-49.2243601686,POINT (-49.2243601686 -25.374540548)
2014-05-12 12:21:10.000000,-25.374540548,-49.2243601686,POINT (-49.2243601686 -25.374540548)
2014-05-12 12:21:20.000000,-25.374540548,-49.2243601686,POINT (-49.2243601686 -25.374540548)
2014-05-12 12:21:30.000000,-25.374540548,-49.2243601686,POINT (-49.2243601686 -25.374540548)
2014-05-12 12:21:40.000000,-25.374540548,-49.2243601686,POINT (-49.2243601686 -25.374540548)
2014-05-12 12:21:50.000000,-25.374540548,-49.2243601686,POINT (-49.2243601686 -25.374540548)
2014-05-12 12:22:00.000000,-25.374540548,-49.2243601686,POINT (-49.2243601686 -25.374540548)
2014-05-12 12:22:10.000000,-25.374540548,-49.2243601686,POINT (-49.2243601686 -25.374540548)
2014-05-12 12:22:20.000000,-25.374540548,-49.2243601686,POINT (-49.2243601686 -25.374540548)
2014-05-12 12:22:30.000000,-25.374540548,-49.2243601686,POINT (-49.2243601686 -25.374540548)
2014-05-12 12:22:40.000000,-25.374540548,-49.2243601686,POINT (-49.2243601686 -25.374540548)
2014-05-12 12:22:50.000000,-25.374540548,-49.2243601686,POINT (-49.2243601686 -25.374540548)
2014-05-12 12:23:00.000000,-25.374540548,-49.2243601686,POINT (-49.2243601686 -25.374540548)
2014-05-12 12:23:10.000000,-25.374540548,-49.2243601686,POINT (-49.2243601686 -25.374540548)
2014-05-12 12:23:20.000000,-25.374540548,-49.2243601686,POINT (-49.2243601686 -25.374540548)
2014-05-12 12:23:30.000000,-25.374540548,-49.2243601686,POINT (-49.2243601686 -25.374540548)
2014-05-12 12:23:40.000000,-25.374540548,-49.2243601686,POINT (-49.2243601686 -25.374540548)
2014-05-12 12:23:50.000000,-25.374540548,-49.2243601686,POINT (-49.2243601686 -25.374540548)
2014-05-12 12:24:00.000000,-25.374540548,-49.2243601686,POINT (-49.2243601686 -25.374540548)
2014-05-12 12:24:10.000000,-25.374540548,-49.2243601686,POINT (-49.2243601686 -25.374540548)
2014-05-12 12:24:20.000000,-25.374540548,-49.2243601686,POINT (-49.2243601686 -25.374540548)
2014-05-12 12:24:30.000000,-25.374540548,-49.2243601686,POINT (-49.2243601686 -25.374540548)
2014-05-12 12:24:40.000000,-25.374540548,-49.2243601686,POINT (-49.2243601686 -25.374540548)
2014-05-12 12:24:50.000000,-25.374540548,-49.2243601686,POINT (-49.2243601686 -25.374540548)
2014-05-12 12:25:00.000000,-25.374540548,-49.2243601686,POINT (-49.2243601686 -25.374540548)
2014-05-12 12:25:10.000000,-25.374540548,-49.2243601686,POINT (-49.2243601686 -25.374540548)
2014-05-12 12:25:20.000000,-25.374540548,-49.2243601686,POINT (-49.2243601686 -25.374540548)
2014-05-12 12:25:30.000000,-25.374540548,-49.2243601686,POINT (-49.2243601686 -25.374540548)
2014-05-12 12:25:40.000000,-25.374540548,-49.2243601686,POINT (-49.2243601686 -25.374540548)
2014-05-12 12:25:50.000000,-25.374540548,-49.2243601686,POINT (-49.2243601686 -25.374540548)
2014-05-12 12:26:00.000000,-25.374540548,-49.2243601686,POINT (-49.2243601686 -25.374540548)
2014-05-12 12:26:10.000000,-25.374540548,-49.2243601686,POINT (-49.2243601686 -25.374540548)
2014-05-12 12:26:20.000000,-25.374540548,-49.2243601686,POINT (-49.2243601686 -25.374540548)
2014-05-12 12:26:30.000000,-25.374540548,-49.2243601686,POINT (-49.2243601686 -25.374540548)
2014-05-12 12:26:40.000000,-25.374540548,-49.2243601686,POINT (-49.2243601686 -25.374540548)
2014-05-12 12:26:50.000000,-25.374540548,-49.2243601686,POINT (-49.2243601686 -25.374540548)
2014-05-12 12:27:00.000000,-25.374540548,-49.2243601686,POINT (-49.2243601686 -25.374540548)
2014-05-12 12:27:10.000000,-25.374540548,-49.2243601686,POINT (-49.2243601686 -25.374540548)
2014-05-12 12:27:20.000000,-25.374540548,-49.2243601686,POINT (-49.2243601686 -25.374540548)
2014-05-12 12:27:30.000000,-25.374540548,-49.2243601686,POINT (-49.2243601686 -25.374540548)
2014-05-12 12:27:40.000000,-25.374540548,-49.2243601686,POINT (-49.2243601686 -25.374540548)
2014-05-12 12:27:50.000000,-25.374540548,-49.2243601686,POINT (-49.2243601686 -25.374540548)
2014-05-12 12:28:00.000000,-25.374540548,-49.2243601686,POINT (-49.2243601686 -25.374540548)
2014-05-12 12:28:10.000000,-25.374540548,-49.2243601686,POINT (-49.2243601686 -25.374540548)
2014-05-12 12:28:20.000000,-25.374540548,-49.2243601686,POINT (-49.2243601686 -25.374540548)
2014-05-12 12:28:30.000000,-25.374540548,-49.2243601686,POINT (-49.2243601686 -25.374540548)
2014-05-12 12:28:40.000000,-25.374540548,-49.2243601686,POINT (-49.2243601686 -25.374540548)
2014-05-12 12:28:50.000000,-25.374540548,-49.2243601686,POINT (-49.2243601686 -25.374540548)
2014-05-12 12:29:00.000000,-25.374540548,-49.2243601686,POINT (-49.2243601686 -25.374540548)
2014-05-12 12:29:10.000000,-25.374540548,-49.2243601686,POINT (-49.2243601686 -25.374540548)
2014-05-12 12:29:20.000000,-25.374540548,-49.2243601686,POINT (-49.2243601686 -25.374540548)
2014-05-12 12:29:30.000000,-25.374540548,-49.2243601686,POINT (-49.2243601686 -25.374540548)
2014-05-12 12:29:40.000000,-25.374540548,-49.2243601686,POINT (-49.2243601686 -25.374540548)
2014-05-12 12:29:50.000000,-25.374540548,-49.2243601686,POINT (-49.2243601686 -25.374540548)
2014-05-12 12:30:00.000000,-25.374540548,-49.2243601686,POINT (-49.2243601686 -25.374540548)
2014-05-12 12:30:10.000000,-25.374540548,-49.2243601686,POINT (-49.2243601686 -25.374540548)
2014-05-12 12:30:20.000000,-25.374540548,-49.2243601686,POINT (-49.2243601686 -25.374540548)
2014-05-12 12:30:30.000000,-25.374540548,-49.2243601686,POINT (-49.2243601686 -25.374540548)
2014-05-12 12:30:40.000000,-25.374540548,-49.2243601686,POINT (-49.2243601686 -25.374540548)
2014-05-12 12:30:50.000000,-25.374540548,-49.2243601686,POINT (-49.2243601686 -25.374540548)
2014-05-12 12:31:00.000000,-25.374540548,-49.2243601686,POINT (-49.2243601686 -25.374540548)
2014-05-12 12:31:10.000000,-25.374540548,-49.2243601686,POINT (-49.2243601686 -25.374540548)
2014-05-12 12:31:20.000000,-25.374540548,-49.2243601686,POINT (-49.2243601686 -25.374540548)
2014-05-12 12:31:30.000000,-25.374540548,-49.2243601686,POINT (-49.2243601686 -25.374540548)
2014-05-12 12:31:40.000000,-25.374540548,-49.2243601686,POINT (-49.2243601686 -25.374540548)
2014-05-12 12:31:50.000000,-25.374540548,-49.2243601686,POINT (-49.2243601686 -25.374540548)
2014-05-12 12:32:00.000000,-25.374540548,-49.2243601686,POINT (-49.2243601686 -25.374540548)
2014-05-12 12:32:10.000000,-25.374540548,-49.2243601686,POINT (-49.2243601686 -25.374540548)
2014-05-12 12:32:20.000000,-25.374540548,-49.2243601686,POINT (-49.2243601686 -25.374540548)
2014-05-12 12:32:30.000000,-25.374540548,-49.2243601686,POINT (-49.2243601686 -25.374540548)
2014-05-12 12:32:40.000000,-25.374540548,-49.2243601686,POINT (-49.2243601686 -25.374540548)
2014-05-12 12:32:50.000000,-25.374540548,-49.2243601686,POINT (-49.2243601686 -25.374540548)
2014-05-12 12:33:00.000000,-25.374540548,-49.2243601686,POINT (-49.2243601686 -25.374540548)
2014-05-12 12:33:10.000000,-25.374540548,-49.2243601686,POINT (-49.2243601686 -25.374540548)
2014-05-12 12:33:20.000000,-25.374540548,-49.2243601686,POINT (-49.2243601686 -25.374540548)
2014-05-12 12:33:30.000000,-25.374540548,-49.2243601686,POINT (-49.2243601686 -25.374540548)
2014-05-12 12:33:40.000000,-25.374540548,-49.2243601686,POINT (-49.2243601686 -25.374540548)
2014-05-12 12:33:50.000000,-25.374540548,-49.2243601686,POINT (-49.2243601686 -25.374540548)
2014-05-12 12:34:00.000000,-25.374540548,-49.2243601686,POINT (-49.2243601686 -25.374540548)
2014-05-12 12:34:10.000000,-25.374540548,-49.2243601686,POINT (-49.2243601686 -25.374540548)
2014-05-12 12:34:20.000000,-25.374540548,-49.2243601686,POINT (-49.2243601686 -25.374540548)
2014-05-12 12:34:30.000000,-25.374540548,-49.2243601686,POINT (-49.2243601686 -25.374540548)
2014-05-12 12:34:40.000000,-25.374540548,-49.2243601686,POINT (-49.2243601686 -25.374540548)
2014-05-12 12:34:50.000000,-25.374540548,-49.2243601686,POINT (-49.2243601686 -25.374540548)
2014-05-12 12:35:00.000000,-25.374540548,-49.2243601686,POINT (-49.2243601686 -25.374540548)
2014-05-12 12:35:10.000000,-25.374540548,-49.2243601686,POINT (-49.2243601686 -25.374540548)
2014-05-12 12:35:20.000000,-25.374540548,-49.2243601686,POINT (-49.2243601686 -25.374540548)
2014-05-12 12:35:30.000000,-25.374540548,-49.2243601686,POINT (-49.2243601686 -25.374540548)
2014-05-12 12:35:40.000000,-25.374540548,-49.2243601686,POINT (-49.2243601686 -25.374540548)
2014-05-12 12:35:50.000000,-25.374540548,-49.2243601686,POINT (-49.2243601686 -25.374540548)
2014-05-12 12:36:00.000000,-25.374540548,-49.2243601686,POINT (-49.2243601686 -25.374540548)
2014-05-12 12:36:10.000000,-25.374540548,-49.2243601686,POINT (-49.2243601686 -25.374540548)
2014-05-12 12:36:20.000000,-25.374540548,-49.2243601686,POINT (-49.2243601686 -25.374540548)
2014-05-12 12:36:30.000000,-25.374540548,-49.2243601686,POINT (-49.2243601686 -25.374540548)
2014-05-12 12:36:40.000000,-25.374540548,-49.2243601686,POINT (-49.2243601686 -25.374540548)
2014-05-12 12:36:50.000000,-25.374540548,-49.2243601686,POINT (-49.2243601686 -25.374540548)
2014-05-12 12:37:00.000000,-25.374540548,-49.2243601686,POINT (-49.2243601686 -25.374540548)
2014-05-12 12:37:10.000000,-25.374540548,-49.2243601686,POINT (-49.2243601686 -25.374540548)
2014-05-12 12:37:20.000000,-25.374540548,-49.2243601686,POINT (-49.2243601686 -25.374540548)
2014-05-12 12:37:30.000000,-25.374540548,-49.2243601686,POINT (-49.2243601686 -25.374540548)
2014-05-12 12:37:40.000000,-25.374540548,-49.2243601686,POINT (-49.2243601686 -25.374540548)
2014-05-12 12:37:50.000000,-25.374540548,-49.2243601686,POINT (-49.2243601686 -25.374540548)
2014-05-12 12:38:00.000000,-25.374540548,-49.2243601686,POINT (-49.2243601686 -25.374540548)
2014-05-12 12:38:10.000000,-25.374540548,-49.2243601686,POINT (-49.2243601686 -25.374540548)
2014-05-12 12:38:20.000000,-25.374540548,-49.2243601686,POINT (-49.2243601686 -25.374540548)
2014-05-12 12:38:30.000000,-25.374540548,-49.2243601686,POINT (-49.2243601686 -25.374540548)
2014-05-12 12:38:40.000000,-25.374540548,-49.2243601686,POINT (-49.2243601686 -25.374540548)
2014-05-12 12:38:50.000000,-25.374540548,-49.2243601686,POINT (-49.2243601686 -25.374540548)
2014-05-12 12:39:00.000000,-25.374540548,-49.2243601686,POINT (-49.2243601686 -25.374540548)
2014-05-12 12:39:10.000000,-25.374540548,-49.2243601686,POINT (-49.2243601686 -25.374540548)
2014-05-12 12:39:20.000000,-25.374540548,-49.2243601686,POINT (-49.2243601686 -25.374540548)
2014-05-12 12:39:30.000000,-25.374540548,-49.2243601686,POINT (-49.2243601686 -25.374540548)
2014-05-12 12:39:40.000000,-25.374540548,-49.2243601686,POINT (-49.2243601686 -25.374540548)
2014-05-12 12:39:50.000000,-25.374540548,-49.2243601686,POINT (-49.2243601686 -25.374540548)
2014-05-12 12:40:00.000000,-25.374540548,-49.2243601686,POINT (-49.2243601686 -25.374540548)
2014-05-12 12:40:10.000000,-25.374540548,-49.2243601686,POINT (-49.2243601686 -25.374540548)
2014-05-12 12:40:20.000000,-25.374540548,-49.2243601686,POINT (-49.2243601686 -25.374540548)
2014-05-12 12:40:30.000000,-25.374540548,-49.2243601686,POINT (-49.2243601686 -25.374540548)
2014-05-12 12:40:40.000000,-25.374540548,-49.2243601686,POINT (-49.2243601686 -25.374540548)
2014-05-12 12:40:50.000000,-25.374540548,-49.2243601686,POINT (-49.2243601686 -25.374540548)
2014-05-12 12:41:00.000000,-25.374540548,-49.2243601686,POINT (-49.2243601686 -25.374540548)
2014-05-12 12:41:10.000000,-25.374540548,-49.2243601686,POINT (-49.2243601686 -25.374540548)
2014-05-12 12:41:20.000000,-25.374540548,-49.2243601686,POINT (-49.2243601686 -25.374540548)
2014-05-12 12:41:30.000000,-25.374540548,-49.2243601686,POINT (-49.2243601686 -25.374540548)
2014-05-12 12:41:40.000000,-25.374540548,-49.2243601686,POINT (-49.2243601686 -25.374540548)
2014-05-12 12:41:50.000000,-25.374540548,-49.2243601686,POINT (-49.2243601686 -25.374540548)
2014-05-12 12:42:00.000000,-25.374540548,-49.2243601686,POINT (-49.2243601686 -25.374540548)
2014-05-12 12:42:10.000000,-25.374540548,-49.2243601686,POINT (-49.2243601686 -25.374540548)
2014-05-12 12:42:20.000000,-25.374540548,-49.2243601686,POINT (-49.2243601686 -25.374540548)
2014-05-12 12:42:30.000000,-25.374540548,-49.2243601686,POINT (-49.2243601686 -25.374540548)
2014-05-12 12:42:40.000000,-25.374540548,-49.2243601686,POINT (-49.2243601686 -25.374540548)
2014-05-12 12:42:50.000000,-25.374540548,-49.2243601686,POINT (-49.2243601686 -25.374540548)
2014-05-12 12:43:00.000000,-25.374540548,-49.2243601686,POINT (-49.2243601686 -25.374540548)
2014-05-12 12:43:10.000000,-25.374540548,-49.2243601686,POINT (-49.2243601686 -25.374540548)
2014-05-12 12:43:20.000000,-25.374540548,-49.2243601686,POINT (-49.2243601686 -25.374540548)
2014-05-12 12:43:30.000000,-25.374540548,-49.2243601686,POINT (-49.2243601686 -25.374540548)
2014-05-12 12:43:40.000000,-25.374540548,-49.2243601686,POINT (-49.2243601686 -25.374540548)
2014-05-12 12:43:50.000000,-25.374540548,-49.2243601686,POINT (-49.2243601686 -25.374540548)
2014-05-12 12:44:00.000000,-25.374540548,-49.2243601686,POINT (-49.2243601686 -25.374540548)
2014-05-12 12:44:10.000000,-25.374540548,-49.2243601686,POINT (-49.2243601686 -25.374540548)
2014-05-12 12:44:20.000000,-25.374540548,-49.2243601686,POINT (-49.2243601686 -25.374540548)
2014-05-12 12:44:30.000000,-25.374540548,-49.2243601686,POINT (-49.2243601686 -25.374540548)
2014-05-12 12:44:40.000000,-25.374540548,-49.2243601686,POINT (-49.2243601686 -25.374540548)
2014-05-12 12:44:50.000000,-25.374540548,-49.2243601686,POINT (-49.2243601686 -25.374540548)
2014-05-12 12:45:00.000000,-25.374540548,-49.2243601686,POINT (-49.2243601686 -25.374540548)
2014-05-12 12:45:10.000000,-25.374540548,-49.2243601686,POINT (-49.2243601686 -25.374540548)
2014-05-12 12:45:20.000000,-25.374540548,-49.2243601686,POINT (-49.2243601686 -25.374540548)
2014-05-12 12:45:30.000000,-25.374540548,-49.2243601686,POINT (-49.2243601686 -25.374540548)
2014-05-12 12:45:40.000000,-25.374540548,-49.2243601686,POINT (-49.2243601686 -25.374540548)
2014-05-12 12:45:50.000000,-25.374540548,-49.2243601686,POINT (-49.2243601686 -25.374540548)
2014-05-12 12:46:00.000000,-25.374540548,-49.2243601686,POINT (-49.2243601686 -25.374540548)
2014-05-12 12:46:10.000000,-25.374540548,-49.2243601686,POINT (-49.2243601686 -25.374540548)
2014-05-12 12:46:20.000000,-25.374540548,-49.2243601686,POINT (-49.2243601686 -25.374540548)
2014-05-12 12:46:30.000000,-25.374540548,-49.2243601686,POINT (-49.2243601686 -25.374540548)
2014-05-12 12:46:40.000000,-25.374540548,-49.2243601686,POINT (-49.2243601686 -25.374540548)
2014-05-12 12:46:50.000000,-25.374540548,-49.2243601686,POINT (-49.2243601686 -25.374540548)
2014-05-12 12:47:00.000000,-25.374540548,-49.2243601686,POINT (-49.2243601686 -25.374540548)
2014-05-12 12:47:10.000000,-25.374540548,-49.2243601686,POINT (-49.2243601686 -25.374540548)
2014-05-12 12:47:20.000000,-25.374540548,-49.2243601686,POINT (-49.2243601686 -25.374540548)
2014-05-12 12:47:30.000000,-25.374540548,-49.2243601686,POINT (-49.2243601686 -25.374540548)
2014-05-12 12:47:40.000000,-25.374540548,-49.2243601686,POINT (-49.2243601686 -25.374540548)
2014-05-12 12:47:50.000000,-25.374540548,-49.2243601686,POINT (-49.2243601686 -25.374540548)
2014-05-12 12:48:00.000000,-25.374540548,-49.2243601686,POINT (-49.2243601686 -25.374540548)
2014-05-12 12:48:10.000000,-25.374540548,-49.2243601686,POINT (-49.2243601686 -25.374540548)
2014-05-12 12:48:20.000000,-25.374540548,-49.2243601686,POINT (-49.2243601686 -25.374540548)
2014-05-12 12:48:30.000000,-25.374540548,-49.2243601686,POINT (-49.2243601686 -25.374540548)
2014-05-12 12:48:40.000000,-25.374540548,-49.2243601686,POINT (-49.2243601686 -25.374540548)
2014-05-12 12:48:50.000000,-25.374540548,-49.2243601686,POINT (-49.2243601686 -25.374540548)
2014-05-12 12:49:00.000000,-25.374540548,-49.2243601686,POINT (-49.2243601686 -25.374540548)
2014-05-12 12:49:10.000000,-25.374540548,-49.2243601686,POINT (-49.2243601686 -25.374540548)
2014-05-12 12:49:20.000000,-25.374540548,-49.2243601686,POINT (-49.2243601686 -25.374540548)
2014-05-12 12:49:30.000000,-25.374540548,-49.2243601686,POINT (-49.2243601686 -25.374540548)
2014-05-12 12:49:40.000000,-25.374540548,-49.2243601686,POINT (-49.2243601686 -25.374540548)
2014-05-12 12:49:50.000000,-25.374540548,-49.2243601686,POINT (-49.2243601686 -25.374540548)
2014-05-12 12:50:00.000000,-25.374540548,-49.2243601686,POINT (-49.2243601686 -25.374540548)
2014-05-12 12:50:10.000000,-25.374540548,-49.2243601686,POINT (-49.2243601686 -25.374540548)
2014-05-12 12:50:20.000000,-25.374540548,-49.2243601686,POINT (-49.2243601686 -25.374540548)
2014-05-12 12:50:30.000000,-25.374540548,-49.2243601686,POINT (-49.2243601686 -25.374540548)
2014-05-12 12:50:40.000000,-25.374540548,-49.2243601686,POINT (-49.2243601686 -25.374540548)
2014-05-12 12:50:50.000000,-25.374540548,-49.2243601686,POINT (-49.2243601686 -25.374540548)
2014-05-12 12:51:00.000000,-25.374540548,-49.2243601686,POINT (-49.2243601686 -25.374540548)
2014-05-12 12:51:10.000000,-25.374540548,-49.2243601686,POINT (-49.2243601686 -25.374540548)
2014-05-12 12:51:20.000000,-25.374540548,-49.2243601686,POINT (-49.2243601686 -25.374540548)
2014-05-12 12:51:30.000000,-25.374540548,-49.2243601686,POINT (-49.2243601686 -25.374540548)
2014-05-12 12:51:40.000000,-25.374540548,-49.2243601686,POINT (-49.2243601686 -25.374540548)
2014-05-12 12:51:50.000000,-25.374540548,-49.2243601686,POINT (-49.2243601686 -25.374540548)
2014-05-12 12:52:00.000000,-25.374540548,-49.2243601686,POINT (-49.2243601686 -25.374540548)
2014-05-12 12:52:10.000000,-25.374540548,-49.2243601686,POINT (-49.2243601686 -25.374540548)
2014-05-12 12:52:20.000000,-25.374540548,-49.2243601686,POINT (-49.2243601686 -25.374540548)
2014-05-12 12:52:30.000000,-25.374540548,-49.2243601686,POINT (-49.2243601686 -25.374540548)
2014-05-12 12:52:40.000000,-25.374540548,-49.2243601686,POINT (-49.2243601686 -25.374540548)
2014-05-12 12:52:50.000000,-25.374540548,-49.2243601686,POINT (-49.2243601686 -25.374540548)
2014-05-12 12:53:00.000000,-25.374540548,-49.2243601686,POINT (-49.2243601686 -25.374540548)
2014-05-12 12:53:10.000000,-25.374540548,-49.2243601686,POINT (-49.2243601686 -25.374540548)
2014-05-12 12:53:20.000000,-25.374540548,-49.2243601686,POINT (-49.2243601686 -25.374540548)
2014-05-12 12:53:30.000000,-25.374540548,-49.2243601686,POINT (-49.2243601686 -25.374540548)
2014-05-12 12:53:40.000000,-25.374540548,-49.2243601686,POINT (-49.2243601686 -25.374540548)
2014-05-12 12:53:50.000000,-25.374540548,-49.2243601686,POINT (-49.2243601686 -25.374540548)
2014-05-12 12:54:00.000000,-25.374540548,-49.2243601686,POINT (-49.2243601686 -25.374540548)
2014-05-12 12:54:10.000000,-25.374540548,-49.2243601686,POINT (-49.2243601686 -25.374540548)
2014-05-12 12:54:20.000000,-25.374540548,-49.2243601686,POINT (-49.2243601686 -25.374540548)
2014-05-12 12:54:30.000000,-25.374540548,-49.2243601686,POINT (-49.2243601686 -25.374540548)
2014-05-12 12:54:40.000000,-25.374540548,-49.2243601686,POINT (-49.2243601686 -25.374540548)
2014-05-12 12:54:50.000000,-25.374540548,-49.2243601686,POINT (-49.2243601686 -25.374540548)
2014-05-12 12:55:00.000000,-25.374540548,-49.2243601686,POINT (-49.2243601686 -25.374540548)
2014-05-12 12:55:10.000000,-25.374540548,-49.2243601686,POINT (-49.2243601686 -25.374540548)
2014-05-12 12:55:20.000000,-25.374540548,-49.2243601686,POINT (-49.2243601686 -25.374540548)
2014-05-12 12:55:30.000000,-25.374540548,-49.2243601686,POINT (-49.2243601686 -25.374540548)
2014-05-12 12:55:40.000000,-25.374540548,-49.2243601686,POINT (-49.2243601686 -25.374540548)
2014-05-12 12:55:50.000000,-25.374540548,-49.2243601686,POINT (-49.2243601686 -25.374540548)
2014-05-12 12:56:00.000000,-25.374540548,-49.2243601686,POINT (-49.2243601686 -25.374540548)
2014-05-12 12:56:10.000000,-25.374540548,-49.2243601686,POINT (-49.2243601686 -25.374540548)
2014-05-12 12:56:20.000000,-25.374540548,-49.2243601686,POINT (-49.2243601686 -25.374540548)
2014-05-12 12:56:30.000000,-25.374540548,-49.2243601686,POINT (-49.2243601686 -25.374540548)
2014-05-12 12:56:40.000000,-25.374540548,-49.2243601686,POINT (-49.2243601686 -25.374540548)
2014-05-12 12:56:50.000000,-25.374540548,-49.2243601686,POINT (-49.2243601686 -25.374540548)
2014-05-12 12:57:00.000000,-25.374540548,-49.2243601686,POINT (-49.2243601686 -25.374540548)
2014-05-12 12:57:10.000000,-25.374540548,-49.2243601686,POINT (-49.2243601686 -25.374540548)
2014-05-12 12:57:20.000000,-25.374540548,-49.2243601686,POINT (-49.2243601686 -25.374540548)
2014-05-12 12:57:30.000000,-25.374540548,-49.2243601686,POINT (-49.2243601686 -25.374540548)
2014-05-12 12:57:40.000000,-25.374540548,-49.2243601686,POINT (-49.2243601686 -25.374540548)
2014-05-12 12:57:50.000000,-25.374540548,-49.2243601686,POINT (-49.2243601686 -25.374540548)
2014-05-12 12:58:00.000000,-25.374540548,-49.2243601686,POINT (-49.2243601686 -25.374540548)
2014-05-12 12:58:10.000000,-25.374540548,-49.2243601686,POINT (-49.2243601686 -25.374540548)
2014-05-12 12:58:20.000000,-25.374540548,-49.2243601686,POINT (-49.2243601686 -25.374540548)
2014-05-12 12:58:30.000000,-25.374540548,-49.2243601686,POINT (-49.2243601686 -25.374540548)
2014-05-12 12:58:40.000000,-25.374540548,-49.2243601686,POINT (-49.2243601686 -25.374540548)
2014-05-12 12:58:50.000000,-25.374540548,-49.2243601686,POINT (-49.2243601686 -25.374540548)
2014-05-12 12:59:00.000000,-25.374540548,-49.2243601686,POINT (-49.2243601686 -25.374540548)
2014-05-12 12:59:10.000000,-25.374540548,-49.2243601686,POINT (-49.2243601686 -25.374540548)
2014-05-12 12:59:20.000000,-25.374540548,-49.2243601686,POINT (-49.2243601686 -25.374540548)
2014-05-12 12:59:30.000000,-25.374540548,-49.2243601686,POINT (-49.2243601686 -25.374540548)
2014-05-12 12:59:40.000000,-25.374540548,-49.2243601686,POINT (-49.2243601686 -25.374540548)
2014-05-12 12:59:50.000000,-25.374540548,-49.2243601686,POINT (-49.2243601686 -25.374540548)
2014-05-12 13:00:00.000000,-25.374540548,-49.2243601686,POINT (-49.2243601686 -25.374540548)
2014-05-12 13:00:10.000000,-25.374540548,-49.2243601686,POINT (-49.2243601686 -25.374540548)
2014-05-12 13:00:20.000000,-25.374540548,-49.2243601686,POINT (-49.2243601686 -25.374540548)
2014-05-12 13:00:30.000000,-25.374540548,-49.2243601686,POINT (-49.2243601686 -25.374540548)
2014-05-12 13:00:40.000000,-25.374540548,-49.2243601686,POINT (-49.2243601686 -25.374540548)
2014-05-12 13:00:50.000000,-25.374540548,-49.2243601686,POINT (-49.2243601686 -25.374540548)
2014-05-12 13:01:00.000000,-25.374540548,-49.2243601686,POINT (-49.2243601686 -25.374540548)
2014-05-12 13:01:10.000000,-25.374540548,-49.2243601686,POINT (-49.2243601686 -25.374540548)
2014-05-12 13:01:20.000000,-25.374540548,-49.2243601686,POINT (-49.2243601686 -25.374540548)
2014-05-12 13:01:30.000000,-25.374540548,-49.2243601686,POINT (-49.2243601686 -25.374540548)
2014-05-12 13:01:40.000000,-25.374540548,-49.2243601686,POINT (-49.2243601686 -25.374540548)
2014-05-12 13:01:50.000000,-25.374540548,-49.2243601686,POINT (-49.2243601686 -25.374540548)
2014-05-12 13:02:00.000000,-25.374540548,-49.2243601686,POINT (-49.2243601686 -25.374540548)
2014-05-12 13:02:10.000000,-25.374540548,-49.2243601686,POINT (-49.2243601686 -25.374540548)
2014-05-12 13:02:20.000000,-25.374540548,-49.2243601686,POINT (-49.2243601686 -25.374540548)
2014-05-12 13:02:30.000000,-25.374540548,-49.2243601686,POINT (-49.2243601686 -25.374540548)
2014-05-12 13:02:40.000000,-25.374540548,-49.2243601686,POINT (-49.2243601686 -25.374540548)
2014-05-12 13:02:50.000000,-25.374540548,-49.2243601686,POINT (-49.2243601686 -25.374540548)
2014-05-12 13:03:00.000000,-25.374540548,-49.2243601686,POINT (-49.2243601686 -25.374540548)
2014-05-12 13:03:10.000000,-25.374540548,-49.2243601686,POINT (-49.2243601686 -25.374540548)
2014-05-12 13:03:20.000000,-25.374540548,-49.2243601686,POINT (-49.2243601686 -25.374540548)
2014-05-12 13:03:30.000000,-25.374540548,-49.2243601686,POINT (-49.2243601686 -25.374540548)
2014-05-12 13:03:40.000000,-25.374540548,-49.2243601686,POINT (-49.2243601686 -25.374540548)
2014-05-12 13:03:50.000000,-25.374540548,-49.2243601686,POINT (-49.2243601686 -25.374540548)
2014-05-12 13:04:00.000000,-25.374540548,-49.2243601686,POINT (-49.2243601686 -25.374540548)
2014-05-12 13:04:10.000000,-25.374540548,-49.2243601686,POINT (-49.2243601686 -25.374540548)
2014-05-12 13:04:20.000000,-25.374540548,-49.2243601686,POINT (-49.2243601686 -25.374540548)
2014-05-12 13:04:30.000000,-25.374540548,-49.2243601686,POINT (-49.2243601686 -25.374540548)
2014-05-12 13:04:40.000000,-25.374540548,-49.2243601686,POINT (-49.2243601686 -25.374540548)
2014-05-12 13:04:50.000000,-25.374540548,-49.2243601686,POINT (-49.2243601686 -25.374540548)
2014-05-12 13:05:00.000000,-25.374540548,-49.2243601686,POINT (-49.2243601686 -25.374540548)
2014-05-12 13:05:10.000000,-25.374540548,-49.2243601686,POINT (-49.2243601686 -25.374540548)
2014-05-12 13:05:20.000000,-25.374540548,-49.2243601686,POINT (-49.2243601686 -25.374540548)
2014-05-12 13:05:30.000000,-25.374540548,-49.2243601686,POINT (-49.2243601686 -25.374540548)
2014-05-12 13:05:40.000000,-25.374540548,-49.2243601686,POINT (-49.2243601686 -25.374540548)
2014-05-12 13:05:50.000000,-25.374540548,-49.2243601686,POINT (-49.2243601686 -25.374540548)
2014-05-12 13:06:00.000000,-25.374540548,-49.2243601686,POINT (-49.2243601686 -25.374540548)
2014-05-12 13:06:10.000000,-25.374540548,-49.2243601686,POINT (-49.2243601686 -25.374540548)
2014-05-12 13:06:20.000000,-25.374540548,-49.2243601686,POINT (-49.2243601686 -25.374540548)
2014-05-12 13:06:30.000000,-25.374540548,-49.2243601686,POINT (-49.2243601686 -25.374540548)
2014-05-12 13:06:40.000000,-25.374540548,-49.2243601686,POINT (-49.2243601686 -25.374540548)
2014-05-12 13:06:50.000000,-25.374540548,-49.2243601686,POINT (-49.2243601686 -25.374540548)
2014-05-12 13:07:00.000000,-25.374540548,-49.2243601686,POINT (-49.2243601686 -25.374540548)
2014-05-12 13:07:10.000000,-25.374540548,-49.2243601686,POINT (-49.2243601686 -25.374540548)
2014-05-12 13:07:20.000000,-25.374540548,-49.2243601686,POINT (-49.2243601686 -25.374540548)
2014-05-12 13:07:30.000000,-25.374540548,-49.2243601686,POINT (-49.2243601686 -25.374540548)
2014-05-12 13:07:40.000000,-25.374540548,-49.2243601686,POINT (-49.2243601686 -25.374540548)
2014-05-12 13:07:50.000000,-25.374540548,-49.2243601686,POINT (-49.2243601686 -25.374540548)
2014-05-12 13:08:00.000000,-25.374540548,-49.2243601686,POINT (-49.2243601686 -25.374540548)
2014-05-12 13:08:10.000000,-25.374540548,-49.2243601686,POINT (-49.2243601686 -25.374540548)
2014-05-12 13:08:20.000000,-25.374540548,-49.2243601686,POINT (-49.2243601686 -25.374540548)
2014-05-12 13:08:30.000000,-25.374540548,-49.2243601686,POINT (-49.2243601686 -25.374540548)
2014-05-12 13:08:40.000000,-25.374540548,-49.2243601686,POINT (-49.2243601686 -25.374540548)
2014-05-12 13:08:50.000000,-25.374540548,-49.2243601686,POINT (-49.2243601686 -25.374540548)
2014-05-12 13:09:00.000000,-25.374540548,-49.2243601686,POINT (-49.2243601686 -25.374540548)
2014-05-12 13:09:10.000000,-25.374540548,-49.2243601686,POINT (-49.2243601686 -25.374540548)
2014-05-12 13:09:20.000000,-25.374540548,-49.2243601686,POINT (-49.2243601686 -25.374540548)
2014-05-12 13:09:30.000000,-25.374540548,-49.2243601686,POINT (-49.2243601686 -25.374540548)
2014-05-12 13:09:40.000000,-25.374540548,-49.2243601686,POINT (-49.2243601686 -25.374540548)
2014-05-12 13:09:50.000000,-25.374540548,-49.2243601686,POINT (-49.2243601686 -25.374540548)
2014-05-12 13:10:00.000000,-25.374540548,-49.2243601686,POINT (-49.2243601686 -25.374540548)
2014-05-12 13:10:10.000000,-25.374540548,-49.2243601686,POINT (-49.2243601686 -25.374540548)
2014-05-12 13:10:20.000000,-25.374540548,-49.2243601686,POINT (-49.2243601686 -25.374540548)
2014-05-12 13:10:30.000000,-25.374540548,-49.2243601686,POINT (-49.2243601686 -25.374540548)
2014-05-12 13:10:40.000000,-25.374540548,-49.2243601686,POINT (-49.2243601686 -25.374540548)
2014-05-12 13:10:50.000000,-25.374540548,-49.2243601686,POINT (-49.2243601686 -25.374540548)
2014-05-12 13:11:00.000000,-25.374540548,-49.2243601686,POINT (-49.2243601686 -25.374540548)
2014-05-12 13:11:10.000000,-25.374540548,-49.2243601686,POINT (-49.2243601686 -25.374540548)
2014-05-12 13:11:20.000000,-25.374540548,-49.2243601686,POINT (-49.2243601686 -25.374540548)
2014-05-12 13:11:30.000000,-25.374540548,-49.2243601686,POINT (-49.2243601686 -25.374540548)
2014-05-12 13:11:40.000000,-25.374540548,-49.2243601686,POINT (-49.2243601686 -25.374540548)
2014-05-12 13:11:50.000000,-25.374540548,-49.2243601686,POINT (-49.2243601686 -25.374540548)
2014-05-12 13:12:00.000000,-25.374540548,-49.2243601686,POINT (-49.2243601686 -25.374540548)
2014-05-12 13:12:10.000000,-25.374540548,-49.2243601686,POINT (-49.2243601686 -25.374540548)
2014-05-12 13:12:20.000000,-25.374540548,-49.2243601686,POINT (-49.2243601686 -25.374540548)
2014-05-12 13:12:30.000000,-25.374540548,-49.2243601686,POINT (-49.2243601686 -25.374540548)
2014-05-12 13:12:40.000000,-25.374540548,-49.2243601686,POINT (-49.2243601686 -25.374540548)
2014-05-12 13:12:50.000000,-25.374540548,-49.2243601686,POINT (-49.2243601686 -25.374540548)
2014-05-12 13:13:00.000000,-25.374540548,-49.2243601686,POINT (-49.2243601686 -25.374540548)
2014-05-12 13:13:10.000000,-25.374540548,-49.2243601686,POINT (-49.2243601686 -25.374540548)
2014-05-12 13:13:20.000000,-25.374540548,-49.2243601686,POINT (-49.2243601686 -25.374540548)
2014-05-12 13:13:30.000000,-25.374540548,-49.2243601686,POINT (-49.2243601686 -25.374540548)
2014-05-12 13:13:40.000000,-25.374540548,-49.2243601686,POINT (-49.2243601686 -25.374540548)
2014-05-12 13:13:50.000000,-25.374540548,-49.2243601686,POINT (-49.2243601686 -25.374540548)
2014-05-12 13:14:00.000000,-25.374540548,-49.2243601686,POINT (-49.2243601686 -25.374540548)
2014-05-12 13:14:10.000000,-25.374540548,-49.2243601686,POINT (-49.2243601686 -25.374540548)
2014-05-12 13:14:20.000000,-25.374540548,-49.2243601686,POINT (-49.2243601686 -25.374540548)
2014-05-12 13:14:30.000000,-25.374540548,-49.2243601686,POINT (-49.2243601686 -25.374540548)
2014-05-12 13:14:40.000000,-25.374540548,-49.2243601686,POINT (-49.2243601686 -25.374540548)
2014-05-12 13:14:50.000000,-25.374540548,-49.2243601686,POINT (-49.2243601686 -25.374540548)
2014-05-12 13:15:00.000000,-25.374540548,-49.2243601686,POINT (-49.2243601686 -25.374540548)
2014-05-12 13:15:10.000000,-25.374540548,-49.2243601686,POINT (-49.2243601686 -25.374540548)
2014-05-12 13:15:20.000000,-25.374540548,-49.2243601686,POINT (-49.2243601686 -25.374540548)
2014-05-12 13:15:30.000000,-25.374540548,-49.2243601686,POINT (-49.2243601686 -25.374540548)
2014-05-12 13:15:40.000000,-25.374540548,-49.2243601686,POINT (-49.2243601686 -25.374540548)
2014-05-12 13:15:50.000000,-25.374540548,-49.2243601686,POINT (-49.2243601686 -25.374540548)
2014-05-12 13:16:00.000000,-25.374540548,-49.2243601686,POINT (-49.2243601686 -25.374540548)
2014-05-12 13:16:10.000000,-25.374540548,-49.2243601686,POINT (-49.2243601686 -25.374540548)
2014-05-12 13:16:20.000000,-25.374540548,-49.2243601686,POINT (-49.2243601686 -25.374540548)
2014-05-12 13:16:30.000000,-25.374540548,-49.2243601686,POINT (-49.2243601686 -25.374540548)
2014-05-12 13:16:40.000000,-25.374540548,-49.2243601686,POINT (-49.2243601686 -25.374540548)
2014-05-12 13:16:50.000000,-25.374540548,-49.2243601686,POINT (-49.2243601686 -25.374540548)
2014-05-12 13:17:00.000000,-25.374540548,-49.2243601686,POINT (-49.2243601686 -25.374540548)
2014-05-12 13:17:10.000000,-25.374540548,-49.2243601686,POINT (-49.2243601686 -25.374540548)
2014-05-12 13:17:20.000000,-25.374540548,-49.2243601686,POINT (-49.2243601686 -25.374540548)
2014-05-12 13:17:30.000000,-25.374540548,-49.2243601686,POINT (-49.2243601686 -25.374540548)
2014-05-12 13:17:40.000000,-25.374540548,-49.2243601686,POINT (-49.2243601686 -25.374540548)
2014-05-12 13:17:50.000000,-25.374540548,-49.2243601686,POINT (-49.2243601686 -25.374540548)
2014-05-12 13:18:00.000000,-25.374540548,-49.2243601686,POINT (-49.2243601686 -25.374540548)
2014-05-12 13:18:10.000000,-25.374540548,-49.2243601686,POINT (-49.2243601686 -25.374540548)
2014-05-12 13:18:20.000000,-25.374540548,-49.2243601686,POINT (-49.2243601686 -25.374540548)
2014-05-12 13:18:30.000000,-25.374540548,-49.2243601686,POINT (-49.2243601686 -25.374540548)
2014-05-12 13:18:40.000000,-25.374540548,-49.2243601686,POINT (-49.2243601686 -25.374540548)
2014-05-12 13:18:50.000000,-25.374540548,-49.2243601686,POINT (-49.2243601686 -25.374540548)
2014-05-12 13:19:00.000000,-25.374540548,-49.2243601686,POINT (-49.2243601686 -25.374540548)
2014-05-12 13:19:10.000000,-25.374540548,-49.2243601686,POINT (-49.2243601686 -25.374540548)
2014-05-12 13:19:20.000000,-25.374540548,-49.2243601686,POINT (-49.2243601686 -25.374540548)
2014-05-12 13:19:30.000000,-25.374540548,-49.2243601686,POINT (-49.2243601686 -25.374540548)
2014-05-12 13:19:40.000000,-25.374540548,-49.2243601686,POINT (-49.2243601686 -25.374540548)
2014-05-12 13:19:50.000000,-25.374540548,-49.2243601686,POINT (-49.2243601686 -25.374540548)
2014-05-12 13:20:00.000000,-25.374540548,-49.2243601686,POINT (-49.2243601686 -25.374540548)
2014-05-12 13:20:10.000000,-25.374540548,-49.2243601686,POINT (-49.2243601686 -25.374540548)
2014-05-12 13:20:20.000000,-25.374540548,-49.2243601686,POINT (-49.2243601686 -25.374540548)
2014-05-12 13:20:30.000000,-25.374540548,-49.2243601686,POINT (-49.2243601686 -25.374540548)
2014-05-12 13:20:40.000000,-25.374540548,-49.2243601686,POINT (-49.2243601686 -25.374540548)
2014-05-12 13:20:50.000000,-25.374540548,-49.2243601686,POINT (-49.2243601686 -25.374540548)
2014-05-12 13:21:00.000000,-25.374540548,-49.2243601686,POINT (-49.2243601686 -25.374540548)
2014-05-12 13:21:10.000000,-25.374540548,-49.2243601686,POINT (-49.2243601686 -25.374540548)
2014-05-12 13:21:20.000000,-25.374540548,-49.2243601686,POINT (-49.2243601686 -25.374540548)
2014-05-12 13:21:30.000000,-25.374540548,-49.2243601686,POINT (-49.2243601686 -25.374540548)
2014-05-12 13:21:40.000000,-25.374540548,-49.2243601686,POINT (-49.2243601686 -25.374540548)
2014-05-12 13:21:50.000000,-25.374540548,-49.2243601686,POINT (-49.2243601686 -25.374540548)
2014-05-12 13:22:00.000000,-25.374540548,-49.2243601686,POINT (-49.2243601686 -25.374540548)
2014-05-12 13:22:10.000000,-25.374540548,-49.2243601686,POINT (-49.2243601686 -25.374540548)
2014-05-12 13:22:20.000000,-25.374540548,-49.2243601686,POINT (-49.2243601686 -25.374540548)
2014-05-12 13:22:30.000000,-25.374540548,-49.2243601686,POINT (-49.2243601686 -25.374540548)
2014-05-12 13:22:40.000000,-25.374540548,-49.2243601686,POINT (-49.2243601686 -25.374540548)
2014-05-12 13:22:50.000000,-25.374540548,-49.2243601686,POINT (-49.2243601686 -25.374540548)
2014-05-12 13:23:00.000000,-25.374540548,-49.2243601686,POINT (-49.2243601686 -25.374540548)
2014-05-12 13:23:10.000000,-25.374540548,-49.2243601686,POINT (-49.2243601686 -25.374540548)
2014-05-12 13:23:20.000000,-25.374540548,-49.2243601686,POINT (-49.2243601686 -25.374540548)
2014-05-12 13:23:30.000000,-25.374540548,-49.2243601686,POINT (-49.2243601686 -25.374540548)
2014-05-12 13:23:40.000000,-25.374540548,-49.2243601686,POINT (-49.2243601686 -25.374540548)
2014-05-12 13:23:50.000000,-25.374540548,-49.2243601686,POINT (-49.2243601686 -25.374540548)
2014-05-12 13:24:00.000000,-25.374540548,-49.2243601686,POINT (-49.2243601686 -25.374540548)
2014-05-12 13:24:10.000000,-25.374540548,-49.2243601686,POINT (-49.2243601686 -25.374540548)
2014-05-12 13:24:20.000000,-25.374540548,-49.2243601686,POINT (-49.2243601686 -25.374540548)
2014-05-12 13:24:30.000000,-25.374540548,-49.2243601686,POINT (-49.2243601686 -25.374540548)
2014-05-12 13:24:40.000000,-25.374540548,-49.2243601686,POINT (-49.2243601686 -25.374540548)
2014-05-12 13:24:50.000000,-25.374540548,-49.2243601686,POINT (-49.2243601686 -25.374540548)
2014-05-12 13:25:00.000000,-25.374540548,-49.2243601686,POINT (-49.2243601686 -25.374540548)
2014-05-12 13:25:10.000000,-25.374540548,-49.2243601686,POINT (-49.2243601686 -25.374540548)
2014-05-12 13:25:20.000000,-25.374540548,-49.2243601686,POINT (-49.2243601686 -25.374540548)
2014-05-12 13:25:30.000000,-25.374540548,-49.2243601686,POINT (-49.2243601686 -25.374540548)
2014-05-12 13:25:40.000000,-25.374540548,-49.2243601686,POINT (-49.2243601686 -25.374540548)
2014-05-12 13:25:50.000000,-25.374540548,-49.2243601686,POINT (-49.2243601686 -25.374540548)
2014-05-12 13:26:00.000000,-25.374540548,-49.2243601686,POINT (-49.2243601686 -25.374540548)
2014-05-12 13:26:10.000000,-25.374540548,-49.2243601686,POINT (-49.2243601686 -25.374540548)
2014-05-12 13:26:20.000000,-25.374540548,-49.2243601686,POINT (-49.2243601686 -25.374540548)
2014-05-12 13:26:30.000000,-25.374540548,-49.2243601686,POINT (-49.2243601686 -25.374540548)
2014-05-12 13:26:40.000000,-25.374540548,-49.2243601686,POINT (-49.2243601686 -25.374540548)
2014-05-12 13:26:50.000000,-25.374540548,-49.2243601686,POINT (-49.2243601686 -25.374540548)
2014-05-12 13:27:00.000000,-25.374540548,-49.2243601686,POINT (-49.2243601686 -25.374540548)
2014-05-12 13:27:10.000000,-25.374540548,-49.2243601686,POINT (-49.2243601686 -25.374540548)
2014-05-12 13:27:20.000000,-25.374540548,-49.2243601686,POINT (-49.2243601686 -25.374540548)
2014-05-12 13:27:30.000000,-25.374540548,-49.2243601686,POINT (-49.2243601686 -25.374540548)
2014-05-12 13:27:40.000000,-25.374540548,-49.2243601686,POINT (-49.2243601686 -25.374540548)
2014-05-12 13:27:50.000000,-25.374540548,-49.2243601686,POINT (-49.2243601686 -25.374540548)
2014-05-12 13:28:00.000000,-25.374540548,-49.2243601686,POINT (-49.2243601686 -25.374540548)
2014-05-12 13:28:10.000000,-25.374540548,-49.2243601686,POINT (-49.2243601686 -25.374540548)
2014-05-12 13:28:20.000000,-25.374540548,-49.2243601686,POINT (-49.2243601686 -25.374540548)
2014-05-12 13:28:30.000000,-25.374540548,-49.2243601686,POINT (-49.2243601686 -25.374540548)
2014-05-12 13:28:40.000000,-25.374540548,-49.2243601686,POINT (-49.2243601686 -25.374540548)
2014-05-12 13:28:50.000000,-25.374540548,-49.2243601686,POINT (-49.2243601686 -25.374540548)
2014-05-12 13:29:00.000000,-25.374540548,-49.2243601686,POINT (-49.2243601686 -25.374540548)
2014-05-12 13:29:10.000000,-25.374540548,-49.2243601686,POINT (-49.2243601686 -25.374540548)
2014-05-12 13:29:20.000000,-25.374540548,-49.2243601686,POINT (-49.2243601686 -25.374540548)
2014-05-12 13:29:30.000000,-25.374540548,-49.2243601686,POINT (-49.2243601686 -25.374540548)
2014-05-12 13:29:40.000000,-25.374540548,-49.2243601686,POINT (-49.2243601686 -25.374540548)
2014-05-12 13:29:50.000000,-25.374540548,-49.2243601686,POINT (-49.2243601686 -25.374540548)
2014-05-12 13:30:00.000000,-25.374540548,-49.2243601686,POINT (-49.2243601686 -25.374540548)
2014-05-12 13:30:10.000000,-25.374540548,-49.2243601686,POINT (-49.2243601686 -25.374540548)
2014-05-12 13:30:20.000000,-25.374540548,-49.2243601686,POINT (-49.2243601686 -25.374540548)
2014-05-12 13:30:30.000000,-25.374540548,-49.2243601686,POINT (-49.2243601686 -25.374540548)
2014-05-12 13:30:40.000000,-25.374540548,-49.2243601686,POINT (-49.2243601686 -25.374540548)
2014-05-12 13:30:50.000000,-25.374540548,-49.2243601686,POINT (-49.2243601686 -25.374540548)
2014-05-12 13:31:00.000000,-25.374540548,-49.2243601686,POINT (-49.2243601686 -25.374540548)
2014-05-12 13:31:10.000000,-25.374540548,-49.2243601686,POINT (-49.2243601686 -25.374540548)
2014-05-12 13:31:20.000000,-25.374540548,-49.2243601686,POINT (-49.2243601686 -25.374540548)
2014-05-12 13:31:30.000000,-25.374540548,-49.2243601686,POINT (-49.2243601686 -25.374540548)
2014-05-12 13:31:40.000000,-25.374540548,-49.2243601686,POINT (-49.2243601686 -25.374540548)
2014-05-12 13:31:50.000000,-25.374540548,-49.2243601686,POINT (-49.2243601686 -25.374540548)
2014-05-12 13:32:00.000000,-25.374540548,-49.2243601686,POINT (-49.2243601686 -25.374540548)
2014-05-12 13:32:10.000000,-25.374540548,-49.2243601686,POINT (-49.2243601686 -25.374540548)
2014-05-12 13:32:20.000000,-25.374540548,-49.2243601686,POINT (-49.2243601686 -25.374540548)
2014-05-12 13:32:30.000000,-25.374540548,-49.2243601686,POINT (-49.2243601686 -25.374540548)
2014-05-12 13:32:40.000000,-25.374540548,-49.2243601686,POINT (-49.2243601686 -25.374540548)
2014-05-12 13:32:50.000000,-25.374540548,-49.2243601686,POINT (-49.2243601686 -25.374540548)
2014-05-12 13:33:00.000000,-25.374540548,-49.2243601686,POINT (-49.2243601686 -25.374540548)
2014-05-12 13:33:10.000000,-25.374540548,-49.2243601686,POINT (-49.2243601686 -25.374540548)
2014-05-12 13:33:20.000000,-25.374540548,-49.2243601686,POINT (-49.2243601686 -25.374540548)
2014-05-12 13:33:30.000000,-25.374540548,-49.2243601686,POINT (-49.2243601686 -25.374540548)
2014-05-12 13:33:40.000000,-25.374540548,-49.2243601686,POINT (-49.2243601686 -25.374540548)
2014-05-12 13:33:50.000000,-25.374540548,-49.2243601686,POINT (-49.2243601686 -25.374540548)
2014-05-12 13:34:00.000000,-25.374540548,-49.2243601686,POINT (-49.2243601686 -25.374540548)
2014-05-12 13:34:10.000000,-25.374540548,-49.2243601686,POINT (-49.2243601686 -25.374540548)
2014-05-12 13:34:20.000000,-25.374540548,-49.2243601686,POINT (-49.2243601686 -25.374540548)
2014-05-12 13:34:30.000000,-25.374540548,-49.2243601686,POINT (-49.2243601686 -25.374540548)
2014-05-12 13:34:40.000000,-25.374540548,-49.2243601686,POINT (-49.2243601686 -25.374540548)
2014-05-12 13:34:50.000000,-25.374540548,-49.2243601686,POINT (-49.2243601686 -25.374540548)
2014-05-12 13:35:00.000000,-25.374540548,-49.2243601686,POINT (-49.2243601686 -25.374540548)
2014-05-12 13:35:10.000000,-25.374540548,-49.2243601686,POINT (-49.2243601686 -25.374540548)
2014-05-12 13:35:20.000000,-25.374540548,-49.2243601686,POINT (-49.2243601686 -25.374540548)
2014-05-12 13:35:30.000000,-25.374540548,-49.2243601686,POINT (-49.2243601686 -25.374540548)
2014-05-12 13:35:40.000000,-25.374540548,-49.2243601686,POINT (-49.2243601686 -25.374540548)
2014-05-12 13:35:50.000000,-25.374540548,-49.2243601686,POINT (-49.2243601686 -25.374540548)
2014-05-12 13:36:00.000000,-25.374540548,-49.2243601686,POINT (-49.2243601686 -25.374540548)
2014-05-12 13:36:10.000000,-25.374540548,-49.2243601686,POINT (-49.2243601686 -25.374540548)
2014-05-12 13:36:20.000000,-25.374540548,-49.2243601686,POINT (-49.2243601686 -25.374540548)
2014-05-12 13:36:30.000000,-25.374540548,-49.2243601686,POINT (-49.2243601686 -25.374540548)
2014-05-12 13:36:40.000000,-25.374540548,-49.2243601686,POINT (-49.2243601686 -25.374540548)
2014-05-12 13:36:50.000000,-25.374540548,-49.2243601686,POINT (-49.2243601686 -25.374540548)
2014-05-12 13:37:00.000000,-25.374540548,-49.2243601686,POINT (-49.2243601686 -25.374540548)
2014-05-12 13:37:10.000000,-25.374540548,-49.2243601686,POINT (-49.2243601686 -25.374540548)
2014-05-12 13:37:20.000000,-25.374540548,-49.2243601686,POINT (-49.2243601686 -25.374540548)
2014-05-12 13:37:30.000000,-25.374540548,-49.2243601686,POINT (-49.2243601686 -25.374540548)
2014-05-12 13:37:40.000000,-25.374540548,-49.2243601686,POINT (-49.2243601686 -25.374540548)
2014-05-12 13:37:50.000000,-25.374540548,-49.2243601686,POINT (-49.2243601686 -25.374540548)
2014-05-12 13:38:00.000000,-25.374540548,-49.2243601686,POINT (-49.2243601686 -25.374540548)
2014-05-12 13:38:10.000000,-25.374540548,-49.2243601686,POINT (-49.2243601686 -25.374540548)
2014-05-12 13:38:20.000000,-25.374540548,-49.2243601686,POINT (-49.2243601686 -25.374540548)
2014-05-12 13:38:30.000000,-25.374540548,-49.2243601686,POINT (-49.2243601686 -25.374540548)
2014-05-12 13:38:40.000000,-25.374540548,-49.2243601686,POINT (-49.2243601686 -25.374540548)
2014-05-12 13:38:50.000000,-25.374540548,-49.2243601686,POINT (-49.2243601686 -25.374540548)
2014-05-12 13:39:00.000000,-25.374540548,-49.2243601686,POINT (-49.2243601686 -25.374540548)
2014-05-12 13:39:10.000000,-25.374540548,-49.2243601686,POINT (-49.2243601686 -25.374540548)
2014-05-12 13:39:20.000000,-25.374540548,-49.2243601686,POINT (-49.2243601686 -25.374540548)
2014-05-12 13:39:30.000000,-25.374540548,-49.2243601686,POINT (-49.2243601686 -25.374540548)
2014-05-12 13:39:40.000000,-25.374540548,-49.2243601686,POINT (-49.2243601686 -25.374540548)
2014-05-12 13:39:50.000000,-25.374540548,-49.2243601686,POINT (-49.2243601686 -25.374540548)
2014-05-12 13:40:00.000000,-25.374540548,-49.2243601686,POINT (-49.2243601686 -25.374540548)
2014-05-12 13:40:10.000000,-25.374540548,-49.2243601686,POINT (-49.2243601686 -25.374540548)
2014-05-12 13:40:20.000000,-25.374540548,-49.2243601686,POINT (-49.2243601686 -25.374540548)
2014-05-12 13:40:30.000000,-25.374540548,-49.2243601686,POINT (-49.2243601686 -25.374540548)
2014-05-12 13:40:40.000000,-25.374540548,-49.2243601686,POINT (-49.2243601686 -25.374540548)
2014-05-12 13:40:50.000000,-25.374540548,-49.2243601686,POINT (-49.2243601686 -25.374540548)
2014-05-12 13:41:00.000000,-25.374540548,-49.2243601686,POINT (-49.2243601686 -25.374540548)
2014-05-12 13:41:10.000000,-25.374540548,-49.2243601686,POINT (-49.2243601686 -25.374540548)
2014-05-12 13:41:20.000000,-25.374540548,-49.2243601686,POINT (-49.2243601686 -25.374540548)
2014-05-12 13:41:30.000000,-25.374540548,-49.2243601686,POINT (-49.2243601686 -25.374540548)
2014-05-12 13:41:40.000000,-25.374540548,-49.2243601686,POINT (-49.2243601686 -25.374540548)
2014-05-12 13:41:50.000000,-25.374540548,-49.2243601686,POINT (-49.2243601686 -25.374540548)
2014-05-12 13:42:00.000000,-25.374540548,-49.2243601686,POINT (-49.2243601686 -25.374540548)
2014-05-12 13:42:10.000000,-25.374540548,-49.2243601686,POINT (-49.2243601686 -25.374540548)
2014-05-12 13:42:20.000000,-25.374540548,-49.2243601686,POINT (-49.2243601686 -25.374540548)
2014-05-12 13:42:30.000000,-25.374540548,-49.2243601686,POINT (-49.2243601686 -25.374540548)
2014-05-12 13:42:40.000000,-25.374540548,-49.2243601686,POINT (-49.2243601686 -25.374540548)
2014-05-12 13:42:50.000000,-25.374540548,-49.2243601686,POINT (-49.2243601686 -25.374540548)
2014-05-12 13:43:00.000000,-25.374540548,-49.2243601686,POINT (-49.2243601686 -25.374540548)
2014-05-12 13:43:10.000000,-25.374540548,-49.2243601686,POINT (-49.2243601686 -25.374540548)
2014-05-12 13:43:20.000000,-25.374540548,-49.2243601686,POINT (-49.2243601686 -25.374540548)
2014-05-12 13:43:30.000000,-25.374540548,-49.2243601686,POINT (-49.2243601686 -25.374540548)
2014-05-12 13:43:40.000000,-25.374540548,-49.2243601686,POINT (-49.2243601686 -25.374540548)
2014-05-12 13:43:50.000000,-25.374540548,-49.2243601686,POINT (-49.2243601686 -25.374540548)
2014-05-12 13:44:00.000000,-25.374540548,-49.2243601686,POINT (-49.2243601686 -25.374540548)
2014-05-12 13:44:10.000000,-25.374540548,-49.2243601686,POINT (-49.2243601686 -25.374540548)
2014-05-12 13:44:20.000000,-25.374540548,-49.2243601686,POINT (-49.2243601686 -25.374540548)
2014-05-12 13:44:30.000000,-25.374540548,-49.2243601686,POINT (-49.2243601686 -25.374540548)
2014-05-12 13:44:40.000000,-25.374540548,-49.2243601686,POINT (-49.2243601686 -25.374540548)
2014-05-12 13:44:50.000000,-25.374540548,-49.2243601686,POINT (-49.2243601686 -25.374540548)
2014-05-12 13:45:00.000000,-25.374540548,-49.2243601686,POINT (-49.2243601686 -25.374540548)
2014-05-12 13:45:10.000000,-25.374540548,-49.2243601686,POINT (-49.2243601686 -25.374540548)
2014-05-12 13:45:20.000000,-25.374540548,-49.2243601686,POINT (-49.2243601686 -25.374540548)
2014-05-12 13:45:30.000000,-25.374540548,-49.2243601686,POINT (-49.2243601686 -25.374540548)
2014-05-12 13:45:40.000000,-25.374540548,-49.2243601686,POINT (-49.2243601686 -25.374540548)
2014-05-12 13:45:50.000000,-25.374540548,-49.2243601686,POINT (-49.2243601686 -25.374540548)
2014-05-12 13:46:00.000000,-25.374540548,-49.2243601686,POINT (-49.2243601686 -25.374540548)
2014-05-12 13:46:10.000000,-25.374540548,-49.2243601686,POINT (-49.2243601686 -25.374540548)
2014-05-12 13:46:20.000000,-25.374540548,-49.2243601686,POINT (-49.2243601686 -25.374540548)
2014-05-12 13:46:30.000000,-25.374540548,-49.2243601686,POINT (-49.2243601686 -25.374540548)
2014-05-12 13:46:40.000000,-25.374540548,-49.2243601686,POINT (-49.2243601686 -25.374540548)
2014-05-12 13:46:50.000000,-25.374540548,-49.2243601686,POINT (-49.2243601686 -25.374540548)
2014-05-12 13:47:00.000000,-25.374540548,-49.2243601686,POINT (-49.2243601686 -25.374540548)
2014-05-12 13:47:10.000000,-25.374540548,-49.2243601686,POINT (-49.2243601686 -25.374540548)
2014-05-12 13:47:20.000000,-25.374540548,-49.2243601686,POINT (-49.2243601686 -25.374540548)
2014-05-12 13:47:30.000000,-25.374540548,-49.2243601686,POINT (-49.2243601686 -25.374540548)
2014-05-12 13:47:40.000000,-25.374540548,-49.2243601686,POINT (-49.2243601686 -25.374540548)
2014-05-12 13:47:50.000000,-25.374540548,-49.2243601686,POINT (-49.2243601686 -25.374540548)
2014-05-12 13:48:00.000000,-25.374540548,-49.2243601686,POINT (-49.2243601686 -25.374540548)
2014-05-12 13:48:10.000000,-25.374540548,-49.2243601686,POINT (-49.2243601686 -25.374540548)
2014-05-12 13:48:20.000000,-25.374540548,-49.2243601686,POINT (-49.2243601686 -25.374540548)
2014-05-12 13:48:30.000000,-25.374540548,-49.2243601686,POINT (-49.2243601686 -25.374540548)
2014-05-12 13:48:40.000000,-25.374540548,-49.2243601686,POINT (-49.2243601686 -25.374540548)
2014-05-12 13:48:50.000000,-25.374540548,-49.2243601686,POINT (-49.2243601686 -25.374540548)
2014-05-12 13:49:00.000000,-25.374540548,-49.2243601686,POINT (-49.2243601686 -25.374540548)
2014-05-12 13:49:10.000000,-25.374540548,-49.2243601686,POINT (-49.2243601686 -25.374540548)
2014-05-12 13:49:20.000000,-25.374540548,-49.2243601686,POINT (-49.2243601686 -25.374540548)
2014-05-12 13:49:30.000000,-25.374540548,-49.2243601686,POINT (-49.2243601686 -25.374540548)
2014-05-12 13:49:40.000000,-25.374540548,-49.2243601686,POINT (-49.2243601686 -25.374540548)
2014-05-12 13:49:50.000000,-25.374540548,-49.2243601686,POINT (-49.2243601686 -25.374540548)
2014-05-12 13:50:00.000000,-25.374540548,-49.2243601686,POINT (-49.2243601686 -25.374540548)
2014-05-12 13:50:10.000000,-25.374540548,-49.2243601686,POINT (-49.2243601686 -25.374540548)
2014-05-12 13:50:20.000000,-25.374540548,-49.2243601686,POINT (-49.2243601686 -25.374540548)
2014-05-12 13:50:30.000000,-25.374540548,-49.2243601686,POINT (-49.2243601686 -25.374540548)
2014-05-12 13:50:40.000000,-25.374540548,-49.2243601686,POINT (-49.2243601686 -25.374540548)
2014-05-12 13:50:50.000000,-25.374540548,-49.2243601686,POINT (-49.2243601686 -25.374540548)
2014-05-12 13:51:00.000000,-25.374540548,-49.2243601686,POINT (-49.2243601686 -25.374540548)
2014-05-12 13:51:10.000000,-25.374540548,-49.2243601686,POINT (-49.2243601686 -25.374540548)
2014-05-12 13:51:20.000000,-25.374540548,-49.2243601686,POINT (-49.2243601686 -25.374540548)
2014-05-12 13:51:30.000000,-25.374540548,-49.2243601686,POINT (-49.2243601686 -25.374540548)
2014-05-12 13:51:40.000000,-25.374540548,-49.2243601686,POINT (-49.2243601686 -25.374540548)
2014-05-12 13:51:50.000000,-25.374540548,-49.2243601686,POINT (-49.2243601686 -25.374540548)
2014-05-12 13:52:00.000000,-25.374540548,-49.2243601686,POINT (-49.2243601686 -25.374540548)
2014-05-12 13:52:10.000000,-25.374540548,-49.2243601686,POINT (-49.2243601686 -25.374540548)
2014-05-12 13:52:20.000000,-25.374540548,-49.2243601686,POINT (-49.2243601686 -25.374540548)
2014-05-12 13:52:30.000000,-25.374540548,-49.2243601686,POINT (-49.2243601686 -25.374540548)
2014-05-12 13:52:40.000000,-25.374540548,-49.2243601686,POINT (-49.2243601686 -25.374540548)
2014-05-12 13:52:50.000000,-25.374540548,-49.2243601686,POINT (-49.2243601686 -25.374540548)
2014-05-12 13:53:00.000000,-25.374540548,-49.2243601686,POINT (-49.2243601686 -25.374540548)
2014-05-12 13:53:10.000000,-25.374540548,-49.2243601686,POINT (-49.2243601686 -25.374540548)
2014-05-12 13:53:20.000000,-25.374540548,-49.2243601686,POINT (-49.2243601686 -25.374540548)
2014-05-12 13:53:30.000000,-25.374540548,-49.2243601686,POINT (-49.2243601686 -25.374540548)
2014-05-12 13:53:40.000000,-25.374540548,-49.2243601686,POINT (-49.2243601686 -25.374540548)
2014-05-12 13:53:50.000000,-25.374540548,-49.2243601686,POINT (-49.2243601686 -25.374540548)
2014-05-12 13:54:00.000000,-25.374540548,-49.2243601686,POINT (-49.2243601686 -25.374540548)
2014-05-12 13:54:10.000000,-25.374540548,-49.2243601686,POINT (-49.2243601686 -25.374540548)
2014-05-12 13:54:20.000000,-25.374540548,-49.2243601686,POINT (-49.2243601686 -25.374540548)
2014-05-12 13:54:30.000000,-25.374540548,-49.2243601686,POINT (-49.2243601686 -25.374540548)
2014-05-12 13:54:40.000000,-25.374540548,-49.2243601686,POINT (-49.2243601686 -25.374540548)
2014-05-12 13:54:50.000000,-25.374540548,-49.2243601686,POINT (-49.2243601686 -25.374540548)
2014-05-12 13:55:00.000000,-25.374540548,-49.2243601686,POINT (-49.2243601686 -25.374540548)
2014-05-12 13:55:10.000000,-25.374540548,-49.2243601686,POINT (-49.2243601686 -25.374540548)
2014-05-12 13:55:20.000000,-25.374540548,-49.2243601686,POINT (-49.2243601686 -25.374540548)
2014-05-12 13:55:30.000000,-25.374540548,-49.2243601686,POINT (-49.2243601686 -25.374540548)
2014-05-12 13:55:40.000000,-25.374540548,-49.2243601686,POINT (-49.2243601686 -25.374540548)
2014-05-12 13:55:50.000000,-25.374540548,-49.2243601686,POINT (-49.2243601686 -25.374540548)
2014-05-12 13:56:00.000000,-25.374540548,-49.2243601686,POINT (-49.2243601686 -25.374540548)
2014-05-12 13:56:10.000000,-25.374540548,-49.2243601686,POINT (-49.2243601686 -25.374540548)
2014-05-12 13:56:20.000000,-25.374540548,-49.2243601686,POINT (-49.2243601686 -25.374540548)
2014-05-12 13:56:30.000000,-25.374540548,-49.2243601686,POINT (-49.2243601686 -25.374540548)
2014-05-12 13:56:40.000000,-25.374540548,-49.2243601686,POINT (-49.2243601686 -25.374540548)
2014-05-12 13:56:50.000000,-25.374540548,-49.2243601686,POINT (-49.2243601686 -25.374540548)
2014-05-12 13:57:00.000000,-25.374540548,-49.2243601686,POINT (-49.2243601686 -25.374540548)
2014-05-12 13:57:10.000000,-25.374540548,-49.2243601686,POINT (-49.2243601686 -25.374540548)
2014-05-12 13:57:20.000000,-25.374540548,-49.2243601686,POINT (-49.2243601686 -25.374540548)
2014-05-12 13:57:30.000000,-25.374540548,-49.2243601686,POINT (-49.2243601686 -25.374540548)
2014-05-12 13:57:40.000000,-25.374540548,-49.2243601686,POINT (-49.2243601686 -25.374540548)
2014-05-12 13:57:50.000000,-25.374540548,-49.2243601686,POINT (-49.2243601686 -25.374540548)
2014-05-12 13:58:00.000000,-25.374540548,-49.2243601686,POINT (-49.2243601686 -25.374540548)
2014-05-12 13:58:10.000000,-25.374540548,-49.2243601686,POINT (-49.2243601686 -25.374540548)
2014-05-12 13:58:20.000000,-25.374540548,-49.2243601686,POINT (-49.2243601686 -25.374540548)
2014-05-12 13:58:30.000000,-25.374540548,-49.2243601686,POINT (-49.2243601686 -25.374540548)
2014-05-12 13:58:40.000000,-25.374540548,-49.2243601686,POINT (-49.2243601686 -25.374540548)
2014-05-12 13:58:50.000000,-25.374540548,-49.2243601686,POINT (-49.2243601686 -25.374540548)
2014-05-12 13:59:00.000000,-25.374540548,-49.2243601686,POINT (-49.2243601686 -25.374540548)
2014-05-12 13:59:10.000000,-25.374540548,-49.2243601686,POINT (-49.2243601686 -25.374540548)
2014-05-12 13:59:20.000000,-25.374540548,-49.2243601686,POINT (-49.2243601686 -25.374540548)
2014-05-12 13:59:30.000000,-25.374540548,-49.2243601686,POINT (-49.2243601686 -25.374540548)
2014-05-12 13:59:40.000000,-25.374540548,-49.2243601686,POINT (-49.2243601686 -25.374540548)
2014-05-12 13:59:50.000000,-25.374540548,-49.2243601686,POINT (-49.2243601686 -25.374540548)
2014-05-12 14:00:00.000000,-25.374540548,-49.2243601686,POINT (-49.2243601686 -25.374540548)
2014-05-12 14:00:10.000000,-25.374540548,-49.2243601686,POINT (-49.2243601686 -25.374540548)
2014-05-12 14:00:20.000000,-25.374540548,-49.2243601686,POINT (-49.2243601686 -25.374540548)
2014-05-12 14:00:30.000000,-25.374540548,-49.2243601686,POINT (-49.2243601686 -25.374540548)
2014-05-12 14:00:40.000000,-25.374540548,-49.2243601686,POINT (-49.2243601686 -25.374540548)
2014-05-12 14:00:50.000000,-25.374540548,-49.2243601686,POINT (-49.2243601686 -25.374540548)
2014-05-12 14:01:00.000000,-25.374540548,-49.2243601686,POINT (-49.2243601686 -25.374540548)
2014-05-12 14:01:10.000000,-25.374540548,-49.2243601686,POINT (-49.2243601686 -25.374540548)
2014-05-12 14:01:20.000000,-25.374540548,-49.2243601686,POINT (-49.2243601686 -25.374540548)
2014-05-12 14:01:30.000000,-25.374540548,-49.2243601686,POINT (-49.2243601686 -25.374540548)
2014-05-12 14:01:40.000000,-25.374540548,-49.2243601686,POINT (-49.2243601686 -25.374540548)
2014-05-12 14:01:50.000000,-25.374540548,-49.2243601686,POINT (-49.2243601686 -25.374540548)
2014-05-12 14:02:00.000000,-25.374540548,-49.2243601686,POINT (-49.2243601686 -25.374540548)
2014-05-12 14:02:10.000000,-25.374540548,-49.2243601686,POINT (-49.2243601686 -25.374540548)
2014-05-12 14:02:20.000000,-25.374540548,-49.2243601686,POINT (-49.2243601686 -25.374540548)
2014-05-12 14:02:30.000000,-25.374540548,-49.2243601686,POINT (-49.2243601686 -25.374540548)
2014-05-12 14:02:40.000000,-25.374540548,-49.2243601686,POINT (-49.2243601686 -25.374540548)
2014-05-12 14:02:50.000000,-25.374540548,-49.2243601686,POINT (-49.2243601686 -25.374540548)
2014-05-12 14:03:00.000000,-25.374540548,-49.2243601686,POINT (-49.2243601686 -25.374540548)
2014-05-12 14:03:10.000000,-25.374540548,-49.2243601686,POINT (-49.2243601686 -25.374540548)
2014-05-12 14:03:20.000000,-25.374540548,-49.2243601686,POINT (-49.2243601686 -25.374540548)
2014-05-12 14:03:30.000000,-25.374540548,-49.2243601686,POINT (-49.2243601686 -25.374540548)
2014-05-12 14:03:40.000000,-25.374540548,-49.2243601686,POINT (-49.2243601686 -25.374540548)
2014-05-12 14:03:50.000000,-25.374540548,-49.2243601686,POINT (-49.2243601686 -25.374540548)
2014-05-12 14:04:00.000000,-25.374540548,-49.2243601686,POINT (-49.2243601686 -25.374540548)
2014-05-12 14:04:10.000000,-25.374540548,-49.2243601686,POINT (-49.2243601686 -25.374540548)
2014-05-12 14:04:20.000000,-25.374540548,-49.2243601686,POINT (-49.2243601686 -25.374540548)
2014-05-12 14:04:30.000000,-25.374540548,-49.2243601686,POINT (-49.2243601686 -25.374540548)
2014-05-12 14:04:40.000000,-25.374540548,-49.2243601686,POINT (-49.2243601686 -25.374540548)
2014-05-12 14:04:50.000000,-25.374540548,-49.2243601686,POINT (-49.2243601686 -25.374540548)
2014-05-12 14:05:00.000000,-25.374540548,-49.2243601686,POINT (-49.2243601686 -25.374540548)
2014-05-12 14:05:10.000000,-25.374540548,-49.2243601686,POINT (-49.2243601686 -25.374540548)
2014-05-12 14:05:20.000000,-25.374540548,-49.2243601686,POINT (-49.2243601686 -25.374540548)
2014-05-12 14:05:30.000000,-25.374540548,-49.2243601686,POINT (-49.2243601686 -25.374540548)
2014-05-12 14:05:40.000000,-25.374540548,-49.2243601686,POINT (-49.2243601686 -25.374540548)
2014-05-12 14:05:50.000000,-25.374540548,-49.2243601686,POINT (-49.2243601686 -25.374540548)
2014-05-12 14:06:00.000000,-25.374540548,-49.2243601686,POINT (-49.2243601686 -25.374540548)
2014-05-12 14:06:10.000000,-25.374540548,-49.2243601686,POINT (-49.2243601686 -25.374540548)
2014-05-12 14:06:20.000000,-25.374540548,-49.2243601686,POINT (-49.2243601686 -25.374540548)
2014-05-12 14:06:30.000000,-25.374540548,-49.2243601686,POINT (-49.2243601686 -25.374540548)
2014-05-12 14:06:40.000000,-25.374540548,-49.2243601686,POINT (-49.2243601686 -25.374540548)
2014-05-12 14:06:50.000000,-25.374540548,-49.2243601686,POINT (-49.2243601686 -25.374540548)
2014-05-12 14:07:00.000000,-25.374540548,-49.2243601686,POINT (-49.2243601686 -25.374540548)
2014-05-12 14:07:10.000000,-25.374540548,-49.2243601686,POINT (-49.2243601686 -25.374540548)
2014-05-12 14:07:20.000000,-25.374540548,-49.2243601686,POINT (-49.2243601686 -25.374540548)
2014-05-12 14:07:30.000000,-25.374540548,-49.2243601686,POINT (-49.2243601686 -25.374540548)
2014-05-12 14:07:40.000000,-25.374540548,-49.2243601686,POINT (-49.2243601686 -25.374540548)
2014-05-12 14:07:50.000000,-25.374540548,-49.2243601686,POINT (-49.2243601686 -25.374540548)
2014-05-12 14:08:00.000000,-25.374540548,-49.2243601686,POINT (-49.2243601686 -25.374540548)
2014-05-12 14:08:10.000000,-25.374540548,-49.2243601686,POINT (-49.2243601686 -25.374540548)
2014-05-12 14:08:20.000000,-25.374540548,-49.2243601686,POINT (-49.2243601686 -25.374540548)
2014-05-12 14:08:30.000000,-25.374540548,-49.2243601686,POINT (-49.2243601686 -25.374540548)
2014-05-12 14:08:40.000000,-25.374540548,-49.2243601686,POINT (-49.2243601686 -25.374540548)
2014-05-12 14:08:50.000000,-25.374540548,-49.2243601686,POINT (-49.2243601686 -25.374540548)
2014-05-12 14:09:00.000000,-25.374540548,-49.2243601686,POINT (-49.2243601686 -25.374540548)
2014-05-12 14:09:10.000000,-25.374540548,-49.2243601686,POINT (-49.2243601686 -25.374540548)
2014-05-12 14:09:20.000000,-25.374540548,-49.2243601686,POINT (-49.2243601686 -25.374540548)
2014-05-12 14:09:30.000000,-25.374540548,-49.2243601686,POINT (-49.2243601686 -25.374540548)
2014-05-12 14:09:40.000000,-25.374540548,-49.2243601686,POINT (-49.2243601686 -25.374540548)
2014-05-12 14:09:50.000000,-25.374540548,-49.2243601686,POINT (-49.2243601686 -25.374540548)
2014-05-12 14:10:00.000000,-25.374540548,-49.2243601686,POINT (-49.2243601686 -25.374540548)
2014-05-12 14:10:10.000000,-25.374540548,-49.2243601686,POINT (-49.2243601686 -25.374540548)
2014-05-12 14:10:20.000000,-25.374540548,-49.2243601686,POINT (-49.2243601686 -25.374540548)
2014-05-12 14:10:30.000000,-25.374540548,-49.2243601686,POINT (-49.2243601686 -25.374540548)
2014-05-12 14:10:40.000000,-25.374540548,-49.2243601686,POINT (-49.2243601686 -25.374540548)
2014-05-12 14:10:50.000000,-25.374540548,-49.2243601686,POINT (-49.2243601686 -25.374540548)
2014-05-12 14:11:00.000000,-25.374540548,-49.2243601686,POINT (-49.2243601686 -25.374540548)
2014-05-12 14:11:10.000000,-25.374540548,-49.2243601686,POINT (-49.2243601686 -25.374540548)
2014-05-12 14:11:20.000000,-25.374540548,-49.2243601686,POINT (-49.2243601686 -25.374540548)
2014-05-12 14:11:30.000000,-25.374540548,-49.2243601686,POINT (-49.2243601686 -25.374540548)
2014-05-12 14:11:40.000000,-25.374540548,-49.2243601686,POINT (-49.2243601686 -25.374540548)
2014-05-12 14:11:50.000000,-25.374540548,-49.2243601686,POINT (-49.2243601686 -25.374540548)
2014-05-12 14:12:00.000000,-25.374540548,-49.2243601686,POINT (-49.2243601686 -25.374540548)
2014-05-12 14:12:10.000000,-25.374540548,-49.2243601686,POINT (-49.2243601686 -25.374540548)
2014-05-12 14:12:20.000000,-25.374540548,-49.2243601686,POINT (-49.2243601686 -25.374540548)
2014-05-12 14:12:30.000000,-25.374540548,-49.2243601686,POINT (-49.2243601686 -25.374540548)
2014-05-12 14:12:40.000000,-25.374540548,-49.2243601686,POINT (-49.2243601686 -25.374540548)
2014-05-12 14:12:50.000000,-25.374540548,-49.2243601686,POINT (-49.2243601686 -25.374540548)
2014-05-12 14:13:00.000000,-25.374540548,-49.2243601686,POINT (-49.2243601686 -25.374540548)
2014-05-12 14:13:10.000000,-25.374540548,-49.2243601686,POINT (-49.2243601686 -25.374540548)
2014-05-12 14:13:20.000000,-25.374540548,-49.2243601686,POINT (-49.2243601686 -25.374540548)
2014-05-12 14:13:30.000000,-25.374540548,-49.2243601686,POINT (-49.2243601686 -25.374540548)
2014-05-12 14:13:40.000000,-25.374540548,-49.2243601686,POINT (-49.2243601686 -25.374540548)
2014-05-12 14:13:50.000000,-25.374540548,-49.2243601686,POINT (-49.2243601686 -25.374540548)
2014-05-12 14:14:00.000000,-25.374540548,-49.2243601686,POINT (-49.2243601686 -25.374540548)
2014-05-12 14:14:10.000000,-25.374540548,-49.2243601686,POINT (-49.2243601686 -25.374540548)
2014-05-12 14:14:20.000000,-25.374540548,-49.2243601686,POINT (-49.2243601686 -25.374540548)
2014-05-12 14:14:30.000000,-25.374540548,-49.2243601686,POINT (-49.2243601686 -25.374540548)
2014-05-12 14:14:40.000000,-25.374540548,-49.2243601686,POINT (-49.2243601686 -25.374540548)
2014-05-12 14:14:50.000000,-25.374540548,-49.2243601686,POINT (-49.2243601686 -25.374540548)
2014-05-12 14:15:00.000000,-25.374540548,-49.2243601686,POINT (-49.2243601686 -25.374540548)
2014-05-12 14:15:10.000000,-25.374540548,-49.2243601686,POINT (-49.2243601686 -25.374540548)
2014-05-12 14:15:20.000000,-25.374540548,-49.2243601686,POINT (-49.2243601686 -25.374540548)
2014-05-12 14:15:30.000000,-25.374540548,-49.2243601686,POINT (-49.2243601686 -25.374540548)
2014-05-12 14:15:40.000000,-25.374540548,-49.2243601686,POINT (-49.2243601686 -25.374540548)
2014-05-12 14:15:50.000000,-25.374540548,-49.2243601686,POINT (-49.2243601686 -25.374540548)
2014-05-12 14:16:00.000000,-25.374540548,-49.2243601686,POINT (-49.2243601686 -25.374540548)
2014-05-12 14:16:10.000000,-25.374540548,-49.2243601686,POINT (-49.2243601686 -25.374540548)
2014-05-12 14:16:20.000000,-25.374540548,-49.2243601686,POINT (-49.2243601686 -25.374540548)
2014-05-12 14:16:30.000000,-25.374540548,-49.2243601686,POINT (-49.2243601686 -25.374540548)
2014-05-12 14:16:40.000000,-25.374540548,-49.2243601686,POINT (-49.2243601686 -25.374540548)
2014-05-12 14:16:50.000000,-25.374540548,-49.2243601686,POINT (-49.2243601686 -25.374540548)
2014-05-12 14:17:00.000000,-25.374540548,-49.2243601686,POINT (-49.2243601686 -25.374540548)
2014-05-12 14:17:10.000000,-25.374540548,-49.2243601686,POINT (-49.2243601686 -25.374540548)
2014-05-12 14:17:20.000000,-25.374540548,-49.2243601686,POINT (-49.2243601686 -25.374540548)
2014-05-12 14:17:30.000000,-25.374540548,-49.2243601686,POINT (-49.2243601686 -25.374540548)
2014-05-12 14:17:40.000000,-25.374540548,-49.2243601686,POINT (-49.2243601686 -25.374540548)
2014-05-12 14:17:50.000000,-25.374540548,-49.2243601686,POINT (-49.2243601686 -25.374540548)
2014-05-12 14:18:00.000000,-25.374540548,-49.2243601686,POINT (-49.2243601686 -25.374540548)
2014-05-12 14:18:10.000000,-25.374540548,-49.2243601686,POINT (-49.2243601686 -25.374540548)
2014-05-12 14:18:20.000000,-25.374540548,-49.2243601686,POINT (-49.2243601686 -25.374540548)
2014-05-12 14:18:30.000000,-25.374540548,-49.2243601686,POINT (-49.2243601686 -25.374540548)
2014-05-12 14:18:40.000000,-25.374540548,-49.2243601686,POINT (-49.2243601686 -25.374540548)
2014-05-12 14:18:50.000000,-25.374540548,-49.2243601686,POINT (-49.2243601686 -25.374540548)
2014-05-12 14:19:00.000000,-25.374540548,-49.2243601686,POINT (-49.2243601686 -25.374540548)
2014-05-12 14:19:10.000000,-25.374540548,-49.2243601686,POINT (-49.2243601686 -25.374540548)
2014-05-12 14:19:20.000000,-25.374540548,-49.2243601686,POINT (-49.2243601686 -25.374540548)
2014-05-12 14:19:30.000000,-25.374540548,-49.2243601686,POINT (-49.2243601686 -25.374540548)
2014-05-12 14:19:40.000000,-25.374540548,-49.2243601686,POINT (-49.2243601686 -25.374540548)
2014-05-12 14:19:50.000000,-25.374540548,-49.2243601686,POINT (-49.2243601686 -25.374540548)
2014-05-12 14:20:00.000000,-25.374540548,-49.2243601686,POINT (-49.2243601686 -25.374540548)
2014-05-12 14:20:10.000000,-25.374540548,-49.2243601686,POINT (-49.2243601686 -25.374540548)
2014-05-12 14:20:20.000000,-25.374540548,-49.2243601686,POINT (-49.2243601686 -25.374540548)
2014-05-12 14:20:30.000000,-25.374540548,-49.2243601686,POINT (-49.2243601686 -25.374540548)
2014-05-12 14:20:40.000000,-25.374540548,-49.2243601686,POINT (-49.2243601686 -25.374540548)
2014-05-12 14:20:50.000000,-25.374540548,-49.2243601686,POINT (-49.2243601686 -25.374540548)
2014-05-12 14:21:00.000000,-25.374540548,-49.2243601686,POINT (-49.2243601686 -25.374540548)
2014-05-12 14:21:10.000000,-25.374540548,-49.2243601686,POINT (-49.2243601686 -25.374540548)
2014-05-12 14:21:20.000000,-25.374540548,-49.2243601686,POINT (-49.2243601686 -25.374540548)
2014-05-12 14:21:30.000000,-25.374540548,-49.2243601686,POINT (-49.2243601686 -25.374540548)
2014-05-12 14:21:40.000000,-25.374540548,-49.2243601686,POINT (-49.2243601686 -25.374540548)
2014-05-12 14:21:50.000000,-25.374540548,-49.2243601686,POINT (-49.2243601686 -25.374540548)
2014-05-12 14:22:00.000000,-25.374540548,-49.2243601686,POINT (-49.2243601686 -25.374540548)
2014-05-12 14:22:10.000000,-25.374540548,-49.2243601686,POINT (-49.2243601686 -25.374540548)
2014-05-12 14:22:20.000000,-25.374540548,-49.2243601686,POINT (-49.2243601686 -25.374540548)
2014-05-12 14:22:30.000000,-25.374540548,-49.2243601686,POINT (-49.2243601686 -25.374540548)
2014-05-12 14:22:40.000000,-25.374540548,-49.2243601686,POINT (-49.2243601686 -25.374540548)
2014-05-12 14:22:50.000000,-25.374540548,-49.2243601686,POINT (-49.2243601686 -25.374540548)
2014-05-12 14:23:00.000000,-25.374540548,-49.2243601686,POINT (-49.2243601686 -25.374540548)
2014-05-12 14:23:10.000000,-25.374540548,-49.2243601686,POINT (-49.2243601686 -25.374540548)
2014-05-12 14:23:20.000000,-25.374540548,-49.2243601686,POINT (-49.2243601686 -25.374540548)
2014-05-12 14:23:30.000000,-25.374540548,-49.2243601686,POINT (-49.2243601686 -25.374540548)
2014-05-12 14:23:40.000000,-25.374540548,-49.2243601686,POINT (-49.2243601686 -25.374540548)
2014-05-12 14:23:50.000000,-25.374540548,-49.2243601686,POINT (-49.2243601686 -25.374540548)
2014-05-12 14:24:00.000000,-25.374540548,-49.2243601686,POINT (-49.2243601686 -25.374540548)
2014-05-12 14:24:10.000000,-25.374540548,-49.2243601686,POINT (-49.2243601686 -25.374540548)
2014-05-12 14:24:20.000000,-25.374540548,-49.2243601686,POINT (-49.2243601686 -25.374540548)
2014-05-12 14:24:30.000000,-25.374540548,-49.2243601686,POINT (-49.2243601686 -25.374540548)
2014-05-12 14:24:40.000000,-25.374540548,-49.2243601686,POINT (-49.2243601686 -25.374540548)
2014-05-12 14:24:50.000000,-25.374540548,-49.2243601686,POINT (-49.2243601686 -25.374540548)
2014-05-12 14:25:00.000000,-25.374540548,-49.2243601686,POINT (-49.2243601686 -25.374540548)
2014-05-12 14:25:10.000000,-25.374540548,-49.2243601686,POINT (-49.2243601686 -25.374540548)
2014-05-12 14:25:20.000000,-25.374540548,-49.2243601686,POINT (-49.2243601686 -25.374540548)
2014-05-12 14:25:30.000000,-25.374540548,-49.2243601686,POINT (-49.2243601686 -25.374540548)
2014-05-12 14:25:40.000000,-25.374540548,-49.2243601686,POINT (-49.2243601686 -25.374540548)
2014-05-12 14:25:50.000000,-25.374540548,-49.2243601686,POINT (-49.2243601686 -25.374540548)
2014-05-12 14:26:00.000000,-25.374540548,-49.2243601686,POINT (-49.2243601686 -25.374540548)
2014-05-12 14:26:10.000000,-25.374540548,-49.2243601686,POINT (-49.2243601686 -25.374540548)
2014-05-12 14:26:20.000000,-25.374540548,-49.2243601686,POINT (-49.2243601686 -25.374540548)
2014-05-12 14:26:30.000000,-25.374540548,-49.2243601686,POINT (-49.2243601686 -25.374540548)
2014-05-12 14:26:40.000000,-25.374540548,-49.2243601686,POINT (-49.2243601686 -25.374540548)
2014-05-12 14:26:50.000000,-25.374540548,-49.2243601686,POINT (-49.2243601686 -25.374540548)
2014-05-12 14:27:00.000000,-25.374540548,-49.2243601686,POINT (-49.2243601686 -25.374540548)
2014-05-12 14:27:10.000000,-25.374540548,-49.2243601686,POINT (-49.2243601686 -25.374540548)
2014-05-12 14:27:20.000000,-25.374540548,-49.2243601686,POINT (-49.2243601686 -25.374540548)
2014-05-12 14:27:30.000000,-25.374540548,-49.2243601686,POINT (-49.2243601686 -25.374540548)
2014-05-12 14:27:40.000000,-25.374540548,-49.2243601686,POINT (-49.2243601686 -25.374540548)
2014-05-12 14:27:50.000000,-25.374540548,-49.2243601686,POINT (-49.2243601686 -25.374540548)
2014-05-12 14:28:00.000000,-25.374540548,-49.2243601686,POINT (-49.2243601686 -25.374540548)
2014-05-12 14:28:10.000000,-25.374540548,-49.2243601686,POINT (-49.2243601686 -25.374540548)
2014-05-12 14:28:20.000000,-25.374540548,-49.2243601686,POINT (-49.2243601686 -25.374540548)
2014-05-12 14:28:30.000000,-25.374540548,-49.2243601686,POINT (-49.2243601686 -25.374540548)
2014-05-12 14:28:40.000000,-25.374540548,-49.2243601686,POINT (-49.2243601686 -25.374540548)
2014-05-12 14:28:50.000000,-25.374540548,-49.2243601686,POINT (-49.2243601686 -25.374540548)
2014-05-12 14:29:00.000000,-25.374540548,-49.2243601686,POINT (-49.2243601686 -25.374540548)
2014-05-12 14:29:10.000000,-25.374540548,-49.2243601686,POINT (-49.2243601686 -25.374540548)
2014-05-12 14:29:20.000000,-25.374540548,-49.2243601686,POINT (-49.2243601686 -25.374540548)
2014-05-12 14:29:30.000000,-25.374540548,-49.2243601686,POINT (-49.2243601686 -25.374540548)
2014-05-12 14:29:40.000000,-25.374540548,-49.2243601686,POINT (-49.2243601686 -25.374540548)
2014-05-12 14:29:50.000000,-25.374540548,-49.2243601686,POINT (-49.2243601686 -25.374540548)
2014-05-12 14:30:00.000000,-25.374540548,-49.2243601686,POINT (-49.2243601686 -25.374540548)
2014-05-12 14:30:10.000000,-25.374540548,-49.2243601686,POINT (-49.2243601686 -25.374540548)
2014-05-12 14:30:20.000000,-25.374540548,-49.2243601686,POINT (-49.2243601686 -25.374540548)
2014-05-12 14:30:30.000000,-25.374540548,-49.2243601686,POINT (-49.2243601686 -25.374540548)
2014-05-12 14:30:40.000000,-25.374540548,-49.2243601686,POINT (-49.2243601686 -25.374540548)
2014-05-12 14:30:50.000000,-25.374540548,-49.2243601686,POINT (-49.2243601686 -25.374540548)
2014-05-12 14:31:00.000000,-25.374540548,-49.2243601686,POINT (-49.2243601686 -25.374540548)
2014-05-12 14:31:10.000000,-25.374540548,-49.2243601686,POINT (-49.2243601686 -25.374540548)
2014-05-12 14:31:20.000000,-25.374540548,-49.2243601686,POINT (-49.2243601686 -25.374540548)
2014-05-12 14:31:30.000000,-25.374540548,-49.2243601686,POINT (-49.2243601686 -25.374540548)
2014-05-12 14:31:40.000000,-25.374540548,-49.2243601686,POINT (-49.2243601686 -25.374540548)
2014-05-12 14:31:50.000000,-25.374540548,-49.2243601686,POINT (-49.2243601686 -25.374540548)
2014-05-12 14:32:00.000000,-25.374540548,-49.2243601686,POINT (-49.2243601686 -25.374540548)
2014-05-12 14:32:10.000000,-25.374540548,-49.2243601686,POINT (-49.2243601686 -25.374540548)
2014-05-12 14:32:20.000000,-25.374540548,-49.2243601686,POINT (-49.2243601686 -25.374540548)
2014-05-12 14:32:30.000000,-25.374540548,-49.2243601686,POINT (-49.2243601686 -25.374540548)
2014-05-12 14:32:40.000000,-25.374540548,-49.2243601686,POINT (-49.2243601686 -25.374540548)
2014-05-12 14:32:50.000000,-25.374540548,-49.2243601686,POINT (-49.2243601686 -25.374540548)
2014-05-12 14:33:00.000000,-25.374540548,-49.2243601686,POINT (-49.2243601686 -25.374540548)
2014-05-12 14:33:10.000000,-25.374540548,-49.2243601686,POINT (-49.2243601686 -25.374540548)
2014-05-12 14:33:20.000000,-25.374540548,-49.2243601686,POINT (-49.2243601686 -25.374540548)
2014-05-12 14:33:30.000000,-25.374540548,-49.2243601686,POINT (-49.2243601686 -25.374540548)
2014-05-12 14:33:40.000000,-25.374540548,-49.2243601686,POINT (-49.2243601686 -25.374540548)
2014-05-12 14:33:50.000000,-25.374540548,-49.2243601686,POINT (-49.2243601686 -25.374540548)
2014-05-12 14:34:00.000000,-25.374540548,-49.2243601686,POINT (-49.2243601686 -25.374540548)
2014-05-12 14:34:10.000000,-25.374540548,-49.2243601686,POINT (-49.2243601686 -25.374540548)
2014-05-12 14:34:20.000000,-25.374540548,-49.2243601686,POINT (-49.2243601686 -25.374540548)
2014-05-12 14:34:30.000000,-25.374540548,-49.2243601686,POINT (-49.2243601686 -25.374540548)
2014-05-12 14:34:40.000000,-25.374540548,-49.2243601686,POINT (-49.2243601686 -25.374540548)
2014-05-12 14:34:50.000000,-25.374540548,-49.2243601686,POINT (-49.2243601686 -25.374540548)
2014-05-12 14:35:00.000000,-25.374540548,-49.2243601686,POINT (-49.2243601686 -25.374540548)
2014-05-12 14:35:10.000000,-25.374540548,-49.2243601686,POINT (-49.2243601686 -25.374540548)
2014-05-12 14:35:20.000000,-25.374540548,-49.2243601686,POINT (-49.2243601686 -25.374540548)
2014-05-12 14:35:30.000000,-25.374540548,-49.2243601686,POINT (-49.2243601686 -25.374540548)
2014-05-12 14:35:40.000000,-25.374540548,-49.2243601686,POINT (-49.2243601686 -25.374540548)
2014-05-12 14:35:50.000000,-25.374540548,-49.2243601686,POINT (-49.2243601686 -25.374540548)
2014-05-12 14:36:00.000000,-25.374540548,-49.2243601686,POINT (-49.2243601686 -25.374540548)
2014-05-12 14:36:10.000000,-25.374540548,-49.2243601686,POINT (-49.2243601686 -25.374540548)
2014-05-12 14:36:20.000000,-25.374540548,-49.2243601686,POINT (-49.2243601686 -25.374540548)
2014-05-12 14:36:30.000000,-25.374540548,-49.2243601686,POINT (-49.2243601686 -25.374540548)
2014-05-12 14:36:40.000000,-25.374540548,-49.2243601686,POINT (-49.2243601686 -25.374540548)
2014-05-12 14:36:50.000000,-25.374540548,-49.2243601686,POINT (-49.2243601686 -25.374540548)
2014-05-12 14:37:00.000000,-25.374540548,-49.2243601686,POINT (-49.2243601686 -25.374540548)
2014-05-12 14:37:10.000000,-25.374540548,-49.2243601686,POINT (-49.2243601686 -25.374540548)
2014-05-12 14:37:20.000000,-25.374540548,-49.2243601686,POINT (-49.2243601686 -25.374540548)
2014-05-12 14:37:30.000000,-25.374540548,-49.2243601686,POINT (-49.2243601686 -25.374540548)
2014-05-12 14:37:40.000000,-25.374540548,-49.2243601686,POINT (-49.2243601686 -25.374540548)
2014-05-12 14:37:50.000000,-25.374540548,-49.2243601686,POINT (-49.2243601686 -25.374540548)
2014-05-12 14:38:00.000000,-25.374540548,-49.2243601686,POINT (-49.2243601686 -25.374540548)
2014-05-12 14:38:19.874821,-25.3739712,-49.2244855,POINT (-49.2244855 -25.3739712)
2014-05-12 14:38:29.874821,-25.374166139534882,-49.22393591085272,POINT (-49.22393591085272 -25.374166139534882)
2014-05-12 14:38:39.874821,-25.374361079069768,-49.223386321705426,POINT (-49.223386321705426 -25.374361079069768)
2014-05-12 14:38:49.874821,-25.374663876744187,-49.22348653255814,POINT (-49.22348653255814 -25.374663876744187)
2014-05-12 14:38:59.874821,-25.374976135658915,-49.223643743410854,POINT (-49.223643743410854 -25.374976135658915)
2014-05-12 14:39:09.874821,-25.375679160465115,-49.224262504651165,POINT (-49.224262504651165 -25.375679160465115)
2014-05-12 14:39:19.874821,-25.37645733255814,-49.2249700255814,POINT (-49.2249700255814 -25.37645733255814)
2014-05-12 14:39:29.874821,-25.376637037984494,-49.22541299844961,POINT (-49.22541299844961 -25.376637037984494)
2014-05-12 14:39:39.874821,-25.37662574341085,-49.22577154108527,POINT (-49.22577154108527 -25.37662574341085)
2014-05-12 14:39:49.874821,-25.376639323255812,-49.226001902325585,POINT (-49.226001902325585 -25.376639323255812)
2014-05-12 14:39:59.874821,-25.376664748062016,-49.2261712248062,POINT (-49.2261712248062 -25.376664748062016)
2014-05-12 14:40:09.874821,-25.376852427906975,-49.22645034263566,POINT (-49.22645034263566 -25.376852427906975)
2014-05-12 14:40:19.874821,-25.377149739534886,-49.22680364651163,POINT (-49.22680364651163 -25.377149739534886)
2014-05-12 14:40:29.874821,-25.37748956899225,-49.227155164341085,POINT (-49.227155164341085 -25.37748956899225)
2014-05-12 14:40:39.874821,-25.37786925891473,-49.22750500775194,POINT (-49.22750500775194 -25.37786925891473)
2014-05-12 14:40:49.874821,-25.378257258139534,-49.22786244883721,POINT (-49.22786244883721 -25.378257258139534)
2014-05-12 14:40:59.874821,-25.378656028682173,-49.22822973875969,POINT (-49.22822973875969 -25.378656028682173)
2014-05-12 14:41:09.874821,-25.37905413410853,-49.22859641472868,POINT (-49.22859641472868 -25.37905413410853)
2014-05-12 14:41:19.874821,-25.379451030232556,-49.2289619744186,POINT (-49.2289619744186 -25.379451030232556)
2014-05-12 14:41:29.874821,-25.379832652713176,-49.22931324883721,POINT (-49.22931324883721 -25.379832652713176)
2014-05-12 14:41:39.874821,-25.380173844961238,-49.22962670930232,POINT (-49.22962670930232 -25.380173844961238)
2014-05-12 14:41:49.874821,-25.380525195348834,-49.22994985348838,POINT (-49.22994985348838 -25.380525195348834)
2014-05-12 14:41:59.874821,-25.380918871317828,-49.23031334651163,POINT (-49.23031334651163 -25.380918871317828)
2014-05-12 14:42:09.874821,-25.38131264496124,-49.23067686124031,POINT (-49.23067686124031 -25.38131264496124)
2014-05-12 14:42:19.874821,-25.381707186046512,-49.23104054651163,POINT (-49.23104054651163 -25.381707186046512)
2014-05-12 14:42:29.874821,-25.38210242015504,-49.2314048627907,POINT (-49.2314048627907 -25.38210242015504)
2014-05-12 14:42:39.874821,-25.382518444961242,-49.23178810930233,POINT (-49.23178810930233 -25.382518444961242)
2014-05-12 14:42:49.874821,-25.382934469767445,-49.23217135581395,POINT (-49.23217135581395 -25.382934469767445)
2014-05-12 14:42:59.874821,-25.383338831782947,-49.2325439,POINT (-49.2325439 -25.383338831782947)
2014-05-12 14:43:09.874821,-25.383742600775193,-49.2329159,POINT (-49.2329159 -25.383742600775193)
2014-05-12 14:43:19.874821,-25.384094588372093,-49.23323976046512,POINT (-49.23323976046512 -25.384094588372093)
2014-05-12 14:43:29.874821,-25.384438904651162,-49.23355648914729,POINT (-49.23355648914729 -25.384438904651162)
2014-05-12 14:43:39.874821,-25.385388389922483,-49.23443155193799,POINT (-49.23443155193799 -25.385388389922483)
2014-05-12 14:43:49.874821,-25.38649843023256,-49.23545474418605,POINT (-49.23545474418605 -25.38649843023256)
2014-05-12 14:43:59.874821,-25.387356579069767,-49.23624651007752,POINT (-49.23624651007752 -25.387356579069767)
2014-05-12 14:44:09.874821,-25.38811168139535,-49.23694360155039,POINT (-49.23694360155039 -25.38811168139535)
2014-05-12 14:44:19.874821,-25.388426718604652,-49.23723442790698,POINT (-49.23723442790698 -25.388426718604652)
2014-05-12 14:44:29.874821,-25.388482230232558,-49.2372856620155,POINT (-49.2372856620155 -25.388482230232558)
2014-05-12 14:44:39.874821,-25.38865376356589,-49.23744403565892,POINT (-49.23744403565892 -25.38865376356589)
2014-05-12 14:44:49.874821,-25.388920844186046,-49.23769064186047,POINT (-49.23769064186047 -25.388920844186046)
2014-05-12 14:44:59.874821,-25.389132195348836,-49.23788578992248,POINT (-49.23788578992248 -25.389132195348836)
2014-05-12 14:45:09.874821,-25.389280130232557,-49.23802238217054,POINT (-49.23802238217054 -25.389280130232557)
2014-05-12 14:45:19.874821,-25.3895508372093,-49.23827233255814,POINT (-49.23827233255814 -25.3895508372093)
2014-05-12 14:45:29.874821,-25.39001593333333,-49.238701766666665,POINT (-49.238701766666665 -25.39001593333333)
2014-05-12 14:45:39.874821,-25.390481397674417,-49.239131554263565,POINT (-49.239131554263565 -25.390481397674417)
2014-05-12 14:45:49.874821,-25.390947695348835,-49.23956214186047,POINT (-49.23956214186047 -25.390947695348835)
2014-05-12 14:45:59.874821,-25.391414155813955,-49.239992870542636,POINT (-49.239992870542636 -25.391414155813955)
2014-05-12 14:46:09.874821,-25.391881174418604,-49.24042408294574,POINT (-49.24042408294574 -25.391881174418604)
2014-05-12 14:46:19.874821,-25.39234972790698,-49.240856718604654,POINT (-49.240856718604654 -25.39234972790698)
2014-05-12 14:46:29.874821,-25.39282732015504,-49.24129773565892,POINT (-49.24129773565892 -25.39282732015504)
2014-05-12 14:46:39.874821,-25.393293842635657,-49.24172852945737,POINT (-49.24172852945737 -25.393293842635657)
2014-05-12 14:46:49.874821,-25.39359985348837,-49.24201108604651,POINT (-49.24201108604651 -25.39359985348837)
2014-05-12 14:46:59.874821,-25.393905864341086,-49.24229364263566,POINT (-49.24229364263566 -25.393905864341086)
2014-05-12 14:47:09.874821,-25.394474080620157,-49.24281835503876,POINT (-49.24281835503876 -25.394474080620157)
2014-05-12 14:47:19.874821,-25.395046595348838,-49.243347037209304,POINT (-49.243347037209304 -25.395046595348838)
2014-05-12 14:47:29.874821,-25.39527017364341,-49.24355343720931,POINT (-49.24355343720931 -25.39527017364341)
2014-05-12 14:47:39.874821,-25.395456365891473,-49.24372530697675,POINT (-49.24372530697675 -25.395456365891473)
2014-05-12 14:47:49.874821,-25.395665330232557,-49.24391828837209,POINT (-49.24391828837209 -25.395665330232557)
2014-05-12 14:47:59.874821,-25.395879206201553,-49.24411582325582,POINT (-49.24411582325582 -25.395879206201553)
2014-05-12 14:48:09.874821,-25.39607721395349,-49.24429866666667,POINT (-49.24429866666667 -25.39607721395349)
2014-05-12 14:48:19.874821,-25.396269702325583,-49.2444764,POINT (-49.2444764 -25.396269702325583)
2014-05-12 14:48:29.874821,-25.396540917054264,-49.24472682093023,POINT (-49.24472682093023 -25.396540917054264)
2014-05-12 14:48:39.874821,-25.396852455038758,-49.245014472093025,POINT (-49.245014472093025 -25.396852455038758)
2014-05-12 14:48:49.874821,-25.39714758372093,-49.24528696976744,POINT (-49.24528696976744 -25.39714758372093)
2014-05-12 14:48:59.874821,-25.39743086124031,-49.24554852325581,POINT (-49.24554852325581 -25.39743086124031)
2014-05-12 14:49:09.874821,-25.397837129457365,-49.24592367131783,POINT (-49.24592367131783 -25.397837129457365)
2014-05-12 14:49:19.874821,-25.398366388372093,-49.24641241395349,POINT (-49.24641241395349 -25.398366388372093)
2014-05-12 14:49:29.874821,-25.398904394573645,-49.24690923875969,POINT (-49.24690923875969 -25.398904394573645)
2014-05-12 14:49:39.874821,-25.3994545124031,-49.24741725426357,POINT (-49.24741725426357 -25.3994545124031)
2014-05-12 14:49:49.874821,-25.39990006976744,-49.247828913953484,POINT (-49.247828913953484 -25.39990006976744)
2014-05-12 14:49:59.874821,-25.40014148527132,-49.2480524503876,POINT (-49.2480524503876 -25.40014148527132)
2014-05-12 14:50:09.874821,-25.400331564341087,-49.24822825968992,POINT (-49.24822825968992 -25.400331564341087)
2014-05-12 14:50:19.874821,-25.400374051162792,-49.24826685348837,POINT (-49.24826685348837 -25.400374051162792)
2014-05-12 14:50:29.874821,-25.400449742635658,-49.2483365627907,POINT (-49.2483365627907 -25.400449742635658)
2014-05-12 14:50:39.874821,-25.400679382945736,-49.24855053488372,POINT (-49.24855053488372 -25.400679382945736)
2014-05-12 14:50:49.874821,-25.400914413953487,-49.2487695627907,POINT (-49.2487695627907 -25.400914413953487)
2014-05-12 14:50:59.874821,-25.401199758139533,-49.24903577829458,POINT (-49.24903577829458 -25.401199758139533)
2014-05-12 14:51:09.874821,-25.401485227131786,-49.24930211007752,POINT (-49.24930211007752 -25.401485227131786)
2014-05-12 14:51:19.874821,-25.401778309302326,-49.24957553488372,POINT (-49.24957553488372 -25.401778309302326)
2014-05-12 14:51:29.874821,-25.40207139147287,-49.24984895968992,POINT (-49.24984895968992 -25.40207139147287)
2014-05-12 14:51:39.874821,-25.402694399224806,-49.25043086356589,POINT (-49.25043086356589 -25.402694399224806)
2014-05-12 14:51:49.874821,-25.403340160465117,-49.251034041860464,POINT (-49.251034041860464 -25.403340160465117)
2014-05-12 14:51:59.874821,-25.403842862790697,-49.25150258372093,POINT (-49.25150258372093 -25.403842862790697)
2014-05-12 14:52:09.874821,-25.404321272093025,-49.2519482627907,POINT (-49.2519482627907 -25.404321272093025)
2014-05-12 14:52:19.874821,-25.404618211627906,-49.25244659302325,POINT (-49.25244659302325 -25.404618211627906)
2014-05-12 14:52:29.874821,-25.40486222248062,-49.252960279844956,POINT (-49.252960279844956 -25.40486222248062)
2014-05-12 14:52:39.874821,-25.4052867,-49.2537133,POINT (-49.2537133 -25.4052867)
2014-05-12 14:52:49.874821,-25.40579091860465,-49.254572072093026,POINT (-49.254572072093026 -25.40579091860465)
2014-05-12 14:52:59.874821,-25.406254456589146,-49.25514593255814,POINT (-49.25514593255814 -25.406254456589146)
2014-05-12 14:53:09.874821,-25.406692301550386,-49.25553984883721,POINT (-49.25553984883721 -25.406692301550386)
2014-05-12 14:53:19.874821,-25.407171869767442,-49.25590639302326,POINT (-49.25590639302326 -25.407171869767442)
2014-05-12 14:53:29.874821,-25.407688103875966,-49.25624888294574,POINT (-49.25624888294574 -25.407688103875966)
2014-05-12 14:53:39.874821,-25.408175751937982,-49.25649172325581,POINT (-49.25649172325581 -25.408175751937982)
2014-05-12 14:53:49.874821,-25.408628688372094,-49.25661356046512,POINT (-49.25661356046512 -25.408628688372094)
2014-05-12 14:53:59.874821,-25.40904229302326,-49.25672480697675,POINT (-49.25672480697675 -25.40904229302326)
2014-05-12 14:54:09.874821,-25.409389204651163,-49.25681809534884,POINT (-49.25681809534884 -25.409389204651163)
2014-05-12 14:54:19.874821,-25.409879181395347,-49.25706992325582,POINT (-49.25706992325582 -25.409879181395347)
2014-05-12 14:54:29.874821,-25.410718872868216,-49.257709292248066,POINT (-49.257709292248066 -25.410718872868216)
2014-05-12 14:54:39.874821,-25.41147514263566,-49.25830563023256,POINT (-49.25830563023256 -25.41147514263566)
2014-05-12 14:54:49.874821,-25.411916976744187,-49.25873977441861,POINT (-49.25873977441861 -25.411916976744187)
2014-05-12 14:54:59.874821,-25.412359772093026,-49.25917132635659,POINT (-49.25917132635659 -25.412359772093026)
2014-05-12 14:55:09.874821,-25.412809055813955,-49.25958538062015,POINT (-49.25958538062015 -25.412809055813955)
2014-05-12 14:55:19.874821,-25.413254493023256,-49.259996388372095,POINT (-49.259996388372095 -25.413254493023256)
2014-05-12 14:55:29.874821,-25.413624282170545,-49.26034748139535,POINT (-49.26034748139535 -25.413624282170545)
2014-05-12 14:55:39.874821,-25.41399407131783,-49.260698574418605,POINT (-49.260698574418605 -25.41399407131783)
2014-05-12 14:55:49.874821,-25.414568558139536,-49.261236039534886,POINT (-49.261236039534886 -25.414568558139536)
2014-05-12 14:55:59.874821,-25.415149868217053,-49.26177971705426,POINT (-49.26177971705426 -25.415149868217053)
2014-05-12 14:56:09.874821,-25.4156413875969,-49.262221154263564,POINT (-49.262221154263564 -25.4156413875969)
2014-05-12 14:56:19.874821,-25.41612147906977,-49.262649579069766,POINT (-49.262649579069766 -25.41612147906977)
2014-05-12 14:56:29.874821,-25.416578431007753,-49.26307238372093,POINT (-49.26307238372093 -25.416578431007753)
2014-05-12 14:56:39.874821,-25.417029829457363,-49.26349383953488,POINT (-49.26349383953488 -25.417029829457363)
2014-05-12 14:56:49.874821,-25.41739056511628,-49.264098504651166,POINT (-49.264098504651166 -25.41739056511628)
2014-05-12 14:56:59.874821,-25.417717050387598,-49.26477238217054,POINT (-49.26477238217054 -25.417717050387598)
2014-05-12 14:57:09.874821,-25.417838543410852,-49.26520495736434,POINT (-49.26520495736434 -25.417838543410852)
2014-05-12 14:57:19.874821,-25.417847290697676,-49.26550481627907,POINT (-49.26550481627907 -25.417847290697676)
2014-05-12 14:57:29.874821,-25.417838890697674,-49.26606950852713,POINT (-49.26606950852713 -25.417838890697674)
2014-05-12 14:57:39.874821,-25.4178172627907,-49.266838500775194,POINT (-49.266838500775194 -25.4178172627907)
2014-05-12 14:57:49.874821,-25.417753913953486,-49.26751463255814,POINT (-49.26751463255814 -25.417753913953486)
2014-05-12 14:57:59.874821,-25.4176460627907,-49.26809171317829,POINT (-49.26809171317829 -25.4176460627907)
2014-05-12 14:58:09.874821,-25.417578056589146,-49.26845573178295,POINT (-49.26845573178295 -25.417578056589146)
2014-05-12 14:58:19.874821,-25.417569020930234,-49.26850441860465,POINT (-49.26850441860465 -25.417569020930234)
2014-05-12 14:58:29.874821,-25.417770031782947,-49.268585632558136,POINT (-49.268585632558136 -25.417770031782947)
2014-05-12 14:58:39.874821,-25.41841214031008,-49.26873515348837,POINT (-49.26873515348837 -25.41841214031008)
2014-05-12 14:58:49.874821,-25.418904795348837,-49.2688385,POINT (-49.2688385 -25.418904795348837)
2014-05-12 14:58:59.874821,-25.418929162790697,-49.268797166666666,POINT (-49.268797166666666 -25.418929162790697)
2014-05-12 14:59:09.874821,-25.418954034108527,-49.26875490310078,POINT (-49.26875490310078 -25.418954034108527)
2014-05-12 14:59:19.874821,-25.418981525581394,-49.26870780232558,POINT (-49.26870780232558 -25.418981525581394)
2014-05-12 14:59:29.874821,-25.419007210852712,-49.26865091085271,POINT (-49.26865091085271 -25.419007210852712)
2014-05-12 14:59:39.874821,-25.419012305426357,-49.268482405426354,POINT (-49.268482405426354 -25.419012305426357)
2014-05-12 14:59:49.874821,-25.4190174,-49.2683139,POINT (-49.2683139 -25.4190174)
2014-05-12 15:00:00.000000,-25.4185378571,-49.2682900524,POINT (-49.2682900524 -25.4185378571)
2014-05-12 15:00:10.000000,-25.4185378571,-49.2682900524,POINT (-49.2682900524 -25.4185378571)
2014-05-12 15:00:20.000000,-25.4185378571,-49.2682900524,POINT (-49.2682900524 -25.4185378571)
2014-05-12 15:00:30.000000,-25.4185378571,-49.2682900524,POINT (-49.2682900524 -25.4185378571)
2014-05-12 15:00:40.000000,-25.4185378571,-49.2682900524,POINT (-49.2682900524 -25.4185378571)
2014-05-12 15:00:50.000000,-25.4185378571,-49.2682900524,POINT (-49.2682900524 -25.4185378571)
2014-05-12 15:01:00.000000,-25.4185378571,-49.2682900524,POINT (-49.2682900524 -25.4185378571)
2014-05-12 15:01:10.000000,-25.4185378571,-49.2682900524,POINT (-49.2682900524 -25.4185378571)
2014-05-12 15:01:20.000000,-25.4185378571,-49.2682900524,POINT (-49.2682900524 -25.4185378571)
2014-05-12 15:01:30.000000,-25.4185378571,-49.2682900524,POINT (-49.2682900524 -25.4185378571)
2014-05-12 15:01:40.000000,-25.4185378571,-49.2682900524,POINT (-49.2682900524 -25.4185378571)
2014-05-12 15:01:50.000000,-25.4185378571,-49.2682900524,POINT (-49.2682900524 -25.4185378571)
2014-05-12 15:02:00.000000,-25.4185378571,-49.2682900524,POINT (-49.2682900524 -25.4185378571)
2014-05-12 15:02:10.000000,-25.4185378571,-49.2682900524,POINT (-49.2682900524 -25.4185378571)
2014-05-12 15:02:20.000000,-25.4185378571,-49.2682900524,POINT (-49.2682900524 -25.4185378571)
2014-05-12 15:02:30.000000,-25.4185378571,-49.2682900524,POINT (-49.2682900524 -25.4185378571)
2014-05-12 15:02:40.000000,-25.4185378571,-49.2682900524,POINT (-49.2682900524 -25.4185378571)
2014-05-12 15:02:50.000000,-25.4185378571,-49.2682900524,POINT (-49.2682900524 -25.4185378571)
2014-05-12 15:03:00.000000,-25.4185378571,-49.2682900524,POINT (-49.2682900524 -25.4185378571)
2014-05-12 15:03:10.000000,-25.4185378571,-49.2682900524,POINT (-49.2682900524 -25.4185378571)
2014-05-12 15:03:20.000000,-25.4185378571,-49.2682900524,POINT (-49.2682900524 -25.4185378571)
2014-05-12 15:03:30.000000,-25.4185378571,-49.2682900524,POINT (-49.2682900524 -25.4185378571)
2014-05-12 15:03:40.000000,-25.4185378571,-49.2682900524,POINT (-49.2682900524 -25.4185378571)
2014-05-12 15:03:50.000000,-25.4185378571,-49.2682900524,POINT (-49.2682900524 -25.4185378571)
2014-05-12 15:04:00.000000,-25.4185378571,-49.2682900524,POINT (-49.2682900524 -25.4185378571)
2014-05-12 15:04:10.000000,-25.4185378571,-49.2682900524,POINT (-49.2682900524 -25.4185378571)
2014-05-12 15:04:20.000000,-25.4185378571,-49.2682900524,POINT (-49.2682900524 -25.4185378571)
2014-05-12 15:04:30.000000,-25.4185378571,-49.2682900524,POINT (-49.2682900524 -25.4185378571)
2014-05-12 15:04:40.000000,-25.4185378571,-49.2682900524,POINT (-49.2682900524 -25.4185378571)
2014-05-12 15:04:50.000000,-25.4185378571,-49.2682900524,POINT (-49.2682900524 -25.4185378571)
2014-05-12 15:05:00.000000,-25.4185378571,-49.2682900524,POINT (-49.2682900524 -25.4185378571)
2014-05-12 15:05:10.000000,-25.4185378571,-49.2682900524,POINT (-49.2682900524 -25.4185378571)
2014-05-12 15:05:20.000000,-25.4185378571,-49.2682900524,POINT (-49.2682900524 -25.4185378571)
2014-05-12 15:05:30.000000,-25.4185378571,-49.2682900524,POINT (-49.2682900524 -25.4185378571)
2014-05-12 15:05:40.000000,-25.4185378571,-49.2682900524,POINT (-49.2682900524 -25.4185378571)
2014-05-12 15:05:50.000000,-25.4185378571,-49.2682900524,POINT (-49.2682900524 -25.4185378571)
2014-05-12 15:06:00.000000,-25.4185378571,-49.2682900524,POINT (-49.2682900524 -25.4185378571)
2014-05-12 15:06:10.000000,-25.4185378571,-49.2682900524,POINT (-49.2682900524 -25.4185378571)
2014-05-12 15:06:20.000000,-25.4185378571,-49.2682900524,POINT (-49.2682900524 -25.4185378571)
2014-05-12 15:06:30.000000,-25.4185378571,-49.2682900524,POINT (-49.2682900524 -25.4185378571)
2014-05-12 15:06:40.000000,-25.4185378571,-49.2682900524,POINT (-49.2682900524 -25.4185378571)
2014-05-12 15:06:50.000000,-25.4185378571,-49.2682900524,POINT (-49.2682900524 -25.4185378571)
2014-05-12 15:07:00.000000,-25.4185378571,-49.2682900524,POINT (-49.2682900524 -25.4185378571)
2014-05-12 15:07:10.000000,-25.4185378571,-49.2682900524,POINT (-49.2682900524 -25.4185378571)
2014-05-12 15:07:20.000000,-25.4185378571,-49.2682900524,POINT (-49.2682900524 -25.4185378571)
2014-05-12 15:07:30.000000,-25.4185378571,-49.2682900524,POINT (-49.2682900524 -25.4185378571)
2014-05-12 15:07:40.000000,-25.4185378571,-49.2682900524,POINT (-49.2682900524 -25.4185378571)
2014-05-12 15:07:50.000000,-25.4185378571,-49.2682900524,POINT (-49.2682900524 -25.4185378571)
2014-05-12 15:08:00.000000,-25.4185378571,-49.2682900524,POINT (-49.2682900524 -25.4185378571)
2014-05-12 15:08:10.000000,-25.4185378571,-49.2682900524,POINT (-49.2682900524 -25.4185378571)
2014-05-12 15:08:20.000000,-25.4185378571,-49.2682900524,POINT (-49.2682900524 -25.4185378571)
2014-05-12 15:08:30.000000,-25.4185378571,-49.2682900524,POINT (-49.2682900524 -25.4185378571)
2014-05-12 15:08:40.000000,-25.4185378571,-49.2682900524,POINT (-49.2682900524 -25.4185378571)
2014-05-12 15:08:50.000000,-25.4185378571,-49.2682900524,POINT (-49.2682900524 -25.4185378571)
2014-05-12 15:09:00.000000,-25.4185378571,-49.2682900524,POINT (-49.2682900524 -25.4185378571)
2014-05-12 15:09:10.000000,-25.4185378571,-49.2682900524,POINT (-49.2682900524 -25.4185378571)
2014-05-12 15:09:20.000000,-25.4185378571,-49.2682900524,POINT (-49.2682900524 -25.4185378571)
2014-05-12 15:09:30.000000,-25.4185378571,-49.2682900524,POINT (-49.2682900524 -25.4185378571)
2014-05-12 15:09:40.000000,-25.4185378571,-49.2682900524,POINT (-49.2682900524 -25.4185378571)
2014-05-12 15:09:50.000000,-25.4185378571,-49.2682900524,POINT (-49.2682900524 -25.4185378571)
2014-05-12 15:10:00.000000,-25.4185378571,-49.2682900524,POINT (-49.2682900524 -25.4185378571)
2014-05-12 15:10:10.000000,-25.4185378571,-49.2682900524,POINT (-49.2682900524 -25.4185378571)
2014-05-12 15:10:20.000000,-25.4185378571,-49.2682900524,POINT (-49.2682900524 -25.4185378571)
2014-05-12 15:10:30.000000,-25.4185378571,-49.2682900524,POINT (-49.2682900524 -25.4185378571)
2014-05-12 15:10:40.000000,-25.4185378571,-49.2682900524,POINT (-49.2682900524 -25.4185378571)
2014-05-12 15:10:50.000000,-25.4185378571,-49.2682900524,POINT (-49.2682900524 -25.4185378571)
2014-05-12 15:11:00.000000,-25.4185378571,-49.2682900524,POINT (-49.2682900524 -25.4185378571)
2014-05-12 15:11:10.000000,-25.4185378571,-49.2682900524,POINT (-49.2682900524 -25.4185378571)
2014-05-12 15:11:20.000000,-25.4185378571,-49.2682900524,POINT (-49.2682900524 -25.4185378571)
2014-05-12 15:11:30.000000,-25.4185378571,-49.2682900524,POINT (-49.2682900524 -25.4185378571)
2014-05-12 15:11:40.000000,-25.4185378571,-49.2682900524,POINT (-49.2682900524 -25.4185378571)
2014-05-12 15:11:50.000000,-25.4185378571,-49.2682900524,POINT (-49.2682900524 -25.4185378571)
2014-05-12 15:12:00.000000,-25.4185378571,-49.2682900524,POINT (-49.2682900524 -25.4185378571)
2014-05-12 15:12:10.000000,-25.4185378571,-49.2682900524,POINT (-49.2682900524 -25.4185378571)
2014-05-12 15:12:20.000000,-25.4185378571,-49.2682900524,POINT (-49.2682900524 -25.4185378571)
2014-05-12 15:12:30.000000,-25.4185378571,-49.2682900524,POINT (-49.2682900524 -25.4185378571)
2014-05-12 15:12:40.000000,-25.4185378571,-49.2682900524,POINT (-49.2682900524 -25.4185378571)
2014-05-12 15:12:50.000000,-25.4185378571,-49.2682900524,POINT (-49.2682900524 -25.4185378571)
2014-05-12 15:13:00.000000,-25.4185378571,-49.2682900524,POINT (-49.2682900524 -25.4185378571)
2014-05-12 15:13:10.000000,-25.4185378571,-49.2682900524,POINT (-49.2682900524 -25.4185378571)
2014-05-12 15:13:20.000000,-25.4185378571,-49.2682900524,POINT (-49.2682900524 -25.4185378571)
2014-05-12 15:13:30.000000,-25.4185378571,-49.2682900524,POINT (-49.2682900524 -25.4185378571)
2014-05-12 15:13:40.000000,-25.4185378571,-49.2682900524,POINT (-49.2682900524 -25.4185378571)
2014-05-12 15:13:50.000000,-25.4185378571,-49.2682900524,POINT (-49.2682900524 -25.4185378571)
2014-05-12 15:14:00.000000,-25.4185378571,-49.2682900524,POINT (-49.2682900524 -25.4185378571)
2014-05-12 15:14:10.000000,-25.4185378571,-49.2682900524,POINT (-49.2682900524 -25.4185378571)
2014-05-12 15:14:20.000000,-25.4185378571,-49.2682900524,POINT (-49.2682900524 -25.4185378571)
2014-05-12 15:14:30.000000,-25.4185378571,-49.2682900524,POINT (-49.2682900524 -25.4185378571)
2014-05-12 15:14:40.000000,-25.4185378571,-49.2682900524,POINT (-49.2682900524 -25.4185378571)
2014-05-12 15:14:50.000000,-25.4185378571,-49.2682900524,POINT (-49.2682900524 -25.4185378571)
2014-05-12 15:15:00.000000,-25.4185378571,-49.2682900524,POINT (-49.2682900524 -25.4185378571)
2014-05-12 15:15:10.000000,-25.4185378571,-49.2682900524,POINT (-49.2682900524 -25.4185378571)
2014-05-12 15:15:20.000000,-25.4185378571,-49.2682900524,POINT (-49.2682900524 -25.4185378571)
2014-05-12 15:15:30.000000,-25.4185378571,-49.2682900524,POINT (-49.2682900524 -25.4185378571)
2014-05-12 15:15:40.000000,-25.4185378571,-49.2682900524,POINT (-49.2682900524 -25.4185378571)
2014-05-12 15:15:50.000000,-25.4185378571,-49.2682900524,POINT (-49.2682900524 -25.4185378571)
2014-05-12 15:16:00.000000,-25.4185378571,-49.2682900524,POINT (-49.2682900524 -25.4185378571)
2014-05-12 15:16:10.000000,-25.4185378571,-49.2682900524,POINT (-49.2682900524 -25.4185378571)
2014-05-12 15:16:20.000000,-25.4185378571,-49.2682900524,POINT (-49.2682900524 -25.4185378571)
2014-05-12 15:16:30.000000,-25.4185378571,-49.2682900524,POINT (-49.2682900524 -25.4185378571)
2014-05-12 15:16:40.000000,-25.4185378571,-49.2682900524,POINT (-49.2682900524 -25.4185378571)
2014-05-12 15:16:50.000000,-25.4185378571,-49.2682900524,POINT (-49.2682900524 -25.4185378571)
2014-05-12 15:17:00.000000,-25.4185378571,-49.2682900524,POINT (-49.2682900524 -25.4185378571)
2014-05-12 15:17:10.000000,-25.4185378571,-49.2682900524,POINT (-49.2682900524 -25.4185378571)
2014-05-12 15:17:20.000000,-25.4185378571,-49.2682900524,POINT (-49.2682900524 -25.4185378571)
2014-05-12 15:17:30.000000,-25.4185378571,-49.2682900524,POINT (-49.2682900524 -25.4185378571)
2014-05-12 15:17:40.000000,-25.4185378571,-49.2682900524,POINT (-49.2682900524 -25.4185378571)
2014-05-12 15:17:50.000000,-25.4185378571,-49.2682900524,POINT (-49.2682900524 -25.4185378571)
2014-05-12 15:18:00.000000,-25.4185378571,-49.2682900524,POINT (-49.2682900524 -25.4185378571)
2014-05-12 15:18:10.000000,-25.4185378571,-49.2682900524,POINT (-49.2682900524 -25.4185378571)
2014-05-12 15:18:20.000000,-25.4185378571,-49.2682900524,POINT (-49.2682900524 -25.4185378571)
2014-05-12 15:18:30.000000,-25.4185378571,-49.2682900524,POINT (-49.2682900524 -25.4185378571)
2014-05-12 15:18:40.000000,-25.4185378571,-49.2682900524,POINT (-49.2682900524 -25.4185378571)
2014-05-12 15:18:50.000000,-25.4185378571,-49.2682900524,POINT (-49.2682900524 -25.4185378571)
2014-05-12 15:19:00.000000,-25.4185378571,-49.2682900524,POINT (-49.2682900524 -25.4185378571)
2014-05-12 15:19:10.000000,-25.4185378571,-49.2682900524,POINT (-49.2682900524 -25.4185378571)
2014-05-12 15:19:20.000000,-25.4185378571,-49.2682900524,POINT (-49.2682900524 -25.4185378571)
2014-05-12 15:19:30.000000,-25.4185378571,-49.2682900524,POINT (-49.2682900524 -25.4185378571)
2014-05-12 15:19:40.000000,-25.4185378571,-49.2682900524,POINT (-49.2682900524 -25.4185378571)
2014-05-12 15:19:50.000000,-25.4185378571,-49.2682900524,POINT (-49.2682900524 -25.4185378571)
2014-05-12 15:20:00.000000,-25.4185378571,-49.2682900524,POINT (-49.2682900524 -25.4185378571)
2014-05-12 15:20:10.000000,-25.4185378571,-49.2682900524,POINT (-49.2682900524 -25.4185378571)
2014-05-12 15:20:20.000000,-25.4185378571,-49.2682900524,POINT (-49.2682900524 -25.4185378571)
2014-05-12 15:20:30.000000,-25.4185378571,-49.2682900524,POINT (-49.2682900524 -25.4185378571)
2014-05-12 15:20:40.000000,-25.4185378571,-49.2682900524,POINT (-49.2682900524 -25.4185378571)
2014-05-12 15:20:50.000000,-25.4185378571,-49.2682900524,POINT (-49.2682900524 -25.4185378571)
2014-05-12 15:21:00.000000,-25.4185378571,-49.2682900524,POINT (-49.2682900524 -25.4185378571)
2014-05-12 15:21:10.000000,-25.4185378571,-49.2682900524,POINT (-49.2682900524 -25.4185378571)
2014-05-12 15:21:20.000000,-25.4185378571,-49.2682900524,POINT (-49.2682900524 -25.4185378571)
2014-05-12 15:21:30.000000,-25.4185378571,-49.2682900524,POINT (-49.2682900524 -25.4185378571)
2014-05-12 15:21:40.000000,-25.4185378571,-49.2682900524,POINT (-49.2682900524 -25.4185378571)
2014-05-12 15:21:50.000000,-25.4185378571,-49.2682900524,POINT (-49.2682900524 -25.4185378571)
2014-05-12 15:22:00.000000,-25.4185378571,-49.2682900524,POINT (-49.2682900524 -25.4185378571)
2014-05-12 15:22:10.000000,-25.4185378571,-49.2682900524,POINT (-49.2682900524 -25.4185378571)
2014-05-12 15:22:20.000000,-25.4185378571,-49.2682900524,POINT (-49.2682900524 -25.4185378571)
2014-05-12 15:22:30.000000,-25.4185378571,-49.2682900524,POINT (-49.2682900524 -25.4185378571)
2014-05-12 15:22:40.000000,-25.4185378571,-49.2682900524,POINT (-49.2682900524 -25.4185378571)
2014-05-12 15:22:50.000000,-25.4185378571,-49.2682900524,POINT (-49.2682900524 -25.4185378571)
2014-05-12 15:23:00.000000,-25.4185378571,-49.2682900524,POINT (-49.2682900524 -25.4185378571)
2014-05-12 15:23:10.000000,-25.4185378571,-49.2682900524,POINT (-49.2682900524 -25.4185378571)
2014-05-12 15:23:20.000000,-25.4185378571,-49.2682900524,POINT (-49.2682900524 -25.4185378571)
2014-05-12 15:23:30.000000,-25.4185378571,-49.2682900524,POINT (-49.2682900524 -25.4185378571)
2014-05-12 15:23:40.000000,-25.4185378571,-49.2682900524,POINT (-49.2682900524 -25.4185378571)
2014-05-12 15:23:50.000000,-25.4185378571,-49.2682900524,POINT (-49.2682900524 -25.4185378571)
2014-05-12 15:24:00.000000,-25.4185378571,-49.2682900524,POINT (-49.2682900524 -25.4185378571)
2014-05-12 15:24:10.000000,-25.4185378571,-49.2682900524,POINT (-49.2682900524 -25.4185378571)
2014-05-12 15:24:20.000000,-25.4185378571,-49.2682900524,POINT (-49.2682900524 -25.4185378571)
2014-05-12 15:24:30.000000,-25.4185378571,-49.2682900524,POINT (-49.2682900524 -25.4185378571)
2014-05-12 15:24:40.000000,-25.4185378571,-49.2682900524,POINT (-49.2682900524 -25.4185378571)
2014-05-12 15:24:50.000000,-25.4185378571,-49.2682900524,POINT (-49.2682900524 -25.4185378571)
2014-05-12 15:25:00.000000,-25.4185378571,-49.2682900524,POINT (-49.2682900524 -25.4185378571)
2014-05-12 15:25:10.000000,-25.4185378571,-49.2682900524,POINT (-49.2682900524 -25.4185378571)
2014-05-12 15:25:20.000000,-25.4185378571,-49.2682900524,POINT (-49.2682900524 -25.4185378571)
2014-05-12 15:25:30.000000,-25.4185378571,-49.2682900524,POINT (-49.2682900524 -25.4185378571)
2014-05-12 15:25:40.000000,-25.4185378571,-49.2682900524,POINT (-49.2682900524 -25.4185378571)
2014-05-12 15:25:50.000000,-25.4185378571,-49.2682900524,POINT (-49.2682900524 -25.4185378571)
2014-05-12 15:26:00.000000,-25.4185378571,-49.2682900524,POINT (-49.2682900524 -25.4185378571)
2014-05-12 15:26:10.000000,-25.4185378571,-49.2682900524,POINT (-49.2682900524 -25.4185378571)
2014-05-12 15:26:20.000000,-25.4185378571,-49.2682900524,POINT (-49.2682900524 -25.4185378571)
2014-05-12 15:26:30.000000,-25.4185378571,-49.2682900524,POINT (-49.2682900524 -25.4185378571)
2014-05-12 15:26:40.000000,-25.4185378571,-49.2682900524,POINT (-49.2682900524 -25.4185378571)
2014-05-12 15:26:50.000000,-25.4185378571,-49.2682900524,POINT (-49.2682900524 -25.4185378571)
2014-05-12 15:27:00.000000,-25.4185378571,-49.2682900524,POINT (-49.2682900524 -25.4185378571)
2014-05-12 15:27:10.000000,-25.4185378571,-49.2682900524,POINT (-49.2682900524 -25.4185378571)
2014-05-12 15:27:20.000000,-25.4185378571,-49.2682900524,POINT (-49.2682900524 -25.4185378571)
2014-05-12 15:27:30.000000,-25.4185378571,-49.2682900524,POINT (-49.2682900524 -25.4185378571)
2014-05-12 15:27:40.000000,-25.4185378571,-49.2682900524,POINT (-49.2682900524 -25.4185378571)
2014-05-12 15:27:50.000000,-25.4185378571,-49.2682900524,POINT (-49.2682900524 -25.4185378571)
2014-05-12 15:28:00.000000,-25.4185378571,-49.2682900524,POINT (-49.2682900524 -25.4185378571)
2014-05-12 15:28:10.000000,-25.4185378571,-49.2682900524,POINT (-49.2682900524 -25.4185378571)
2014-05-12 15:28:20.000000,-25.4185378571,-49.2682900524,POINT (-49.2682900524 -25.4185378571)
2014-05-12 15:28:30.000000,-25.4185378571,-49.2682900524,POINT (-49.2682900524 -25.4185378571)
2014-05-12 15:28:40.000000,-25.4185378571,-49.2682900524,POINT (-49.2682900524 -25.4185378571)
2014-05-12 15:28:50.000000,-25.4185378571,-49.2682900524,POINT (-49.2682900524 -25.4185378571)
2014-05-12 15:29:00.000000,-25.4185378571,-49.2682900524,POINT (-49.2682900524 -25.4185378571)
2014-05-12 15:29:10.000000,-25.4185378571,-49.2682900524,POINT (-49.2682900524 -25.4185378571)
2014-05-12 15:29:20.000000,-25.4185378571,-49.2682900524,POINT (-49.2682900524 -25.4185378571)
2014-05-12 15:29:30.000000,-25.4185378571,-49.2682900524,POINT (-49.2682900524 -25.4185378571)
2014-05-12 15:29:40.000000,-25.4185378571,-49.2682900524,POINT (-49.2682900524 -25.4185378571)
2014-05-12 15:29:50.000000,-25.4185378571,-49.2682900524,POINT (-49.2682900524 -25.4185378571)
2014-05-12 15:30:00.000000,-25.4185378571,-49.2682900524,POINT (-49.2682900524 -25.4185378571)
2014-05-12 15:30:10.000000,-25.4185378571,-49.2682900524,POINT (-49.2682900524 -25.4185378571)
2014-05-12 15:30:20.000000,-25.4185378571,-49.2682900524,POINT (-49.2682900524 -25.4185378571)
2014-05-12 15:30:30.000000,-25.4185378571,-49.2682900524,POINT (-49.2682900524 -25.4185378571)
2014-05-12 15:30:40.000000,-25.4185378571,-49.2682900524,POINT (-49.2682900524 -25.4185378571)
2014-05-12 15:30:50.000000,-25.4185378571,-49.2682900524,POINT (-49.2682900524 -25.4185378571)
2014-05-12 15:31:00.000000,-25.4185378571,-49.2682900524,POINT (-49.2682900524 -25.4185378571)
2014-05-12 15:31:10.000000,-25.4185378571,-49.2682900524,POINT (-49.2682900524 -25.4185378571)
2014-05-12 15:31:20.000000,-25.4185378571,-49.2682900524,POINT (-49.2682900524 -25.4185378571)
2014-05-12 15:31:30.000000,-25.4185378571,-49.2682900524,POINT (-49.2682900524 -25.4185378571)
2014-05-12 15:31:40.000000,-25.4185378571,-49.2682900524,POINT (-49.2682900524 -25.4185378571)
2014-05-12 15:31:50.000000,-25.4185378571,-49.2682900524,POINT (-49.2682900524 -25.4185378571)
2014-05-12 15:32:00.000000,-25.4185378571,-49.2682900524,POINT (-49.2682900524 -25.4185378571)
2014-05-12 15:32:10.000000,-25.4185378571,-49.2682900524,POINT (-49.2682900524 -25.4185378571)
2014-05-12 15:32:20.000000,-25.4185378571,-49.2682900524,POINT (-49.2682900524 -25.4185378571)
2014-05-12 15:32:30.000000,-25.4185378571,-49.2682900524,POINT (-49.2682900524 -25.4185378571)
2014-05-12 15:32:40.000000,-25.4185378571,-49.2682900524,POINT (-49.2682900524 -25.4185378571)
2014-05-12 15:32:50.000000,-25.4185378571,-49.2682900524,POINT (-49.2682900524 -25.4185378571)
2014-05-12 15:33:00.000000,-25.4185378571,-49.2682900524,POINT (-49.2682900524 -25.4185378571)
2014-05-12 15:33:10.000000,-25.4185378571,-49.2682900524,POINT (-49.2682900524 -25.4185378571)
2014-05-12 15:33:20.000000,-25.4185378571,-49.2682900524,POINT (-49.2682900524 -25.4185378571)
2014-05-12 15:33:30.000000,-25.4185378571,-49.2682900524,POINT (-49.2682900524 -25.4185378571)
2014-05-12 15:33:40.000000,-25.4185378571,-49.2682900524,POINT (-49.2682900524 -25.4185378571)
2014-05-12 15:33:50.000000,-25.4185378571,-49.2682900524,POINT (-49.2682900524 -25.4185378571)
2014-05-12 15:34:00.000000,-25.4185378571,-49.2682900524,POINT (-49.2682900524 -25.4185378571)
2014-05-12 15:34:10.000000,-25.4185378571,-49.2682900524,POINT (-49.2682900524 -25.4185378571)
2014-05-12 15:34:20.000000,-25.4185378571,-49.2682900524,POINT (-49.2682900524 -25.4185378571)
2014-05-12 15:34:30.000000,-25.4185378571,-49.2682900524,POINT (-49.2682900524 -25.4185378571)
2014-05-12 15:34:40.000000,-25.4185378571,-49.2682900524,POINT (-49.2682900524 -25.4185378571)
2014-05-12 15:34:50.000000,-25.4185378571,-49.2682900524,POINT (-49.2682900524 -25.4185378571)
2014-05-12 15:35:00.000000,-25.4185378571,-49.2682900524,POINT (-49.2682900524 -25.4185378571)
2014-05-12 15:35:10.000000,-25.4185378571,-49.2682900524,POINT (-49.2682900524 -25.4185378571)
2014-05-12 15:35:20.000000,-25.4185378571,-49.2682900524,POINT (-49.2682900524 -25.4185378571)
2014-05-12 15:35:30.000000,-25.4185378571,-49.2682900524,POINT (-49.2682900524 -25.4185378571)
2014-05-12 15:35:40.000000,-25.4185378571,-49.2682900524,POINT (-49.2682900524 -25.4185378571)
2014-05-12 15:35:50.000000,-25.4185378571,-49.2682900524,POINT (-49.2682900524 -25.4185378571)
2014-05-12 15:36:00.000000,-25.4185378571,-49.2682900524,POINT (-49.2682900524 -25.4185378571)
2014-05-12 15:36:10.000000,-25.4185378571,-49.2682900524,POINT (-49.2682900524 -25.4185378571)
2014-05-12 15:36:20.000000,-25.4185378571,-49.2682900524,POINT (-49.2682900524 -25.4185378571)
2014-05-12 15:36:30.000000,-25.4185378571,-49.2682900524,POINT (-49.2682900524 -25.4185378571)
2014-05-12 15:36:40.000000,-25.4185378571,-49.2682900524,POINT (-49.2682900524 -25.4185378571)
2014-05-12 15:36:50.000000,-25.4185378571,-49.2682900524,POINT (-49.2682900524 -25.4185378571)
2014-05-12 15:37:00.000000,-25.4185378571,-49.2682900524,POINT (-49.2682900524 -25.4185378571)
2014-05-12 15:37:10.000000,-25.4185378571,-49.2682900524,POINT (-49.2682900524 -25.4185378571)
2014-05-12 15:37:20.000000,-25.4185378571,-49.2682900524,POINT (-49.2682900524 -25.4185378571)
2014-05-12 15:37:30.000000,-25.4185378571,-49.2682900524,POINT (-49.2682900524 -25.4185378571)
2014-05-12 15:37:40.000000,-25.4185378571,-49.2682900524,POINT (-49.2682900524 -25.4185378571)
2014-05-12 15:37:50.000000,-25.4185378571,-49.2682900524,POINT (-49.2682900524 -25.4185378571)
2014-05-12 15:38:00.000000,-25.4185378571,-49.2682900524,POINT (-49.2682900524 -25.4185378571)
2014-05-12 15:38:10.000000,-25.4185378571,-49.2682900524,POINT (-49.2682900524 -25.4185378571)
2014-05-12 15:38:20.000000,-25.4185378571,-49.2682900524,POINT (-49.2682900524 -25.4185378571)
2014-05-12 15:38:30.000000,-25.4185378571,-49.2682900524,POINT (-49.2682900524 -25.4185378571)
2014-05-12 15:38:40.000000,-25.4185378571,-49.2682900524,POINT (-49.2682900524 -25.4185378571)
2014-05-12 15:38:50.000000,-25.4185378571,-49.2682900524,POINT (-49.2682900524 -25.4185378571)
2014-05-12 15:39:00.000000,-25.4185378571,-49.2682900524,POINT (-49.2682900524 -25.4185378571)
2014-05-12 15:39:10.000000,-25.4185378571,-49.2682900524,POINT (-49.2682900524 -25.4185378571)
2014-05-12 15:39:20.000000,-25.4185378571,-49.2682900524,POINT (-49.2682900524 -25.4185378571)
2014-05-12 15:39:30.000000,-25.4185378571,-49.2682900524,POINT (-49.2682900524 -25.4185378571)
2014-05-12 15:39:40.000000,-25.4185378571,-49.2682900524,POINT (-49.2682900524 -25.4185378571)
2014-05-12 15:39:50.000000,-25.4185378571,-49.2682900524,POINT (-49.2682900524 -25.4185378571)
2014-05-12 15:40:00.000000,-25.4185378571,-49.2682900524,POINT (-49.2682900524 -25.4185378571)
2014-05-12 15:40:10.000000,-25.4185378571,-49.2682900524,POINT (-49.2682900524 -25.4185378571)
2014-05-12 15:40:20.000000,-25.4185378571,-49.2682900524,POINT (-49.2682900524 -25.4185378571)
2014-05-12 15:40:30.000000,-25.4185378571,-49.2682900524,POINT (-49.2682900524 -25.4185378571)
2014-05-12 15:40:40.000000,-25.4185378571,-49.2682900524,POINT (-49.2682900524 -25.4185378571)
2014-05-12 15:40:50.000000,-25.4185378571,-49.2682900524,POINT (-49.2682900524 -25.4185378571)
2014-05-12 15:41:00.000000,-25.4185378571,-49.2682900524,POINT (-49.2682900524 -25.4185378571)
2014-05-12 15:41:10.000000,-25.4185378571,-49.2682900524,POINT (-49.2682900524 -25.4185378571)
2014-05-12 15:41:20.000000,-25.4185378571,-49.2682900524,POINT (-49.2682900524 -25.4185378571)
2014-05-12 15:41:30.000000,-25.4185378571,-49.2682900524,POINT (-49.2682900524 -25.4185378571)
2014-05-12 15:41:40.000000,-25.4185378571,-49.2682900524,POINT (-49.2682900524 -25.4185378571)
2014-05-12 15:41:50.000000,-25.4185378571,-49.2682900524,POINT (-49.2682900524 -25.4185378571)
2014-05-12 15:42:00.000000,-25.4185378571,-49.2682900524,POINT (-49.2682900524 -25.4185378571)
2014-05-12 15:42:10.000000,-25.4185378571,-49.2682900524,POINT (-49.2682900524 -25.4185378571)
2014-05-12 15:42:20.000000,-25.4185378571,-49.2682900524,POINT (-49.2682900524 -25.4185378571)
2014-05-12 15:42:30.000000,-25.4185378571,-49.2682900524,POINT (-49.2682900524 -25.4185378571)
2014-05-12 15:42:40.000000,-25.4185378571,-49.2682900524,POINT (-49.2682900524 -25.4185378571)
2014-05-12 15:42:50.000000,-25.4185378571,-49.2682900524,POINT (-49.2682900524 -25.4185378571)
2014-05-12 15:43:00.000000,-25.4185378571,-49.2682900524,POINT (-49.2682900524 -25.4185378571)
2014-05-12 15:43:10.000000,-25.4185378571,-49.2682900524,POINT (-49.2682900524 -25.4185378571)
2014-05-12 15:43:20.000000,-25.4185378571,-49.2682900524,POINT (-49.2682900524 -25.4185378571)
2014-05-12 15:43:30.000000,-25.4185378571,-49.2682900524,POINT (-49.2682900524 -25.4185378571)
2014-05-12 15:43:40.000000,-25.4185378571,-49.2682900524,POINT (-49.2682900524 -25.4185378571)
2014-05-12 15:43:50.000000,-25.4185378571,-49.2682900524,POINT (-49.2682900524 -25.4185378571)
2014-05-12 15:44:00.000000,-25.4185378571,-49.2682900524,POINT (-49.2682900524 -25.4185378571)
2014-05-12 15:44:10.000000,-25.4185378571,-49.2682900524,POINT (-49.2682900524 -25.4185378571)
2014-05-12 15:44:20.000000,-25.4185378571,-49.2682900524,POINT (-49.2682900524 -25.4185378571)
2014-05-12 15:44:30.000000,-25.4185378571,-49.2682900524,POINT (-49.2682900524 -25.4185378571)
2014-05-12 15:44:40.000000,-25.4185378571,-49.2682900524,POINT (-49.2682900524 -25.4185378571)
2014-05-12 15:44:50.000000,-25.4185378571,-49.2682900524,POINT (-49.2682900524 -25.4185378571)
2014-05-12 15:45:00.000000,-25.4185378571,-49.2682900524,POINT (-49.2682900524 -25.4185378571)
2014-05-12 15:45:10.000000,-25.4185378571,-49.2682900524,POINT (-49.2682900524 -25.4185378571)
2014-05-12 15:45:20.000000,-25.4185378571,-49.2682900524,POINT (-49.2682900524 -25.4185378571)
2014-05-12 15:45:30.000000,-25.4185378571,-49.2682900524,POINT (-49.2682900524 -25.4185378571)
2014-05-12 15:45:40.000000,-25.4185378571,-49.2682900524,POINT (-49.2682900524 -25.4185378571)
2014-05-12 15:45:50.000000,-25.4185378571,-49.2682900524,POINT (-49.2682900524 -25.4185378571)
2014-05-12 15:46:00.000000,-25.4185378571,-49.2682900524,POINT (-49.2682900524 -25.4185378571)
2014-05-12 15:46:10.000000,-25.4185378571,-49.2682900524,POINT (-49.2682900524 -25.4185378571)
2014-05-12 15:46:20.000000,-25.4185378571,-49.2682900524,POINT (-49.2682900524 -25.4185378571)
2014-05-12 15:46:30.000000,-25.4185378571,-49.2682900524,POINT (-49.2682900524 -25.4185378571)
2014-05-12 15:46:40.000000,-25.4185378571,-49.2682900524,POINT (-49.2682900524 -25.4185378571)
2014-05-12 15:46:50.000000,-25.4185378571,-49.2682900524,POINT (-49.2682900524 -25.4185378571)
2014-05-12 15:47:00.000000,-25.4185378571,-49.2682900524,POINT (-49.2682900524 -25.4185378571)
2014-05-12 15:47:10.000000,-25.4185378571,-49.2682900524,POINT (-49.2682900524 -25.4185378571)
2014-05-12 15:47:20.000000,-25.4185378571,-49.2682900524,POINT (-49.2682900524 -25.4185378571)
2014-05-12 15:47:30.000000,-25.4185378571,-49.2682900524,POINT (-49.2682900524 -25.4185378571)
2014-05-12 15:47:40.000000,-25.4185378571,-49.2682900524,POINT (-49.2682900524 -25.4185378571)
2014-05-12 15:47:50.000000,-25.4185378571,-49.2682900524,POINT (-49.2682900524 -25.4185378571)
2014-05-12 15:48:00.000000,-25.4185378571,-49.2682900524,POINT (-49.2682900524 -25.4185378571)
2014-05-12 15:48:10.000000,-25.4185378571,-49.2682900524,POINT (-49.2682900524 -25.4185378571)
2014-05-12 15:48:20.000000,-25.4185378571,-49.2682900524,POINT (-49.2682900524 -25.4185378571)
2014-05-12 15:48:30.000000,-25.4185378571,-49.2682900524,POINT (-49.2682900524 -25.4185378571)
2014-05-12 15:48:40.000000,-25.4185378571,-49.2682900524,POINT (-49.2682900524 -25.4185378571)
2014-05-12 15:48:50.000000,-25.4185378571,-49.2682900524,POINT (-49.2682900524 -25.4185378571)
2014-05-12 15:49:00.000000,-25.4185378571,-49.2682900524,POINT (-49.2682900524 -25.4185378571)
2014-05-12 15:49:10.000000,-25.4185378571,-49.2682900524,POINT (-49.2682900524 -25.4185378571)
2014-05-12 15:49:20.000000,-25.4185378571,-49.2682900524,POINT (-49.2682900524 -25.4185378571)
2014-05-12 15:49:30.000000,-25.4185378571,-49.2682900524,POINT (-49.2682900524 -25.4185378571)
2014-05-12 15:49:40.000000,-25.4185378571,-49.2682900524,POINT (-49.2682900524 -25.4185378571)
2014-05-12 15:49:50.000000,-25.4185378571,-49.2682900524,POINT (-49.2682900524 -25.4185378571)
2014-05-12 15:50:00.000000,-25.4185378571,-49.2682900524,POINT (-49.2682900524 -25.4185378571)
2014-05-12 15:50:10.000000,-25.4185378571,-49.2682900524,POINT (-49.2682900524 -25.4185378571)
2014-05-12 15:50:20.000000,-25.4185378571,-49.2682900524,POINT (-49.2682900524 -25.4185378571)
2014-05-12 15:50:30.000000,-25.4185378571,-49.2682900524,POINT (-49.2682900524 -25.4185378571)
2014-05-12 15:50:40.000000,-25.4185378571,-49.2682900524,POINT (-49.2682900524 -25.4185378571)
2014-05-12 15:50:50.000000,-25.4185378571,-49.2682900524,POINT (-49.2682900524 -25.4185378571)
2014-05-12 15:51:00.000000,-25.4185378571,-49.2682900524,POINT (-49.2682900524 -25.4185378571)
2014-05-12 15:51:10.000000,-25.4185378571,-49.2682900524,POINT (-49.2682900524 -25.4185378571)
2014-05-12 15:51:20.000000,-25.4185378571,-49.2682900524,POINT (-49.2682900524 -25.4185378571)
2014-05-12 15:51:30.000000,-25.4185378571,-49.2682900524,POINT (-49.2682900524 -25.4185378571)
2014-05-12 15:51:40.000000,-25.4185378571,-49.2682900524,POINT (-49.2682900524 -25.4185378571)
2014-05-12 15:51:50.000000,-25.4185378571,-49.2682900524,POINT (-49.2682900524 -25.4185378571)
2014-05-12 15:52:00.000000,-25.4185378571,-49.2682900524,POINT (-49.2682900524 -25.4185378571)
2014-05-12 15:52:10.000000,-25.4185378571,-49.2682900524,POINT (-49.2682900524 -25.4185378571)
2014-05-12 15:52:20.000000,-25.4185378571,-49.2682900524,POINT (-49.2682900524 -25.4185378571)
2014-05-12 15:52:30.000000,-25.4185378571,-49.2682900524,POINT (-49.2682900524 -25.4185378571)
2014-05-12 15:52:40.000000,-25.4185378571,-49.2682900524,POINT (-49.2682900524 -25.4185378571)
2014-05-12 15:52:50.000000,-25.4185378571,-49.2682900524,POINT (-49.2682900524 -25.4185378571)
2014-05-12 15:53:00.000000,-25.4185378571,-49.2682900524,POINT (-49.2682900524 -25.4185378571)
2014-05-12 15:53:10.000000,-25.4185378571,-49.2682900524,POINT (-49.2682900524 -25.4185378571)
2014-05-12 15:53:20.000000,-25.4185378571,-49.2682900524,POINT (-49.2682900524 -25.4185378571)
2014-05-12 15:53:30.000000,-25.4185378571,-49.2682900524,POINT (-49.2682900524 -25.4185378571)
2014-05-12 15:53:40.000000,-25.4185378571,-49.2682900524,POINT (-49.2682900524 -25.4185378571)
2014-05-12 15:53:50.000000,-25.4185378571,-49.2682900524,POINT (-49.2682900524 -25.4185378571)
2014-05-12 15:54:00.000000,-25.4185378571,-49.2682900524,POINT (-49.2682900524 -25.4185378571)
2014-05-12 15:54:10.000000,-25.4185378571,-49.2682900524,POINT (-49.2682900524 -25.4185378571)
2014-05-12 15:54:20.000000,-25.4185378571,-49.2682900524,POINT (-49.2682900524 -25.4185378571)
2014-05-12 15:54:30.000000,-25.4185378571,-49.2682900524,POINT (-49.2682900524 -25.4185378571)
2014-05-12 15:54:40.000000,-25.4185378571,-49.2682900524,POINT (-49.2682900524 -25.4185378571)
2014-05-12 15:54:50.000000,-25.4185378571,-49.2682900524,POINT (-49.2682900524 -25.4185378571)
2014-05-12 15:55:00.000000,-25.4185378571,-49.2682900524,POINT (-49.2682900524 -25.4185378571)
2014-05-12 15:55:10.000000,-25.4185378571,-49.2682900524,POINT (-49.2682900524 -25.4185378571)
2014-05-12 15:55:20.000000,-25.4185378571,-49.2682900524,POINT (-49.2682900524 -25.4185378571)
2014-05-12 15:55:30.000000,-25.4185378571,-49.2682900524,POINT (-49.2682900524 -25.4185378571)
2014-05-12 15:55:40.000000,-25.4185378571,-49.2682900524,POINT (-49.2682900524 -25.4185378571)
2014-05-12 15:55:50.000000,-25.4185378571,-49.2682900524,POINT (-49.2682900524 -25.4185378571)
2014-05-12 15:56:00.000000,-25.4185378571,-49.2682900524,POINT (-49.2682900524 -25.4185378571)
2014-05-12 15:56:10.000000,-25.4185378571,-49.2682900524,POINT (-49.2682900524 -25.4185378571)
2014-05-12 15:56:20.000000,-25.4185378571,-49.2682900524,POINT (-49.2682900524 -25.4185378571)
2014-05-12 15:56:30.000000,-25.4185378571,-49.2682900524,POINT (-49.2682900524 -25.4185378571)
2014-05-12 15:56:40.000000,-25.4185378571,-49.2682900524,POINT (-49.2682900524 -25.4185378571)
2014-05-12 15:56:50.000000,-25.4185378571,-49.2682900524,POINT (-49.2682900524 -25.4185378571)
2014-05-12 15:57:00.000000,-25.4185378571,-49.2682900524,POINT (-49.2682900524 -25.4185378571)
2014-05-12 15:57:10.000000,-25.4185378571,-49.2682900524,POINT (-49.2682900524 -25.4185378571)
2014-05-12 15:57:20.000000,-25.4185378571,-49.2682900524,POINT (-49.2682900524 -25.4185378571)
2014-05-12 15:57:30.000000,-25.4185378571,-49.2682900524,POINT (-49.2682900524 -25.4185378571)
2014-05-12 15:57:40.000000,-25.4185378571,-49.2682900524,POINT (-49.2682900524 -25.4185378571)
2014-05-12 15:57:50.000000,-25.4185378571,-49.2682900524,POINT (-49.2682900524 -25.4185378571)
2014-05-12 15:58:00.000000,-25.4185378571,-49.2682900524,POINT (-49.2682900524 -25.4185378571)
2014-05-12 15:58:10.000000,-25.4185378571,-49.2682900524,POINT (-49.2682900524 -25.4185378571)
2014-05-12 15:58:20.000000,-25.4185378571,-49.2682900524,POINT (-49.2682900524 -25.4185378571)
2014-05-12 15:58:30.000000,-25.4185378571,-49.2682900524,POINT (-49.2682900524 -25.4185378571)
2014-05-12 15:58:40.000000,-25.4185378571,-49.2682900524,POINT (-49.2682900524 -25.4185378571)
2014-05-12 15:58:50.000000,-25.4185378571,-49.2682900524,POINT (-49.2682900524 -25.4185378571)
2014-05-12 15:59:00.000000,-25.4185378571,-49.2682900524,POINT (-49.2682900524 -25.4185378571)
2014-05-12 15:59:10.000000,-25.4185378571,-49.2682900524,POINT (-49.2682900524 -25.4185378571)
2014-05-12 15:59:20.000000,-25.4185378571,-49.2682900524,POINT (-49.2682900524 -25.4185378571)
2014-05-12 15:59:30.000000,-25.4185378571,-49.2682900524,POINT (-49.2682900524 -25.4185378571)
2014-05-12 15:59:40.000000,-25.4185378571,-49.2682900524,POINT (-49.2682900524 -25.4185378571)
2014-05-12 15:59:50.000000,-25.4185378571,-49.2682900524,POINT (-49.2682900524 -25.4185378571)
2014-05-12 16:00:00.000000,-25.4185378571,-49.2682900524,POINT (-49.2682900524 -25.4185378571)
2014-05-12 16:00:10.000000,-25.4185378571,-49.2682900524,POINT (-49.2682900524 -25.4185378571)
2014-05-12 16:00:20.000000,-25.4185378571,-49.2682900524,POINT (-49.2682900524 -25.4185378571)
2014-05-12 16:00:30.000000,-25.4185378571,-49.2682900524,POINT (-49.2682900524 -25.4185378571)
2014-05-12 16:00:40.000000,-25.4185378571,-49.2682900524,POINT (-49.2682900524 -25.4185378571)
2014-05-12 16:00:50.000000,-25.4185378571,-49.2682900524,POINT (-49.2682900524 -25.4185378571)
2014-05-12 16:01:00.000000,-25.4185378571,-49.2682900524,POINT (-49.2682900524 -25.4185378571)
2014-05-12 16:01:10.000000,-25.4185378571,-49.2682900524,POINT (-49.2682900524 -25.4185378571)
2014-05-12 16:01:20.000000,-25.4185378571,-49.2682900524,POINT (-49.2682900524 -25.4185378571)
2014-05-12 16:01:30.000000,-25.4185378571,-49.2682900524,POINT (-49.2682900524 -25.4185378571)
2014-05-12 16:01:40.000000,-25.4185378571,-49.2682900524,POINT (-49.2682900524 -25.4185378571)
2014-05-12 16:01:50.000000,-25.4185378571,-49.2682900524,POINT (-49.2682900524 -25.4185378571)
2014-05-12 16:02:00.000000,-25.4185378571,-49.2682900524,POINT (-49.2682900524 -25.4185378571)
2014-05-12 16:02:10.000000,-25.4185378571,-49.2682900524,POINT (-49.2682900524 -25.4185378571)
2014-05-12 16:02:20.000000,-25.4185378571,-49.2682900524,POINT (-49.2682900524 -25.4185378571)
2014-05-12 16:02:30.000000,-25.4185378571,-49.2682900524,POINT (-49.2682900524 -25.4185378571)
2014-05-12 16:02:40.000000,-25.4185378571,-49.2682900524,POINT (-49.2682900524 -25.4185378571)
2014-05-12 16:02:50.000000,-25.4185378571,-49.2682900524,POINT (-49.2682900524 -25.4185378571)
2014-05-12 16:03:00.000000,-25.4185378571,-49.2682900524,POINT (-49.2682900524 -25.4185378571)
2014-05-12 16:03:10.000000,-25.4185378571,-49.2682900524,POINT (-49.2682900524 -25.4185378571)
2014-05-12 16:03:20.000000,-25.4185378571,-49.2682900524,POINT (-49.2682900524 -25.4185378571)
2014-05-12 16:03:30.000000,-25.4185378571,-49.2682900524,POINT (-49.2682900524 -25.4185378571)
2014-05-12 16:03:40.000000,-25.4185378571,-49.2682900524,POINT (-49.2682900524 -25.4185378571)
2014-05-12 16:03:50.000000,-25.4185378571,-49.2682900524,POINT (-49.2682900524 -25.4185378571)
2014-05-12 16:04:00.000000,-25.4185378571,-49.2682900524,POINT (-49.2682900524 -25.4185378571)
2014-05-12 16:04:10.000000,-25.4185378571,-49.2682900524,POINT (-49.2682900524 -25.4185378571)
2014-05-12 16:04:20.000000,-25.4185378571,-49.2682900524,POINT (-49.2682900524 -25.4185378571)
2014-05-12 16:04:30.000000,-25.4185378571,-49.2682900524,POINT (-49.2682900524 -25.4185378571)
2014-05-12 16:04:40.000000,-25.4185378571,-49.2682900524,POINT (-49.2682900524 -25.4185378571)
2014-05-12 16:04:50.000000,-25.4185378571,-49.2682900524,POINT (-49.2682900524 -25.4185378571)
2014-05-12 16:05:00.000000,-25.4185378571,-49.2682900524,POINT (-49.2682900524 -25.4185378571)
2014-05-12 16:05:10.000000,-25.4185378571,-49.2682900524,POINT (-49.2682900524 -25.4185378571)
2014-05-12 16:05:20.000000,-25.4185378571,-49.2682900524,POINT (-49.2682900524 -25.4185378571)
2014-05-12 16:05:30.000000,-25.4185378571,-49.2682900524,POINT (-49.2682900524 -25.4185378571)
2014-05-12 16:05:40.000000,-25.4185378571,-49.2682900524,POINT (-49.2682900524 -25.4185378571)
2014-05-12 16:05:50.000000,-25.4185378571,-49.2682900524,POINT (-49.2682900524 -25.4185378571)
2014-05-12 16:06:00.000000,-25.4185378571,-49.2682900524,POINT (-49.2682900524 -25.4185378571)
2014-05-12 16:06:10.000000,-25.4185378571,-49.2682900524,POINT (-49.2682900524 -25.4185378571)
2014-05-12 16:06:20.000000,-25.4185378571,-49.2682900524,POINT (-49.2682900524 -25.4185378571)
2014-05-12 16:06:30.000000,-25.4185378571,-49.2682900524,POINT (-49.2682900524 -25.4185378571)
2014-05-12 16:06:40.000000,-25.4185378571,-49.2682900524,POINT (-49.2682900524 -25.4185378571)
2014-05-12 16:06:50.000000,-25.4185378571,-49.2682900524,POINT (-49.2682900524 -25.4185378571)
2014-05-12 16:07:00.000000,-25.4185378571,-49.2682900524,POINT (-49.2682900524 -25.4185378571)
2014-05-12 16:07:10.000000,-25.4185378571,-49.2682900524,POINT (-49.2682900524 -25.4185378571)
2014-05-12 16:07:20.000000,-25.4185378571,-49.2682900524,POINT (-49.2682900524 -25.4185378571)
2014-05-12 16:07:30.000000,-25.4185378571,-49.2682900524,POINT (-49.2682900524 -25.4185378571)
2014-05-12 16:07:40.000000,-25.4185378571,-49.2682900524,POINT (-49.2682900524 -25.4185378571)
2014-05-12 16:07:50.000000,-25.4185378571,-49.2682900524,POINT (-49.2682900524 -25.4185378571)
2014-05-12 16:08:00.000000,-25.4185378571,-49.2682900524,POINT (-49.2682900524 -25.4185378571)
2014-05-12 16:08:10.000000,-25.4185378571,-49.2682900524,POINT (-49.2682900524 -25.4185378571)
2014-05-12 16:08:20.000000,-25.4185378571,-49.2682900524,POINT (-49.2682900524 -25.4185378571)
2014-05-12 16:08:30.000000,-25.4185378571,-49.2682900524,POINT (-49.2682900524 -25.4185378571)
2014-05-12 16:08:40.000000,-25.4185378571,-49.2682900524,POINT (-49.2682900524 -25.4185378571)
2014-05-12 16:08:50.000000,-25.4185378571,-49.2682900524,POINT (-49.2682900524 -25.4185378571)
2014-05-12 16:09:00.000000,-25.4185378571,-49.2682900524,POINT (-49.2682900524 -25.4185378571)
2014-05-12 16:09:10.000000,-25.4185378571,-49.2682900524,POINT (-49.2682900524 -25.4185378571)
2014-05-12 16:09:20.000000,-25.4185378571,-49.2682900524,POINT (-49.2682900524 -25.4185378571)
2014-05-12 16:09:30.000000,-25.4185378571,-49.2682900524,POINT (-49.2682900524 -25.4185378571)
2014-05-12 16:09:40.000000,-25.4185378571,-49.2682900524,POINT (-49.2682900524 -25.4185378571)
2014-05-12 16:09:50.000000,-25.4185378571,-49.2682900524,POINT (-49.2682900524 -25.4185378571)
2014-05-12 16:10:00.000000,-25.4185378571,-49.2682900524,POINT (-49.2682900524 -25.4185378571)
2014-05-12 16:10:10.000000,-25.4185378571,-49.2682900524,POINT (-49.2682900524 -25.4185378571)
2014-05-12 16:10:20.000000,-25.4185378571,-49.2682900524,POINT (-49.2682900524 -25.4185378571)
2014-05-12 16:10:30.000000,-25.4185378571,-49.2682900524,POINT (-49.2682900524 -25.4185378571)
2014-05-12 16:10:40.000000,-25.4185378571,-49.2682900524,POINT (-49.2682900524 -25.4185378571)
2014-05-12 16:10:50.000000,-25.4185378571,-49.2682900524,POINT (-49.2682900524 -25.4185378571)
2014-05-12 16:11:00.000000,-25.4185378571,-49.2682900524,POINT (-49.2682900524 -25.4185378571)
2014-05-12 16:11:10.000000,-25.4185378571,-49.2682900524,POINT (-49.2682900524 -25.4185378571)
2014-05-12 16:11:20.000000,-25.4185378571,-49.2682900524,POINT (-49.2682900524 -25.4185378571)
2014-05-12 16:11:30.000000,-25.4185378571,-49.2682900524,POINT (-49.2682900524 -25.4185378571)
2014-05-12 16:11:40.000000,-25.4185378571,-49.2682900524,POINT (-49.2682900524 -25.4185378571)
2014-05-12 16:11:50.000000,-25.4185378571,-49.2682900524,POINT (-49.2682900524 -25.4185378571)
2014-05-12 16:12:00.000000,-25.4185378571,-49.2682900524,POINT (-49.2682900524 -25.4185378571)
2014-05-12 16:12:10.000000,-25.4185378571,-49.2682900524,POINT (-49.2682900524 -25.4185378571)
2014-05-12 16:12:20.000000,-25.4185378571,-49.2682900524,POINT (-49.2682900524 -25.4185378571)
2014-05-12 16:12:30.000000,-25.4185378571,-49.2682900524,POINT (-49.2682900524 -25.4185378571)
2014-05-12 16:12:40.000000,-25.4185378571,-49.2682900524,POINT (-49.2682900524 -25.4185378571)
2014-05-12 16:12:50.000000,-25.4185378571,-49.2682900524,POINT (-49.2682900524 -25.4185378571)
2014-05-12 16:13:00.000000,-25.4185378571,-49.2682900524,POINT (-49.2682900524 -25.4185378571)
2014-05-12 16:13:10.000000,-25.4185378571,-49.2682900524,POINT (-49.2682900524 -25.4185378571)
2014-05-12 16:13:20.000000,-25.4185378571,-49.2682900524,POINT (-49.2682900524 -25.4185378571)
2014-05-12 16:13:30.000000,-25.4185378571,-49.2682900524,POINT (-49.2682900524 -25.4185378571)
2014-05-12 16:13:40.000000,-25.4185378571,-49.2682900524,POINT (-49.2682900524 -25.4185378571)
2014-05-12 16:13:50.000000,-25.4185378571,-49.2682900524,POINT (-49.2682900524 -25.4185378571)
2014-05-12 16:14:00.000000,-25.4185378571,-49.2682900524,POINT (-49.2682900524 -25.4185378571)
2014-05-12 16:14:10.000000,-25.4185378571,-49.2682900524,POINT (-49.2682900524 -25.4185378571)
2014-05-12 16:14:20.000000,-25.4185378571,-49.2682900524,POINT (-49.2682900524 -25.4185378571)
2014-05-12 16:14:30.000000,-25.4185378571,-49.2682900524,POINT (-49.2682900524 -25.4185378571)
2014-05-12 16:14:40.000000,-25.4185378571,-49.2682900524,POINT (-49.2682900524 -25.4185378571)
2014-05-12 16:14:50.000000,-25.4185378571,-49.2682900524,POINT (-49.2682900524 -25.4185378571)
2014-05-12 16:15:00.000000,-25.4185378571,-49.2682900524,POINT (-49.2682900524 -25.4185378571)
2014-05-12 16:15:10.000000,-25.4185378571,-49.2682900524,POINT (-49.2682900524 -25.4185378571)
2014-05-12 16:15:20.000000,-25.4185378571,-49.2682900524,POINT (-49.2682900524 -25.4185378571)
2014-05-12 16:15:30.000000,-25.4185378571,-49.2682900524,POINT (-49.2682900524 -25.4185378571)
2014-05-12 16:15:40.000000,-25.4185378571,-49.2682900524,POINT (-49.2682900524 -25.4185378571)
2014-05-12 16:15:50.000000,-25.4185378571,-49.2682900524,POINT (-49.2682900524 -25.4185378571)
2014-05-12 16:16:00.000000,-25.4185378571,-49.2682900524,POINT (-49.2682900524 -25.4185378571)
2014-05-12 16:16:10.000000,-25.4185378571,-49.2682900524,POINT (-49.2682900524 -25.4185378571)
2014-05-12 16:16:20.000000,-25.4185378571,-49.2682900524,POINT (-49.2682900524 -25.4185378571)
2014-05-12 16:16:30.000000,-25.4185378571,-49.2682900524,POINT (-49.2682900524 -25.4185378571)
2014-05-12 16:16:40.000000,-25.4185378571,-49.2682900524,POINT (-49.2682900524 -25.4185378571)
2014-05-12 16:16:50.000000,-25.4185378571,-49.2682900524,POINT (-49.2682900524 -25.4185378571)
2014-05-12 16:17:00.000000,-25.4185378571,-49.2682900524,POINT (-49.2682900524 -25.4185378571)
2014-05-12 16:17:10.000000,-25.4185378571,-49.2682900524,POINT (-49.2682900524 -25.4185378571)
2014-05-12 16:17:20.000000,-25.4185378571,-49.2682900524,POINT (-49.2682900524 -25.4185378571)
2014-05-12 16:17:30.000000,-25.4185378571,-49.2682900524,POINT (-49.2682900524 -25.4185378571)
2014-05-12 16:17:40.000000,-25.4185378571,-49.2682900524,POINT (-49.2682900524 -25.4185378571)
2014-05-12 16:17:50.000000,-25.4185378571,-49.2682900524,POINT (-49.2682900524 -25.4185378571)
2014-05-12 16:18:00.000000,-25.4185378571,-49.2682900524,POINT (-49.2682900524 -25.4185378571)
2014-05-12 16:18:10.000000,-25.4185378571,-49.2682900524,POINT (-49.2682900524 -25.4185378571)
2014-05-12 16:18:20.000000,-25.4185378571,-49.2682900524,POINT (-49.2682900524 -25.4185378571)
2014-05-12 16:18:30.000000,-25.4185378571,-49.2682900524,POINT (-49.2682900524 -25.4185378571)
2014-05-12 16:18:40.000000,-25.4185378571,-49.2682900524,POINT (-49.2682900524 -25.4185378571)
2014-05-12 16:18:50.000000,-25.4185378571,-49.2682900524,POINT (-49.2682900524 -25.4185378571)
2014-05-12 16:19:00.000000,-25.4185378571,-49.2682900524,POINT (-49.2682900524 -25.4185378571)
2014-05-12 16:19:10.000000,-25.4185378571,-49.2682900524,POINT (-49.2682900524 -25.4185378571)
2014-05-12 16:19:20.000000,-25.4185378571,-49.2682900524,POINT (-49.2682900524 -25.4185378571)
2014-05-12 16:19:30.000000,-25.4185378571,-49.2682900524,POINT (-49.2682900524 -25.4185378571)
2014-05-12 16:19:40.000000,-25.4185378571,-49.2682900524,POINT (-49.2682900524 -25.4185378571)
2014-05-12 16:19:50.000000,-25.4185378571,-49.2682900524,POINT (-49.2682900524 -25.4185378571)
2014-05-12 16:20:00.000000,-25.4185378571,-49.2682900524,POINT (-49.2682900524 -25.4185378571)
2014-05-12 16:20:10.000000,-25.4185378571,-49.2682900524,POINT (-49.2682900524 -25.4185378571)
2014-05-12 16:20:20.000000,-25.4185378571,-49.2682900524,POINT (-49.2682900524 -25.4185378571)
2014-05-12 16:20:30.000000,-25.4185378571,-49.2682900524,POINT (-49.2682900524 -25.4185378571)
2014-05-12 16:20:40.000000,-25.4185378571,-49.2682900524,POINT (-49.2682900524 -25.4185378571)
2014-05-12 16:20:50.000000,-25.4185378571,-49.2682900524,POINT (-49.2682900524 -25.4185378571)
2014-05-12 16:21:00.000000,-25.4185378571,-49.2682900524,POINT (-49.2682900524 -25.4185378571)
2014-05-12 16:21:10.000000,-25.4185378571,-49.2682900524,POINT (-49.2682900524 -25.4185378571)
2014-05-12 16:21:20.000000,-25.4185378571,-49.2682900524,POINT (-49.2682900524 -25.4185378571)
2014-05-12 16:21:30.000000,-25.4185378571,-49.2682900524,POINT (-49.2682900524 -25.4185378571)
2014-05-12 16:21:40.000000,-25.4185378571,-49.2682900524,POINT (-49.2682900524 -25.4185378571)
2014-05-12 16:21:50.000000,-25.4185378571,-49.2682900524,POINT (-49.2682900524 -25.4185378571)
2014-05-12 16:22:00.000000,-25.4185378571,-49.2682900524,POINT (-49.2682900524 -25.4185378571)
2014-05-12 16:22:10.000000,-25.4185378571,-49.2682900524,POINT (-49.2682900524 -25.4185378571)
2014-05-12 16:22:20.000000,-25.4185378571,-49.2682900524,POINT (-49.2682900524 -25.4185378571)
2014-05-12 16:22:30.000000,-25.4185378571,-49.2682900524,POINT (-49.2682900524 -25.4185378571)
2014-05-12 16:22:40.000000,-25.4185378571,-49.2682900524,POINT (-49.2682900524 -25.4185378571)
2014-05-12 16:22:50.000000,-25.4185378571,-49.2682900524,POINT (-49.2682900524 -25.4185378571)
2014-05-12 16:23:00.000000,-25.4185378571,-49.2682900524,POINT (-49.2682900524 -25.4185378571)
2014-05-12 16:23:10.000000,-25.4185378571,-49.2682900524,POINT (-49.2682900524 -25.4185378571)
2014-05-12 16:23:20.000000,-25.4185378571,-49.2682900524,POINT (-49.2682900524 -25.4185378571)
2014-05-12 16:23:30.000000,-25.4185378571,-49.2682900524,POINT (-49.2682900524 -25.4185378571)
2014-05-12 16:23:40.000000,-25.4185378571,-49.2682900524,POINT (-49.2682900524 -25.4185378571)
2014-05-12 16:23:50.000000,-25.4185378571,-49.2682900524,POINT (-49.2682900524 -25.4185378571)
2014-05-12 16:24:00.000000,-25.4185378571,-49.2682900524,POINT (-49.2682900524 -25.4185378571)
2014-05-12 16:24:10.000000,-25.4185378571,-49.2682900524,POINT (-49.2682900524 -25.4185378571)
2014-05-12 16:24:20.000000,-25.4185378571,-49.2682900524,POINT (-49.2682900524 -25.4185378571)
2014-05-12 16:24:30.000000,-25.4185378571,-49.2682900524,POINT (-49.2682900524 -25.4185378571)
2014-05-12 16:24:40.000000,-25.4185378571,-49.2682900524,POINT (-49.2682900524 -25.4185378571)
2014-05-12 16:24:50.000000,-25.4185378571,-49.2682900524,POINT (-49.2682900524 -25.4185378571)
2014-05-12 16:25:00.000000,-25.4185378571,-49.2682900524,POINT (-49.2682900524 -25.4185378571)
2014-05-12 16:25:10.000000,-25.4185378571,-49.2682900524,POINT (-49.2682900524 -25.4185378571)
2014-05-12 16:25:20.000000,-25.4185378571,-49.2682900524,POINT (-49.2682900524 -25.4185378571)
2014-05-12 16:25:30.000000,-25.4185378571,-49.2682900524,POINT (-49.2682900524 -25.4185378571)
2014-05-12 16:25:40.000000,-25.4185378571,-49.2682900524,POINT (-49.2682900524 -25.4185378571)
2014-05-12 16:25:50.000000,-25.4185378571,-49.2682900524,POINT (-49.2682900524 -25.4185378571)
2014-05-12 16:26:00.000000,-25.4185378571,-49.2682900524,POINT (-49.2682900524 -25.4185378571)
2014-05-12 16:26:10.000000,-25.4185378571,-49.2682900524,POINT (-49.2682900524 -25.4185378571)
2014-05-12 16:26:20.000000,-25.4185378571,-49.2682900524,POINT (-49.2682900524 -25.4185378571)
2014-05-12 16:26:30.000000,-25.4185378571,-49.2682900524,POINT (-49.2682900524 -25.4185378571)
2014-05-12 16:26:40.000000,-25.4185378571,-49.2682900524,POINT (-49.2682900524 -25.4185378571)
2014-05-12 16:26:50.000000,-25.4185378571,-49.2682900524,POINT (-49.2682900524 -25.4185378571)
2014-05-12 16:27:00.000000,-25.4185378571,-49.2682900524,POINT (-49.2682900524 -25.4185378571)
2014-05-12 16:27:10.000000,-25.4185378571,-49.2682900524,POINT (-49.2682900524 -25.4185378571)
2014-05-12 16:27:20.000000,-25.4185378571,-49.2682900524,POINT (-49.2682900524 -25.4185378571)
2014-05-12 16:27:30.000000,-25.4185378571,-49.2682900524,POINT (-49.2682900524 -25.4185378571)
2014-05-12 16:27:40.000000,-25.4185378571,-49.2682900524,POINT (-49.2682900524 -25.4185378571)
2014-05-12 16:27:50.000000,-25.4185378571,-49.2682900524,POINT (-49.2682900524 -25.4185378571)
2014-05-12 16:28:00.000000,-25.4185378571,-49.2682900524,POINT (-49.2682900524 -25.4185378571)
2014-05-12 16:28:10.000000,-25.4185378571,-49.2682900524,POINT (-49.2682900524 -25.4185378571)
2014-05-12 16:28:20.000000,-25.4185378571,-49.2682900524,POINT (-49.2682900524 -25.4185378571)
2014-05-12 16:28:30.000000,-25.4185378571,-49.2682900524,POINT (-49.2682900524 -25.4185378571)
2014-05-12 16:28:40.000000,-25.4185378571,-49.2682900524,POINT (-49.2682900524 -25.4185378571)
2014-05-12 16:28:50.000000,-25.4185378571,-49.2682900524,POINT (-49.2682900524 -25.4185378571)
2014-05-12 16:29:00.000000,-25.4185378571,-49.2682900524,POINT (-49.2682900524 -25.4185378571)
2014-05-12 16:29:10.000000,-25.4185378571,-49.2682900524,POINT (-49.2682900524 -25.4185378571)
2014-05-12 16:29:20.000000,-25.4185378571,-49.2682900524,POINT (-49.2682900524 -25.4185378571)
2014-05-12 16:29:30.000000,-25.4185378571,-49.2682900524,POINT (-49.2682900524 -25.4185378571)
2014-05-12 16:29:40.000000,-25.4185378571,-49.2682900524,POINT (-49.2682900524 -25.4185378571)
2014-05-12 16:29:50.000000,-25.4185378571,-49.2682900524,POINT (-49.2682900524 -25.4185378571)
2014-05-12 16:30:00.000000,-25.4185378571,-49.2682900524,POINT (-49.2682900524 -25.4185378571)
2014-05-12 16:30:10.000000,-25.4185378571,-49.2682900524,POINT (-49.2682900524 -25.4185378571)
2014-05-12 16:30:20.000000,-25.4185378571,-49.2682900524,POINT (-49.2682900524 -25.4185378571)
2014-05-12 16:30:30.000000,-25.4185378571,-49.2682900524,POINT (-49.2682900524 -25.4185378571)
2014-05-12 16:30:40.000000,-25.4185378571,-49.2682900524,POINT (-49.2682900524 -25.4185378571)
2014-05-12 16:30:50.000000,-25.4185378571,-49.2682900524,POINT (-49.2682900524 -25.4185378571)
2014-05-12 16:31:00.000000,-25.4185378571,-49.2682900524,POINT (-49.2682900524 -25.4185378571)
2014-05-12 16:31:10.000000,-25.4185378571,-49.2682900524,POINT (-49.2682900524 -25.4185378571)
2014-05-12 16:31:20.000000,-25.4185378571,-49.2682900524,POINT (-49.2682900524 -25.4185378571)
2014-05-12 16:31:30.000000,-25.4185378571,-49.2682900524,POINT (-49.2682900524 -25.4185378571)
2014-05-12 16:31:40.000000,-25.4185378571,-49.2682900524,POINT (-49.2682900524 -25.4185378571)
2014-05-12 16:31:50.000000,-25.4185378571,-49.2682900524,POINT (-49.2682900524 -25.4185378571)
2014-05-12 16:32:00.000000,-25.4185378571,-49.2682900524,POINT (-49.2682900524 -25.4185378571)
2014-05-12 16:32:10.000000,-25.4185378571,-49.2682900524,POINT (-49.2682900524 -25.4185378571)
2014-05-12 16:32:20.000000,-25.4185378571,-49.2682900524,POINT (-49.2682900524 -25.4185378571)
2014-05-12 16:32:30.000000,-25.4185378571,-49.2682900524,POINT (-49.2682900524 -25.4185378571)
2014-05-12 16:32:40.000000,-25.4185378571,-49.2682900524,POINT (-49.2682900524 -25.4185378571)
2014-05-12 16:32:50.000000,-25.4185378571,-49.2682900524,POINT (-49.2682900524 -25.4185378571)
2014-05-12 16:33:00.000000,-25.4185378571,-49.2682900524,POINT (-49.2682900524 -25.4185378571)
2014-05-12 16:33:10.000000,-25.4185378571,-49.2682900524,POINT (-49.2682900524 -25.4185378571)
2014-05-12 16:33:20.000000,-25.4185378571,-49.2682900524,POINT (-49.2682900524 -25.4185378571)
2014-05-12 16:33:30.000000,-25.4185378571,-49.2682900524,POINT (-49.2682900524 -25.4185378571)
2014-05-12 16:33:40.000000,-25.4185378571,-49.2682900524,POINT (-49.2682900524 -25.4185378571)
2014-05-12 16:33:50.000000,-25.4185378571,-49.2682900524,POINT (-49.2682900524 -25.4185378571)
2014-05-12 16:34:00.000000,-25.4185378571,-49.2682900524,POINT (-49.2682900524 -25.4185378571)
2014-05-12 16:34:10.000000,-25.4185378571,-49.2682900524,POINT (-49.2682900524 -25.4185378571)
2014-05-12 16:34:20.000000,-25.4185378571,-49.2682900524,POINT (-49.2682900524 -25.4185378571)
2014-05-12 16:34:30.000000,-25.4185378571,-49.2682900524,POINT (-49.2682900524 -25.4185378571)
2014-05-12 16:34:40.000000,-25.4185378571,-49.2682900524,POINT (-49.2682900524 -25.4185378571)
2014-05-12 16:34:50.000000,-25.4185378571,-49.2682900524,POINT (-49.2682900524 -25.4185378571)
2014-05-12 16:35:00.000000,-25.4185378571,-49.2682900524,POINT (-49.2682900524 -25.4185378571)
2014-05-12 16:35:10.000000,-25.4185378571,-49.2682900524,POINT (-49.2682900524 -25.4185378571)
2014-05-12 16:35:20.000000,-25.4185378571,-49.2682900524,POINT (-49.2682900524 -25.4185378571)
2014-05-12 16:35:30.000000,-25.4185378571,-49.2682900524,POINT (-49.2682900524 -25.4185378571)
2014-05-12 16:35:40.000000,-25.4185378571,-49.2682900524,POINT (-49.2682900524 -25.4185378571)
2014-05-12 16:35:50.000000,-25.4185378571,-49.2682900524,POINT (-49.2682900524 -25.4185378571)
2014-05-12 16:36:00.000000,-25.4185378571,-49.2682900524,POINT (-49.2682900524 -25.4185378571)
2014-05-12 16:36:10.000000,-25.4185378571,-49.2682900524,POINT (-49.2682900524 -25.4185378571)
2014-05-12 16:36:20.000000,-25.4185378571,-49.2682900524,POINT (-49.2682900524 -25.4185378571)
2014-05-12 16:36:30.000000,-25.4185378571,-49.2682900524,POINT (-49.2682900524 -25.4185378571)
2014-05-12 16:36:40.000000,-25.4185378571,-49.2682900524,POINT (-49.2682900524 -25.4185378571)
2014-05-12 16:36:50.000000,-25.4185378571,-49.2682900524,POINT (-49.2682900524 -25.4185378571)
2014-05-12 16:37:00.000000,-25.4185378571,-49.2682900524,POINT (-49.2682900524 -25.4185378571)
2014-05-12 16:37:10.000000,-25.4185378571,-49.2682900524,POINT (-49.2682900524 -25.4185378571)
2014-05-12 16:37:20.000000,-25.4185378571,-49.2682900524,POINT (-49.2682900524 -25.4185378571)
2014-05-12 16:37:30.000000,-25.4185378571,-49.2682900524,POINT (-49.2682900524 -25.4185378571)
2014-05-12 16:37:40.000000,-25.4185378571,-49.2682900524,POINT (-49.2682900524 -25.4185378571)
2014-05-12 16:37:50.000000,-25.4185378571,-49.2682900524,POINT (-49.2682900524 -25.4185378571)
2014-05-12 16:38:00.000000,-25.4185378571,-49.2682900524,POINT (-49.2682900524 -25.4185378571)
2014-05-12 16:38:10.000000,-25.4185378571,-49.2682900524,POINT (-49.2682900524 -25.4185378571)
2014-05-12 16:38:20.000000,-25.4185378571,-49.2682900524,POINT (-49.2682900524 -25.4185378571)
2014-05-12 16:38:30.000000,-25.4185378571,-49.2682900524,POINT (-49.2682900524 -25.4185378571)
2014-05-12 16:38:40.000000,-25.4185378571,-49.2682900524,POINT (-49.2682900524 -25.4185378571)
2014-05-12 16:38:50.000000,-25.4185378571,-49.2682900524,POINT (-49.2682900524 -25.4185378571)
2014-05-12 16:39:00.000000,-25.4185378571,-49.2682900524,POINT (-49.2682900524 -25.4185378571)
2014-05-12 16:39:10.000000,-25.4185378571,-49.2682900524,POINT (-49.2682900524 -25.4185378571)
2014-05-12 16:39:20.000000,-25.4185378571,-49.2682900524,POINT (-49.2682900524 -25.4185378571)
2014-05-12 16:39:30.000000,-25.4185378571,-49.2682900524,POINT (-49.2682900524 -25.4185378571)
2014-05-12 16:39:40.000000,-25.4185378571,-49.2682900524,POINT (-49.2682900524 -25.4185378571)
2014-05-12 16:39:50.000000,-25.4185378571,-49.2682900524,POINT (-49.2682900524 -25.4185378571)
2014-05-12 16:40:00.000000,-25.4185378571,-49.2682900524,POINT (-49.2682900524 -25.4185378571)
2014-05-12 16:40:10.000000,-25.4185378571,-49.2682900524,POINT (-49.2682900524 -25.4185378571)
2014-05-12 16:40:20.000000,-25.4185378571,-49.2682900524,POINT (-49.2682900524 -25.4185378571)
2014-05-12 16:40:30.000000,-25.4185378571,-49.2682900524,POINT (-49.2682900524 -25.4185378571)
2014-05-12 16:40:40.000000,-25.4185378571,-49.2682900524,POINT (-49.2682900524 -25.4185378571)
2014-05-12 16:40:50.000000,-25.4185378571,-49.2682900524,POINT (-49.2682900524 -25.4185378571)
2014-05-12 16:41:00.000000,-25.4185378571,-49.2682900524,POINT (-49.2682900524 -25.4185378571)
2014-05-12 16:41:10.000000,-25.4185378571,-49.2682900524,POINT (-49.2682900524 -25.4185378571)
2014-05-12 16:41:20.000000,-25.4185378571,-49.2682900524,POINT (-49.2682900524 -25.4185378571)
2014-05-12 16:41:30.000000,-25.4185378571,-49.2682900524,POINT (-49.2682900524 -25.4185378571)
2014-05-12 16:41:40.000000,-25.4185378571,-49.2682900524,POINT (-49.2682900524 -25.4185378571)
2014-05-12 16:41:50.000000,-25.4185378571,-49.2682900524,POINT (-49.2682900524 -25.4185378571)
2014-05-12 16:42:00.000000,-25.4185378571,-49.2682900524,POINT (-49.2682900524 -25.4185378571)
2014-05-12 16:42:10.000000,-25.4185378571,-49.2682900524,POINT (-49.2682900524 -25.4185378571)
2014-05-12 16:42:20.000000,-25.4185378571,-49.2682900524,POINT (-49.2682900524 -25.4185378571)
2014-05-12 16:42:30.000000,-25.4185378571,-49.2682900524,POINT (-49.2682900524 -25.4185378571)
2014-05-12 16:42:40.000000,-25.4185378571,-49.2682900524,POINT (-49.2682900524 -25.4185378571)
2014-05-12 16:42:50.000000,-25.4185378571,-49.2682900524,POINT (-49.2682900524 -25.4185378571)
2014-05-12 16:43:00.000000,-25.4185378571,-49.2682900524,POINT (-49.2682900524 -25.4185378571)
2014-05-12 16:43:10.000000,-25.4185378571,-49.2682900524,POINT (-49.2682900524 -25.4185378571)
2014-05-12 16:43:20.000000,-25.4185378571,-49.2682900524,POINT (-49.2682900524 -25.4185378571)
2014-05-12 16:43:30.000000,-25.4185378571,-49.2682900524,POINT (-49.2682900524 -25.4185378571)
2014-05-12 16:43:40.000000,-25.4185378571,-49.2682900524,POINT (-49.2682900524 -25.4185378571)
2014-05-12 16:43:50.000000,-25.4185378571,-49.2682900524,POINT (-49.2682900524 -25.4185378571)
2014-05-12 16:44:00.000000,-25.4185378571,-49.2682900524,POINT (-49.2682900524 -25.4185378571)
2014-05-12 16:44:10.000000,-25.4185378571,-49.2682900524,POINT (-49.2682900524 -25.4185378571)
2014-05-12 16:44:20.000000,-25.4185378571,-49.2682900524,POINT (-49.2682900524 -25.4185378571)
2014-05-12 16:44:30.000000,-25.4185378571,-49.2682900524,POINT (-49.2682900524 -25.4185378571)
2014-05-12 16:44:40.000000,-25.4185378571,-49.2682900524,POINT (-49.2682900524 -25.4185378571)
2014-05-12 16:44:50.000000,-25.4185378571,-49.2682900524,POINT (-49.2682900524 -25.4185378571)
2014-05-12 16:45:00.000000,-25.4185378571,-49.2682900524,POINT (-49.2682900524 -25.4185378571)
2014-05-12 16:45:10.000000,-25.4185378571,-49.2682900524,POINT (-49.2682900524 -25.4185378571)
2014-05-12 16:45:20.000000,-25.4185378571,-49.2682900524,POINT (-49.2682900524 -25.4185378571)
2014-05-12 16:45:30.000000,-25.4185378571,-49.2682900524,POINT (-49.2682900524 -25.4185378571)
2014-05-12 16:45:40.000000,-25.4185378571,-49.2682900524,POINT (-49.2682900524 -25.4185378571)
2014-05-12 16:45:50.000000,-25.4185378571,-49.2682900524,POINT (-49.2682900524 -25.4185378571)
2014-05-12 16:46:00.000000,-25.4185378571,-49.2682900524,POINT (-49.2682900524 -25.4185378571)
2014-05-12 16:46:10.000000,-25.4185378571,-49.2682900524,POINT (-49.2682900524 -25.4185378571)
2014-05-12 16:46:20.000000,-25.4185378571,-49.2682900524,POINT (-49.2682900524 -25.4185378571)
2014-05-12 16:46:30.000000,-25.4185378571,-49.2682900524,POINT (-49.2682900524 -25.4185378571)
2014-05-12 16:46:40.000000,-25.4185378571,-49.2682900524,POINT (-49.2682900524 -25.4185378571)
2014-05-12 16:46:50.000000,-25.4185378571,-49.2682900524,POINT (-49.2682900524 -25.4185378571)
2014-05-12 16:47:00.000000,-25.4185378571,-49.2682900524,POINT (-49.2682900524 -25.4185378571)
2014-05-12 16:47:10.000000,-25.4185378571,-49.2682900524,POINT (-49.2682900524 -25.4185378571)
2014-05-12 16:47:20.000000,-25.4185378571,-49.2682900524,POINT (-49.2682900524 -25.4185378571)
2014-05-12 16:47:30.000000,-25.4185378571,-49.2682900524,POINT (-49.2682900524 -25.4185378571)
2014-05-12 16:47:40.000000,-25.4185378571,-49.2682900524,POINT (-49.2682900524 -25.4185378571)
2014-05-12 16:47:50.000000,-25.4185378571,-49.2682900524,POINT (-49.2682900524 -25.4185378571)
2014-05-12 16:48:00.000000,-25.4185378571,-49.2682900524,POINT (-49.2682900524 -25.4185378571)
2014-05-12 16:48:10.000000,-25.4185378571,-49.2682900524,POINT (-49.2682900524 -25.4185378571)
2014-05-12 16:48:20.000000,-25.4185378571,-49.2682900524,POINT (-49.2682900524 -25.4185378571)
2014-05-12 16:48:30.000000,-25.4185378571,-49.2682900524,POINT (-49.2682900524 -25.4185378571)
2014-05-12 16:48:40.000000,-25.4185378571,-49.2682900524,POINT (-49.2682900524 -25.4185378571)
2014-05-12 16:48:50.000000,-25.4185378571,-49.2682900524,POINT (-49.2682900524 -25.4185378571)
2014-05-12 16:49:00.000000,-25.4185378571,-49.2682900524,POINT (-49.2682900524 -25.4185378571)
2014-05-12 16:49:10.000000,-25.4185378571,-49.2682900524,POINT (-49.2682900524 -25.4185378571)
2014-05-12 16:49:20.000000,-25.4185378571,-49.2682900524,POINT (-49.2682900524 -25.4185378571)
2014-05-12 16:49:30.000000,-25.4185378571,-49.2682900524,POINT (-49.2682900524 -25.4185378571)
2014-05-12 16:49:40.000000,-25.4185378571,-49.2682900524,POINT (-49.2682900524 -25.4185378571)
2014-05-12 16:49:50.000000,-25.4185378571,-49.2682900524,POINT (-49.2682900524 -25.4185378571)
2014-05-12 16:50:00.000000,-25.4185378571,-49.2682900524,POINT (-49.2682900524 -25.4185378571)
2014-05-12 16:50:10.000000,-25.4185378571,-49.2682900524,POINT (-49.2682900524 -25.4185378571)
2014-05-12 16:50:20.000000,-25.4185378571,-49.2682900524,POINT (-49.2682900524 -25.4185378571)
2014-05-12 16:50:30.000000,-25.4185378571,-49.2682900524,POINT (-49.2682900524 -25.4185378571)
2014-05-12 16:50:40.000000,-25.4185378571,-49.2682900524,POINT (-49.2682900524 -25.4185378571)
2014-05-12 16:50:50.000000,-25.4185378571,-49.2682900524,POINT (-49.2682900524 -25.4185378571)
2014-05-12 16:51:00.000000,-25.4185378571,-49.2682900524,POINT (-49.2682900524 -25.4185378571)
2014-05-12 16:51:10.000000,-25.4185378571,-49.2682900524,POINT (-49.2682900524 -25.4185378571)
2014-05-12 16:51:20.000000,-25.4185378571,-49.2682900524,POINT (-49.2682900524 -25.4185378571)
2014-05-12 16:51:30.000000,-25.4185378571,-49.2682900524,POINT (-49.2682900524 -25.4185378571)
2014-05-12 16:51:40.000000,-25.4185378571,-49.2682900524,POINT (-49.2682900524 -25.4185378571)
2014-05-12 16:51:50.000000,-25.4185378571,-49.2682900524,POINT (-49.2682900524 -25.4185378571)
2014-05-12 16:52:00.000000,-25.4185378571,-49.2682900524,POINT (-49.2682900524 -25.4185378571)
2014-05-12 16:52:10.000000,-25.4185378571,-49.2682900524,POINT (-49.2682900524 -25.4185378571)
2014-05-12 16:52:20.000000,-25.4185378571,-49.2682900524,POINT (-49.2682900524 -25.4185378571)
2014-05-12 16:52:30.000000,-25.4185378571,-49.2682900524,POINT (-49.2682900524 -25.4185378571)
2014-05-12 16:52:40.000000,-25.4185378571,-49.2682900524,POINT (-49.2682900524 -25.4185378571)
2014-05-12 16:52:50.000000,-25.4185378571,-49.2682900524,POINT (-49.2682900524 -25.4185378571)
2014-05-12 16:53:00.000000,-25.4185378571,-49.2682900524,POINT (-49.2682900524 -25.4185378571)
2014-05-12 16:53:10.000000,-25.4185378571,-49.2682900524,POINT (-49.2682900524 -25.4185378571)
2014-05-12 16:53:20.000000,-25.4185378571,-49.2682900524,POINT (-49.2682900524 -25.4185378571)
2014-05-12 16:53:30.000000,-25.4185378571,-49.2682900524,POINT (-49.2682900524 -25.4185378571)
2014-05-12 16:53:40.000000,-25.4185378571,-49.2682900524,POINT (-49.2682900524 -25.4185378571)
2014-05-12 16:53:50.000000,-25.4185378571,-49.2682900524,POINT (-49.2682900524 -25.4185378571)
2014-05-12 16:54:00.000000,-25.4185378571,-49.2682900524,POINT (-49.2682900524 -25.4185378571)
2014-05-12 16:54:10.000000,-25.4185378571,-49.2682900524,POINT (-49.2682900524 -25.4185378571)
2014-05-12 16:54:20.000000,-25.4185378571,-49.2682900524,POINT (-49.2682900524 -25.4185378571)
2014-05-12 16:54:30.000000,-25.4185378571,-49.2682900524,POINT (-49.2682900524 -25.4185378571)
2014-05-12 16:54:40.000000,-25.4185378571,-49.2682900524,POINT (-49.2682900524 -25.4185378571)
2014-05-12 16:54:50.000000,-25.4185378571,-49.2682900524,POINT (-49.2682900524 -25.4185378571)
2014-05-12 16:55:00.000000,-25.4185378571,-49.2682900524,POINT (-49.2682900524 -25.4185378571)
2014-05-12 16:55:10.000000,-25.4185378571,-49.2682900524,POINT (-49.2682900524 -25.4185378571)
2014-05-12 16:55:20.000000,-25.4185378571,-49.2682900524,POINT (-49.2682900524 -25.4185378571)
2014-05-12 16:55:30.000000,-25.4185378571,-49.2682900524,POINT (-49.2682900524 -25.4185378571)
2014-05-12 16:55:40.000000,-25.4185378571,-49.2682900524,POINT (-49.2682900524 -25.4185378571)
2014-05-12 16:55:50.000000,-25.4185378571,-49.2682900524,POINT (-49.2682900524 -25.4185378571)
2014-05-12 16:56:00.000000,-25.4185378571,-49.2682900524,POINT (-49.2682900524 -25.4185378571)
2014-05-12 16:56:10.000000,-25.4185378571,-49.2682900524,POINT (-49.2682900524 -25.4185378571)
2014-05-12 16:56:20.000000,-25.4185378571,-49.2682900524,POINT (-49.2682900524 -25.4185378571)
2014-05-12 16:56:30.000000,-25.4185378571,-49.2682900524,POINT (-49.2682900524 -25.4185378571)
2014-05-12 16:56:40.000000,-25.4185378571,-49.2682900524,POINT (-49.2682900524 -25.4185378571)
2014-05-12 16:56:50.000000,-25.4185378571,-49.2682900524,POINT (-49.2682900524 -25.4185378571)
2014-05-12 16:57:00.000000,-25.4185378571,-49.2682900524,POINT (-49.2682900524 -25.4185378571)
2014-05-12 16:57:10.000000,-25.4185378571,-49.2682900524,POINT (-49.2682900524 -25.4185378571)
2014-05-12 16:57:20.000000,-25.4185378571,-49.2682900524,POINT (-49.2682900524 -25.4185378571)
2014-05-12 16:57:30.000000,-25.4185378571,-49.2682900524,POINT (-49.2682900524 -25.4185378571)
2014-05-12 16:57:40.000000,-25.4185378571,-49.2682900524,POINT (-49.2682900524 -25.4185378571)
2014-05-12 16:57:50.000000,-25.4185378571,-49.2682900524,POINT (-49.2682900524 -25.4185378571)
2014-05-12 16:58:00.000000,-25.4185378571,-49.2682900524,POINT (-49.2682900524 -25.4185378571)
2014-05-12 16:58:10.000000,-25.4185378571,-49.2682900524,POINT (-49.2682900524 -25.4185378571)
2014-05-12 16:58:20.000000,-25.4185378571,-49.2682900524,POINT (-49.2682900524 -25.4185378571)
2014-05-12 16:58:30.000000,-25.4185378571,-49.2682900524,POINT (-49.2682900524 -25.4185378571)
2014-05-12 16:58:40.000000,-25.4185378571,-49.2682900524,POINT (-49.2682900524 -25.4185378571)
2014-05-12 16:58:50.000000,-25.4185378571,-49.2682900524,POINT (-49.2682900524 -25.4185378571)
2014-05-12 16:59:00.000000,-25.4185378571,-49.2682900524,POINT (-49.2682900524 -25.4185378571)
2014-05-12 16:59:10.000000,-25.4185378571,-49.2682900524,POINT (-49.2682900524 -25.4185378571)
2014-05-12 16:59:20.000000,-25.4185378571,-49.2682900524,POINT (-49.2682900524 -25.4185378571)
2014-05-12 16:59:30.000000,-25.4185378571,-49.2682900524,POINT (-49.2682900524 -25.4185378571)
2014-05-12 16:59:40.000000,-25.4185378571,-49.2682900524,POINT (-49.2682900524 -25.4185378571)
2014-05-12 16:59:50.000000,-25.4185378571,-49.2682900524,POINT (-49.2682900524 -25.4185378571)
2014-05-12 17:00:00.000000,-25.4185378571,-49.2682900524,POINT (-49.2682900524 -25.4185378571)
2014-05-12 17:00:10.000000,-25.4185378571,-49.2682900524,POINT (-49.2682900524 -25.4185378571)
2014-05-12 17:00:20.000000,-25.4185378571,-49.2682900524,POINT (-49.2682900524 -25.4185378571)
2014-05-12 17:00:30.000000,-25.4185378571,-49.2682900524,POINT (-49.2682900524 -25.4185378571)
2014-05-12 17:00:40.000000,-25.4185378571,-49.2682900524,POINT (-49.2682900524 -25.4185378571)
2014-05-12 17:00:50.000000,-25.4185378571,-49.2682900524,POINT (-49.2682900524 -25.4185378571)
2014-05-12 17:01:00.000000,-25.4185378571,-49.2682900524,POINT (-49.2682900524 -25.4185378571)
2014-05-12 17:01:10.000000,-25.4185378571,-49.2682900524,POINT (-49.2682900524 -25.4185378571)
2014-05-12 17:01:20.000000,-25.4185378571,-49.2682900524,POINT (-49.2682900524 -25.4185378571)
2014-05-12 17:01:30.000000,-25.4185378571,-49.2682900524,POINT (-49.2682900524 -25.4185378571)
2014-05-12 17:01:40.000000,-25.4185378571,-49.2682900524,POINT (-49.2682900524 -25.4185378571)
2014-05-12 17:01:50.000000,-25.4185378571,-49.2682900524,POINT (-49.2682900524 -25.4185378571)
2014-05-12 17:02:00.000000,-25.4185378571,-49.2682900524,POINT (-49.2682900524 -25.4185378571)
2014-05-12 17:02:10.000000,-25.4185378571,-49.2682900524,POINT (-49.2682900524 -25.4185378571)
2014-05-12 17:02:20.000000,-25.4185378571,-49.2682900524,POINT (-49.2682900524 -25.4185378571)
2014-05-12 17:02:30.000000,-25.4185378571,-49.2682900524,POINT (-49.2682900524 -25.4185378571)
2014-05-12 17:02:40.000000,-25.4185378571,-49.2682900524,POINT (-49.2682900524 -25.4185378571)
2014-05-12 17:02:50.000000,-25.4185378571,-49.2682900524,POINT (-49.2682900524 -25.4185378571)
2014-05-12 17:03:00.000000,-25.4185378571,-49.2682900524,POINT (-49.2682900524 -25.4185378571)
2014-05-12 17:03:10.000000,-25.4185378571,-49.2682900524,POINT (-49.2682900524 -25.4185378571)
2014-05-12 17:03:20.000000,-25.4185378571,-49.2682900524,POINT (-49.2682900524 -25.4185378571)
2014-05-12 17:03:30.000000,-25.4185378571,-49.2682900524,POINT (-49.2682900524 -25.4185378571)
2014-05-12 17:03:40.000000,-25.4185378571,-49.2682900524,POINT (-49.2682900524 -25.4185378571)
2014-05-12 17:03:50.000000,-25.4185378571,-49.2682900524,POINT (-49.2682900524 -25.4185378571)
2014-05-12 17:04:00.000000,-25.4185378571,-49.2682900524,POINT (-49.2682900524 -25.4185378571)
2014-05-12 17:04:10.000000,-25.4185378571,-49.2682900524,POINT (-49.2682900524 -25.4185378571)
2014-05-12 17:04:20.000000,-25.4185378571,-49.2682900524,POINT (-49.2682900524 -25.4185378571)
2014-05-12 17:04:30.000000,-25.4185378571,-49.2682900524,POINT (-49.2682900524 -25.4185378571)
2014-05-12 17:04:40.000000,-25.4185378571,-49.2682900524,POINT (-49.2682900524 -25.4185378571)
2014-05-12 17:04:50.000000,-25.4185378571,-49.2682900524,POINT (-49.2682900524 -25.4185378571)
2014-05-12 17:05:00.000000,-25.4185378571,-49.2682900524,POINT (-49.2682900524 -25.4185378571)
2014-05-12 17:05:10.000000,-25.4185378571,-49.2682900524,POINT (-49.2682900524 -25.4185378571)
2014-05-12 17:05:20.000000,-25.4185378571,-49.2682900524,POINT (-49.2682900524 -25.4185378571)
2014-05-12 17:05:30.000000,-25.4185378571,-49.2682900524,POINT (-49.2682900524 -25.4185378571)
2014-05-12 17:05:40.000000,-25.4185378571,-49.2682900524,POINT (-49.2682900524 -25.4185378571)
2014-05-12 17:05:50.000000,-25.4185378571,-49.2682900524,POINT (-49.2682900524 -25.4185378571)
2014-05-12 17:06:00.000000,-25.4185378571,-49.2682900524,POINT (-49.2682900524 -25.4185378571)
2014-05-12 17:06:10.000000,-25.4185378571,-49.2682900524,POINT (-49.2682900524 -25.4185378571)
2014-05-12 17:06:20.000000,-25.4185378571,-49.2682900524,POINT (-49.2682900524 -25.4185378571)
2014-05-12 17:06:30.000000,-25.4185378571,-49.2682900524,POINT (-49.2682900524 -25.4185378571)
2014-05-12 17:06:40.000000,-25.4185378571,-49.2682900524,POINT (-49.2682900524 -25.4185378571)
2014-05-12 17:06:50.000000,-25.4185378571,-49.2682900524,POINT (-49.2682900524 -25.4185378571)
2014-05-12 17:07:00.000000,-25.4185378571,-49.2682900524,POINT (-49.2682900524 -25.4185378571)
2014-05-12 17:07:10.000000,-25.4185378571,-49.2682900524,POINT (-49.2682900524 -25.4185378571)
2014-05-12 17:07:20.000000,-25.4185378571,-49.2682900524,POINT (-49.2682900524 -25.4185378571)
2014-05-12 17:07:30.000000,-25.4185378571,-49.2682900524,POINT (-49.2682900524 -25.4185378571)
2014-05-12 17:07:40.000000,-25.4185378571,-49.2682900524,POINT (-49.2682900524 -25.4185378571)
2014-05-12 17:07:50.000000,-25.4185378571,-49.2682900524,POINT (-49.2682900524 -25.4185378571)
2014-05-12 17:08:00.000000,-25.4185378571,-49.2682900524,POINT (-49.2682900524 -25.4185378571)
2014-05-12 17:08:10.000000,-25.4185378571,-49.2682900524,POINT (-49.2682900524 -25.4185378571)
2014-05-12 17:08:20.000000,-25.4185378571,-49.2682900524,POINT (-49.2682900524 -25.4185378571)
2014-05-12 17:08:30.000000,-25.4185378571,-49.2682900524,POINT (-49.2682900524 -25.4185378571)
2014-05-12 17:08:40.000000,-25.4185378571,-49.2682900524,POINT (-49.2682900524 -25.4185378571)
2014-05-12 17:08:50.000000,-25.4185378571,-49.2682900524,POINT (-49.2682900524 -25.4185378571)
2014-05-12 17:09:00.000000,-25.4185378571,-49.2682900524,POINT (-49.2682900524 -25.4185378571)
2014-05-12 17:09:10.000000,-25.4185378571,-49.2682900524,POINT (-49.2682900524 -25.4185378571)
2014-05-12 17:09:20.000000,-25.4185378571,-49.2682900524,POINT (-49.2682900524 -25.4185378571)
2014-05-12 17:09:30.000000,-25.4185378571,-49.2682900524,POINT (-49.2682900524 -25.4185378571)
2014-05-12 17:09:40.000000,-25.4185378571,-49.2682900524,POINT (-49.2682900524 -25.4185378571)
2014-05-12 17:09:50.000000,-25.4185378571,-49.2682900524,POINT (-49.2682900524 -25.4185378571)
2014-05-12 17:10:00.000000,-25.4185378571,-49.2682900524,POINT (-49.2682900524 -25.4185378571)
2014-05-12 17:10:10.000000,-25.4185378571,-49.2682900524,POINT (-49.2682900524 -25.4185378571)
2014-05-12 17:10:20.000000,-25.4185378571,-49.2682900524,POINT (-49.2682900524 -25.4185378571)
2014-05-12 17:10:30.000000,-25.4185378571,-49.2682900524,POINT (-49.2682900524 -25.4185378571)
2014-05-12 17:10:40.000000,-25.4185378571,-49.2682900524,POINT (-49.2682900524 -25.4185378571)
2014-05-12 17:10:50.000000,-25.4185378571,-49.2682900524,POINT (-49.2682900524 -25.4185378571)
2014-05-12 17:11:00.000000,-25.4185378571,-49.2682900524,POINT (-49.2682900524 -25.4185378571)
2014-05-12 17:11:10.000000,-25.4185378571,-49.2682900524,POINT (-49.2682900524 -25.4185378571)
2014-05-12 17:11:20.000000,-25.4185378571,-49.2682900524,POINT (-49.2682900524 -25.4185378571)
2014-05-12 17:11:30.000000,-25.4185378571,-49.2682900524,POINT (-49.2682900524 -25.4185378571)
2014-05-12 17:11:40.000000,-25.4185378571,-49.2682900524,POINT (-49.2682900524 -25.4185378571)
2014-05-12 17:11:50.000000,-25.4185378571,-49.2682900524,POINT (-49.2682900524 -25.4185378571)
2014-05-12 17:12:00.000000,-25.4185378571,-49.2682900524,POINT (-49.2682900524 -25.4185378571)
2014-05-12 17:12:10.000000,-25.4185378571,-49.2682900524,POINT (-49.2682900524 -25.4185378571)
2014-05-12 17:12:20.000000,-25.4185378571,-49.2682900524,POINT (-49.2682900524 -25.4185378571)
2014-05-12 17:12:30.000000,-25.4185378571,-49.2682900524,POINT (-49.2682900524 -25.4185378571)
2014-05-12 17:12:40.000000,-25.4185378571,-49.2682900524,POINT (-49.2682900524 -25.4185378571)
2014-05-12 17:12:50.000000,-25.4185378571,-49.2682900524,POINT (-49.2682900524 -25.4185378571)
2014-05-12 17:13:00.000000,-25.4185378571,-49.2682900524,POINT (-49.2682900524 -25.4185378571)
2014-05-12 17:13:10.000000,-25.4185378571,-49.2682900524,POINT (-49.2682900524 -25.4185378571)
2014-05-12 17:13:20.000000,-25.4185378571,-49.2682900524,POINT (-49.2682900524 -25.4185378571)
2014-05-12 17:13:30.000000,-25.4185378571,-49.2682900524,POINT (-49.2682900524 -25.4185378571)
2014-05-12 17:13:40.000000,-25.4185378571,-49.2682900524,POINT (-49.2682900524 -25.4185378571)
2014-05-12 17:13:50.000000,-25.4185378571,-49.2682900524,POINT (-49.2682900524 -25.4185378571)
2014-05-12 17:14:00.000000,-25.4185378571,-49.2682900524,POINT (-49.2682900524 -25.4185378571)
2014-05-12 17:14:10.000000,-25.4185378571,-49.2682900524,POINT (-49.2682900524 -25.4185378571)
2014-05-12 17:14:20.000000,-25.4185378571,-49.2682900524,POINT (-49.2682900524 -25.4185378571)
2014-05-12 17:14:30.000000,-25.4185378571,-49.2682900524,POINT (-49.2682900524 -25.4185378571)
2014-05-12 17:14:40.000000,-25.4185378571,-49.2682900524,POINT (-49.2682900524 -25.4185378571)
2014-05-12 17:14:50.000000,-25.4185378571,-49.2682900524,POINT (-49.2682900524 -25.4185378571)
2014-05-12 17:15:00.000000,-25.4185378571,-49.2682900524,POINT (-49.2682900524 -25.4185378571)
2014-05-12 17:15:10.000000,-25.4185378571,-49.2682900524,POINT (-49.2682900524 -25.4185378571)
2014-05-12 17:15:20.000000,-25.4185378571,-49.2682900524,POINT (-49.2682900524 -25.4185378571)
2014-05-12 17:15:30.000000,-25.4185378571,-49.2682900524,POINT (-49.2682900524 -25.4185378571)
2014-05-12 17:15:40.000000,-25.4185378571,-49.2682900524,POINT (-49.2682900524 -25.4185378571)
2014-05-12 17:15:50.000000,-25.4185378571,-49.2682900524,POINT (-49.2682900524 -25.4185378571)
2014-05-12 17:16:00.000000,-25.4185378571,-49.2682900524,POINT (-49.2682900524 -25.4185378571)
2014-05-12 17:16:10.000000,-25.4185378571,-49.2682900524,POINT (-49.2682900524 -25.4185378571)
2014-05-12 17:16:20.000000,-25.4185378571,-49.2682900524,POINT (-49.2682900524 -25.4185378571)
2014-05-12 17:16:30.000000,-25.4185378571,-49.2682900524,POINT (-49.2682900524 -25.4185378571)
2014-05-12 17:16:40.000000,-25.4185378571,-49.2682900524,POINT (-49.2682900524 -25.4185378571)
2014-05-12 17:16:50.000000,-25.4185378571,-49.2682900524,POINT (-49.2682900524 -25.4185378571)
2014-05-12 17:17:00.000000,-25.4185378571,-49.2682900524,POINT (-49.2682900524 -25.4185378571)
2014-05-12 17:17:10.000000,-25.4185378571,-49.2682900524,POINT (-49.2682900524 -25.4185378571)
2014-05-12 17:17:20.000000,-25.4185378571,-49.2682900524,POINT (-49.2682900524 -25.4185378571)
2014-05-12 17:17:30.000000,-25.4185378571,-49.2682900524,POINT (-49.2682900524 -25.4185378571)
2014-05-12 17:17:40.000000,-25.4185378571,-49.2682900524,POINT (-49.2682900524 -25.4185378571)
2014-05-12 17:17:50.000000,-25.4185378571,-49.2682900524,POINT (-49.2682900524 -25.4185378571)
2014-05-12 17:18:00.000000,-25.4185378571,-49.2682900524,POINT (-49.2682900524 -25.4185378571)
2014-05-12 17:18:10.000000,-25.4185378571,-49.2682900524,POINT (-49.2682900524 -25.4185378571)
2014-05-12 17:18:20.000000,-25.4185378571,-49.2682900524,POINT (-49.2682900524 -25.4185378571)
2014-05-12 17:18:30.000000,-25.4185378571,-49.2682900524,POINT (-49.2682900524 -25.4185378571)
2014-05-12 17:18:40.000000,-25.4185378571,-49.2682900524,POINT (-49.2682900524 -25.4185378571)
2014-05-12 17:18:50.000000,-25.4185378571,-49.2682900524,POINT (-49.2682900524 -25.4185378571)
2014-05-12 17:19:00.000000,-25.4185378571,-49.2682900524,POINT (-49.2682900524 -25.4185378571)
2014-05-12 17:19:10.000000,-25.4185378571,-49.2682900524,POINT (-49.2682900524 -25.4185378571)
2014-05-12 17:19:20.000000,-25.4185378571,-49.2682900524,POINT (-49.2682900524 -25.4185378571)
2014-05-12 17:19:30.000000,-25.4185378571,-49.2682900524,POINT (-49.2682900524 -25.4185378571)
2014-05-12 17:19:40.000000,-25.4185378571,-49.2682900524,POINT (-49.2682900524 -25.4185378571)
2014-05-12 17:19:50.000000,-25.4185378571,-49.2682900524,POINT (-49.2682900524 -25.4185378571)
2014-05-12 17:20:00.000000,-25.4185378571,-49.2682900524,POINT (-49.2682900524 -25.4185378571)
2014-05-12 17:20:10.000000,-25.4185378571,-49.2682900524,POINT (-49.2682900524 -25.4185378571)
2014-05-12 17:20:20.000000,-25.4185378571,-49.2682900524,POINT (-49.2682900524 -25.4185378571)
2014-05-12 17:20:30.000000,-25.4185378571,-49.2682900524,POINT (-49.2682900524 -25.4185378571)
2014-05-12 17:20:40.000000,-25.4185378571,-49.2682900524,POINT (-49.2682900524 -25.4185378571)
2014-05-12 17:20:50.000000,-25.4185378571,-49.2682900524,POINT (-49.2682900524 -25.4185378571)
2014-05-12 17:21:00.000000,-25.4185378571,-49.2682900524,POINT (-49.2682900524 -25.4185378571)
2014-05-12 17:21:10.000000,-25.4185378571,-49.2682900524,POINT (-49.2682900524 -25.4185378571)
2014-05-12 17:21:20.000000,-25.4185378571,-49.2682900524,POINT (-49.2682900524 -25.4185378571)
2014-05-12 17:21:30.000000,-25.4185378571,-49.2682900524,POINT (-49.2682900524 -25.4185378571)
2014-05-12 17:21:40.000000,-25.4185378571,-49.2682900524,POINT (-49.2682900524 -25.4185378571)
2014-05-12 17:21:50.000000,-25.4185378571,-49.2682900524,POINT (-49.2682900524 -25.4185378571)
2014-05-12 17:22:00.000000,-25.4185378571,-49.2682900524,POINT (-49.2682900524 -25.4185378571)
2014-05-12 17:22:10.000000,-25.4185378571,-49.2682900524,POINT (-49.2682900524 -25.4185378571)
2014-05-12 17:22:20.000000,-25.4185378571,-49.2682900524,POINT (-49.2682900524 -25.4185378571)
2014-05-12 17:22:30.000000,-25.4185378571,-49.2682900524,POINT (-49.2682900524 -25.4185378571)
2014-05-12 17:22:40.000000,-25.4185378571,-49.2682900524,POINT (-49.2682900524 -25.4185378571)
2014-05-12 17:22:50.000000,-25.4185378571,-49.2682900524,POINT (-49.2682900524 -25.4185378571)
2014-05-12 17:23:00.000000,-25.4185378571,-49.2682900524,POINT (-49.2682900524 -25.4185378571)
2014-05-12 17:23:10.000000,-25.4185378571,-49.2682900524,POINT (-49.2682900524 -25.4185378571)
2014-05-12 17:23:20.000000,-25.4185378571,-49.2682900524,POINT (-49.2682900524 -25.4185378571)
2014-05-12 17:23:30.000000,-25.4185378571,-49.2682900524,POINT (-49.2682900524 -25.4185378571)
2014-05-12 17:23:40.000000,-25.4185378571,-49.2682900524,POINT (-49.2682900524 -25.4185378571)
2014-05-12 17:23:50.000000,-25.4185378571,-49.2682900524,POINT (-49.2682900524 -25.4185378571)
2014-05-12 17:24:00.000000,-25.4185378571,-49.2682900524,POINT (-49.2682900524 -25.4185378571)
2014-05-12 17:24:10.000000,-25.4185378571,-49.2682900524,POINT (-49.2682900524 -25.4185378571)
2014-05-12 17:24:20.000000,-25.4185378571,-49.2682900524,POINT (-49.2682900524 -25.4185378571)
2014-05-12 17:24:30.000000,-25.4185378571,-49.2682900524,POINT (-49.2682900524 -25.4185378571)
2014-05-12 17:24:40.000000,-25.4185378571,-49.2682900524,POINT (-49.2682900524 -25.4185378571)
2014-05-12 17:24:50.000000,-25.4185378571,-49.2682900524,POINT (-49.2682900524 -25.4185378571)
2014-05-12 17:25:00.000000,-25.4185378571,-49.2682900524,POINT (-49.2682900524 -25.4185378571)
2014-05-12 17:25:10.000000,-25.4185378571,-49.2682900524,POINT (-49.2682900524 -25.4185378571)
2014-05-12 17:25:20.000000,-25.4185378571,-49.2682900524,POINT (-49.2682900524 -25.4185378571)
2014-05-12 17:25:30.000000,-25.4185378571,-49.2682900524,POINT (-49.2682900524 -25.4185378571)
2014-05-12 17:25:40.000000,-25.4185378571,-49.2682900524,POINT (-49.2682900524 -25.4185378571)
2014-05-12 17:25:50.000000,-25.4185378571,-49.2682900524,POINT (-49.2682900524 -25.4185378571)
2014-05-12 17:26:00.000000,-25.4185378571,-49.2682900524,POINT (-49.2682900524 -25.4185378571)
2014-05-12 17:26:10.000000,-25.4185378571,-49.2682900524,POINT (-49.2682900524 -25.4185378571)
2014-05-12 17:26:20.000000,-25.4185378571,-49.2682900524,POINT (-49.2682900524 -25.4185378571)
2014-05-12 17:26:30.000000,-25.4185378571,-49.2682900524,POINT (-49.2682900524 -25.4185378571)
2014-05-12 17:26:40.000000,-25.4185378571,-49.2682900524,POINT (-49.2682900524 -25.4185378571)
2014-05-12 17:26:50.000000,-25.4185378571,-49.2682900524,POINT (-49.2682900524 -25.4185378571)
2014-05-12 17:27:00.000000,-25.4185378571,-49.2682900524,POINT (-49.2682900524 -25.4185378571)
2014-05-12 17:27:10.000000,-25.4185378571,-49.2682900524,POINT (-49.2682900524 -25.4185378571)
2014-05-12 17:27:20.000000,-25.4185378571,-49.2682900524,POINT (-49.2682900524 -25.4185378571)
2014-05-12 17:27:30.000000,-25.4185378571,-49.2682900524,POINT (-49.2682900524 -25.4185378571)
2014-05-12 17:27:40.000000,-25.4185378571,-49.2682900524,POINT (-49.2682900524 -25.4185378571)
2014-05-12 17:27:50.000000,-25.4185378571,-49.2682900524,POINT (-49.2682900524 -25.4185378571)
2014-05-12 17:28:00.000000,-25.4185378571,-49.2682900524,POINT (-49.2682900524 -25.4185378571)
2014-05-12 17:28:10.000000,-25.4185378571,-49.2682900524,POINT (-49.2682900524 -25.4185378571)
2014-05-12 17:28:20.000000,-25.4185378571,-49.2682900524,POINT (-49.2682900524 -25.4185378571)
2014-05-12 17:28:30.000000,-25.4185378571,-49.2682900524,POINT (-49.2682900524 -25.4185378571)
2014-05-12 17:28:40.000000,-25.4185378571,-49.2682900524,POINT (-49.2682900524 -25.4185378571)
2014-05-12 17:28:50.000000,-25.4185378571,-49.2682900524,POINT (-49.2682900524 -25.4185378571)
2014-05-12 17:29:00.000000,-25.4185378571,-49.2682900524,POINT (-49.2682900524 -25.4185378571)
2014-05-12 17:29:10.000000,-25.4185378571,-49.2682900524,POINT (-49.2682900524 -25.4185378571)
2014-05-12 17:29:20.000000,-25.4185378571,-49.2682900524,POINT (-49.2682900524 -25.4185378571)
2014-05-12 17:29:30.000000,-25.4185378571,-49.2682900524,POINT (-49.2682900524 -25.4185378571)
2014-05-12 17:29:40.000000,-25.4185378571,-49.2682900524,POINT (-49.2682900524 -25.4185378571)
2014-05-12 17:29:50.000000,-25.4185378571,-49.2682900524,POINT (-49.2682900524 -25.4185378571)
2014-05-12 17:30:00.000000,-25.4185378571,-49.2682900524,POINT (-49.2682900524 -25.4185378571)
2014-05-12 17:30:10.000000,-25.4185378571,-49.2682900524,POINT (-49.2682900524 -25.4185378571)
2014-05-12 17:30:20.000000,-25.4185378571,-49.2682900524,POINT (-49.2682900524 -25.4185378571)
2014-05-12 17:30:30.000000,-25.4185378571,-49.2682900524,POINT (-49.2682900524 -25.4185378571)
2014-05-12 17:30:40.000000,-25.4185378571,-49.2682900524,POINT (-49.2682900524 -25.4185378571)
2014-05-12 17:30:50.000000,-25.4185378571,-49.2682900524,POINT (-49.2682900524 -25.4185378571)
2014-05-12 17:31:00.000000,-25.4185378571,-49.2682900524,POINT (-49.2682900524 -25.4185378571)
2014-05-12 17:31:10.000000,-25.4185378571,-49.2682900524,POINT (-49.2682900524 -25.4185378571)
2014-05-12 17:31:20.000000,-25.4185378571,-49.2682900524,POINT (-49.2682900524 -25.4185378571)
2014-05-12 17:31:30.000000,-25.4185378571,-49.2682900524,POINT (-49.2682900524 -25.4185378571)
2014-05-12 17:31:40.000000,-25.4185378571,-49.2682900524,POINT (-49.2682900524 -25.4185378571)
2014-05-12 17:31:50.000000,-25.4185378571,-49.2682900524,POINT (-49.2682900524 -25.4185378571)
2014-05-12 17:32:00.000000,-25.4185378571,-49.2682900524,POINT (-49.2682900524 -25.4185378571)
2014-05-12 17:32:10.000000,-25.4185378571,-49.2682900524,POINT (-49.2682900524 -25.4185378571)
2014-05-12 17:32:20.000000,-25.4185378571,-49.2682900524,POINT (-49.2682900524 -25.4185378571)
2014-05-12 17:32:30.000000,-25.4185378571,-49.2682900524,POINT (-49.2682900524 -25.4185378571)
2014-05-12 17:32:40.000000,-25.4185378571,-49.2682900524,POINT (-49.2682900524 -25.4185378571)
2014-05-12 17:32:50.000000,-25.4185378571,-49.2682900524,POINT (-49.2682900524 -25.4185378571)
2014-05-12 17:33:00.000000,-25.4185378571,-49.2682900524,POINT (-49.2682900524 -25.4185378571)
2014-05-12 17:33:10.000000,-25.4185378571,-49.2682900524,POINT (-49.2682900524 -25.4185378571)
2014-05-12 17:33:20.000000,-25.4185378571,-49.2682900524,POINT (-49.2682900524 -25.4185378571)
2014-05-12 17:33:30.000000,-25.4185378571,-49.2682900524,POINT (-49.2682900524 -25.4185378571)
2014-05-12 17:33:40.000000,-25.4185378571,-49.2682900524,POINT (-49.2682900524 -25.4185378571)
2014-05-12 17:33:50.000000,-25.4185378571,-49.2682900524,POINT (-49.2682900524 -25.4185378571)
2014-05-12 17:34:00.000000,-25.4185378571,-49.2682900524,POINT (-49.2682900524 -25.4185378571)
2014-05-12 17:34:10.000000,-25.4185378571,-49.2682900524,POINT (-49.2682900524 -25.4185378571)
2014-05-12 17:34:20.000000,-25.4185378571,-49.2682900524,POINT (-49.2682900524 -25.4185378571)
2014-05-12 17:34:30.000000,-25.4185378571,-49.2682900524,POINT (-49.2682900524 -25.4185378571)
2014-05-12 17:34:40.000000,-25.4185378571,-49.2682900524,POINT (-49.2682900524 -25.4185378571)
2014-05-12 17:34:50.000000,-25.4185378571,-49.2682900524,POINT (-49.2682900524 -25.4185378571)
2014-05-12 17:35:00.000000,-25.4185378571,-49.2682900524,POINT (-49.2682900524 -25.4185378571)
2014-05-12 17:35:10.000000,-25.4185378571,-49.2682900524,POINT (-49.2682900524 -25.4185378571)
2014-05-12 17:35:20.000000,-25.4185378571,-49.2682900524,POINT (-49.2682900524 -25.4185378571)
2014-05-12 17:35:30.000000,-25.4185378571,-49.2682900524,POINT (-49.2682900524 -25.4185378571)
2014-05-12 17:35:40.000000,-25.4185378571,-49.2682900524,POINT (-49.2682900524 -25.4185378571)
2014-05-12 17:35:50.000000,-25.4185378571,-49.2682900524,POINT (-49.2682900524 -25.4185378571)
2014-05-12 17:36:00.000000,-25.4185378571,-49.2682900524,POINT (-49.2682900524 -25.4185378571)
2014-05-12 17:36:10.000000,-25.4185378571,-49.2682900524,POINT (-49.2682900524 -25.4185378571)
2014-05-12 17:36:20.000000,-25.4185378571,-49.2682900524,POINT (-49.2682900524 -25.4185378571)
2014-05-12 17:36:30.000000,-25.4185378571,-49.2682900524,POINT (-49.2682900524 -25.4185378571)
2014-05-12 17:36:40.000000,-25.4185378571,-49.2682900524,POINT (-49.2682900524 -25.4185378571)
2014-05-12 17:36:50.000000,-25.4185378571,-49.2682900524,POINT (-49.2682900524 -25.4185378571)
2014-05-12 17:37:00.000000,-25.4185378571,-49.2682900524,POINT (-49.2682900524 -25.4185378571)
2014-05-12 17:37:10.000000,-25.4185378571,-49.2682900524,POINT (-49.2682900524 -25.4185378571)
2014-05-12 17:37:20.000000,-25.4185378571,-49.2682900524,POINT (-49.2682900524 -25.4185378571)
2014-05-12 17:37:30.000000,-25.4185378571,-49.2682900524,POINT (-49.2682900524 -25.4185378571)
2014-05-12 17:37:40.000000,-25.4185378571,-49.2682900524,POINT (-49.2682900524 -25.4185378571)
2014-05-12 17:37:50.000000,-25.4185378571,-49.2682900524,POINT (-49.2682900524 -25.4185378571)
2014-05-12 17:38:00.000000,-25.4185378571,-49.2682900524,POINT (-49.2682900524 -25.4185378571)
2014-05-12 17:38:10.000000,-25.4185378571,-49.2682900524,POINT (-49.2682900524 -25.4185378571)
2014-05-12 17:38:20.000000,-25.4185378571,-49.2682900524,POINT (-49.2682900524 -25.4185378571)
2014-05-12 17:38:30.000000,-25.4185378571,-49.2682900524,POINT (-49.2682900524 -25.4185378571)
2014-05-12 17:38:40.000000,-25.4185378571,-49.2682900524,POINT (-49.2682900524 -25.4185378571)
2014-05-12 17:38:50.000000,-25.4185378571,-49.2682900524,POINT (-49.2682900524 -25.4185378571)
2014-05-12 17:39:00.000000,-25.4185378571,-49.2682900524,POINT (-49.2682900524 -25.4185378571)
2014-05-12 17:39:10.000000,-25.4185378571,-49.2682900524,POINT (-49.2682900524 -25.4185378571)
2014-05-12 17:39:20.000000,-25.4185378571,-49.2682900524,POINT (-49.2682900524 -25.4185378571)
2014-05-12 17:39:30.000000,-25.4185378571,-49.2682900524,POINT (-49.2682900524 -25.4185378571)
2014-05-12 17:39:40.000000,-25.4185378571,-49.2682900524,POINT (-49.2682900524 -25.4185378571)
2014-05-12 17:39:50.000000,-25.4185378571,-49.2682900524,POINT (-49.2682900524 -25.4185378571)
2014-05-12 17:40:00.000000,-25.4185378571,-49.2682900524,POINT (-49.2682900524 -25.4185378571)
2014-05-12 17:40:10.000000,-25.4185378571,-49.2682900524,POINT (-49.2682900524 -25.4185378571)
2014-05-12 17:40:20.000000,-25.4185378571,-49.2682900524,POINT (-49.2682900524 -25.4185378571)
2014-05-12 17:40:30.000000,-25.4185378571,-49.2682900524,POINT (-49.2682900524 -25.4185378571)
2014-05-12 17:40:40.000000,-25.4185378571,-49.2682900524,POINT (-49.2682900524 -25.4185378571)
2014-05-12 17:40:50.000000,-25.4185378571,-49.2682900524,POINT (-49.2682900524 -25.4185378571)
2014-05-12 17:41:00.000000,-25.4185378571,-49.2682900524,POINT (-49.2682900524 -25.4185378571)
2014-05-12 17:41:10.000000,-25.4185378571,-49.2682900524,POINT (-49.2682900524 -25.4185378571)
2014-05-12 17:41:20.000000,-25.4185378571,-49.2682900524,POINT (-49.2682900524 -25.4185378571)
2014-05-12 17:41:30.000000,-25.4185378571,-49.2682900524,POINT (-49.2682900524 -25.4185378571)
2014-05-12 17:41:40.000000,-25.4185378571,-49.2682900524,POINT (-49.2682900524 -25.4185378571)
2014-05-12 17:41:50.000000,-25.4185378571,-49.2682900524,POINT (-49.2682900524 -25.4185378571)
2014-05-12 17:42:00.000000,-25.4185378571,-49.2682900524,POINT (-49.2682900524 -25.4185378571)
2014-05-12 17:42:10.000000,-25.4185378571,-49.2682900524,POINT (-49.2682900524 -25.4185378571)
2014-05-12 17:42:20.000000,-25.4185378571,-49.2682900524,POINT (-49.2682900524 -25.4185378571)
2014-05-12 17:42:30.000000,-25.4185378571,-49.2682900524,POINT (-49.2682900524 -25.4185378571)
2014-05-12 17:42:40.000000,-25.4185378571,-49.2682900524,POINT (-49.2682900524 -25.4185378571)
2014-05-12 17:42:50.000000,-25.4185378571,-49.2682900524,POINT (-49.2682900524 -25.4185378571)
2014-05-12 17:43:00.000000,-25.4185378571,-49.2682900524,POINT (-49.2682900524 -25.4185378571)
2014-05-12 17:43:10.000000,-25.4185378571,-49.2682900524,POINT (-49.2682900524 -25.4185378571)
2014-05-12 17:43:20.000000,-25.4185378571,-49.2682900524,POINT (-49.2682900524 -25.4185378571)
2014-05-12 17:43:30.000000,-25.4185378571,-49.2682900524,POINT (-49.2682900524 -25.4185378571)
2014-05-12 17:43:40.000000,-25.4185378571,-49.2682900524,POINT (-49.2682900524 -25.4185378571)
2014-05-12 17:43:50.000000,-25.4185378571,-49.2682900524,POINT (-49.2682900524 -25.4185378571)
2014-05-12 17:44:00.000000,-25.4185378571,-49.2682900524,POINT (-49.2682900524 -25.4185378571)
2014-05-12 17:44:10.000000,-25.4185378571,-49.2682900524,POINT (-49.2682900524 -25.4185378571)
2014-05-12 17:44:20.000000,-25.4185378571,-49.2682900524,POINT (-49.2682900524 -25.4185378571)
2014-05-12 17:44:30.000000,-25.4185378571,-49.2682900524,POINT (-49.2682900524 -25.4185378571)
2014-05-12 17:44:40.000000,-25.4185378571,-49.2682900524,POINT (-49.2682900524 -25.4185378571)
2014-05-12 17:44:50.000000,-25.4185378571,-49.2682900524,POINT (-49.2682900524 -25.4185378571)
2014-05-12 17:45:00.000000,-25.4185378571,-49.2682900524,POINT (-49.2682900524 -25.4185378571)
2014-05-12 17:45:10.000000,-25.4185378571,-49.2682900524,POINT (-49.2682900524 -25.4185378571)
2014-05-12 17:45:20.000000,-25.4185378571,-49.2682900524,POINT (-49.2682900524 -25.4185378571)
2014-05-12 17:45:30.000000,-25.4185378571,-49.2682900524,POINT (-49.2682900524 -25.4185378571)
2014-05-12 17:45:40.000000,-25.4185378571,-49.2682900524,POINT (-49.2682900524 -25.4185378571)
2014-05-12 17:45:50.000000,-25.4185378571,-49.2682900524,POINT (-49.2682900524 -25.4185378571)
2014-05-12 17:46:00.000000,-25.4185378571,-49.2682900524,POINT (-49.2682900524 -25.4185378571)
2014-05-12 17:46:10.000000,-25.4185378571,-49.2682900524,POINT (-49.2682900524 -25.4185378571)
2014-05-12 17:46:20.000000,-25.4185378571,-49.2682900524,POINT (-49.2682900524 -25.4185378571)
2014-05-12 17:46:30.000000,-25.4185378571,-49.2682900524,POINT (-49.2682900524 -25.4185378571)
2014-05-12 17:46:40.000000,-25.4185378571,-49.2682900524,POINT (-49.2682900524 -25.4185378571)
2014-05-12 17:46:50.000000,-25.4185378571,-49.2682900524,POINT (-49.2682900524 -25.4185378571)
2014-05-12 17:47:00.000000,-25.4185378571,-49.2682900524,POINT (-49.2682900524 -25.4185378571)
2014-05-12 17:47:10.000000,-25.4185378571,-49.2682900524,POINT (-49.2682900524 -25.4185378571)
2014-05-12 17:47:20.000000,-25.4185378571,-49.2682900524,POINT (-49.2682900524 -25.4185378571)
2014-05-12 17:47:30.000000,-25.4185378571,-49.2682900524,POINT (-49.2682900524 -25.4185378571)
2014-05-12 17:47:40.000000,-25.4185378571,-49.2682900524,POINT (-49.2682900524 -25.4185378571)
2014-05-12 17:47:50.000000,-25.4185378571,-49.2682900524,POINT (-49.2682900524 -25.4185378571)
2014-05-12 17:48:00.000000,-25.4185378571,-49.2682900524,POINT (-49.2682900524 -25.4185378571)
2014-05-12 17:48:10.000000,-25.4185378571,-49.2682900524,POINT (-49.2682900524 -25.4185378571)
2014-05-12 17:48:20.000000,-25.4185378571,-49.2682900524,POINT (-49.2682900524 -25.4185378571)
2014-05-12 17:48:30.000000,-25.4185378571,-49.2682900524,POINT (-49.2682900524 -25.4185378571)
2014-05-12 17:48:40.000000,-25.4185378571,-49.2682900524,POINT (-49.2682900524 -25.4185378571)
2014-05-12 17:48:50.000000,-25.4185378571,-49.2682900524,POINT (-49.2682900524 -25.4185378571)
2014-05-12 17:49:00.000000,-25.4185378571,-49.2682900524,POINT (-49.2682900524 -25.4185378571)
2014-05-12 17:49:10.000000,-25.4185378571,-49.2682900524,POINT (-49.2682900524 -25.4185378571)
2014-05-12 17:49:20.000000,-25.4185378571,-49.2682900524,POINT (-49.2682900524 -25.4185378571)
2014-05-12 17:49:30.000000,-25.4185378571,-49.2682900524,POINT (-49.2682900524 -25.4185378571)
2014-05-12 17:49:40.000000,-25.4185378571,-49.2682900524,POINT (-49.2682900524 -25.4185378571)
2014-05-12 17:49:50.000000,-25.4185378571,-49.2682900524,POINT (-49.2682900524 -25.4185378571)
2014-05-12 17:50:00.000000,-25.4185378571,-49.2682900524,POINT (-49.2682900524 -25.4185378571)
2014-05-12 17:50:10.000000,-25.4185378571,-49.2682900524,POINT (-49.2682900524 -25.4185378571)
2014-05-12 17:50:20.000000,-25.4185378571,-49.2682900524,POINT (-49.2682900524 -25.4185378571)
2014-05-12 17:50:30.000000,-25.4185378571,-49.2682900524,POINT (-49.2682900524 -25.4185378571)
2014-05-12 17:50:40.000000,-25.4185378571,-49.2682900524,POINT (-49.2682900524 -25.4185378571)
2014-05-12 17:50:50.000000,-25.4185378571,-49.2682900524,POINT (-49.2682900524 -25.4185378571)
2014-05-12 17:51:00.000000,-25.4185378571,-49.2682900524,POINT (-49.2682900524 -25.4185378571)
2014-05-12 17:51:10.000000,-25.4185378571,-49.2682900524,POINT (-49.2682900524 -25.4185378571)
2014-05-12 17:51:20.000000,-25.4185378571,-49.2682900524,POINT (-49.2682900524 -25.4185378571)
2014-05-12 17:51:30.000000,-25.4185378571,-49.2682900524,POINT (-49.2682900524 -25.4185378571)
2014-05-12 17:51:40.000000,-25.4185378571,-49.2682900524,POINT (-49.2682900524 -25.4185378571)
2014-05-12 17:51:50.000000,-25.4185378571,-49.2682900524,POINT (-49.2682900524 -25.4185378571)
2014-05-12 17:52:00.000000,-25.4185378571,-49.2682900524,POINT (-49.2682900524 -25.4185378571)
2014-05-12 17:52:10.000000,-25.4185378571,-49.2682900524,POINT (-49.2682900524 -25.4185378571)
2014-05-12 17:52:20.000000,-25.4185378571,-49.2682900524,POINT (-49.2682900524 -25.4185378571)
2014-05-12 17:52:30.000000,-25.4185378571,-49.2682900524,POINT (-49.2682900524 -25.4185378571)
2014-05-12 17:52:40.000000,-25.4185378571,-49.2682900524,POINT (-49.2682900524 -25.4185378571)
2014-05-12 17:52:50.000000,-25.4185378571,-49.2682900524,POINT (-49.2682900524 -25.4185378571)
2014-05-12 17:53:00.000000,-25.4185378571,-49.2682900524,POINT (-49.2682900524 -25.4185378571)
2014-05-12 17:53:10.000000,-25.4185378571,-49.2682900524,POINT (-49.2682900524 -25.4185378571)
2014-05-12 17:53:20.000000,-25.4185378571,-49.2682900524,POINT (-49.2682900524 -25.4185378571)
2014-05-12 17:53:30.000000,-25.4185378571,-49.2682900524,POINT (-49.2682900524 -25.4185378571)
2014-05-12 17:53:40.000000,-25.4185378571,-49.2682900524,POINT (-49.2682900524 -25.4185378571)
2014-05-12 17:53:50.000000,-25.4185378571,-49.2682900524,POINT (-49.2682900524 -25.4185378571)
2014-05-12 17:54:00.000000,-25.4185378571,-49.2682900524,POINT (-49.2682900524 -25.4185378571)
2014-05-12 17:54:10.000000,-25.4185378571,-49.2682900524,POINT (-49.2682900524 -25.4185378571)
2014-05-12 17:54:20.000000,-25.4185378571,-49.2682900524,POINT (-49.2682900524 -25.4185378571)
2014-05-12 17:54:30.000000,-25.4185378571,-49.2682900524,POINT (-49.2682900524 -25.4185378571)
2014-05-12 17:54:40.000000,-25.4185378571,-49.2682900524,POINT (-49.2682900524 -25.4185378571)
2014-05-12 17:54:50.000000,-25.4185378571,-49.2682900524,POINT (-49.2682900524 -25.4185378571)
2014-05-12 17:55:00.000000,-25.4185378571,-49.2682900524,POINT (-49.2682900524 -25.4185378571)
2014-05-12 17:55:10.000000,-25.4185378571,-49.2682900524,POINT (-49.2682900524 -25.4185378571)
2014-05-12 17:55:20.000000,-25.4185378571,-49.2682900524,POINT (-49.2682900524 -25.4185378571)
2014-05-12 17:55:30.000000,-25.4185378571,-49.2682900524,POINT (-49.2682900524 -25.4185378571)
2014-05-12 17:55:40.000000,-25.4185378571,-49.2682900524,POINT (-49.2682900524 -25.4185378571)
2014-05-12 17:55:51.578371,-25.4190174,-49.2683139,POINT (-49.2683139 -25.4190174)
2014-05-12 17:56:01.578371,-25.419037239130436,-49.26762303478261,POINT (-49.26762303478261 -25.419037239130436)
2014-05-12 17:56:11.578371,-25.419066260869563,-49.26688461304348,POINT (-49.26688461304348 -25.419066260869563)
2014-05-12 17:56:21.578371,-25.419125891304347,-49.26598766956522,POINT (-49.26598766956522 -25.419125891304347)
2014-05-12 17:56:31.578371,-25.41881706956522,-49.265538795652176,POINT (-49.265538795652176 -25.41881706956522)
2014-05-12 17:56:41.578371,-25.418078386956523,-49.265612669565215,POINT (-49.265612669565215 -25.418078386956523)
2014-05-12 17:56:51.578371,-25.417833491304346,-49.26626148695652,POINT (-49.26626148695652 -25.417833491304346)
2014-05-12 17:57:01.578371,-25.41780805652174,-49.2671658347826,POINT (-49.2671658347826 -25.41780805652174)
2014-05-12 17:57:11.578371,-25.41768902173913,-49.267861852173915,POINT (-49.267861852173915 -25.41768902173913)
2014-05-12 17:57:21.578371,-25.41758006521739,-49.268444908695656,POINT (-49.268444908695656 -25.41758006521739)
2014-05-12 17:57:31.578371,-25.417569439130435,-49.26850216521739,POINT (-49.26850216521739 -25.417569439130435)
2014-05-12 17:57:41.578371,-25.41785333478261,-49.268605030434784,POINT (-49.268605030434784 -25.41785333478261)
2014-05-12 17:57:51.578371,-25.41860846521739,-49.26878086956521,POINT (-49.26878086956521 -25.41860846521739)
2014-05-12 17:58:01.578371,-25.41943695217391,-49.268973717391304,POINT (-49.268973717391304 -25.41943695217391)
2014-05-12 17:58:11.578371,-25.420311286956522,-49.26917719565217,POINT (-49.26917719565217 -25.420311286956522)
2014-05-12 17:58:21.578371,-25.420479373913043,-49.26928430434783,POINT (-49.26928430434783 -25.420479373913043)
2014-05-12 17:58:31.578371,-25.420533904347824,-49.26937133913044,POINT (-49.26937133913044 -25.420533904347824)
2014-05-12 17:58:41.578371,-25.420766660869564,-49.269427747826086,POINT (-49.269427747826086 -25.420766660869564)
2014-05-12 17:58:51.578371,-25.421051347826086,-49.26949671304347,POINT (-49.26949671304347 -25.421051347826086)
2014-05-12 17:59:01.578371,-25.42145287826087,-49.26959393043478,POINT (-49.26959393043478 -25.42145287826087)
2014-05-12 17:59:11.578371,-25.421938895652175,-49.26971199565217,POINT (-49.26971199565217 -25.421938895652175)
2014-05-12 17:59:21.578371,-25.422497330434783,-49.269847930434786,POINT (-49.269847930434786 -25.422497330434783)
2014-05-12 17:59:31.578371,-25.422890460869567,-49.26994282173913,POINT (-49.26994282173913 -25.422890460869567)
2014-05-12 17:59:41.578371,-25.423234,-49.2700254,POINT (-49.2700254 -25.423234)
2014-05-12 18:00:00.000000,-25.4232860784,-49.2704737186,POINT (-49.2704737186 -25.4232860784)
2014-05-12 18:00:10.000000,-25.4232860784,-49.2704737186,POINT (-49.2704737186 -25.4232860784)
2014-05-12 18:00:20.000000,-25.4232860784,-49.2704737186,POINT (-49.2704737186 -25.4232860784)
2014-05-12 18:00:30.000000,-25.4232860784,-49.2704737186,POINT (-49.2704737186 -25.4232860784)
2014-05-12 18:00:40.000000,-25.4232860784,-49.2704737186,POINT (-49.2704737186 -25.4232860784)
2014-05-12 18:00:50.000000,-25.4232860784,-49.2704737186,POINT (-49.2704737186 -25.4232860784)
2014-05-12 18:01:00.000000,-25.4232860784,-49.2704737186,POINT (-49.2704737186 -25.4232860784)
2014-05-12 18:01:10.000000,-25.4232860784,-49.2704737186,POINT (-49.2704737186 -25.4232860784)
2014-05-12 18:01:20.000000,-25.4232860784,-49.2704737186,POINT (-49.2704737186 -25.4232860784)
2014-05-12 18:01:30.000000,-25.4232860784,-49.2704737186,POINT (-49.2704737186 -25.4232860784)
2014-05-12 18:01:40.000000,-25.4232860784,-49.2704737186,POINT (-49.2704737186 -25.4232860784)
2014-05-12 18:01:50.000000,-25.4232860784,-49.2704737186,POINT (-49.2704737186 -25.4232860784)
2014-05-12 18:02:00.000000,-25.4232860784,-49.2704737186,POINT (-49.2704737186 -25.4232860784)
2014-05-12 18:02:10.000000,-25.4232860784,-49.2704737186,POINT (-49.2704737186 -25.4232860784)
2014-05-12 18:02:20.000000,-25.4232860784,-49.2704737186,POINT (-49.2704737186 -25.4232860784)
2014-05-12 18:02:30.000000,-25.4232860784,-49.2704737186,POINT (-49.2704737186 -25.4232860784)
2014-05-12 18:02:40.000000,-25.4232860784,-49.2704737186,POINT (-49.2704737186 -25.4232860784)
2014-05-12 18:02:50.000000,-25.4232860784,-49.2704737186,POINT (-49.2704737186 -25.4232860784)
2014-05-12 18:03:00.000000,-25.4232860784,-49.2704737186,POINT (-49.2704737186 -25.4232860784)
2014-05-12 18:03:10.000000,-25.4232860784,-49.2704737186,POINT (-49.2704737186 -25.4232860784)
2014-05-12 18:03:20.000000,-25.4232860784,-49.2704737186,POINT (-49.2704737186 -25.4232860784)
2014-05-12 18:03:30.000000,-25.4232860784,-49.2704737186,POINT (-49.2704737186 -25.4232860784)
2014-05-12 18:03:40.000000,-25.4232860784,-49.2704737186,POINT (-49.2704737186 -25.4232860784)
2014-05-12 18:03:50.000000,-25.4232860784,-49.2704737186,POINT (-49.2704737186 -25.4232860784)
2014-05-12 18:04:00.000000,-25.4232860784,-49.2704737186,POINT (-49.2704737186 -25.4232860784)
2014-05-12 18:04:10.000000,-25.4232860784,-49.2704737186,POINT (-49.2704737186 -25.4232860784)
2014-05-12 18:04:20.000000,-25.4232860784,-49.2704737186,POINT (-49.2704737186 -25.4232860784)
2014-05-12 18:04:30.000000,-25.4232860784,-49.2704737186,POINT (-49.2704737186 -25.4232860784)
2014-05-12 18:04:40.000000,-25.4232860784,-49.2704737186,POINT (-49.2704737186 -25.4232860784)
2014-05-12 18:04:50.000000,-25.4232860784,-49.2704737186,POINT (-49.2704737186 -25.4232860784)
2014-05-12 18:05:00.000000,-25.4232860784,-49.2704737186,POINT (-49.2704737186 -25.4232860784)
2014-05-12 18:05:10.000000,-25.4232860784,-49.2704737186,POINT (-49.2704737186 -25.4232860784)
2014-05-12 18:05:20.000000,-25.4232860784,-49.2704737186,POINT (-49.2704737186 -25.4232860784)
2014-05-12 18:05:30.000000,-25.4232860784,-49.2704737186,POINT (-49.2704737186 -25.4232860784)
2014-05-12 18:05:40.000000,-25.4232860784,-49.2704737186,POINT (-49.2704737186 -25.4232860784)
2014-05-12 18:05:50.000000,-25.4232860784,-49.2704737186,POINT (-49.2704737186 -25.4232860784)
2014-05-12 18:06:00.000000,-25.4232860784,-49.2704737186,POINT (-49.2704737186 -25.4232860784)
2014-05-12 18:06:10.000000,-25.4232860784,-49.2704737186,POINT (-49.2704737186 -25.4232860784)
2014-05-12 18:06:20.000000,-25.4232860784,-49.2704737186,POINT (-49.2704737186 -25.4232860784)
2014-05-12 18:06:30.000000,-25.4232860784,-49.2704737186,POINT (-49.2704737186 -25.4232860784)
2014-05-12 18:06:40.000000,-25.4232860784,-49.2704737186,POINT (-49.2704737186 -25.4232860784)
2014-05-12 18:06:50.000000,-25.4232860784,-49.2704737186,POINT (-49.2704737186 -25.4232860784)
2014-05-12 18:07:00.000000,-25.4232860784,-49.2704737186,POINT (-49.2704737186 -25.4232860784)
2014-05-12 18:07:10.000000,-25.4232860784,-49.2704737186,POINT (-49.2704737186 -25.4232860784)
2014-05-12 18:07:20.000000,-25.4232860784,-49.2704737186,POINT (-49.2704737186 -25.4232860784)
2014-05-12 18:07:30.000000,-25.4232860784,-49.2704737186,POINT (-49.2704737186 -25.4232860784)
2014-05-12 18:07:40.000000,-25.4232860784,-49.2704737186,POINT (-49.2704737186 -25.4232860784)
2014-05-12 18:07:50.000000,-25.4232860784,-49.2704737186,POINT (-49.2704737186 -25.4232860784)
2014-05-12 18:08:00.000000,-25.4232860784,-49.2704737186,POINT (-49.2704737186 -25.4232860784)
2014-05-12 18:08:10.000000,-25.4232860784,-49.2704737186,POINT (-49.2704737186 -25.4232860784)
2014-05-12 18:08:20.000000,-25.4232860784,-49.2704737186,POINT (-49.2704737186 -25.4232860784)
2014-05-12 18:08:30.000000,-25.4232860784,-49.2704737186,POINT (-49.2704737186 -25.4232860784)
2014-05-12 18:08:40.000000,-25.4232860784,-49.2704737186,POINT (-49.2704737186 -25.4232860784)
2014-05-12 18:08:50.000000,-25.4232860784,-49.2704737186,POINT (-49.2704737186 -25.4232860784)
2014-05-12 18:09:00.000000,-25.4232860784,-49.2704737186,POINT (-49.2704737186 -25.4232860784)
2014-05-12 18:09:10.000000,-25.4232860784,-49.2704737186,POINT (-49.2704737186 -25.4232860784)
2014-05-12 18:09:20.000000,-25.4232860784,-49.2704737186,POINT (-49.2704737186 -25.4232860784)
2014-05-12 18:09:30.000000,-25.4232860784,-49.2704737186,POINT (-49.2704737186 -25.4232860784)
2014-05-12 18:09:40.000000,-25.4232860784,-49.2704737186,POINT (-49.2704737186 -25.4232860784)
2014-05-12 18:09:50.000000,-25.4232860784,-49.2704737186,POINT (-49.2704737186 -25.4232860784)
2014-05-12 18:10:00.000000,-25.4232860784,-49.2704737186,POINT (-49.2704737186 -25.4232860784)
2014-05-12 18:10:10.000000,-25.4232860784,-49.2704737186,POINT (-49.2704737186 -25.4232860784)
2014-05-12 18:10:20.000000,-25.4232860784,-49.2704737186,POINT (-49.2704737186 -25.4232860784)
2014-05-12 18:10:30.000000,-25.4232860784,-49.2704737186,POINT (-49.2704737186 -25.4232860784)
2014-05-12 18:10:40.000000,-25.4232860784,-49.2704737186,POINT (-49.2704737186 -25.4232860784)
2014-05-12 18:10:50.000000,-25.4232860784,-49.2704737186,POINT (-49.2704737186 -25.4232860784)
2014-05-12 18:11:00.000000,-25.4232860784,-49.2704737186,POINT (-49.2704737186 -25.4232860784)
2014-05-12 18:11:10.000000,-25.4232860784,-49.2704737186,POINT (-49.2704737186 -25.4232860784)
2014-05-12 18:11:20.000000,-25.4232860784,-49.2704737186,POINT (-49.2704737186 -25.4232860784)
2014-05-12 18:11:30.000000,-25.4232860784,-49.2704737186,POINT (-49.2704737186 -25.4232860784)
2014-05-12 18:11:40.000000,-25.4232860784,-49.2704737186,POINT (-49.2704737186 -25.4232860784)
2014-05-12 18:11:50.000000,-25.4232860784,-49.2704737186,POINT (-49.2704737186 -25.4232860784)
2014-05-12 18:12:00.000000,-25.4232860784,-49.2704737186,POINT (-49.2704737186 -25.4232860784)
2014-05-12 18:12:10.000000,-25.4232860784,-49.2704737186,POINT (-49.2704737186 -25.4232860784)
2014-05-12 18:12:20.000000,-25.4232860784,-49.2704737186,POINT (-49.2704737186 -25.4232860784)
2014-05-12 18:12:30.000000,-25.4232860784,-49.2704737186,POINT (-49.2704737186 -25.4232860784)
2014-05-12 18:12:40.000000,-25.4232860784,-49.2704737186,POINT (-49.2704737186 -25.4232860784)
2014-05-12 18:12:50.000000,-25.4232860784,-49.2704737186,POINT (-49.2704737186 -25.4232860784)
2014-05-12 18:13:00.000000,-25.4232860784,-49.2704737186,POINT (-49.2704737186 -25.4232860784)
2014-05-12 18:13:10.000000,-25.4232860784,-49.2704737186,POINT (-49.2704737186 -25.4232860784)
2014-05-12 18:13:20.000000,-25.4232860784,-49.2704737186,POINT (-49.2704737186 -25.4232860784)
2014-05-12 18:13:30.000000,-25.4232860784,-49.2704737186,POINT (-49.2704737186 -25.4232860784)
2014-05-12 18:13:40.000000,-25.4232860784,-49.2704737186,POINT (-49.2704737186 -25.4232860784)
2014-05-12 18:13:50.000000,-25.4232860784,-49.2704737186,POINT (-49.2704737186 -25.4232860784)
2014-05-12 18:14:00.000000,-25.4232860784,-49.2704737186,POINT (-49.2704737186 -25.4232860784)
2014-05-12 18:14:10.000000,-25.4232860784,-49.2704737186,POINT (-49.2704737186 -25.4232860784)
2014-05-12 18:14:20.000000,-25.4232860784,-49.2704737186,POINT (-49.2704737186 -25.4232860784)
2014-05-12 18:14:30.000000,-25.4232860784,-49.2704737186,POINT (-49.2704737186 -25.4232860784)
2014-05-12 18:14:40.000000,-25.4232860784,-49.2704737186,POINT (-49.2704737186 -25.4232860784)
2014-05-12 18:14:50.000000,-25.4232860784,-49.2704737186,POINT (-49.2704737186 -25.4232860784)
2014-05-12 18:15:00.000000,-25.4232860784,-49.2704737186,POINT (-49.2704737186 -25.4232860784)
2014-05-12 18:15:10.000000,-25.4232860784,-49.2704737186,POINT (-49.2704737186 -25.4232860784)
2014-05-12 18:15:20.000000,-25.4232860784,-49.2704737186,POINT (-49.2704737186 -25.4232860784)
2014-05-12 18:15:30.000000,-25.4232860784,-49.2704737186,POINT (-49.2704737186 -25.4232860784)
2014-05-12 18:15:40.000000,-25.4232860784,-49.2704737186,POINT (-49.2704737186 -25.4232860784)
2014-05-12 18:15:50.000000,-25.4232860784,-49.2704737186,POINT (-49.2704737186 -25.4232860784)
2014-05-12 18:16:00.000000,-25.4232860784,-49.2704737186,POINT (-49.2704737186 -25.4232860784)
2014-05-12 18:16:10.000000,-25.4232860784,-49.2704737186,POINT (-49.2704737186 -25.4232860784)
2014-05-12 18:16:20.000000,-25.4232860784,-49.2704737186,POINT (-49.2704737186 -25.4232860784)
2014-05-12 18:16:30.000000,-25.4232860784,-49.2704737186,POINT (-49.2704737186 -25.4232860784)
2014-05-12 18:16:40.000000,-25.4232860784,-49.2704737186,POINT (-49.2704737186 -25.4232860784)
2014-05-12 18:16:50.000000,-25.4232860784,-49.2704737186,POINT (-49.2704737186 -25.4232860784)
2014-05-12 18:17:00.000000,-25.4232860784,-49.2704737186,POINT (-49.2704737186 -25.4232860784)
2014-05-12 18:17:10.000000,-25.4232860784,-49.2704737186,POINT (-49.2704737186 -25.4232860784)
2014-05-12 18:17:20.000000,-25.4232860784,-49.2704737186,POINT (-49.2704737186 -25.4232860784)
2014-05-12 18:17:30.000000,-25.4232860784,-49.2704737186,POINT (-49.2704737186 -25.4232860784)
2014-05-12 18:17:40.000000,-25.4232860784,-49.2704737186,POINT (-49.2704737186 -25.4232860784)
2014-05-12 18:17:50.000000,-25.4232860784,-49.2704737186,POINT (-49.2704737186 -25.4232860784)
2014-05-12 18:18:00.000000,-25.4232860784,-49.2704737186,POINT (-49.2704737186 -25.4232860784)
2014-05-12 18:18:10.000000,-25.4232860784,-49.2704737186,POINT (-49.2704737186 -25.4232860784)
2014-05-12 18:18:20.000000,-25.4232860784,-49.2704737186,POINT (-49.2704737186 -25.4232860784)
2014-05-12 18:18:30.000000,-25.4232860784,-49.2704737186,POINT (-49.2704737186 -25.4232860784)
2014-05-12 18:18:40.000000,-25.4232860784,-49.2704737186,POINT (-49.2704737186 -25.4232860784)
2014-05-12 18:18:50.000000,-25.4232860784,-49.2704737186,POINT (-49.2704737186 -25.4232860784)
2014-05-12 18:19:00.000000,-25.4232860784,-49.2704737186,POINT (-49.2704737186 -25.4232860784)
2014-05-12 18:19:10.000000,-25.4232860784,-49.2704737186,POINT (-49.2704737186 -25.4232860784)
2014-05-12 18:19:20.000000,-25.4232860784,-49.2704737186,POINT (-49.2704737186 -25.4232860784)
2014-05-12 18:19:30.000000,-25.4232860784,-49.2704737186,POINT (-49.2704737186 -25.4232860784)
2014-05-12 18:19:40.000000,-25.4232860784,-49.2704737186,POINT (-49.2704737186 -25.4232860784)
2014-05-12 18:19:50.000000,-25.4232860784,-49.2704737186,POINT (-49.2704737186 -25.4232860784)
2014-05-12 18:20:00.000000,-25.4232860784,-49.2704737186,POINT (-49.2704737186 -25.4232860784)
2014-05-12 18:20:10.000000,-25.4232860784,-49.2704737186,POINT (-49.2704737186 -25.4232860784)
2014-05-12 18:20:20.000000,-25.4232860784,-49.2704737186,POINT (-49.2704737186 -25.4232860784)
2014-05-12 18:20:30.000000,-25.4232860784,-49.2704737186,POINT (-49.2704737186 -25.4232860784)
2014-05-12 18:20:40.000000,-25.4232860784,-49.2704737186,POINT (-49.2704737186 -25.4232860784)
2014-05-12 18:20:50.000000,-25.4232860784,-49.2704737186,POINT (-49.2704737186 -25.4232860784)
2014-05-12 18:21:00.000000,-25.4232860784,-49.2704737186,POINT (-49.2704737186 -25.4232860784)
2014-05-12 18:21:10.000000,-25.4232860784,-49.2704737186,POINT (-49.2704737186 -25.4232860784)
2014-05-12 18:21:20.000000,-25.4232860784,-49.2704737186,POINT (-49.2704737186 -25.4232860784)
2014-05-12 18:21:30.000000,-25.4232860784,-49.2704737186,POINT (-49.2704737186 -25.4232860784)
2014-05-12 18:21:40.000000,-25.4232860784,-49.2704737186,POINT (-49.2704737186 -25.4232860784)
2014-05-12 18:21:50.000000,-25.4232860784,-49.2704737186,POINT (-49.2704737186 -25.4232860784)
2014-05-12 18:22:00.000000,-25.4232860784,-49.2704737186,POINT (-49.2704737186 -25.4232860784)
2014-05-12 18:22:10.000000,-25.4232860784,-49.2704737186,POINT (-49.2704737186 -25.4232860784)
2014-05-12 18:22:20.000000,-25.4232860784,-49.2704737186,POINT (-49.2704737186 -25.4232860784)
2014-05-12 18:22:30.000000,-25.4232860784,-49.2704737186,POINT (-49.2704737186 -25.4232860784)
2014-05-12 18:22:40.000000,-25.4232860784,-49.2704737186,POINT (-49.2704737186 -25.4232860784)
2014-05-12 18:22:50.000000,-25.4232860784,-49.2704737186,POINT (-49.2704737186 -25.4232860784)
2014-05-12 18:23:00.000000,-25.4232860784,-49.2704737186,POINT (-49.2704737186 -25.4232860784)
2014-05-12 18:23:10.000000,-25.4232860784,-49.2704737186,POINT (-49.2704737186 -25.4232860784)
2014-05-12 18:23:20.000000,-25.4232860784,-49.2704737186,POINT (-49.2704737186 -25.4232860784)
2014-05-12 18:23:30.000000,-25.4232860784,-49.2704737186,POINT (-49.2704737186 -25.4232860784)
2014-05-12 18:23:40.000000,-25.4232860784,-49.2704737186,POINT (-49.2704737186 -25.4232860784)
2014-05-12 18:23:50.000000,-25.4232860784,-49.2704737186,POINT (-49.2704737186 -25.4232860784)
2014-05-12 18:24:00.000000,-25.4232860784,-49.2704737186,POINT (-49.2704737186 -25.4232860784)
2014-05-12 18:24:10.000000,-25.4232860784,-49.2704737186,POINT (-49.2704737186 -25.4232860784)
2014-05-12 18:24:20.000000,-25.4232860784,-49.2704737186,POINT (-49.2704737186 -25.4232860784)
2014-05-12 18:24:30.000000,-25.4232860784,-49.2704737186,POINT (-49.2704737186 -25.4232860784)
2014-05-12 18:24:40.000000,-25.4232860784,-49.2704737186,POINT (-49.2704737186 -25.4232860784)
2014-05-12 18:24:50.000000,-25.4232860784,-49.2704737186,POINT (-49.2704737186 -25.4232860784)
2014-05-12 18:25:00.000000,-25.4232860784,-49.2704737186,POINT (-49.2704737186 -25.4232860784)
2014-05-12 18:25:10.000000,-25.4232860784,-49.2704737186,POINT (-49.2704737186 -25.4232860784)
2014-05-12 18:25:20.000000,-25.4232860784,-49.2704737186,POINT (-49.2704737186 -25.4232860784)
2014-05-12 18:25:30.000000,-25.4232860784,-49.2704737186,POINT (-49.2704737186 -25.4232860784)
2014-05-12 18:25:40.000000,-25.4232860784,-49.2704737186,POINT (-49.2704737186 -25.4232860784)
2014-05-12 18:25:50.000000,-25.4232860784,-49.2704737186,POINT (-49.2704737186 -25.4232860784)
2014-05-12 18:26:00.000000,-25.4232860784,-49.2704737186,POINT (-49.2704737186 -25.4232860784)
2014-05-12 18:26:10.000000,-25.4232860784,-49.2704737186,POINT (-49.2704737186 -25.4232860784)
2014-05-12 18:26:20.000000,-25.4232860784,-49.2704737186,POINT (-49.2704737186 -25.4232860784)
2014-05-12 18:26:30.000000,-25.4232860784,-49.2704737186,POINT (-49.2704737186 -25.4232860784)
2014-05-12 18:26:40.000000,-25.4232860784,-49.2704737186,POINT (-49.2704737186 -25.4232860784)
2014-05-12 18:26:50.000000,-25.4232860784,-49.2704737186,POINT (-49.2704737186 -25.4232860784)
2014-05-12 18:27:00.000000,-25.4232860784,-49.2704737186,POINT (-49.2704737186 -25.4232860784)
2014-05-12 18:27:10.000000,-25.4232860784,-49.2704737186,POINT (-49.2704737186 -25.4232860784)
2014-05-12 18:27:20.000000,-25.4232860784,-49.2704737186,POINT (-49.2704737186 -25.4232860784)
2014-05-12 18:27:30.000000,-25.4232860784,-49.2704737186,POINT (-49.2704737186 -25.4232860784)
2014-05-12 18:27:40.000000,-25.4232860784,-49.2704737186,POINT (-49.2704737186 -25.4232860784)
2014-05-12 18:27:50.000000,-25.4232860784,-49.2704737186,POINT (-49.2704737186 -25.4232860784)
2014-05-12 18:28:00.000000,-25.4232860784,-49.2704737186,POINT (-49.2704737186 -25.4232860784)
2014-05-12 18:28:10.000000,-25.4232860784,-49.2704737186,POINT (-49.2704737186 -25.4232860784)
2014-05-12 18:28:20.000000,-25.4232860784,-49.2704737186,POINT (-49.2704737186 -25.4232860784)
2014-05-12 18:28:30.000000,-25.4232860784,-49.2704737186,POINT (-49.2704737186 -25.4232860784)
2014-05-12 18:28:40.000000,-25.4232860784,-49.2704737186,POINT (-49.2704737186 -25.4232860784)
2014-05-12 18:28:50.000000,-25.4232860784,-49.2704737186,POINT (-49.2704737186 -25.4232860784)
2014-05-12 18:29:00.000000,-25.4232860784,-49.2704737186,POINT (-49.2704737186 -25.4232860784)
2014-05-12 18:29:10.000000,-25.4232860784,-49.2704737186,POINT (-49.2704737186 -25.4232860784)
2014-05-12 18:29:20.000000,-25.4232860784,-49.2704737186,POINT (-49.2704737186 -25.4232860784)
2014-05-12 18:29:30.000000,-25.4232860784,-49.2704737186,POINT (-49.2704737186 -25.4232860784)
2014-05-12 18:29:40.000000,-25.4232860784,-49.2704737186,POINT (-49.2704737186 -25.4232860784)
2014-05-12 18:29:50.000000,-25.4232860784,-49.2704737186,POINT (-49.2704737186 -25.4232860784)
2014-05-12 18:30:00.000000,-25.4232860784,-49.2704737186,POINT (-49.2704737186 -25.4232860784)
2014-05-12 18:30:10.000000,-25.4232860784,-49.2704737186,POINT (-49.2704737186 -25.4232860784)
2014-05-12 18:30:20.000000,-25.4232860784,-49.2704737186,POINT (-49.2704737186 -25.4232860784)
2014-05-12 18:30:30.000000,-25.4232860784,-49.2704737186,POINT (-49.2704737186 -25.4232860784)
2014-05-12 18:30:40.000000,-25.4232860784,-49.2704737186,POINT (-49.2704737186 -25.4232860784)
2014-05-12 18:30:50.000000,-25.4232860784,-49.2704737186,POINT (-49.2704737186 -25.4232860784)
2014-05-12 18:31:00.000000,-25.4232860784,-49.2704737186,POINT (-49.2704737186 -25.4232860784)
2014-05-12 18:31:10.000000,-25.4232860784,-49.2704737186,POINT (-49.2704737186 -25.4232860784)
2014-05-12 18:31:20.000000,-25.4232860784,-49.2704737186,POINT (-49.2704737186 -25.4232860784)
2014-05-12 18:31:30.000000,-25.4232860784,-49.2704737186,POINT (-49.2704737186 -25.4232860784)
2014-05-12 18:31:40.000000,-25.4232860784,-49.2704737186,POINT (-49.2704737186 -25.4232860784)
2014-05-12 18:31:50.000000,-25.4232860784,-49.2704737186,POINT (-49.2704737186 -25.4232860784)
2014-05-12 18:32:00.000000,-25.4232860784,-49.2704737186,POINT (-49.2704737186 -25.4232860784)
2014-05-12 18:32:10.000000,-25.4232860784,-49.2704737186,POINT (-49.2704737186 -25.4232860784)
2014-05-12 18:32:20.000000,-25.4232860784,-49.2704737186,POINT (-49.2704737186 -25.4232860784)
2014-05-12 18:32:30.000000,-25.4232860784,-49.2704737186,POINT (-49.2704737186 -25.4232860784)
2014-05-12 18:32:40.000000,-25.4232860784,-49.2704737186,POINT (-49.2704737186 -25.4232860784)
2014-05-12 18:32:50.000000,-25.4232860784,-49.2704737186,POINT (-49.2704737186 -25.4232860784)
2014-05-12 18:33:00.000000,-25.4232860784,-49.2704737186,POINT (-49.2704737186 -25.4232860784)
2014-05-12 18:33:10.000000,-25.4232860784,-49.2704737186,POINT (-49.2704737186 -25.4232860784)
2014-05-12 18:33:20.000000,-25.4232860784,-49.2704737186,POINT (-49.2704737186 -25.4232860784)
2014-05-12 18:33:30.000000,-25.4232860784,-49.2704737186,POINT (-49.2704737186 -25.4232860784)
2014-05-12 18:33:40.000000,-25.4232860784,-49.2704737186,POINT (-49.2704737186 -25.4232860784)
2014-05-12 18:33:50.000000,-25.4232860784,-49.2704737186,POINT (-49.2704737186 -25.4232860784)
2014-05-12 18:34:00.000000,-25.4232860784,-49.2704737186,POINT (-49.2704737186 -25.4232860784)
2014-05-12 18:34:10.000000,-25.4232860784,-49.2704737186,POINT (-49.2704737186 -25.4232860784)
2014-05-12 18:34:20.000000,-25.4232860784,-49.2704737186,POINT (-49.2704737186 -25.4232860784)
2014-05-12 18:34:30.000000,-25.4232860784,-49.2704737186,POINT (-49.2704737186 -25.4232860784)
2014-05-12 18:34:40.000000,-25.4232860784,-49.2704737186,POINT (-49.2704737186 -25.4232860784)
2014-05-12 18:34:50.000000,-25.4232860784,-49.2704737186,POINT (-49.2704737186 -25.4232860784)
2014-05-12 18:35:00.000000,-25.4232860784,-49.2704737186,POINT (-49.2704737186 -25.4232860784)
2014-05-12 18:35:10.000000,-25.4232860784,-49.2704737186,POINT (-49.2704737186 -25.4232860784)
2014-05-12 18:35:20.000000,-25.4232860784,-49.2704737186,POINT (-49.2704737186 -25.4232860784)
2014-05-12 18:35:30.000000,-25.4232860784,-49.2704737186,POINT (-49.2704737186 -25.4232860784)
2014-05-12 18:35:40.000000,-25.4232860784,-49.2704737186,POINT (-49.2704737186 -25.4232860784)
2014-05-12 18:35:50.000000,-25.4232860784,-49.2704737186,POINT (-49.2704737186 -25.4232860784)
2014-05-12 18:36:00.000000,-25.4232860784,-49.2704737186,POINT (-49.2704737186 -25.4232860784)
2014-05-12 18:36:10.000000,-25.4232860784,-49.2704737186,POINT (-49.2704737186 -25.4232860784)
2014-05-12 18:36:20.000000,-25.4232860784,-49.2704737186,POINT (-49.2704737186 -25.4232860784)
2014-05-12 18:36:30.000000,-25.4232860784,-49.2704737186,POINT (-49.2704737186 -25.4232860784)
2014-05-12 18:36:40.000000,-25.4232860784,-49.2704737186,POINT (-49.2704737186 -25.4232860784)
2014-05-12 18:36:50.000000,-25.4232860784,-49.2704737186,POINT (-49.2704737186 -25.4232860784)
2014-05-12 18:37:00.000000,-25.4232860784,-49.2704737186,POINT (-49.2704737186 -25.4232860784)
2014-05-12 18:37:10.000000,-25.4232860784,-49.2704737186,POINT (-49.2704737186 -25.4232860784)
2014-05-12 18:37:20.000000,-25.4232860784,-49.2704737186,POINT (-49.2704737186 -25.4232860784)
2014-05-12 18:37:30.000000,-25.4232860784,-49.2704737186,POINT (-49.2704737186 -25.4232860784)
2014-05-12 18:37:40.000000,-25.4232860784,-49.2704737186,POINT (-49.2704737186 -25.4232860784)
2014-05-12 18:37:50.000000,-25.4232860784,-49.2704737186,POINT (-49.2704737186 -25.4232860784)
2014-05-12 18:38:00.000000,-25.4232860784,-49.2704737186,POINT (-49.2704737186 -25.4232860784)
2014-05-12 18:38:10.000000,-25.4232860784,-49.2704737186,POINT (-49.2704737186 -25.4232860784)
2014-05-12 18:38:20.000000,-25.4232860784,-49.2704737186,POINT (-49.2704737186 -25.4232860784)
2014-05-12 18:38:30.000000,-25.4232860784,-49.2704737186,POINT (-49.2704737186 -25.4232860784)
2014-05-12 18:38:40.000000,-25.4232860784,-49.2704737186,POINT (-49.2704737186 -25.4232860784)
2014-05-12 18:38:50.000000,-25.4232860784,-49.2704737186,POINT (-49.2704737186 -25.4232860784)
2014-05-12 18:39:00.000000,-25.4232860784,-49.2704737186,POINT (-49.2704737186 -25.4232860784)
2014-05-12 18:39:10.000000,-25.4232860784,-49.2704737186,POINT (-49.2704737186 -25.4232860784)
2014-05-12 18:39:20.000000,-25.4232860784,-49.2704737186,POINT (-49.2704737186 -25.4232860784)
2014-05-12 18:39:30.000000,-25.4232860784,-49.2704737186,POINT (-49.2704737186 -25.4232860784)
2014-05-12 18:39:40.000000,-25.4232860784,-49.2704737186,POINT (-49.2704737186 -25.4232860784)
2014-05-12 18:39:50.000000,-25.4232860784,-49.2704737186,POINT (-49.2704737186 -25.4232860784)
2014-05-12 18:40:00.000000,-25.4232860784,-49.2704737186,POINT (-49.2704737186 -25.4232860784)
2014-05-12 18:40:10.000000,-25.4232860784,-49.2704737186,POINT (-49.2704737186 -25.4232860784)
2014-05-12 18:40:20.000000,-25.4232860784,-49.2704737186,POINT (-49.2704737186 -25.4232860784)
2014-05-12 18:40:30.000000,-25.4232860784,-49.2704737186,POINT (-49.2704737186 -25.4232860784)
2014-05-12 18:40:40.000000,-25.4232860784,-49.2704737186,POINT (-49.2704737186 -25.4232860784)
2014-05-12 18:40:50.000000,-25.4232860784,-49.2704737186,POINT (-49.2704737186 -25.4232860784)
2014-05-12 18:41:00.000000,-25.4232860784,-49.2704737186,POINT (-49.2704737186 -25.4232860784)
2014-05-12 18:41:10.000000,-25.4232860784,-49.2704737186,POINT (-49.2704737186 -25.4232860784)
2014-05-12 18:41:20.000000,-25.4232860784,-49.2704737186,POINT (-49.2704737186 -25.4232860784)
2014-05-12 18:41:30.000000,-25.4232860784,-49.2704737186,POINT (-49.2704737186 -25.4232860784)
2014-05-12 18:41:40.000000,-25.4232860784,-49.2704737186,POINT (-49.2704737186 -25.4232860784)
2014-05-12 18:41:50.000000,-25.4232860784,-49.2704737186,POINT (-49.2704737186 -25.4232860784)
2014-05-12 18:42:00.000000,-25.4232860784,-49.2704737186,POINT (-49.2704737186 -25.4232860784)
2014-05-12 18:42:10.000000,-25.4232860784,-49.2704737186,POINT (-49.2704737186 -25.4232860784)
2014-05-12 18:42:20.000000,-25.4232860784,-49.2704737186,POINT (-49.2704737186 -25.4232860784)
2014-05-12 18:42:30.000000,-25.4232860784,-49.2704737186,POINT (-49.2704737186 -25.4232860784)
2014-05-12 18:42:40.000000,-25.4232860784,-49.2704737186,POINT (-49.2704737186 -25.4232860784)
2014-05-12 18:42:50.000000,-25.4232860784,-49.2704737186,POINT (-49.2704737186 -25.4232860784)
2014-05-12 18:43:00.000000,-25.4232860784,-49.2704737186,POINT (-49.2704737186 -25.4232860784)
2014-05-12 18:43:10.000000,-25.4232860784,-49.2704737186,POINT (-49.2704737186 -25.4232860784)
2014-05-12 18:43:20.000000,-25.4232860784,-49.2704737186,POINT (-49.2704737186 -25.4232860784)
2014-05-12 18:43:30.000000,-25.4232860784,-49.2704737186,POINT (-49.2704737186 -25.4232860784)
2014-05-12 18:43:40.000000,-25.4232860784,-49.2704737186,POINT (-49.2704737186 -25.4232860784)
2014-05-12 18:43:50.000000,-25.4232860784,-49.2704737186,POINT (-49.2704737186 -25.4232860784)
2014-05-12 18:44:00.000000,-25.4232860784,-49.2704737186,POINT (-49.2704737186 -25.4232860784)
2014-05-12 18:44:10.000000,-25.4232860784,-49.2704737186,POINT (-49.2704737186 -25.4232860784)
2014-05-12 18:44:20.000000,-25.4232860784,-49.2704737186,POINT (-49.2704737186 -25.4232860784)
2014-05-12 18:44:30.000000,-25.4232860784,-49.2704737186,POINT (-49.2704737186 -25.4232860784)
2014-05-12 18:44:40.000000,-25.4232860784,-49.2704737186,POINT (-49.2704737186 -25.4232860784)
2014-05-12 18:44:50.000000,-25.4232860784,-49.2704737186,POINT (-49.2704737186 -25.4232860784)
2014-05-12 18:45:00.000000,-25.4232860784,-49.2704737186,POINT (-49.2704737186 -25.4232860784)
2014-05-12 18:45:10.000000,-25.4232860784,-49.2704737186,POINT (-49.2704737186 -25.4232860784)
2014-05-12 18:45:20.000000,-25.4232860784,-49.2704737186,POINT (-49.2704737186 -25.4232860784)
2014-05-12 18:45:30.000000,-25.4232860784,-49.2704737186,POINT (-49.2704737186 -25.4232860784)
2014-05-12 18:45:40.000000,-25.4232860784,-49.2704737186,POINT (-49.2704737186 -25.4232860784)
2014-05-12 18:45:50.000000,-25.4232860784,-49.2704737186,POINT (-49.2704737186 -25.4232860784)
2014-05-12 18:46:00.000000,-25.4232860784,-49.2704737186,POINT (-49.2704737186 -25.4232860784)
2014-05-12 18:46:10.000000,-25.4232860784,-49.2704737186,POINT (-49.2704737186 -25.4232860784)
2014-05-12 18:46:20.000000,-25.4232860784,-49.2704737186,POINT (-49.2704737186 -25.4232860784)
2014-05-12 18:46:30.000000,-25.4232860784,-49.2704737186,POINT (-49.2704737186 -25.4232860784)
2014-05-12 18:46:40.000000,-25.4232860784,-49.2704737186,POINT (-49.2704737186 -25.4232860784)
2014-05-12 18:46:50.000000,-25.4232860784,-49.2704737186,POINT (-49.2704737186 -25.4232860784)
2014-05-12 18:47:00.000000,-25.4232860784,-49.2704737186,POINT (-49.2704737186 -25.4232860784)
2014-05-12 18:47:10.000000,-25.4232860784,-49.2704737186,POINT (-49.2704737186 -25.4232860784)
2014-05-12 18:47:20.000000,-25.4232860784,-49.2704737186,POINT (-49.2704737186 -25.4232860784)
2014-05-12 18:47:30.000000,-25.4232860784,-49.2704737186,POINT (-49.2704737186 -25.4232860784)
2014-05-12 18:47:40.000000,-25.4232860784,-49.2704737186,POINT (-49.2704737186 -25.4232860784)
2014-05-12 18:47:50.000000,-25.4232860784,-49.2704737186,POINT (-49.2704737186 -25.4232860784)
2014-05-12 18:48:00.000000,-25.4232860784,-49.2704737186,POINT (-49.2704737186 -25.4232860784)
2014-05-12 18:48:10.000000,-25.4232860784,-49.2704737186,POINT (-49.2704737186 -25.4232860784)
2014-05-12 18:48:20.000000,-25.4232860784,-49.2704737186,POINT (-49.2704737186 -25.4232860784)
2014-05-12 18:48:30.000000,-25.4232860784,-49.2704737186,POINT (-49.2704737186 -25.4232860784)
2014-05-12 18:48:40.000000,-25.4232860784,-49.2704737186,POINT (-49.2704737186 -25.4232860784)
2014-05-12 18:48:50.000000,-25.4232860784,-49.2704737186,POINT (-49.2704737186 -25.4232860784)
2014-05-12 18:49:00.000000,-25.4232860784,-49.2704737186,POINT (-49.2704737186 -25.4232860784)
2014-05-12 18:49:10.000000,-25.4232860784,-49.2704737186,POINT (-49.2704737186 -25.4232860784)
2014-05-12 18:49:20.000000,-25.4232860784,-49.2704737186,POINT (-49.2704737186 -25.4232860784)
2014-05-12 18:49:30.000000,-25.4232860784,-49.2704737186,POINT (-49.2704737186 -25.4232860784)
2014-05-12 18:49:40.000000,-25.4232860784,-49.2704737186,POINT (-49.2704737186 -25.4232860784)
2014-05-12 18:49:50.000000,-25.4232860784,-49.2704737186,POINT (-49.2704737186 -25.4232860784)
2014-05-12 18:50:00.000000,-25.4232860784,-49.2704737186,POINT (-49.2704737186 -25.4232860784)
2014-05-12 18:50:10.000000,-25.4232860784,-49.2704737186,POINT (-49.2704737186 -25.4232860784)
2014-05-12 18:50:20.000000,-25.4232860784,-49.2704737186,POINT (-49.2704737186 -25.4232860784)
2014-05-12 18:50:30.000000,-25.4232860784,-49.2704737186,POINT (-49.2704737186 -25.4232860784)
2014-05-12 18:50:40.000000,-25.4232860784,-49.2704737186,POINT (-49.2704737186 -25.4232860784)
2014-05-12 18:50:50.000000,-25.4232860784,-49.2704737186,POINT (-49.2704737186 -25.4232860784)
2014-05-12 18:51:00.000000,-25.4232860784,-49.2704737186,POINT (-49.2704737186 -25.4232860784)
2014-05-12 18:51:10.000000,-25.4232860784,-49.2704737186,POINT (-49.2704737186 -25.4232860784)
2014-05-12 18:51:20.000000,-25.4232860784,-49.2704737186,POINT (-49.2704737186 -25.4232860784)
2014-05-12 18:51:30.000000,-25.4232860784,-49.2704737186,POINT (-49.2704737186 -25.4232860784)
2014-05-12 18:51:40.000000,-25.4232860784,-49.2704737186,POINT (-49.2704737186 -25.4232860784)
2014-05-12 18:51:50.000000,-25.4232860784,-49.2704737186,POINT (-49.2704737186 -25.4232860784)
2014-05-12 18:52:00.000000,-25.4232860784,-49.2704737186,POINT (-49.2704737186 -25.4232860784)
2014-05-12 18:52:10.000000,-25.4232860784,-49.2704737186,POINT (-49.2704737186 -25.4232860784)
2014-05-12 18:52:20.000000,-25.4232860784,-49.2704737186,POINT (-49.2704737186 -25.4232860784)
2014-05-12 18:52:30.000000,-25.4232860784,-49.2704737186,POINT (-49.2704737186 -25.4232860784)
2014-05-12 18:52:40.000000,-25.4232860784,-49.2704737186,POINT (-49.2704737186 -25.4232860784)
2014-05-12 18:52:50.000000,-25.4232860784,-49.2704737186,POINT (-49.2704737186 -25.4232860784)
2014-05-12 18:53:00.000000,-25.4232860784,-49.2704737186,POINT (-49.2704737186 -25.4232860784)
2014-05-12 18:53:10.000000,-25.4232860784,-49.2704737186,POINT (-49.2704737186 -25.4232860784)
2014-05-12 18:53:20.000000,-25.4232860784,-49.2704737186,POINT (-49.2704737186 -25.4232860784)
2014-05-12 18:53:30.000000,-25.4232860784,-49.2704737186,POINT (-49.2704737186 -25.4232860784)
2014-05-12 18:53:40.000000,-25.4232860784,-49.2704737186,POINT (-49.2704737186 -25.4232860784)
2014-05-12 18:53:50.000000,-25.4232860784,-49.2704737186,POINT (-49.2704737186 -25.4232860784)
2014-05-12 18:54:00.000000,-25.4232860784,-49.2704737186,POINT (-49.2704737186 -25.4232860784)
2014-05-12 18:54:10.000000,-25.4232860784,-49.2704737186,POINT (-49.2704737186 -25.4232860784)
2014-05-12 18:54:20.000000,-25.4232860784,-49.2704737186,POINT (-49.2704737186 -25.4232860784)
2014-05-12 18:54:30.000000,-25.4232860784,-49.2704737186,POINT (-49.2704737186 -25.4232860784)
2014-05-12 18:54:40.000000,-25.4232860784,-49.2704737186,POINT (-49.2704737186 -25.4232860784)
2014-05-12 18:54:50.000000,-25.4232860784,-49.2704737186,POINT (-49.2704737186 -25.4232860784)
2014-05-12 18:55:00.000000,-25.4232860784,-49.2704737186,POINT (-49.2704737186 -25.4232860784)
2014-05-12 18:55:10.000000,-25.4232860784,-49.2704737186,POINT (-49.2704737186 -25.4232860784)
2014-05-12 18:55:20.000000,-25.4232860784,-49.2704737186,POINT (-49.2704737186 -25.4232860784)
2014-05-12 18:55:30.000000,-25.4232860784,-49.2704737186,POINT (-49.2704737186 -25.4232860784)
2014-05-12 18:55:40.000000,-25.4232860784,-49.2704737186,POINT (-49.2704737186 -25.4232860784)
2014-05-12 18:55:50.000000,-25.4232860784,-49.2704737186,POINT (-49.2704737186 -25.4232860784)
2014-05-12 18:56:00.000000,-25.4232860784,-49.2704737186,POINT (-49.2704737186 -25.4232860784)
2014-05-12 18:56:10.000000,-25.4232860784,-49.2704737186,POINT (-49.2704737186 -25.4232860784)
2014-05-12 18:56:20.000000,-25.4232860784,-49.2704737186,POINT (-49.2704737186 -25.4232860784)
2014-05-12 18:56:30.000000,-25.4232860784,-49.2704737186,POINT (-49.2704737186 -25.4232860784)
2014-05-12 18:56:40.000000,-25.4232860784,-49.2704737186,POINT (-49.2704737186 -25.4232860784)
2014-05-12 18:56:50.000000,-25.4232860784,-49.2704737186,POINT (-49.2704737186 -25.4232860784)
2014-05-12 18:57:00.000000,-25.4232860784,-49.2704737186,POINT (-49.2704737186 -25.4232860784)
2014-05-12 18:57:10.000000,-25.4232860784,-49.2704737186,POINT (-49.2704737186 -25.4232860784)
2014-05-12 18:57:20.000000,-25.4232860784,-49.2704737186,POINT (-49.2704737186 -25.4232860784)
2014-05-12 18:57:30.000000,-25.4232860784,-49.2704737186,POINT (-49.2704737186 -25.4232860784)
2014-05-12 18:57:40.000000,-25.4232860784,-49.2704737186,POINT (-49.2704737186 -25.4232860784)
2014-05-12 18:57:50.000000,-25.4232860784,-49.2704737186,POINT (-49.2704737186 -25.4232860784)
2014-05-12 18:58:00.000000,-25.4232860784,-49.2704737186,POINT (-49.2704737186 -25.4232860784)
2014-05-12 18:58:10.000000,-25.4232860784,-49.2704737186,POINT (-49.2704737186 -25.4232860784)
2014-05-12 18:58:20.000000,-25.4232860784,-49.2704737186,POINT (-49.2704737186 -25.4232860784)
2014-05-12 18:58:30.000000,-25.4232860784,-49.2704737186,POINT (-49.2704737186 -25.4232860784)
2014-05-12 18:58:40.000000,-25.4232860784,-49.2704737186,POINT (-49.2704737186 -25.4232860784)
2014-05-12 18:58:50.000000,-25.4232860784,-49.2704737186,POINT (-49.2704737186 -25.4232860784)
2014-05-12 18:59:00.000000,-25.4232860784,-49.2704737186,POINT (-49.2704737186 -25.4232860784)
2014-05-12 18:59:10.000000,-25.4232860784,-49.2704737186,POINT (-49.2704737186 -25.4232860784)
2014-05-12 18:59:20.000000,-25.4232860784,-49.2704737186,POINT (-49.2704737186 -25.4232860784)
2014-05-12 18:59:30.000000,-25.4232860784,-49.2704737186,POINT (-49.2704737186 -25.4232860784)
2014-05-12 18:59:40.000000,-25.4232860784,-49.2704737186,POINT (-49.2704737186 -25.4232860784)
2014-05-12 18:59:50.000000,-25.4232860784,-49.2704737186,POINT (-49.2704737186 -25.4232860784)
2014-05-12 19:00:00.000000,-25.4229663125,-49.2702913284,POINT (-49.2702913284 -25.4229663125)
2014-05-12 19:00:10.000000,-25.4229663125,-49.2702913284,POINT (-49.2702913284 -25.4229663125)
2014-05-12 19:00:20.000000,-25.4229663125,-49.2702913284,POINT (-49.2702913284 -25.4229663125)
2014-05-12 19:00:30.000000,-25.4229663125,-49.2702913284,POINT (-49.2702913284 -25.4229663125)
2014-05-12 19:00:40.000000,-25.4229663125,-49.2702913284,POINT (-49.2702913284 -25.4229663125)
2014-05-12 19:00:50.000000,-25.4229663125,-49.2702913284,POINT (-49.2702913284 -25.4229663125)
2014-05-12 19:01:00.000000,-25.4229663125,-49.2702913284,POINT (-49.2702913284 -25.4229663125)
2014-05-12 19:01:10.000000,-25.4229663125,-49.2702913284,POINT (-49.2702913284 -25.4229663125)
2014-05-12 19:01:20.000000,-25.4229663125,-49.2702913284,POINT (-49.2702913284 -25.4229663125)
2014-05-12 19:01:30.000000,-25.4229663125,-49.2702913284,POINT (-49.2702913284 -25.4229663125)
2014-05-12 19:01:40.000000,-25.4229663125,-49.2702913284,POINT (-49.2702913284 -25.4229663125)
2014-05-12 19:01:50.000000,-25.4229663125,-49.2702913284,POINT (-49.2702913284 -25.4229663125)
2014-05-12 19:02:00.000000,-25.4229663125,-49.2702913284,POINT (-49.2702913284 -25.4229663125)
2014-05-12 19:02:10.000000,-25.4229663125,-49.2702913284,POINT (-49.2702913284 -25.4229663125)
2014-05-12 19:02:20.000000,-25.4229663125,-49.2702913284,POINT (-49.2702913284 -25.4229663125)
2014-05-12 19:02:30.000000,-25.4229663125,-49.2702913284,POINT (-49.2702913284 -25.4229663125)
2014-05-12 19:02:40.000000,-25.4229663125,-49.2702913284,POINT (-49.2702913284 -25.4229663125)
2014-05-12 19:02:50.000000,-25.4229663125,-49.2702913284,POINT (-49.2702913284 -25.4229663125)
2014-05-12 19:03:00.000000,-25.4229663125,-49.2702913284,POINT (-49.2702913284 -25.4229663125)
2014-05-12 19:03:10.000000,-25.4229663125,-49.2702913284,POINT (-49.2702913284 -25.4229663125)
2014-05-12 19:03:20.000000,-25.4229663125,-49.2702913284,POINT (-49.2702913284 -25.4229663125)
2014-05-12 19:03:30.000000,-25.4229663125,-49.2702913284,POINT (-49.2702913284 -25.4229663125)
2014-05-12 19:03:40.000000,-25.4229663125,-49.2702913284,POINT (-49.2702913284 -25.4229663125)
2014-05-12 19:03:50.000000,-25.4229663125,-49.2702913284,POINT (-49.2702913284 -25.4229663125)
2014-05-12 19:04:00.000000,-25.4229663125,-49.2702913284,POINT (-49.2702913284 -25.4229663125)
2014-05-12 19:04:10.000000,-25.4229663125,-49.2702913284,POINT (-49.2702913284 -25.4229663125)
2014-05-12 19:04:20.000000,-25.4229663125,-49.2702913284,POINT (-49.2702913284 -25.4229663125)
2014-05-12 19:04:30.000000,-25.4229663125,-49.2702913284,POINT (-49.2702913284 -25.4229663125)
2014-05-12 19:04:40.000000,-25.4229663125,-49.2702913284,POINT (-49.2702913284 -25.4229663125)
2014-05-12 19:04:50.000000,-25.4229663125,-49.2702913284,POINT (-49.2702913284 -25.4229663125)
2014-05-12 19:05:00.000000,-25.4229663125,-49.2702913284,POINT (-49.2702913284 -25.4229663125)
2014-05-12 19:05:10.000000,-25.4229663125,-49.2702913284,POINT (-49.2702913284 -25.4229663125)
2014-05-12 19:05:20.000000,-25.4229663125,-49.2702913284,POINT (-49.2702913284 -25.4229663125)
2014-05-12 19:05:30.000000,-25.4229663125,-49.2702913284,POINT (-49.2702913284 -25.4229663125)
2014-05-12 19:05:40.000000,-25.4229663125,-49.2702913284,POINT (-49.2702913284 -25.4229663125)
2014-05-12 19:05:50.000000,-25.4229663125,-49.2702913284,POINT (-49.2702913284 -25.4229663125)
2014-05-12 19:06:00.000000,-25.4229663125,-49.2702913284,POINT (-49.2702913284 -25.4229663125)
2014-05-12 19:06:10.000000,-25.4229663125,-49.2702913284,POINT (-49.2702913284 -25.4229663125)
2014-05-12 19:06:20.000000,-25.4229663125,-49.2702913284,POINT (-49.2702913284 -25.4229663125)
2014-05-12 19:06:30.000000,-25.4229663125,-49.2702913284,POINT (-49.2702913284 -25.4229663125)
2014-05-12 19:06:40.000000,-25.4229663125,-49.2702913284,POINT (-49.2702913284 -25.4229663125)
2014-05-12 19:06:50.000000,-25.4229663125,-49.2702913284,POINT (-49.2702913284 -25.4229663125)
2014-05-12 19:07:00.000000,-25.4229663125,-49.2702913284,POINT (-49.2702913284 -25.4229663125)
2014-05-12 19:07:10.000000,-25.4229663125,-49.2702913284,POINT (-49.2702913284 -25.4229663125)
2014-05-12 19:07:20.000000,-25.4229663125,-49.2702913284,POINT (-49.2702913284 -25.4229663125)
2014-05-12 19:07:30.000000,-25.4229663125,-49.2702913284,POINT (-49.2702913284 -25.4229663125)
2014-05-12 19:07:40.000000,-25.4229663125,-49.2702913284,POINT (-49.2702913284 -25.4229663125)
2014-05-12 19:07:50.000000,-25.4229663125,-49.2702913284,POINT (-49.2702913284 -25.4229663125)
2014-05-12 19:08:00.000000,-25.4229663125,-49.2702913284,POINT (-49.2702913284 -25.4229663125)
2014-05-12 19:08:10.000000,-25.4229663125,-49.2702913284,POINT (-49.2702913284 -25.4229663125)
2014-05-12 19:08:20.000000,-25.4229663125,-49.2702913284,POINT (-49.2702913284 -25.4229663125)
2014-05-12 19:08:30.000000,-25.4229663125,-49.2702913284,POINT (-49.2702913284 -25.4229663125)
2014-05-12 19:08:40.000000,-25.4229663125,-49.2702913284,POINT (-49.2702913284 -25.4229663125)
2014-05-12 19:08:50.000000,-25.4229663125,-49.2702913284,POINT (-49.2702913284 -25.4229663125)
2014-05-12 19:09:00.000000,-25.4229663125,-49.2702913284,POINT (-49.2702913284 -25.4229663125)
2014-05-12 19:09:10.000000,-25.4229663125,-49.2702913284,POINT (-49.2702913284 -25.4229663125)
2014-05-12 19:09:20.000000,-25.4229663125,-49.2702913284,POINT (-49.2702913284 -25.4229663125)
2014-05-12 19:09:30.000000,-25.4229663125,-49.2702913284,POINT (-49.2702913284 -25.4229663125)
2014-05-12 19:09:40.000000,-25.4229663125,-49.2702913284,POINT (-49.2702913284 -25.4229663125)
2014-05-12 19:09:50.000000,-25.4229663125,-49.2702913284,POINT (-49.2702913284 -25.4229663125)
2014-05-12 19:10:00.000000,-25.4229663125,-49.2702913284,POINT (-49.2702913284 -25.4229663125)
2014-05-12 19:10:10.000000,-25.4229663125,-49.2702913284,POINT (-49.2702913284 -25.4229663125)
2014-05-12 19:10:20.000000,-25.4229663125,-49.2702913284,POINT (-49.2702913284 -25.4229663125)
2014-05-12 19:10:30.000000,-25.4229663125,-49.2702913284,POINT (-49.2702913284 -25.4229663125)
2014-05-12 19:10:40.000000,-25.4229663125,-49.2702913284,POINT (-49.2702913284 -25.4229663125)
2014-05-12 19:10:50.000000,-25.4229663125,-49.2702913284,POINT (-49.2702913284 -25.4229663125)
2014-05-12 19:11:00.000000,-25.4229663125,-49.2702913284,POINT (-49.2702913284 -25.4229663125)
2014-05-12 19:11:10.000000,-25.4229663125,-49.2702913284,POINT (-49.2702913284 -25.4229663125)
2014-05-12 19:11:20.000000,-25.4229663125,-49.2702913284,POINT (-49.2702913284 -25.4229663125)
2014-05-12 19:11:30.000000,-25.4229663125,-49.2702913284,POINT (-49.2702913284 -25.4229663125)
2014-05-12 19:11:40.000000,-25.4229663125,-49.2702913284,POINT (-49.2702913284 -25.4229663125)
2014-05-12 19:11:50.000000,-25.4229663125,-49.2702913284,POINT (-49.2702913284 -25.4229663125)
2014-05-12 19:12:00.000000,-25.4229663125,-49.2702913284,POINT (-49.2702913284 -25.4229663125)
2014-05-12 19:12:10.000000,-25.4229663125,-49.2702913284,POINT (-49.2702913284 -25.4229663125)
2014-05-12 19:12:20.000000,-25.4229663125,-49.2702913284,POINT (-49.2702913284 -25.4229663125)
2014-05-12 19:12:30.000000,-25.4229663125,-49.2702913284,POINT (-49.2702913284 -25.4229663125)
2014-05-12 19:12:40.000000,-25.4229663125,-49.2702913284,POINT (-49.2702913284 -25.4229663125)
2014-05-12 19:12:50.000000,-25.4229663125,-49.2702913284,POINT (-49.2702913284 -25.4229663125)
2014-05-12 19:13:00.000000,-25.4229663125,-49.2702913284,POINT (-49.2702913284 -25.4229663125)
2014-05-12 19:13:10.000000,-25.4229663125,-49.2702913284,POINT (-49.2702913284 -25.4229663125)
2014-05-12 19:13:20.000000,-25.4229663125,-49.2702913284,POINT (-49.2702913284 -25.4229663125)
2014-05-12 19:13:30.000000,-25.4229663125,-49.2702913284,POINT (-49.2702913284 -25.4229663125)
2014-05-12 19:13:40.000000,-25.4229663125,-49.2702913284,POINT (-49.2702913284 -25.4229663125)
2014-05-12 19:13:50.000000,-25.4229663125,-49.2702913284,POINT (-49.2702913284 -25.4229663125)
2014-05-12 19:14:00.000000,-25.4229663125,-49.2702913284,POINT (-49.2702913284 -25.4229663125)
2014-05-12 19:14:10.000000,-25.4229663125,-49.2702913284,POINT (-49.2702913284 -25.4229663125)
2014-05-12 19:14:20.000000,-25.4229663125,-49.2702913284,POINT (-49.2702913284 -25.4229663125)
2014-05-12 19:14:30.000000,-25.4229663125,-49.2702913284,POINT (-49.2702913284 -25.4229663125)
2014-05-12 19:14:40.000000,-25.4229663125,-49.2702913284,POINT (-49.2702913284 -25.4229663125)
2014-05-12 19:14:50.000000,-25.4229663125,-49.2702913284,POINT (-49.2702913284 -25.4229663125)
2014-05-12 19:15:00.000000,-25.4229663125,-49.2702913284,POINT (-49.2702913284 -25.4229663125)
2014-05-12 19:15:10.000000,-25.4229663125,-49.2702913284,POINT (-49.2702913284 -25.4229663125)
2014-05-12 19:15:20.000000,-25.4229663125,-49.2702913284,POINT (-49.2702913284 -25.4229663125)
2014-05-12 19:15:30.000000,-25.4229663125,-49.2702913284,POINT (-49.2702913284 -25.4229663125)
2014-05-12 19:15:40.000000,-25.4229663125,-49.2702913284,POINT (-49.2702913284 -25.4229663125)
2014-05-12 19:15:50.000000,-25.4229663125,-49.2702913284,POINT (-49.2702913284 -25.4229663125)
2014-05-12 19:16:00.000000,-25.4229663125,-49.2702913284,POINT (-49.2702913284 -25.4229663125)
2014-05-12 19:16:10.000000,-25.4229663125,-49.2702913284,POINT (-49.2702913284 -25.4229663125)
2014-05-12 19:16:20.000000,-25.4229663125,-49.2702913284,POINT (-49.2702913284 -25.4229663125)
2014-05-12 19:16:30.000000,-25.4229663125,-49.2702913284,POINT (-49.2702913284 -25.4229663125)
2014-05-12 19:16:40.000000,-25.4229663125,-49.2702913284,POINT (-49.2702913284 -25.4229663125)
2014-05-12 19:16:50.000000,-25.4229663125,-49.2702913284,POINT (-49.2702913284 -25.4229663125)
2014-05-12 19:17:00.000000,-25.4229663125,-49.2702913284,POINT (-49.2702913284 -25.4229663125)
2014-05-12 19:17:10.000000,-25.4229663125,-49.2702913284,POINT (-49.2702913284 -25.4229663125)
2014-05-12 19:17:20.000000,-25.4229663125,-49.2702913284,POINT (-49.2702913284 -25.4229663125)
2014-05-12 19:17:30.000000,-25.4229663125,-49.2702913284,POINT (-49.2702913284 -25.4229663125)
2014-05-12 19:17:40.000000,-25.4229663125,-49.2702913284,POINT (-49.2702913284 -25.4229663125)
2014-05-12 19:17:50.000000,-25.4229663125,-49.2702913284,POINT (-49.2702913284 -25.4229663125)
2014-05-12 19:18:00.000000,-25.4229663125,-49.2702913284,POINT (-49.2702913284 -25.4229663125)
2014-05-12 19:18:10.000000,-25.4229663125,-49.2702913284,POINT (-49.2702913284 -25.4229663125)
2014-05-12 19:18:20.000000,-25.4229663125,-49.2702913284,POINT (-49.2702913284 -25.4229663125)
2014-05-12 19:18:30.000000,-25.4229663125,-49.2702913284,POINT (-49.2702913284 -25.4229663125)
2014-05-12 19:18:40.000000,-25.4229663125,-49.2702913284,POINT (-49.2702913284 -25.4229663125)
2014-05-12 19:18:50.000000,-25.4229663125,-49.2702913284,POINT (-49.2702913284 -25.4229663125)
2014-05-12 19:19:00.000000,-25.4229663125,-49.2702913284,POINT (-49.2702913284 -25.4229663125)
2014-05-12 19:19:10.000000,-25.4229663125,-49.2702913284,POINT (-49.2702913284 -25.4229663125)
2014-05-12 19:19:20.000000,-25.4229663125,-49.2702913284,POINT (-49.2702913284 -25.4229663125)
2014-05-12 19:19:30.000000,-25.4229663125,-49.2702913284,POINT (-49.2702913284 -25.4229663125)
2014-05-12 19:19:40.000000,-25.4229663125,-49.2702913284,POINT (-49.2702913284 -25.4229663125)
2014-05-12 19:19:50.000000,-25.4229663125,-49.2702913284,POINT (-49.2702913284 -25.4229663125)
2014-05-12 19:20:00.000000,-25.4229663125,-49.2702913284,POINT (-49.2702913284 -25.4229663125)
2014-05-12 19:20:10.000000,-25.4229663125,-49.2702913284,POINT (-49.2702913284 -25.4229663125)
2014-05-12 19:20:20.000000,-25.4229663125,-49.2702913284,POINT (-49.2702913284 -25.4229663125)
2014-05-12 19:20:30.000000,-25.4229663125,-49.2702913284,POINT (-49.2702913284 -25.4229663125)
2014-05-12 19:20:40.000000,-25.4229663125,-49.2702913284,POINT (-49.2702913284 -25.4229663125)
2014-05-12 19:20:50.000000,-25.4229663125,-49.2702913284,POINT (-49.2702913284 -25.4229663125)
2014-05-12 19:21:00.000000,-25.4229663125,-49.2702913284,POINT (-49.2702913284 -25.4229663125)
2014-05-12 19:21:10.000000,-25.4229663125,-49.2702913284,POINT (-49.2702913284 -25.4229663125)
2014-05-12 19:21:20.000000,-25.4229663125,-49.2702913284,POINT (-49.2702913284 -25.4229663125)
2014-05-12 19:21:30.000000,-25.4229663125,-49.2702913284,POINT (-49.2702913284 -25.4229663125)
2014-05-12 19:21:40.000000,-25.4229663125,-49.2702913284,POINT (-49.2702913284 -25.4229663125)
2014-05-12 19:21:50.000000,-25.4229663125,-49.2702913284,POINT (-49.2702913284 -25.4229663125)
2014-05-12 19:22:00.000000,-25.4229663125,-49.2702913284,POINT (-49.2702913284 -25.4229663125)
2014-05-12 19:22:10.000000,-25.4229663125,-49.2702913284,POINT (-49.2702913284 -25.4229663125)
2014-05-12 19:22:20.000000,-25.4229663125,-49.2702913284,POINT (-49.2702913284 -25.4229663125)
2014-05-12 19:22:30.000000,-25.4229663125,-49.2702913284,POINT (-49.2702913284 -25.4229663125)
2014-05-12 19:22:40.000000,-25.4229663125,-49.2702913284,POINT (-49.2702913284 -25.4229663125)
2014-05-12 19:22:50.000000,-25.4229663125,-49.2702913284,POINT (-49.2702913284 -25.4229663125)
2014-05-12 19:23:00.000000,-25.4229663125,-49.2702913284,POINT (-49.2702913284 -25.4229663125)
2014-05-12 19:23:10.000000,-25.4229663125,-49.2702913284,POINT (-49.2702913284 -25.4229663125)
2014-05-12 19:23:20.000000,-25.4229663125,-49.2702913284,POINT (-49.2702913284 -25.4229663125)
2014-05-12 19:23:30.000000,-25.4229663125,-49.2702913284,POINT (-49.2702913284 -25.4229663125)
2014-05-12 19:23:40.000000,-25.4229663125,-49.2702913284,POINT (-49.2702913284 -25.4229663125)
2014-05-12 19:23:50.000000,-25.4229663125,-49.2702913284,POINT (-49.2702913284 -25.4229663125)
2014-05-12 19:24:00.000000,-25.4229663125,-49.2702913284,POINT (-49.2702913284 -25.4229663125)
2014-05-12 19:24:10.000000,-25.4229663125,-49.2702913284,POINT (-49.2702913284 -25.4229663125)
2014-05-12 19:24:20.000000,-25.4229663125,-49.2702913284,POINT (-49.2702913284 -25.4229663125)
2014-05-12 19:24:30.000000,-25.4229663125,-49.2702913284,POINT (-49.2702913284 -25.4229663125)
2014-05-12 19:24:40.000000,-25.4229663125,-49.2702913284,POINT (-49.2702913284 -25.4229663125)
2014-05-12 19:24:50.000000,-25.4229663125,-49.2702913284,POINT (-49.2702913284 -25.4229663125)
2014-05-12 19:25:00.000000,-25.4229663125,-49.2702913284,POINT (-49.2702913284 -25.4229663125)
2014-05-12 19:25:10.000000,-25.4229663125,-49.2702913284,POINT (-49.2702913284 -25.4229663125)
2014-05-12 19:25:20.000000,-25.4229663125,-49.2702913284,POINT (-49.2702913284 -25.4229663125)
2014-05-12 19:25:30.000000,-25.4229663125,-49.2702913284,POINT (-49.2702913284 -25.4229663125)
2014-05-12 19:25:40.000000,-25.4229663125,-49.2702913284,POINT (-49.2702913284 -25.4229663125)
2014-05-12 19:25:50.000000,-25.4229663125,-49.2702913284,POINT (-49.2702913284 -25.4229663125)
2014-05-12 19:26:00.000000,-25.4229663125,-49.2702913284,POINT (-49.2702913284 -25.4229663125)
2014-05-12 19:26:10.000000,-25.4229663125,-49.2702913284,POINT (-49.2702913284 -25.4229663125)
2014-05-12 19:26:20.000000,-25.4229663125,-49.2702913284,POINT (-49.2702913284 -25.4229663125)
2014-05-12 19:26:30.000000,-25.4229663125,-49.2702913284,POINT (-49.2702913284 -25.4229663125)
2014-05-12 19:26:40.000000,-25.4229663125,-49.2702913284,POINT (-49.2702913284 -25.4229663125)
2014-05-12 19:26:50.000000,-25.4229663125,-49.2702913284,POINT (-49.2702913284 -25.4229663125)
2014-05-12 19:27:00.000000,-25.4229663125,-49.2702913284,POINT (-49.2702913284 -25.4229663125)
2014-05-12 19:27:10.000000,-25.4229663125,-49.2702913284,POINT (-49.2702913284 -25.4229663125)
2014-05-12 19:27:20.000000,-25.4229663125,-49.2702913284,POINT (-49.2702913284 -25.4229663125)
2014-05-12 19:27:30.000000,-25.4229663125,-49.2702913284,POINT (-49.2702913284 -25.4229663125)
2014-05-12 19:27:40.000000,-25.4229663125,-49.2702913284,POINT (-49.2702913284 -25.4229663125)
2014-05-12 19:27:50.000000,-25.4229663125,-49.2702913284,POINT (-49.2702913284 -25.4229663125)
2014-05-12 19:28:00.000000,-25.4229663125,-49.2702913284,POINT (-49.2702913284 -25.4229663125)
2014-05-12 19:28:10.000000,-25.4229663125,-49.2702913284,POINT (-49.2702913284 -25.4229663125)
2014-05-12 19:28:20.000000,-25.4229663125,-49.2702913284,POINT (-49.2702913284 -25.4229663125)
2014-05-12 19:28:30.000000,-25.4229663125,-49.2702913284,POINT (-49.2702913284 -25.4229663125)
2014-05-12 19:28:40.000000,-25.4229663125,-49.2702913284,POINT (-49.2702913284 -25.4229663125)
2014-05-12 19:28:50.000000,-25.4229663125,-49.2702913284,POINT (-49.2702913284 -25.4229663125)
2014-05-12 19:29:00.000000,-25.4229663125,-49.2702913284,POINT (-49.2702913284 -25.4229663125)
2014-05-12 19:29:10.000000,-25.4229663125,-49.2702913284,POINT (-49.2702913284 -25.4229663125)
2014-05-12 19:29:20.000000,-25.4229663125,-49.2702913284,POINT (-49.2702913284 -25.4229663125)
2014-05-12 19:29:30.000000,-25.4229663125,-49.2702913284,POINT (-49.2702913284 -25.4229663125)
2014-05-12 19:29:40.000000,-25.4229663125,-49.2702913284,POINT (-49.2702913284 -25.4229663125)
2014-05-12 19:29:50.000000,-25.4229663125,-49.2702913284,POINT (-49.2702913284 -25.4229663125)
2014-05-12 19:30:00.000000,-25.4229663125,-49.2702913284,POINT (-49.2702913284 -25.4229663125)
2014-05-12 19:30:10.000000,-25.4229663125,-49.2702913284,POINT (-49.2702913284 -25.4229663125)
2014-05-12 19:30:20.000000,-25.4229663125,-49.2702913284,POINT (-49.2702913284 -25.4229663125)
2014-05-12 19:30:30.000000,-25.4229663125,-49.2702913284,POINT (-49.2702913284 -25.4229663125)
2014-05-12 19:30:40.000000,-25.4229663125,-49.2702913284,POINT (-49.2702913284 -25.4229663125)
2014-05-12 19:30:50.000000,-25.4229663125,-49.2702913284,POINT (-49.2702913284 -25.4229663125)
2014-05-12 19:31:00.000000,-25.4229663125,-49.2702913284,POINT (-49.2702913284 -25.4229663125)
2014-05-12 19:31:10.000000,-25.4229663125,-49.2702913284,POINT (-49.2702913284 -25.4229663125)
2014-05-12 19:31:20.000000,-25.4229663125,-49.2702913284,POINT (-49.2702913284 -25.4229663125)
2014-05-12 19:31:30.000000,-25.4229663125,-49.2702913284,POINT (-49.2702913284 -25.4229663125)
2014-05-12 19:31:40.000000,-25.4229663125,-49.2702913284,POINT (-49.2702913284 -25.4229663125)
2014-05-12 19:31:50.000000,-25.4229663125,-49.2702913284,POINT (-49.2702913284 -25.4229663125)
2014-05-12 19:32:00.000000,-25.4229663125,-49.2702913284,POINT (-49.2702913284 -25.4229663125)
2014-05-12 19:32:10.000000,-25.4229663125,-49.2702913284,POINT (-49.2702913284 -25.4229663125)
2014-05-12 19:32:20.000000,-25.4229663125,-49.2702913284,POINT (-49.2702913284 -25.4229663125)
2014-05-12 19:32:30.000000,-25.4229663125,-49.2702913284,POINT (-49.2702913284 -25.4229663125)
2014-05-12 19:32:40.000000,-25.4229663125,-49.2702913284,POINT (-49.2702913284 -25.4229663125)
2014-05-12 19:32:50.000000,-25.4229663125,-49.2702913284,POINT (-49.2702913284 -25.4229663125)
2014-05-12 19:33:00.000000,-25.4229663125,-49.2702913284,POINT (-49.2702913284 -25.4229663125)
2014-05-12 19:33:10.000000,-25.4229663125,-49.2702913284,POINT (-49.2702913284 -25.4229663125)
2014-05-12 19:33:20.000000,-25.4229663125,-49.2702913284,POINT (-49.2702913284 -25.4229663125)
2014-05-12 19:33:30.000000,-25.4229663125,-49.2702913284,POINT (-49.2702913284 -25.4229663125)
2014-05-12 19:33:40.000000,-25.4229663125,-49.2702913284,POINT (-49.2702913284 -25.4229663125)
2014-05-12 19:33:50.000000,-25.4229663125,-49.2702913284,POINT (-49.2702913284 -25.4229663125)
2014-05-12 19:34:00.000000,-25.4229663125,-49.2702913284,POINT (-49.2702913284 -25.4229663125)
2014-05-12 19:34:10.000000,-25.4229663125,-49.2702913284,POINT (-49.2702913284 -25.4229663125)
2014-05-12 19:34:20.000000,-25.4229663125,-49.2702913284,POINT (-49.2702913284 -25.4229663125)
2014-05-12 19:34:30.000000,-25.4229663125,-49.2702913284,POINT (-49.2702913284 -25.4229663125)
2014-05-12 19:34:40.000000,-25.4229663125,-49.2702913284,POINT (-49.2702913284 -25.4229663125)
2014-05-12 19:34:50.000000,-25.4229663125,-49.2702913284,POINT (-49.2702913284 -25.4229663125)
2014-05-12 19:35:00.000000,-25.4229663125,-49.2702913284,POINT (-49.2702913284 -25.4229663125)
2014-05-12 19:35:10.000000,-25.4229663125,-49.2702913284,POINT (-49.2702913284 -25.4229663125)
2014-05-12 19:35:20.000000,-25.4229663125,-49.2702913284,POINT (-49.2702913284 -25.4229663125)
2014-05-12 19:35:30.000000,-25.4229663125,-49.2702913284,POINT (-49.2702913284 -25.4229663125)
2014-05-12 19:35:40.000000,-25.4229663125,-49.2702913284,POINT (-49.2702913284 -25.4229663125)
2014-05-12 19:35:50.000000,-25.4229663125,-49.2702913284,POINT (-49.2702913284 -25.4229663125)
2014-05-12 19:36:00.000000,-25.4229663125,-49.2702913284,POINT (-49.2702913284 -25.4229663125)
2014-05-12 19:36:10.000000,-25.4229663125,-49.2702913284,POINT (-49.2702913284 -25.4229663125)
2014-05-12 19:36:20.000000,-25.4229663125,-49.2702913284,POINT (-49.2702913284 -25.4229663125)
2014-05-12 19:36:30.000000,-25.4229663125,-49.2702913284,POINT (-49.2702913284 -25.4229663125)
2014-05-12 19:36:40.000000,-25.4229663125,-49.2702913284,POINT (-49.2702913284 -25.4229663125)
2014-05-12 19:36:50.000000,-25.4229663125,-49.2702913284,POINT (-49.2702913284 -25.4229663125)
2014-05-12 19:37:00.000000,-25.4229663125,-49.2702913284,POINT (-49.2702913284 -25.4229663125)
2014-05-12 19:37:10.000000,-25.4229663125,-49.2702913284,POINT (-49.2702913284 -25.4229663125)
2014-05-12 19:37:20.000000,-25.4229663125,-49.2702913284,POINT (-49.2702913284 -25.4229663125)
2014-05-12 19:37:30.000000,-25.4229663125,-49.2702913284,POINT (-49.2702913284 -25.4229663125)
2014-05-12 19:37:40.000000,-25.4229663125,-49.2702913284,POINT (-49.2702913284 -25.4229663125)
2014-05-12 19:37:50.000000,-25.4229663125,-49.2702913284,POINT (-49.2702913284 -25.4229663125)
2014-05-12 19:38:00.000000,-25.4229663125,-49.2702913284,POINT (-49.2702913284 -25.4229663125)
2014-05-12 19:38:10.000000,-25.4229663125,-49.2702913284,POINT (-49.2702913284 -25.4229663125)
2014-05-12 19:38:20.000000,-25.4229663125,-49.2702913284,POINT (-49.2702913284 -25.4229663125)
2014-05-12 19:38:30.000000,-25.4229663125,-49.2702913284,POINT (-49.2702913284 -25.4229663125)
2014-05-12 19:38:40.000000,-25.4229663125,-49.2702913284,POINT (-49.2702913284 -25.4229663125)
2014-05-12 19:38:50.000000,-25.4229663125,-49.2702913284,POINT (-49.2702913284 -25.4229663125)
2014-05-12 19:39:00.000000,-25.4229663125,-49.2702913284,POINT (-49.2702913284 -25.4229663125)
2014-05-12 19:39:10.000000,-25.4229663125,-49.2702913284,POINT (-49.2702913284 -25.4229663125)
2014-05-12 19:39:20.000000,-25.4229663125,-49.2702913284,POINT (-49.2702913284 -25.4229663125)
2014-05-12 19:39:30.000000,-25.4229663125,-49.2702913284,POINT (-49.2702913284 -25.4229663125)
2014-05-12 19:39:40.000000,-25.4229663125,-49.2702913284,POINT (-49.2702913284 -25.4229663125)
2014-05-12 19:39:50.000000,-25.4229663125,-49.2702913284,POINT (-49.2702913284 -25.4229663125)
2014-05-12 19:40:00.000000,-25.4229663125,-49.2702913284,POINT (-49.2702913284 -25.4229663125)
2014-05-12 19:40:10.000000,-25.4229663125,-49.2702913284,POINT (-49.2702913284 -25.4229663125)
2014-05-12 19:40:20.000000,-25.4229663125,-49.2702913284,POINT (-49.2702913284 -25.4229663125)
2014-05-12 19:40:30.000000,-25.4229663125,-49.2702913284,POINT (-49.2702913284 -25.4229663125)
2014-05-12 19:40:40.000000,-25.4229663125,-49.2702913284,POINT (-49.2702913284 -25.4229663125)
2014-05-12 19:40:50.000000,-25.4229663125,-49.2702913284,POINT (-49.2702913284 -25.4229663125)
2014-05-12 19:41:02.189031,-25.423234,-49.2700254,POINT (-49.2700254 -25.423234)
2014-05-12 19:41:12.189031,-25.423342857142856,-49.269960846428575,POINT (-49.269960846428575 -25.423342857142856)
2014-05-12 19:41:22.189031,-25.42346734285714,-49.269911914285714,POINT (-49.269911914285714 -25.42346734285714)
2014-05-12 19:41:32.189031,-25.42369341428571,-49.26996452142857,POINT (-49.26996452142857 -25.42369341428571)
2014-05-12 19:41:42.189031,-25.423927714285714,-49.270019057142854,POINT (-49.270019057142854 -25.423927714285714)
2014-05-12 19:41:52.189031,-25.424184642857142,-49.27007889642857,POINT (-49.27007889642857 -25.424184642857142)
2014-05-12 19:42:02.189031,-25.424572992857144,-49.27017130714286,POINT (-49.27017130714286 -25.424572992857144)
2014-05-12 19:42:12.189031,-25.425158475,-49.270312575,POINT (-49.270312575 -25.425158475)
2014-05-12 19:42:22.189031,-25.425440442857145,-49.27017052857143,POINT (-49.27017052857143 -25.425440442857145)
2014-05-12 19:42:32.189031,-25.425456835714286,-49.26978058214286,POINT (-49.26978058214286 -25.425456835714286)
2014-05-12 19:42:42.189031,-25.425249478571427,-49.26960867142857,POINT (-49.26960867142857 -25.425249478571427)
2014-05-12 19:42:52.189031,-25.42493024642857,-49.26954577857143,POINT (-49.26954577857143 -25.42493024642857)
2014-05-12 19:43:02.189031,-25.4246642,-49.26931582857143,POINT (-49.26931582857143 -25.4246642)
2014-05-12 19:43:12.189031,-25.42441145,-49.26904411428571,POINT (-49.26904411428571 -25.42441145)
2014-05-12 19:43:22.189031,-25.42431105,-49.26893844999999,POINT (-49.26893844999999 -25.42431105)
2014-05-12 19:43:32.189031,-25.424212985714288,-49.268847674999996,POINT (-49.268847674999996 -25.424212985714288)
2014-05-12 19:43:42.189031,-25.423995271428574,-49.2687993,POINT (-49.2687993 -25.423995271428574)
2014-05-12 19:43:52.189031,-25.423739414285716,-49.268742364285714,POINT (-49.268742364285714 -25.423739414285716)
2014-05-12 19:44:02.189031,-25.423330985714284,-49.26865118571428,POINT (-49.26865118571428 -25.423330985714284)
2014-05-12 19:44:12.189031,-25.42301939642857,-49.26858191785714,POINT (-49.26858191785714 -25.42301939642857)
2014-05-12 19:44:22.189031,-25.422901485714284,-49.268556471428575,POINT (-49.268556471428575 -25.422901485714284)
2014-05-12 19:44:32.189031,-25.422686925,-49.268509375,POINT (-49.268509375 -25.422686925)
2014-05-12 19:44:42.189031,-25.422361907142857,-49.26843753571429,POINT (-49.26843753571429 -25.422361907142857)
2014-05-12 19:44:52.189031,-25.422095903571428,-49.26826695357143,POINT (-49.26826695357143 -25.422095903571428)
2014-05-12 19:45:02.189031,-25.421869242857145,-49.26803054285714,POINT (-49.26803054285714 -25.421869242857145)
2014-05-12 19:45:12.189031,-25.421720367857144,-49.267912224999996,POINT (-49.267912224999996 -25.421720367857144)
2014-05-12 19:45:22.189031,-25.421599778571426,-49.26783685,POINT (-49.26783685 -25.421599778571426)
2014-05-12 19:45:32.189031,-25.4204085,-49.26748545714286,POINT (-49.26748545714286 -25.4204085)
2014-05-12 19:45:42.189031,-25.4190525,-49.2670916,POINT (-49.2670916 -25.4190525)
2014-05-12 19:45:52.189031,-25.419109017857142,-49.266241475,POINT (-49.266241475 -25.419109017857142)
2014-05-12 19:46:02.189031,-25.419120621428572,-49.265296064285714,POINT (-49.265296064285714 -25.419120621428572)
2014-05-12 19:46:12.189031,-25.418840282142856,-49.263731296428574,POINT (-49.263731296428574 -25.418840282142856)
2014-05-12 19:46:22.189031,-25.418574457142856,-49.2625276,POINT (-49.2625276 -25.418574457142856)
2014-05-12 19:46:32.189031,-25.41834854642857,-49.262316850000005,POINT (-49.262316850000005 -25.41834854642857)
2014-05-12 19:46:42.189031,-25.418141214285715,-49.262122385714285,POINT (-49.262122385714285 -25.418141214285715)
2014-05-12 19:46:52.189031,-25.417961750000003,-49.26195235,POINT (-49.26195235 -25.417961750000003)
2014-05-12 19:47:02.189031,-25.41770357142857,-49.26171148571429,POINT (-49.26171148571429 -25.41770357142857)
2014-05-12 19:47:12.189031,-25.417376517857143,-49.26140864642858,POINT (-49.26140864642858 -25.417376517857143)
2014-05-12 19:47:22.189031,-25.41691692857143,-49.26098102142857,POINT (-49.26098102142857 -25.41691692857143)
2014-05-12 19:47:32.189031,-25.41639107142857,-49.26049100357143,POINT (-49.26049100357143 -25.41639107142857)
2014-05-12 19:47:42.189031,-25.415959885714287,-49.26008652857143,POINT (-49.26008652857143 -25.415959885714287)
2014-05-12 19:47:52.189031,-25.415552367857146,-49.259703439285715,POINT (-49.259703439285715 -25.415552367857146)
2014-05-12 19:48:02.189031,-25.41541965,-49.259581999999995,POINT (-49.259581999999995 -25.41541965)
2014-05-12 19:48:12.189031,-25.41527795357143,-49.259452382142854,POINT (-49.259452382142854 -25.41527795357143)
2014-05-12 19:48:22.189031,-25.414735757142857,-49.25894661428571,POINT (-49.25894661428571 -25.414735757142857)
2014-05-12 19:48:32.189031,-25.41427070357143,-49.25851273928571,POINT (-49.25851273928571 -25.41427070357143)
2014-05-12 19:48:42.189031,-25.414114221428573,-49.25836643571429,POINT (-49.25836643571429 -25.414114221428573)
2014-05-12 19:48:52.189031,-25.413952310714286,-49.25807963214285,POINT (-49.25807963214285 -25.413952310714286)
2014-05-12 19:49:02.189031,-25.413779542857142,-49.25751182857143,POINT (-49.25751182857143 -25.413779542857142)
2014-05-12 19:49:12.189031,-25.413605025000003,-49.25677095,POINT (-49.25677095 -25.413605025000003)
2014-05-12 19:49:22.189031,-25.413428507142857,-49.25583227142857,POINT (-49.25583227142857 -25.413428507142857)
2014-05-12 19:49:32.189031,-25.413021942857146,-49.25524648928571,POINT (-49.25524648928571 -25.413021942857146)
2014-05-12 19:49:42.189031,-25.412462014285715,-49.25489597142857,POINT (-49.25489597142857 -25.412462014285715)
2014-05-12 19:49:52.189031,-25.412012989285714,-49.25473449642857,POINT (-49.25473449642857 -25.412012989285714)
2014-05-12 19:50:02.189031,-25.41160429285714,-49.254641764285715,POINT (-49.254641764285715 -25.41160429285714)
2014-05-12 19:50:12.189031,-25.411453832142858,-49.25463919642857,POINT (-49.25463919642857 -25.411453832142858)
2014-05-12 19:50:22.189031,-25.4113431,-49.2546505,POINT (-49.2546505 -25.4113431)
2014-05-12 19:50:32.189031,-25.41118185,-49.25459960714286,POINT (-49.25459960714286 -25.41118185)
2014-05-12 19:50:42.189031,-25.4109847,-49.25447505714286,POINT (-49.25447505714286 -25.4109847)
2014-05-12 19:50:52.189031,-25.4105542,-49.253871735714284,POINT (-49.253871735714284 -25.4105542)
2014-05-12 19:51:02.189031,-25.41016934285714,-49.25333238571429,POINT (-49.25333238571429 -25.41016934285714)
2014-05-12 19:51:12.189031,-25.40991000357143,-49.25296895714286,POINT (-49.25296895714286 -25.40991000357143)
2014-05-12 19:51:22.189031,-25.40969870714286,-49.252672835714286,POINT (-49.252672835714286 -25.40969870714286)
2014-05-12 19:51:32.189031,-25.409559475000002,-49.252477675,POINT (-49.252477675 -25.409559475000002)
2014-05-12 19:51:42.189031,-25.40927847142857,-49.252085914285715,POINT (-49.252085914285715 -25.40927847142857)
2014-05-12 19:51:52.189031,-25.408873417857144,-49.25152212857143,POINT (-49.25152212857143 -25.408873417857144)
2014-05-12 19:52:02.189031,-25.408503685714287,-49.25100273571429,POINT (-49.25100273571429 -25.408503685714287)
2014-05-12 19:52:12.189031,-25.408151614285718,-49.25050553928571,POINT (-49.25050553928571 -25.408151614285718)
2014-05-12 19:52:22.189031,-25.407889671428574,-49.25013755714286,POINT (-49.25013755714286 -25.407889671428574)
2014-05-12 19:52:32.189031,-25.407650260714288,-49.24980187857143,POINT (-49.24980187857143 -25.407650260714288)
2014-05-12 19:52:42.189031,-25.4074859,-49.24957155,POINT (-49.24957155 -25.4074859)
2014-05-12 19:52:52.189031,-25.407331157142856,-49.249343342857145,POINT (-49.249343342857145 -25.407331157142856)
2014-05-12 19:53:02.189031,-25.407236014285715,-49.24903948571429,POINT (-49.24903948571429 -25.407236014285715)
2014-05-12 19:53:12.189031,-25.40707097142857,-49.24869531071429,POINT (-49.24869531071429 -25.40707097142857)
2014-05-12 19:53:22.189031,-25.406626328571427,-49.24818986428571,POINT (-49.24818986428571 -25.406626328571427)
2014-05-12 19:53:32.189031,-25.406120167857143,-49.24766948928571,POINT (-49.24766948928571 -25.406120167857143)
2014-05-12 19:53:42.189031,-25.405490971428573,-49.247119257142856,POINT (-49.247119257142856 -25.405490971428573)
2014-05-12 19:53:52.189031,-25.4050771,-49.2464401,POINT (-49.2464401 -25.4050771)
2014-05-12 19:54:02.189031,-25.404909314285714,-49.2456136,POINT (-49.2456136 -25.404909314285714)
2014-05-12 19:54:12.189031,-25.40446342857143,-49.24470687142857,POINT (-49.24470687142857 -25.40446342857143)
2014-05-12 19:54:22.189031,-25.403832142857144,-49.24374665714286,POINT (-49.24374665714286 -25.403832142857144)
2014-05-12 19:54:32.189031,-25.403330539285715,-49.242983696428574,POINT (-49.242983696428574 -25.403330539285715)
2014-05-12 19:54:42.189031,-25.40287609285714,-49.24229246428572,POINT (-49.24229246428572 -25.40287609285714)
2014-05-12 19:54:52.189031,-25.402450014285716,-49.24164436428571,POINT (-49.24164436428571 -25.402450014285716)
2014-05-12 19:55:02.189031,-25.4020283,-49.2410029,POINT (-49.2410029 -25.4020283)
2014-05-12 19:55:12.189031,-25.401641085714285,-49.24041398928571,POINT (-49.24041398928571 -25.401641085714285)
2014-05-12 19:55:22.189031,-25.40129219285714,-49.23988335,POINT (-49.23988335 -25.40129219285714)
2014-05-12 19:55:32.189031,-25.401192389285715,-49.239731475,POINT (-49.239731475 -25.401192389285715)
2014-05-12 19:55:42.189031,-25.4011051,-49.23959865714286,POINT (-49.23959865714286 -25.4011051)
2014-05-12 19:55:52.189031,-25.401052225,-49.239518246428574,POINT (-49.239518246428574 -25.401052225)
2014-05-12 19:56:02.189031,-25.400947664285717,-49.23935923571428,POINT (-49.23935923571428 -25.400947664285717)
2014-05-12 19:56:12.189031,-25.400765575,-49.239082325,POINT (-49.239082325 -25.400765575)
2014-05-12 19:56:22.189031,-25.400502171428574,-49.2386817,POINT (-49.2386817 -25.400502171428574)
2014-05-12 19:56:32.189031,-25.400167617857143,-49.238172825,POINT (-49.238172825 -25.400167617857143)
2014-05-12 19:56:42.189031,-25.399699599999998,-49.23746095,POINT (-49.23746095 -25.399699599999998)
2014-05-12 19:56:52.189031,-25.39916485,-49.236647575,POINT (-49.236647575 -25.39916485)
2014-05-12 19:57:02.189031,-25.39877727142857,-49.236058042857145,POINT (-49.236058042857145 -25.39877727142857)
2014-05-12 19:57:12.189031,-25.398426485714285,-49.23552447142857,POINT (-49.23552447142857 -25.398426485714285)
2014-05-12 19:57:22.189031,-25.3983247,-49.235468,POINT (-49.235468 -25.3983247)
2014-05-12 19:57:32.189031,-25.39821818214286,-49.235468600000004,POINT (-49.235468600000004 -25.39821818214286)
2014-05-12 19:57:42.189031,-25.397796414285715,-49.2357911,POINT (-49.2357911 -25.397796414285715)
2014-05-12 19:57:52.189031,-25.397366053571428,-49.23612017857143,POINT (-49.23612017857143 -25.397366053571428)
2014-05-12 19:58:02.189031,-25.396901321428572,-49.23647557142857,POINT (-49.23647557142857 -25.396901321428572)
2014-05-12 19:58:12.189031,-25.39640519642857,-49.23642923214286,POINT (-49.23642923214286 -25.39640519642857)
2014-05-12 19:58:22.189031,-25.395846285714285,-49.235579428571434,POINT (-49.235579428571434 -25.395846285714285)
2014-05-12 19:58:32.189031,-25.395478475,-49.2350202,POINT (-49.2350202 -25.395478475)
2014-05-12 19:58:42.189031,-25.395329064285715,-49.23479305714286,POINT (-49.23479305714286 -25.395329064285715)
2014-05-12 19:58:52.189031,-25.394966385714284,-49.234260750000004,POINT (-49.234260750000004 -25.394966385714284)
2014-05-12 19:59:02.189031,-25.394461528571426,-49.233525,POINT (-49.233525 -25.394461528571426)
2014-05-12 19:59:12.189031,-25.39409637142857,-49.232949575,POINT (-49.232949575 -25.39409637142857)
2014-05-12 19:59:22.189031,-25.393782014285712,-49.23243245,POINT (-49.23243245 -25.393782014285712)
2014-05-12 19:59:32.189031,-25.393029974999997,-49.23126435,POINT (-49.23126435 -25.393029974999997)
2014-05-12 19:59:42.189031,-25.3922106,-49.2299961,POINT (-49.2299961 -25.3922106)
2014-05-12 20:00:00.000000,-25.392531,-49.229802,POINT (-49.229802 -25.392531)
2014-05-12 20:00:10.000000,-25.392531,-49.229802,POINT (-49.229802 -25.392531)
2014-05-12 20:00:20.000000,-25.392531,-49.229802,POINT (-49.229802 -25.392531)
2014-05-12 20:00:30.000000,-25.392531,-49.229802,POINT (-49.229802 -25.392531)
2014-05-12 20:00:40.000000,-25.392531,-49.229802,POINT (-49.229802 -25.392531)
2014-05-12 20:00:50.000000,-25.392531,-49.229802,POINT (-49.229802 -25.392531)
2014-05-12 20:01:00.000000,-25.392531,-49.229802,POINT (-49.229802 -25.392531)
2014-05-12 20:01:10.000000,-25.392531,-49.229802,POINT (-49.229802 -25.392531)
2014-05-12 20:01:20.000000,-25.392531,-49.229802,POINT (-49.229802 -25.392531)
2014-05-12 20:01:30.000000,-25.392531,-49.229802,POINT (-49.229802 -25.392531)
2014-05-12 20:01:40.000000,-25.392531,-49.229802,POINT (-49.229802 -25.392531)
2014-05-12 20:01:50.000000,-25.392531,-49.229802,POINT (-49.229802 -25.392531)
2014-05-12 20:02:00.000000,-25.392531,-49.229802,POINT (-49.229802 -25.392531)
2014-05-12 20:02:10.000000,-25.392531,-49.229802,POINT (-49.229802 -25.392531)
2014-05-12 20:02:20.000000,-25.392531,-49.229802,POINT (-49.229802 -25.392531)
2014-05-12 20:02:30.000000,-25.392531,-49.229802,POINT (-49.229802 -25.392531)
2014-05-12 20:02:40.000000,-25.392531,-49.229802,POINT (-49.229802 -25.392531)
2014-05-12 20:02:50.000000,-25.392531,-49.229802,POINT (-49.229802 -25.392531)
2014-05-12 20:03:00.000000,-25.392531,-49.229802,POINT (-49.229802 -25.392531)
2014-05-12 20:03:10.000000,-25.392531,-49.229802,POINT (-49.229802 -25.392531)
2014-05-12 20:03:20.000000,-25.392531,-49.229802,POINT (-49.229802 -25.392531)
2014-05-12 20:03:30.000000,-25.392531,-49.229802,POINT (-49.229802 -25.392531)
2014-05-12 20:03:40.000000,-25.392531,-49.229802,POINT (-49.229802 -25.392531)
2014-05-12 20:03:50.000000,-25.392531,-49.229802,POINT (-49.229802 -25.392531)
2014-05-12 20:04:00.000000,-25.392531,-49.229802,POINT (-49.229802 -25.392531)
2014-05-12 20:04:10.000000,-25.392531,-49.229802,POINT (-49.229802 -25.392531)
2014-05-12 20:04:20.000000,-25.392531,-49.229802,POINT (-49.229802 -25.392531)
2014-05-12 20:04:30.000000,-25.392531,-49.229802,POINT (-49.229802 -25.392531)
2014-05-12 20:04:40.000000,-25.392531,-49.229802,POINT (-49.229802 -25.392531)
2014-05-12 20:04:50.000000,-25.392531,-49.229802,POINT (-49.229802 -25.392531)
2014-05-12 20:05:00.000000,-25.392531,-49.229802,POINT (-49.229802 -25.392531)
2014-05-12 20:05:10.000000,-25.392531,-49.229802,POINT (-49.229802 -25.392531)
2014-05-12 20:05:20.000000,-25.392531,-49.229802,POINT (-49.229802 -25.392531)
2014-05-12 20:05:30.000000,-25.392531,-49.229802,POINT (-49.229802 -25.392531)
2014-05-12 20:05:40.000000,-25.392531,-49.229802,POINT (-49.229802 -25.392531)
2014-05-12 20:05:50.000000,-25.392531,-49.229802,POINT (-49.229802 -25.392531)
2014-05-12 20:06:00.000000,-25.392531,-49.229802,POINT (-49.229802 -25.392531)
2014-05-12 20:06:10.000000,-25.392531,-49.229802,POINT (-49.229802 -25.392531)
2014-05-12 20:06:20.000000,-25.392531,-49.229802,POINT (-49.229802 -25.392531)
2014-05-12 20:06:30.000000,-25.392531,-49.229802,POINT (-49.229802 -25.392531)
2014-05-12 20:06:40.000000,-25.392531,-49.229802,POINT (-49.229802 -25.392531)
2014-05-12 20:06:50.000000,-25.392531,-49.229802,POINT (-49.229802 -25.392531)
2014-05-12 20:07:00.000000,-25.392531,-49.229802,POINT (-49.229802 -25.392531)
2014-05-12 20:07:10.000000,-25.392531,-49.229802,POINT (-49.229802 -25.392531)
2014-05-12 20:07:20.000000,-25.392531,-49.229802,POINT (-49.229802 -25.392531)
2014-05-12 20:07:30.000000,-25.392531,-49.229802,POINT (-49.229802 -25.392531)
2014-05-12 20:07:40.000000,-25.392531,-49.229802,POINT (-49.229802 -25.392531)
2014-05-12 20:07:50.000000,-25.392531,-49.229802,POINT (-49.229802 -25.392531)
2014-05-12 20:08:00.000000,-25.392531,-49.229802,POINT (-49.229802 -25.392531)
2014-05-12 20:08:10.000000,-25.392531,-49.229802,POINT (-49.229802 -25.392531)
2014-05-12 20:08:20.000000,-25.392531,-49.229802,POINT (-49.229802 -25.392531)
2014-05-12 20:08:30.000000,-25.392531,-49.229802,POINT (-49.229802 -25.392531)
2014-05-12 20:08:40.000000,-25.392531,-49.229802,POINT (-49.229802 -25.392531)
2014-05-12 20:08:50.000000,-25.392531,-49.229802,POINT (-49.229802 -25.392531)
2014-05-12 20:09:00.000000,-25.392531,-49.229802,POINT (-49.229802 -25.392531)
2014-05-12 20:09:10.000000,-25.392531,-49.229802,POINT (-49.229802 -25.392531)
2014-05-12 20:09:20.000000,-25.392531,-49.229802,POINT (-49.229802 -25.392531)
2014-05-12 20:09:30.000000,-25.392531,-49.229802,POINT (-49.229802 -25.392531)
2014-05-12 20:09:40.000000,-25.392531,-49.229802,POINT (-49.229802 -25.392531)
2014-05-12 20:09:50.000000,-25.392531,-49.229802,POINT (-49.229802 -25.392531)
2014-05-12 20:10:00.000000,-25.392531,-49.229802,POINT (-49.229802 -25.392531)
2014-05-12 20:10:10.000000,-25.392531,-49.229802,POINT (-49.229802 -25.392531)
2014-05-12 20:10:20.000000,-25.392531,-49.229802,POINT (-49.229802 -25.392531)
2014-05-12 20:10:30.000000,-25.392531,-49.229802,POINT (-49.229802 -25.392531)
2014-05-12 20:10:40.000000,-25.392531,-49.229802,POINT (-49.229802 -25.392531)
2014-05-12 20:10:50.000000,-25.392531,-49.229802,POINT (-49.229802 -25.392531)
2014-05-12 20:11:00.000000,-25.392531,-49.229802,POINT (-49.229802 -25.392531)
2014-05-12 20:11:10.000000,-25.392531,-49.229802,POINT (-49.229802 -25.392531)
2014-05-12 20:11:20.000000,-25.392531,-49.229802,POINT (-49.229802 -25.392531)
2014-05-12 20:11:30.000000,-25.392531,-49.229802,POINT (-49.229802 -25.392531)
2014-05-12 20:11:40.000000,-25.392531,-49.229802,POINT (-49.229802 -25.392531)
2014-05-12 20:11:50.000000,-25.392531,-49.229802,POINT (-49.229802 -25.392531)
2014-05-12 20:12:00.000000,-25.392531,-49.229802,POINT (-49.229802 -25.392531)
2014-05-12 20:12:10.000000,-25.392531,-49.229802,POINT (-49.229802 -25.392531)
2014-05-12 20:12:20.000000,-25.392531,-49.229802,POINT (-49.229802 -25.392531)
2014-05-12 20:12:30.000000,-25.392531,-49.229802,POINT (-49.229802 -25.392531)
2014-05-12 20:12:40.000000,-25.392531,-49.229802,POINT (-49.229802 -25.392531)
2014-05-12 20:12:50.000000,-25.392531,-49.229802,POINT (-49.229802 -25.392531)
2014-05-12 20:13:00.000000,-25.392531,-49.229802,POINT (-49.229802 -25.392531)
2014-05-12 20:13:10.000000,-25.392531,-49.229802,POINT (-49.229802 -25.392531)
2014-05-12 20:13:20.000000,-25.392531,-49.229802,POINT (-49.229802 -25.392531)
2014-05-12 20:13:30.000000,-25.392531,-49.229802,POINT (-49.229802 -25.392531)
2014-05-12 20:13:40.000000,-25.392531,-49.229802,POINT (-49.229802 -25.392531)
2014-05-12 20:13:50.000000,-25.392531,-49.229802,POINT (-49.229802 -25.392531)
2014-05-12 20:14:00.000000,-25.392531,-49.229802,POINT (-49.229802 -25.392531)
2014-05-12 20:14:10.000000,-25.392531,-49.229802,POINT (-49.229802 -25.392531)
2014-05-12 20:14:20.000000,-25.392531,-49.229802,POINT (-49.229802 -25.392531)
2014-05-12 20:14:30.000000,-25.392531,-49.229802,POINT (-49.229802 -25.392531)
2014-05-12 20:14:40.000000,-25.392531,-49.229802,POINT (-49.229802 -25.392531)
2014-05-12 20:14:50.000000,-25.392531,-49.229802,POINT (-49.229802 -25.392531)
2014-05-12 20:15:00.000000,-25.392531,-49.229802,POINT (-49.229802 -25.392531)
2014-05-12 20:15:10.000000,-25.392531,-49.229802,POINT (-49.229802 -25.392531)
2014-05-12 20:15:20.000000,-25.392531,-49.229802,POINT (-49.229802 -25.392531)
2014-05-12 20:15:30.000000,-25.392531,-49.229802,POINT (-49.229802 -25.392531)
2014-05-12 20:15:40.000000,-25.392531,-49.229802,POINT (-49.229802 -25.392531)
2014-05-12 20:15:50.000000,-25.392531,-49.229802,POINT (-49.229802 -25.392531)
2014-05-12 20:16:00.000000,-25.392531,-49.229802,POINT (-49.229802 -25.392531)
2014-05-12 20:16:10.000000,-25.392531,-49.229802,POINT (-49.229802 -25.392531)
2014-05-12 20:16:20.000000,-25.392531,-49.229802,POINT (-49.229802 -25.392531)
2014-05-12 20:16:30.000000,-25.392531,-49.229802,POINT (-49.229802 -25.392531)
2014-05-12 20:16:40.000000,-25.392531,-49.229802,POINT (-49.229802 -25.392531)
2014-05-12 20:16:50.000000,-25.392531,-49.229802,POINT (-49.229802 -25.392531)
2014-05-12 20:17:00.000000,-25.392531,-49.229802,POINT (-49.229802 -25.392531)
2014-05-12 20:17:10.000000,-25.392531,-49.229802,POINT (-49.229802 -25.392531)
2014-05-12 20:17:20.000000,-25.392531,-49.229802,POINT (-49.229802 -25.392531)
2014-05-12 20:17:30.000000,-25.392531,-49.229802,POINT (-49.229802 -25.392531)
2014-05-12 20:17:40.000000,-25.392531,-49.229802,POINT (-49.229802 -25.392531)
2014-05-12 20:17:50.000000,-25.392531,-49.229802,POINT (-49.229802 -25.392531)
2014-05-12 20:18:00.000000,-25.392531,-49.229802,POINT (-49.229802 -25.392531)
2014-05-12 20:18:10.000000,-25.392531,-49.229802,POINT (-49.229802 -25.392531)
2014-05-12 20:18:20.000000,-25.392531,-49.229802,POINT (-49.229802 -25.392531)
2014-05-12 20:18:30.000000,-25.392531,-49.229802,POINT (-49.229802 -25.392531)
2014-05-12 20:18:40.000000,-25.392531,-49.229802,POINT (-49.229802 -25.392531)
2014-05-12 20:18:50.000000,-25.392531,-49.229802,POINT (-49.229802 -25.392531)
2014-05-12 20:19:00.000000,-25.392531,-49.229802,POINT (-49.229802 -25.392531)
2014-05-12 20:19:10.000000,-25.392531,-49.229802,POINT (-49.229802 -25.392531)
2014-05-12 20:19:20.000000,-25.392531,-49.229802,POINT (-49.229802 -25.392531)
2014-05-12 20:19:30.000000,-25.392531,-49.229802,POINT (-49.229802 -25.392531)
2014-05-12 20:19:40.000000,-25.392531,-49.229802,POINT (-49.229802 -25.392531)
2014-05-12 20:19:50.000000,-25.392531,-49.229802,POINT (-49.229802 -25.392531)
2014-05-12 20:20:00.000000,-25.392531,-49.229802,POINT (-49.229802 -25.392531)
2014-05-12 20:20:10.000000,-25.392531,-49.229802,POINT (-49.229802 -25.392531)
2014-05-12 20:20:20.000000,-25.392531,-49.229802,POINT (-49.229802 -25.392531)
2014-05-12 20:20:30.000000,-25.392531,-49.229802,POINT (-49.229802 -25.392531)
2014-05-12 20:20:40.000000,-25.392531,-49.229802,POINT (-49.229802 -25.392531)
2014-05-12 20:20:50.000000,-25.392531,-49.229802,POINT (-49.229802 -25.392531)
2014-05-12 20:21:00.000000,-25.392531,-49.229802,POINT (-49.229802 -25.392531)
2014-05-12 20:21:10.000000,-25.392531,-49.229802,POINT (-49.229802 -25.392531)
2014-05-12 20:21:20.000000,-25.392531,-49.229802,POINT (-49.229802 -25.392531)
2014-05-12 20:21:30.000000,-25.392531,-49.229802,POINT (-49.229802 -25.392531)
2014-05-12 20:21:40.000000,-25.392531,-49.229802,POINT (-49.229802 -25.392531)
2014-05-12 20:21:50.000000,-25.392531,-49.229802,POINT (-49.229802 -25.392531)
2014-05-12 20:22:00.000000,-25.392531,-49.229802,POINT (-49.229802 -25.392531)
2014-05-12 20:22:10.000000,-25.392531,-49.229802,POINT (-49.229802 -25.392531)
2014-05-12 20:22:20.000000,-25.392531,-49.229802,POINT (-49.229802 -25.392531)
2014-05-12 20:22:30.000000,-25.392531,-49.229802,POINT (-49.229802 -25.392531)
2014-05-12 20:22:40.000000,-25.392531,-49.229802,POINT (-49.229802 -25.392531)
2014-05-12 20:22:50.000000,-25.392531,-49.229802,POINT (-49.229802 -25.392531)
2014-05-12 20:23:00.000000,-25.392531,-49.229802,POINT (-49.229802 -25.392531)
2014-05-12 20:23:10.000000,-25.392531,-49.229802,POINT (-49.229802 -25.392531)
2014-05-12 20:23:20.000000,-25.392531,-49.229802,POINT (-49.229802 -25.392531)
2014-05-12 20:23:30.000000,-25.392531,-49.229802,POINT (-49.229802 -25.392531)
2014-05-12 20:23:40.000000,-25.392531,-49.229802,POINT (-49.229802 -25.392531)
2014-05-12 20:23:50.000000,-25.392531,-49.229802,POINT (-49.229802 -25.392531)
2014-05-12 20:24:00.000000,-25.392531,-49.229802,POINT (-49.229802 -25.392531)
2014-05-12 20:24:10.000000,-25.392531,-49.229802,POINT (-49.229802 -25.392531)
2014-05-12 20:24:20.000000,-25.392531,-49.229802,POINT (-49.229802 -25.392531)
2014-05-12 20:24:30.000000,-25.392531,-49.229802,POINT (-49.229802 -25.392531)
2014-05-12 20:24:40.000000,-25.392531,-49.229802,POINT (-49.229802 -25.392531)
2014-05-12 20:24:50.000000,-25.392531,-49.229802,POINT (-49.229802 -25.392531)
2014-05-12 20:25:00.000000,-25.392531,-49.229802,POINT (-49.229802 -25.392531)
2014-05-12 20:25:10.000000,-25.392531,-49.229802,POINT (-49.229802 -25.392531)
2014-05-12 20:25:20.000000,-25.392531,-49.229802,POINT (-49.229802 -25.392531)
2014-05-12 20:25:30.000000,-25.392531,-49.229802,POINT (-49.229802 -25.392531)
2014-05-12 20:25:40.000000,-25.392531,-49.229802,POINT (-49.229802 -25.392531)
2014-05-12 20:25:50.000000,-25.392531,-49.229802,POINT (-49.229802 -25.392531)
2014-05-12 20:26:00.000000,-25.392531,-49.229802,POINT (-49.229802 -25.392531)
2014-05-12 20:26:10.000000,-25.392531,-49.229802,POINT (-49.229802 -25.392531)
2014-05-12 20:26:20.000000,-25.392531,-49.229802,POINT (-49.229802 -25.392531)
2014-05-12 20:26:30.000000,-25.392531,-49.229802,POINT (-49.229802 -25.392531)
2014-05-12 20:26:40.000000,-25.392531,-49.229802,POINT (-49.229802 -25.392531)
2014-05-12 20:26:50.000000,-25.392531,-49.229802,POINT (-49.229802 -25.392531)
2014-05-12 20:27:00.000000,-25.392531,-49.229802,POINT (-49.229802 -25.392531)
2014-05-12 20:27:10.000000,-25.392531,-49.229802,POINT (-49.229802 -25.392531)
2014-05-12 20:27:20.000000,-25.392531,-49.229802,POINT (-49.229802 -25.392531)
2014-05-12 20:27:30.000000,-25.392531,-49.229802,POINT (-49.229802 -25.392531)
2014-05-12 20:27:40.000000,-25.392531,-49.229802,POINT (-49.229802 -25.392531)
2014-05-12 20:27:50.000000,-25.392531,-49.229802,POINT (-49.229802 -25.392531)
2014-05-12 20:28:00.000000,-25.392531,-49.229802,POINT (-49.229802 -25.392531)
2014-05-12 20:28:10.000000,-25.392531,-49.229802,POINT (-49.229802 -25.392531)
2014-05-12 20:28:20.000000,-25.392531,-49.229802,POINT (-49.229802 -25.392531)
2014-05-12 20:28:30.000000,-25.392531,-49.229802,POINT (-49.229802 -25.392531)
2014-05-12 20:28:40.000000,-25.392531,-49.229802,POINT (-49.229802 -25.392531)
2014-05-12 20:28:50.000000,-25.392531,-49.229802,POINT (-49.229802 -25.392531)
2014-05-12 20:29:00.000000,-25.392531,-49.229802,POINT (-49.229802 -25.392531)
2014-05-12 20:29:10.000000,-25.392531,-49.229802,POINT (-49.229802 -25.392531)
2014-05-12 20:29:20.000000,-25.392531,-49.229802,POINT (-49.229802 -25.392531)
2014-05-12 20:29:30.000000,-25.392531,-49.229802,POINT (-49.229802 -25.392531)
2014-05-12 20:29:40.000000,-25.392531,-49.229802,POINT (-49.229802 -25.392531)
2014-05-12 20:29:50.000000,-25.392531,-49.229802,POINT (-49.229802 -25.392531)
2014-05-12 20:30:00.000000,-25.392531,-49.229802,POINT (-49.229802 -25.392531)
2014-05-12 20:30:10.000000,-25.392531,-49.229802,POINT (-49.229802 -25.392531)
2014-05-12 20:30:20.000000,-25.392531,-49.229802,POINT (-49.229802 -25.392531)
2014-05-12 20:30:30.000000,-25.392531,-49.229802,POINT (-49.229802 -25.392531)
2014-05-12 20:30:40.000000,-25.392531,-49.229802,POINT (-49.229802 -25.392531)
2014-05-12 20:30:50.000000,-25.392531,-49.229802,POINT (-49.229802 -25.392531)
2014-05-12 20:31:00.000000,-25.392531,-49.229802,POINT (-49.229802 -25.392531)
2014-05-12 20:31:10.000000,-25.392531,-49.229802,POINT (-49.229802 -25.392531)
2014-05-12 20:31:20.000000,-25.392531,-49.229802,POINT (-49.229802 -25.392531)
2014-05-12 20:31:30.000000,-25.392531,-49.229802,POINT (-49.229802 -25.392531)
2014-05-12 20:31:40.000000,-25.392531,-49.229802,POINT (-49.229802 -25.392531)
2014-05-12 20:31:50.000000,-25.392531,-49.229802,POINT (-49.229802 -25.392531)
2014-05-12 20:32:00.000000,-25.392531,-49.229802,POINT (-49.229802 -25.392531)
2014-05-12 20:32:10.000000,-25.392531,-49.229802,POINT (-49.229802 -25.392531)
2014-05-12 20:32:20.000000,-25.392531,-49.229802,POINT (-49.229802 -25.392531)
2014-05-12 20:32:30.000000,-25.392531,-49.229802,POINT (-49.229802 -25.392531)
2014-05-12 20:32:40.000000,-25.392531,-49.229802,POINT (-49.229802 -25.392531)
2014-05-12 20:32:50.000000,-25.392531,-49.229802,POINT (-49.229802 -25.392531)
2014-05-12 20:33:00.000000,-25.392531,-49.229802,POINT (-49.229802 -25.392531)
2014-05-12 20:33:10.000000,-25.392531,-49.229802,POINT (-49.229802 -25.392531)
2014-05-12 20:33:20.000000,-25.392531,-49.229802,POINT (-49.229802 -25.392531)
2014-05-12 20:33:30.000000,-25.392531,-49.229802,POINT (-49.229802 -25.392531)
2014-05-12 20:33:40.000000,-25.392531,-49.229802,POINT (-49.229802 -25.392531)
2014-05-12 20:33:50.000000,-25.392531,-49.229802,POINT (-49.229802 -25.392531)
2014-05-12 20:34:00.000000,-25.392531,-49.229802,POINT (-49.229802 -25.392531)
2014-05-12 20:34:10.000000,-25.392531,-49.229802,POINT (-49.229802 -25.392531)
2014-05-12 20:34:20.000000,-25.392531,-49.229802,POINT (-49.229802 -25.392531)
2014-05-12 20:34:30.000000,-25.392531,-49.229802,POINT (-49.229802 -25.392531)
2014-05-12 20:34:40.000000,-25.392531,-49.229802,POINT (-49.229802 -25.392531)
2014-05-12 20:34:50.000000,-25.392531,-49.229802,POINT (-49.229802 -25.392531)
2014-05-12 20:35:00.000000,-25.392531,-49.229802,POINT (-49.229802 -25.392531)
2014-05-12 20:35:10.000000,-25.392531,-49.229802,POINT (-49.229802 -25.392531)
2014-05-12 20:35:20.000000,-25.392531,-49.229802,POINT (-49.229802 -25.392531)
2014-05-12 20:35:30.000000,-25.392531,-49.229802,POINT (-49.229802 -25.392531)
2014-05-12 20:35:40.000000,-25.392531,-49.229802,POINT (-49.229802 -25.392531)
2014-05-12 20:35:50.000000,-25.392531,-49.229802,POINT (-49.229802 -25.392531)
2014-05-12 20:36:00.000000,-25.392531,-49.229802,POINT (-49.229802 -25.392531)
2014-05-12 20:36:10.000000,-25.392531,-49.229802,POINT (-49.229802 -25.392531)
2014-05-12 20:36:20.000000,-25.392531,-49.229802,POINT (-49.229802 -25.392531)
2014-05-12 20:36:30.000000,-25.392531,-49.229802,POINT (-49.229802 -25.392531)
2014-05-12 20:36:40.000000,-25.392531,-49.229802,POINT (-49.229802 -25.392531)
2014-05-12 20:36:50.000000,-25.392531,-49.229802,POINT (-49.229802 -25.392531)
2014-05-12 20:37:00.000000,-25.392531,-49.229802,POINT (-49.229802 -25.392531)
2014-05-12 20:37:10.000000,-25.392531,-49.229802,POINT (-49.229802 -25.392531)
2014-05-12 20:37:20.000000,-25.392531,-49.229802,POINT (-49.229802 -25.392531)
2014-05-12 20:37:30.000000,-25.392531,-49.229802,POINT (-49.229802 -25.392531)
2014-05-12 20:37:40.000000,-25.392531,-49.229802,POINT (-49.229802 -25.392531)
2014-05-12 20:37:50.000000,-25.392531,-49.229802,POINT (-49.229802 -25.392531)
2014-05-12 20:38:00.000000,-25.392531,-49.229802,POINT (-49.229802 -25.392531)
2014-05-12 20:38:10.000000,-25.392531,-49.229802,POINT (-49.229802 -25.392531)
2014-05-12 20:38:20.000000,-25.392531,-49.229802,POINT (-49.229802 -25.392531)
2014-05-12 20:38:30.000000,-25.392531,-49.229802,POINT (-49.229802 -25.392531)
2014-05-12 20:38:40.000000,-25.392531,-49.229802,POINT (-49.229802 -25.392531)
2014-05-12 20:38:50.000000,-25.392531,-49.229802,POINT (-49.229802 -25.392531)
2014-05-12 20:39:00.000000,-25.392531,-49.229802,POINT (-49.229802 -25.392531)
2014-05-12 20:39:10.000000,-25.392531,-49.229802,POINT (-49.229802 -25.392531)
2014-05-12 20:39:20.000000,-25.392531,-49.229802,POINT (-49.229802 -25.392531)
2014-05-12 20:39:30.000000,-25.392531,-49.229802,POINT (-49.229802 -25.392531)
2014-05-12 20:39:40.000000,-25.392531,-49.229802,POINT (-49.229802 -25.392531)
2014-05-12 20:39:50.000000,-25.392531,-49.229802,POINT (-49.229802 -25.392531)
2014-05-12 20:40:00.000000,-25.392531,-49.229802,POINT (-49.229802 -25.392531)
2014-05-12 20:40:10.000000,-25.392531,-49.229802,POINT (-49.229802 -25.392531)
2014-05-12 20:40:20.000000,-25.392531,-49.229802,POINT (-49.229802 -25.392531)
2014-05-12 20:40:30.000000,-25.392531,-49.229802,POINT (-49.229802 -25.392531)
2014-05-12 20:40:40.000000,-25.392531,-49.229802,POINT (-49.229802 -25.392531)
2014-05-12 20:40:50.000000,-25.392531,-49.229802,POINT (-49.229802 -25.392531)
2014-05-12 20:41:00.000000,-25.392531,-49.229802,POINT (-49.229802 -25.392531)
2014-05-12 20:41:10.000000,-25.392531,-49.229802,POINT (-49.229802 -25.392531)
2014-05-12 20:41:20.000000,-25.392531,-49.229802,POINT (-49.229802 -25.392531)
2014-05-12 20:41:30.000000,-25.392531,-49.229802,POINT (-49.229802 -25.392531)
2014-05-12 20:41:40.000000,-25.392531,-49.229802,POINT (-49.229802 -25.392531)
2014-05-12 20:41:50.000000,-25.392531,-49.229802,POINT (-49.229802 -25.392531)
2014-05-12 20:42:00.000000,-25.392531,-49.229802,POINT (-49.229802 -25.392531)
2014-05-12 20:42:10.000000,-25.392531,-49.229802,POINT (-49.229802 -25.392531)
2014-05-12 20:42:20.000000,-25.392531,-49.229802,POINT (-49.229802 -25.392531)
2014-05-12 20:42:30.000000,-25.392531,-49.229802,POINT (-49.229802 -25.392531)
2014-05-12 20:42:40.000000,-25.392531,-49.229802,POINT (-49.229802 -25.392531)
2014-05-12 20:42:50.000000,-25.392531,-49.229802,POINT (-49.229802 -25.392531)
2014-05-12 20:43:00.000000,-25.392531,-49.229802,POINT (-49.229802 -25.392531)
2014-05-12 20:43:10.000000,-25.392531,-49.229802,POINT (-49.229802 -25.392531)
2014-05-12 20:43:20.000000,-25.392531,-49.229802,POINT (-49.229802 -25.392531)
2014-05-12 20:43:30.000000,-25.392531,-49.229802,POINT (-49.229802 -25.392531)
2014-05-12 20:43:40.000000,-25.392531,-49.229802,POINT (-49.229802 -25.392531)
2014-05-12 20:43:50.000000,-25.392531,-49.229802,POINT (-49.229802 -25.392531)
2014-05-12 20:44:00.000000,-25.392531,-49.229802,POINT (-49.229802 -25.392531)
2014-05-12 20:44:10.000000,-25.392531,-49.229802,POINT (-49.229802 -25.392531)
2014-05-12 20:44:20.000000,-25.392531,-49.229802,POINT (-49.229802 -25.392531)
2014-05-12 20:44:30.000000,-25.392531,-49.229802,POINT (-49.229802 -25.392531)
2014-05-12 20:44:40.000000,-25.392531,-49.229802,POINT (-49.229802 -25.392531)
2014-05-12 20:44:50.000000,-25.392531,-49.229802,POINT (-49.229802 -25.392531)
2014-05-12 20:45:00.000000,-25.392531,-49.229802,POINT (-49.229802 -25.392531)
2014-05-12 20:45:10.000000,-25.392531,-49.229802,POINT (-49.229802 -25.392531)
2014-05-12 20:45:20.000000,-25.392531,-49.229802,POINT (-49.229802 -25.392531)
2014-05-12 20:45:30.000000,-25.392531,-49.229802,POINT (-49.229802 -25.392531)
2014-05-12 20:45:40.000000,-25.392531,-49.229802,POINT (-49.229802 -25.392531)
2014-05-12 20:45:50.000000,-25.392531,-49.229802,POINT (-49.229802 -25.392531)
2014-05-12 20:46:00.000000,-25.392531,-49.229802,POINT (-49.229802 -25.392531)
2014-05-12 20:46:10.000000,-25.392531,-49.229802,POINT (-49.229802 -25.392531)
2014-05-12 20:46:20.000000,-25.392531,-49.229802,POINT (-49.229802 -25.392531)
2014-05-12 20:46:30.000000,-25.392531,-49.229802,POINT (-49.229802 -25.392531)
2014-05-12 20:46:40.000000,-25.392531,-49.229802,POINT (-49.229802 -25.392531)
2014-05-12 20:46:50.000000,-25.392531,-49.229802,POINT (-49.229802 -25.392531)
2014-05-12 20:47:00.000000,-25.392531,-49.229802,POINT (-49.229802 -25.392531)
2014-05-12 20:47:10.000000,-25.392531,-49.229802,POINT (-49.229802 -25.392531)
2014-05-12 20:47:20.000000,-25.392531,-49.229802,POINT (-49.229802 -25.392531)
2014-05-12 20:47:30.000000,-25.392531,-49.229802,POINT (-49.229802 -25.392531)
2014-05-12 20:47:40.000000,-25.392531,-49.229802,POINT (-49.229802 -25.392531)
2014-05-12 20:47:50.000000,-25.392531,-49.229802,POINT (-49.229802 -25.392531)
2014-05-12 20:48:00.000000,-25.392531,-49.229802,POINT (-49.229802 -25.392531)
2014-05-12 20:48:10.000000,-25.392531,-49.229802,POINT (-49.229802 -25.392531)
2014-05-12 20:48:20.000000,-25.392531,-49.229802,POINT (-49.229802 -25.392531)
2014-05-12 20:48:30.000000,-25.392531,-49.229802,POINT (-49.229802 -25.392531)
2014-05-12 20:48:40.000000,-25.392531,-49.229802,POINT (-49.229802 -25.392531)
2014-05-12 20:48:50.000000,-25.392531,-49.229802,POINT (-49.229802 -25.392531)
2014-05-12 20:49:00.000000,-25.392531,-49.229802,POINT (-49.229802 -25.392531)
2014-05-12 20:49:10.000000,-25.392531,-49.229802,POINT (-49.229802 -25.392531)
2014-05-12 20:49:20.000000,-25.392531,-49.229802,POINT (-49.229802 -25.392531)
2014-05-12 20:49:30.000000,-25.392531,-49.229802,POINT (-49.229802 -25.392531)
2014-05-12 20:49:40.000000,-25.392531,-49.229802,POINT (-49.229802 -25.392531)
2014-05-12 20:49:50.000000,-25.392531,-49.229802,POINT (-49.229802 -25.392531)
2014-05-12 20:50:00.000000,-25.392531,-49.229802,POINT (-49.229802 -25.392531)
2014-05-12 20:50:10.000000,-25.392531,-49.229802,POINT (-49.229802 -25.392531)
2014-05-12 20:50:20.000000,-25.392531,-49.229802,POINT (-49.229802 -25.392531)
2014-05-12 20:50:30.000000,-25.392531,-49.229802,POINT (-49.229802 -25.392531)
2014-05-12 20:50:40.000000,-25.392531,-49.229802,POINT (-49.229802 -25.392531)
2014-05-12 20:50:50.000000,-25.392531,-49.229802,POINT (-49.229802 -25.392531)
2014-05-12 20:51:00.000000,-25.392531,-49.229802,POINT (-49.229802 -25.392531)
2014-05-12 20:51:10.000000,-25.392531,-49.229802,POINT (-49.229802 -25.392531)
2014-05-12 20:51:20.000000,-25.392531,-49.229802,POINT (-49.229802 -25.392531)
2014-05-12 20:51:30.000000,-25.392531,-49.229802,POINT (-49.229802 -25.392531)
2014-05-12 20:51:40.000000,-25.392531,-49.229802,POINT (-49.229802 -25.392531)
2014-05-12 20:51:50.000000,-25.392531,-49.229802,POINT (-49.229802 -25.392531)
2014-05-12 20:52:00.000000,-25.392531,-49.229802,POINT (-49.229802 -25.392531)
2014-05-12 20:52:10.000000,-25.392531,-49.229802,POINT (-49.229802 -25.392531)
2014-05-12 20:52:20.000000,-25.392531,-49.229802,POINT (-49.229802 -25.392531)
2014-05-12 20:52:30.000000,-25.392531,-49.229802,POINT (-49.229802 -25.392531)
2014-05-12 20:52:40.000000,-25.392531,-49.229802,POINT (-49.229802 -25.392531)
2014-05-12 20:52:50.000000,-25.392531,-49.229802,POINT (-49.229802 -25.392531)
2014-05-12 20:53:00.000000,-25.392531,-49.229802,POINT (-49.229802 -25.392531)
2014-05-12 20:53:10.000000,-25.392531,-49.229802,POINT (-49.229802 -25.392531)
2014-05-12 20:53:20.000000,-25.392531,-49.229802,POINT (-49.229802 -25.392531)
2014-05-12 20:53:30.000000,-25.392531,-49.229802,POINT (-49.229802 -25.392531)
2014-05-12 20:53:40.000000,-25.392531,-49.229802,POINT (-49.229802 -25.392531)
2014-05-12 20:53:50.000000,-25.392531,-49.229802,POINT (-49.229802 -25.392531)
2014-05-12 20:54:00.000000,-25.392531,-49.229802,POINT (-49.229802 -25.392531)
2014-05-12 20:54:10.000000,-25.392531,-49.229802,POINT (-49.229802 -25.392531)
2014-05-12 20:54:20.000000,-25.392531,-49.229802,POINT (-49.229802 -25.392531)
2014-05-12 20:54:30.000000,-25.392531,-49.229802,POINT (-49.229802 -25.392531)
2014-05-12 20:54:40.000000,-25.392531,-49.229802,POINT (-49.229802 -25.392531)
2014-05-12 20:54:50.000000,-25.392531,-49.229802,POINT (-49.229802 -25.392531)
2014-05-12 20:55:00.000000,-25.392531,-49.229802,POINT (-49.229802 -25.392531)
2014-05-12 20:55:10.000000,-25.392531,-49.229802,POINT (-49.229802 -25.392531)
2014-05-12 20:55:20.000000,-25.392531,-49.229802,POINT (-49.229802 -25.392531)
2014-05-12 20:55:30.000000,-25.392531,-49.229802,POINT (-49.229802 -25.392531)
2014-05-12 20:55:40.000000,-25.392531,-49.229802,POINT (-49.229802 -25.392531)
2014-05-12 20:55:50.000000,-25.392531,-49.229802,POINT (-49.229802 -25.392531)
2014-05-12 20:56:00.000000,-25.392531,-49.229802,POINT (-49.229802 -25.392531)
2014-05-12 20:56:10.000000,-25.392531,-49.229802,POINT (-49.229802 -25.392531)
2014-05-12 20:56:20.000000,-25.392531,-49.229802,POINT (-49.229802 -25.392531)
2014-05-12 20:56:30.000000,-25.392531,-49.229802,POINT (-49.229802 -25.392531)
2014-05-12 20:56:40.000000,-25.392531,-49.229802,POINT (-49.229802 -25.392531)
2014-05-12 20:56:50.000000,-25.392531,-49.229802,POINT (-49.229802 -25.392531)
2014-05-12 20:57:00.000000,-25.392531,-49.229802,POINT (-49.229802 -25.392531)
2014-05-12 20:57:10.000000,-25.392531,-49.229802,POINT (-49.229802 -25.392531)
2014-05-12 20:57:20.000000,-25.392531,-49.229802,POINT (-49.229802 -25.392531)
2014-05-12 20:57:30.000000,-25.392531,-49.229802,POINT (-49.229802 -25.392531)
2014-05-12 20:57:40.000000,-25.392531,-49.229802,POINT (-49.229802 -25.392531)
2014-05-12 20:57:50.000000,-25.392531,-49.229802,POINT (-49.229802 -25.392531)
2014-05-12 20:58:00.000000,-25.392531,-49.229802,POINT (-49.229802 -25.392531)
2014-05-12 20:58:10.000000,-25.392531,-49.229802,POINT (-49.229802 -25.392531)
2014-05-12 20:58:20.000000,-25.392531,-49.229802,POINT (-49.229802 -25.392531)
2014-05-12 20:58:30.000000,-25.392531,-49.229802,POINT (-49.229802 -25.392531)
2014-05-12 20:58:40.000000,-25.392531,-49.229802,POINT (-49.229802 -25.392531)
2014-05-12 20:58:50.000000,-25.392531,-49.229802,POINT (-49.229802 -25.392531)
2014-05-12 20:59:00.000000,-25.392531,-49.229802,POINT (-49.229802 -25.392531)
2014-05-12 20:59:10.000000,-25.392531,-49.229802,POINT (-49.229802 -25.392531)
2014-05-12 20:59:20.000000,-25.392531,-49.229802,POINT (-49.229802 -25.392531)
2014-05-12 20:59:30.000000,-25.392531,-49.229802,POINT (-49.229802 -25.392531)
2014-05-12 20:59:40.000000,-25.392531,-49.229802,POINT (-49.229802 -25.392531)
2014-05-12 20:59:50.000000,-25.392531,-49.229802,POINT (-49.229802 -25.392531)
