timestamp,lat,lon,geometry
2014-05-19 07:00:00.000000,-25.374540548,-49.2243601686,POINT (-49.2243601686 -25.374540548)
2014-05-19 07:00:10.000000,-25.374540548,-49.2243601686,POINT (-49.2243601686 -25.374540548)
2014-05-19 07:00:20.000000,-25.374540548,-49.2243601686,POINT (-49.2243601686 -25.374540548)
2014-05-19 07:00:30.000000,-25.374540548,-49.2243601686,POINT (-49.2243601686 -25.374540548)
2014-05-19 07:00:40.000000,-25.374540548,-49.2243601686,POINT (-49.2243601686 -25.374540548)
2014-05-19 07:00:50.000000,-25.374540548,-49.2243601686,POINT (-49.2243601686 -25.374540548)
2014-05-19 07:01:00.000000,-25.374540548,-49.2243601686,POINT (-49.2243601686 -25.374540548)
2014-05-19 07:01:10.000000,-25.374540548,-49.2243601686,POINT (-49.2243601686 -25.374540548)
2014-05-19 07:01:20.000000,-25.374540548,-49.2243601686,POINT (-49.2243601686 -25.374540548)
2014-05-19 07:01:30.000000,-25.374540548,-49.2243601686,POINT (-49.2243601686 -25.374540548)
2014-05-19 07:01:40.000000,-25.374540548,-49.2243601686,POINT (-49.2243601686 -25.374540548)
2014-05-19 07:01:50.000000,-25.374540548,-49.2243601686,POINT (-49.2243601686 -25.374540548)
2014-05-19 07:02:00.000000,-25.374540548,-49.2243601686,POINT (-49.2243601686 -25.374540548)
2014-05-19 07:02:10.000000,-25.374540548,-49.2243601686,POINT (-49.2243601686 -25.374540548)
2014-05-19 07:02:20.000000,-25.374540548,-49.2243601686,POINT (-49.2243601686 -25.374540548)
2014-05-19 07:02:30.000000,-25.374540548,-49.2243601686,POINT (-49.2243601686 -25.374540548)
2014-05-19 07:02:40.000000,-25.374540548,-49.2243601686,POINT (-49.2243601686 -25.374540548)
2014-05-19 07:02:50.000000,-25.374540548,-49.2243601686,POINT (-49.2243601686 -25.374540548)
2014-05-19 07:03:00.000000,-25.374540548,-49.2243601686,POINT (-49.2243601686 -25.374540548)
2014-05-19 07:03:10.000000,-25.374540548,-49.2243601686,POINT (-49.2243601686 -25.374540548)
2014-05-19 07:03:20.000000,-25.374540548,-49.2243601686,POINT (-49.2243601686 -25.374540548)
2014-05-19 07:03:30.000000,-25.374540548,-49.2243601686,POINT (-49.2243601686 -25.374540548)
2014-05-19 07:03:40.000000,-25.374540548,-49.2243601686,POINT (-49.2243601686 -25.374540548)
2014-05-19 07:03:50.000000,-25.374540548,-49.2243601686,POINT (-49.2243601686 -25.374540548)
2014-05-19 07:04:00.000000,-25.374540548,-49.2243601686,POINT (-49.2243601686 -25.374540548)
2014-05-19 07:04:10.000000,-25.374540548,-49.2243601686,POINT (-49.2243601686 -25.374540548)
2014-05-19 07:04:20.000000,-25.374540548,-49.2243601686,POINT (-49.2243601686 -25.374540548)
2014-05-19 07:04:30.000000,-25.374540548,-49.2243601686,POINT (-49.2243601686 -25.374540548)
2014-05-19 07:04:40.000000,-25.374540548,-49.2243601686,POINT (-49.2243601686 -25.374540548)
2014-05-19 07:04:50.000000,-25.374540548,-49.2243601686,POINT (-49.2243601686 -25.374540548)
2014-05-19 07:05:00.000000,-25.374540548,-49.2243601686,POINT (-49.2243601686 -25.374540548)
2014-05-19 07:05:10.000000,-25.374540548,-49.2243601686,POINT (-49.2243601686 -25.374540548)
2014-05-19 07:05:20.000000,-25.374540548,-49.2243601686,POINT (-49.2243601686 -25.374540548)
2014-05-19 07:05:30.000000,-25.374540548,-49.2243601686,POINT (-49.2243601686 -25.374540548)
2014-05-19 07:05:40.000000,-25.374540548,-49.2243601686,POINT (-49.2243601686 -25.374540548)
2014-05-19 07:05:50.000000,-25.374540548,-49.2243601686,POINT (-49.2243601686 -25.374540548)
2014-05-19 07:06:00.000000,-25.374540548,-49.2243601686,POINT (-49.2243601686 -25.374540548)
2014-05-19 07:06:10.000000,-25.374540548,-49.2243601686,POINT (-49.2243601686 -25.374540548)
2014-05-19 07:06:20.000000,-25.374540548,-49.2243601686,POINT (-49.2243601686 -25.374540548)
2014-05-19 07:06:30.000000,-25.374540548,-49.2243601686,POINT (-49.2243601686 -25.374540548)
2014-05-19 07:06:40.000000,-25.374540548,-49.2243601686,POINT (-49.2243601686 -25.374540548)
2014-05-19 07:06:50.000000,-25.374540548,-49.2243601686,POINT (-49.2243601686 -25.374540548)
2014-05-19 07:07:00.000000,-25.374540548,-49.2243601686,POINT (-49.2243601686 -25.374540548)
2014-05-19 07:07:10.000000,-25.374540548,-49.2243601686,POINT (-49.2243601686 -25.374540548)
2014-05-19 07:07:20.000000,-25.374540548,-49.2243601686,POINT (-49.2243601686 -25.374540548)
2014-05-19 07:07:30.000000,-25.374540548,-49.2243601686,POINT (-49.2243601686 -25.374540548)
2014-05-19 07:07:40.000000,-25.374540548,-49.2243601686,POINT (-49.2243601686 -25.374540548)
2014-05-19 07:07:50.000000,-25.374540548,-49.2243601686,POINT (-49.2243601686 -25.374540548)
2014-05-19 07:08:00.000000,-25.374540548,-49.2243601686,POINT (-49.2243601686 -25.374540548)
2014-05-19 07:08:10.000000,-25.374540548,-49.2243601686,POINT (-49.2243601686 -25.374540548)
2014-05-19 07:08:20.000000,-25.374540548,-49.2243601686,POINT (-49.2243601686 -25.374540548)
2014-05-19 07:08:30.000000,-25.374540548,-49.2243601686,POINT (-49.2243601686 -25.374540548)
2014-05-19 07:08:40.000000,-25.374540548,-49.2243601686,POINT (-49.2243601686 -25.374540548)
2014-05-19 07:08:50.000000,-25.374540548,-49.2243601686,POINT (-49.2243601686 -25.374540548)
2014-05-19 07:09:00.000000,-25.374540548,-49.2243601686,POINT (-49.2243601686 -25.374540548)
2014-05-19 07:09:10.000000,-25.374540548,-49.2243601686,POINT (-49.2243601686 -25.374540548)
2014-05-19 07:09:20.000000,-25.374540548,-49.2243601686,POINT (-49.2243601686 -25.374540548)
2014-05-19 07:09:30.000000,-25.374540548,-49.2243601686,POINT (-49.2243601686 -25.374540548)
2014-05-19 07:09:40.000000,-25.374540548,-49.2243601686,POINT (-49.2243601686 -25.374540548)
2014-05-19 07:09:50.000000,-25.374540548,-49.2243601686,POINT (-49.2243601686 -25.374540548)
2014-05-19 07:10:00.000000,-25.374540548,-49.2243601686,POINT (-49.2243601686 -25.374540548)
2014-05-19 07:10:10.000000,-25.374540548,-49.2243601686,POINT (-49.2243601686 -25.374540548)
2014-05-19 07:10:20.000000,-25.374540548,-49.2243601686,POINT (-49.2243601686 -25.374540548)
2014-05-19 07:10:30.000000,-25.374540548,-49.2243601686,POINT (-49.2243601686 -25.374540548)
2014-05-19 07:10:40.000000,-25.374540548,-49.2243601686,POINT (-49.2243601686 -25.374540548)
2014-05-19 07:10:50.000000,-25.374540548,-49.2243601686,POINT (-49.2243601686 -25.374540548)
2014-05-19 07:11:00.000000,-25.374540548,-49.2243601686,POINT (-49.2243601686 -25.374540548)
2014-05-19 07:11:10.000000,-25.374540548,-49.2243601686,POINT (-49.2243601686 -25.374540548)
2014-05-19 07:11:20.000000,-25.374540548,-49.2243601686,POINT (-49.2243601686 -25.374540548)
2014-05-19 07:11:30.000000,-25.374540548,-49.2243601686,POINT (-49.2243601686 -25.374540548)
2014-05-19 07:11:40.000000,-25.374540548,-49.2243601686,POINT (-49.2243601686 -25.374540548)
2014-05-19 07:11:50.000000,-25.374540548,-49.2243601686,POINT (-49.2243601686 -25.374540548)
2014-05-19 07:12:00.000000,-25.374540548,-49.2243601686,POINT (-49.2243601686 -25.374540548)
2014-05-19 07:12:10.000000,-25.374540548,-49.2243601686,POINT (-49.2243601686 -25.374540548)
2014-05-19 07:12:20.000000,-25.374540548,-49.2243601686,POINT (-49.2243601686 -25.374540548)
2014-05-19 07:12:30.000000,-25.374540548,-49.2243601686,POINT (-49.2243601686 -25.374540548)
2014-05-19 07:12:40.000000,-25.374540548,-49.2243601686,POINT (-49.2243601686 -25.374540548)
2014-05-19 07:12:50.000000,-25.374540548,-49.2243601686,POINT (-49.2243601686 -25.374540548)
2014-05-19 07:13:00.000000,-25.374540548,-49.2243601686,POINT (-49.2243601686 -25.374540548)
2014-05-19 07:13:10.000000,-25.374540548,-49.2243601686,POINT (-49.2243601686 -25.374540548)
2014-05-19 07:13:20.000000,-25.374540548,-49.2243601686,POINT (-49.2243601686 -25.374540548)
2014-05-19 07:13:30.000000,-25.374540548,-49.2243601686,POINT (-49.2243601686 -25.374540548)
2014-05-19 07:13:40.000000,-25.374540548,-49.2243601686,POINT (-49.2243601686 -25.374540548)
2014-05-19 07:13:50.000000,-25.374540548,-49.2243601686,POINT (-49.2243601686 -25.374540548)
2014-05-19 07:14:00.000000,-25.374540548,-49.2243601686,POINT (-49.2243601686 -25.374540548)
2014-05-19 07:14:10.000000,-25.374540548,-49.2243601686,POINT (-49.2243601686 -25.374540548)
2014-05-19 07:14:20.000000,-25.374540548,-49.2243601686,POINT (-49.2243601686 -25.374540548)
2014-05-19 07:14:30.000000,-25.374540548,-49.2243601686,POINT (-49.2243601686 -25.374540548)
2014-05-19 07:14:40.000000,-25.374540548,-49.2243601686,POINT (-49.2243601686 -25.374540548)
2014-05-19 07:14:50.000000,-25.374540548,-49.2243601686,POINT (-49.2243601686 -25.374540548)
2014-05-19 07:15:00.000000,-25.374540548,-49.2243601686,POINT (-49.2243601686 -25.374540548)
2014-05-19 07:15:10.000000,-25.374540548,-49.2243601686,POINT (-49.2243601686 -25.374540548)
2014-05-19 07:15:20.000000,-25.374540548,-49.2243601686,POINT (-49.2243601686 -25.374540548)
2014-05-19 07:15:30.000000,-25.374540548,-49.2243601686,POINT (-49.2243601686 -25.374540548)
2014-05-19 07:15:40.000000,-25.374540548,-49.2243601686,POINT (-49.2243601686 -25.374540548)
2014-05-19 07:15:50.000000,-25.374540548,-49.2243601686,POINT (-49.2243601686 -25.374540548)
2014-05-19 07:16:00.000000,-25.374540548,-49.2243601686,POINT (-49.2243601686 -25.374540548)
2014-05-19 07:16:10.000000,-25.374540548,-49.2243601686,POINT (-49.2243601686 -25.374540548)
2014-05-19 07:16:20.000000,-25.374540548,-49.2243601686,POINT (-49.2243601686 -25.374540548)
2014-05-19 07:16:30.000000,-25.374540548,-49.2243601686,POINT (-49.2243601686 -25.374540548)
2014-05-19 07:16:40.000000,-25.374540548,-49.2243601686,POINT (-49.2243601686 -25.374540548)
2014-05-19 07:16:50.000000,-25.374540548,-49.2243601686,POINT (-49.2243601686 -25.374540548)
2014-05-19 07:17:00.000000,-25.374540548,-49.2243601686,POINT (-49.2243601686 -25.374540548)
2014-05-19 07:17:10.000000,-25.374540548,-49.2243601686,POINT (-49.2243601686 -25.374540548)
2014-05-19 07:17:20.000000,-25.374540548,-49.2243601686,POINT (-49.2243601686 -25.374540548)
2014-05-19 07:17:30.000000,-25.374540548,-49.2243601686,POINT (-49.2243601686 -25.374540548)
2014-05-19 07:17:40.000000,-25.374540548,-49.2243601686,POINT (-49.2243601686 -25.374540548)
2014-05-19 07:17:50.000000,-25.374540548,-49.2243601686,POINT (-49.2243601686 -25.374540548)
2014-05-19 07:18:00.000000,-25.374540548,-49.2243601686,POINT (-49.2243601686 -25.374540548)
2014-05-19 07:18:10.000000,-25.374540548,-49.2243601686,POINT (-49.2243601686 -25.374540548)
2014-05-19 07:18:20.000000,-25.374540548,-49.2243601686,POINT (-49.2243601686 -25.374540548)
2014-05-19 07:18:30.000000,-25.374540548,-49.2243601686,POINT (-49.2243601686 -25.374540548)
2014-05-19 07:18:40.000000,-25.374540548,-49.2243601686,POINT (-49.2243601686 -25.374540548)
2014-05-19 07:18:50.000000,-25.374540548,-49.2243601686,POINT (-49.2243601686 -25.374540548)
2014-05-19 07:19:00.000000,-25.374540548,-49.2243601686,POINT (-49.2243601686 -25.374540548)
2014-05-19 07:19:10.000000,-25.374540548,-49.2243601686,POINT (-49.2243601686 -25.374540548)
2014-05-19 07:19:20.000000,-25.374540548,-49.2243601686,POINT (-49.2243601686 -25.374540548)
2014-05-19 07:19:30.000000,-25.374540548,-49.2243601686,POINT (-49.2243601686 -25.374540548)
2014-05-19 07:19:40.000000,-25.374540548,-49.2243601686,POINT (-49.2243601686 -25.374540548)
2014-05-19 07:19:50.000000,-25.374540548,-49.2243601686,POINT (-49.2243601686 -25.374540548)
2014-05-19 07:20:00.000000,-25.374540548,-49.2243601686,POINT (-49.2243601686 -25.374540548)
2014-05-19 07:20:10.000000,-25.374540548,-49.2243601686,POINT (-49.2243601686 -25.374540548)
2014-05-19 07:20:20.000000,-25.374540548,-49.2243601686,POINT (-49.2243601686 -25.374540548)
2014-05-19 07:20:30.000000,-25.374540548,-49.2243601686,POINT (-49.2243601686 -25.374540548)
2014-05-19 07:20:40.000000,-25.374540548,-49.2243601686,POINT (-49.2243601686 -25.374540548)
2014-05-19 07:20:50.000000,-25.374540548,-49.2243601686,POINT (-49.2243601686 -25.374540548)
2014-05-19 07:21:00.000000,-25.374540548,-49.2243601686,POINT (-49.2243601686 -25.374540548)
2014-05-19 07:21:10.000000,-25.374540548,-49.2243601686,POINT (-49.2243601686 -25.374540548)
2014-05-19 07:21:20.000000,-25.374540548,-49.2243601686,POINT (-49.2243601686 -25.374540548)
2014-05-19 07:21:30.000000,-25.374540548,-49.2243601686,POINT (-49.2243601686 -25.374540548)
2014-05-19 07:21:40.000000,-25.374540548,-49.2243601686,POINT (-49.2243601686 -25.374540548)
2014-05-19 07:21:50.000000,-25.374540548,-49.2243601686,POINT (-49.2243601686 -25.374540548)
2014-05-19 07:22:00.000000,-25.374540548,-49.2243601686,POINT (-49.2243601686 -25.374540548)
2014-05-19 07:22:10.000000,-25.374540548,-49.2243601686,POINT (-49.2243601686 -25.374540548)
2014-05-19 07:22:20.000000,-25.374540548,-49.2243601686,POINT (-49.2243601686 -25.374540548)
2014-05-19 07:22:30.000000,-25.374540548,-49.2243601686,POINT (-49.2243601686 -25.374540548)
2014-05-19 07:22:40.000000,-25.374540548,-49.2243601686,POINT (-49.2243601686 -25.374540548)
2014-05-19 07:22:50.000000,-25.374540548,-49.2243601686,POINT (-49.2243601686 -25.374540548)
2014-05-19 07:23:00.000000,-25.374540548,-49.2243601686,POINT (-49.2243601686 -25.374540548)
2014-05-19 07:23:10.000000,-25.374540548,-49.2243601686,POINT (-49.2243601686 -25.374540548)
2014-05-19 07:23:20.000000,-25.374540548,-49.2243601686,POINT (-49.2243601686 -25.374540548)
2014-05-19 07:23:30.000000,-25.374540548,-49.2243601686,POINT (-49.2243601686 -25.374540548)
2014-05-19 07:23:40.000000,-25.374540548,-49.2243601686,POINT (-49.2243601686 -25.374540548)
2014-05-19 07:23:50.000000,-25.374540548,-49.2243601686,POINT (-49.2243601686 -25.374540548)
2014-05-19 07:24:00.000000,-25.374540548,-49.2243601686,POINT (-49.2243601686 -25.374540548)
2014-05-19 07:24:10.000000,-25.374540548,-49.2243601686,POINT (-49.2243601686 -25.374540548)
2014-05-19 07:24:20.000000,-25.374540548,-49.2243601686,POINT (-49.2243601686 -25.374540548)
2014-05-19 07:24:30.000000,-25.374540548,-49.2243601686,POINT (-49.2243601686 -25.374540548)
2014-05-19 07:24:40.000000,-25.374540548,-49.2243601686,POINT (-49.2243601686 -25.374540548)
2014-05-19 07:24:50.000000,-25.374540548,-49.2243601686,POINT (-49.2243601686 -25.374540548)
2014-05-19 07:25:00.000000,-25.374540548,-49.2243601686,POINT (-49.2243601686 -25.374540548)
2014-05-19 07:25:10.000000,-25.374540548,-49.2243601686,POINT (-49.2243601686 -25.374540548)
2014-05-19 07:25:20.000000,-25.374540548,-49.2243601686,POINT (-49.2243601686 -25.374540548)
2014-05-19 07:25:30.000000,-25.374540548,-49.2243601686,POINT (-49.2243601686 -25.374540548)
2014-05-19 07:25:40.000000,-25.374540548,-49.2243601686,POINT (-49.2243601686 -25.374540548)
2014-05-19 07:25:50.000000,-25.374540548,-49.2243601686,POINT (-49.2243601686 -25.374540548)
2014-05-19 07:26:00.000000,-25.374540548,-49.2243601686,POINT (-49.2243601686 -25.374540548)
2014-05-19 07:26:10.000000,-25.374540548,-49.2243601686,POINT (-49.2243601686 -25.374540548)
2014-05-19 07:26:20.000000,-25.374540548,-49.2243601686,POINT (-49.2243601686 -25.374540548)
2014-05-19 07:26:30.000000,-25.374540548,-49.2243601686,POINT (-49.2243601686 -25.374540548)
2014-05-19 07:26:40.000000,-25.374540548,-49.2243601686,POINT (-49.2243601686 -25.374540548)
2014-05-19 07:26:50.000000,-25.374540548,-49.2243601686,POINT (-49.2243601686 -25.374540548)
2014-05-19 07:27:00.000000,-25.374540548,-49.2243601686,POINT (-49.2243601686 -25.374540548)
2014-05-19 07:27:10.000000,-25.374540548,-49.2243601686,POINT (-49.2243601686 -25.374540548)
2014-05-19 07:27:20.000000,-25.374540548,-49.2243601686,POINT (-49.2243601686 -25.374540548)
2014-05-19 07:27:30.000000,-25.374540548,-49.2243601686,POINT (-49.2243601686 -25.374540548)
2014-05-19 07:27:40.000000,-25.374540548,-49.2243601686,POINT (-49.2243601686 -25.374540548)
2014-05-19 07:27:50.000000,-25.374540548,-49.2243601686,POINT (-49.2243601686 -25.374540548)
2014-05-19 07:28:00.000000,-25.374540548,-49.2243601686,POINT (-49.2243601686 -25.374540548)
2014-05-19 07:28:10.000000,-25.374540548,-49.2243601686,POINT (-49.2243601686 -25.374540548)
2014-05-19 07:28:20.000000,-25.374540548,-49.2243601686,POINT (-49.2243601686 -25.374540548)
2014-05-19 07:28:30.000000,-25.374540548,-49.2243601686,POINT (-49.2243601686 -25.374540548)
2014-05-19 07:28:40.000000,-25.374540548,-49.2243601686,POINT (-49.2243601686 -25.374540548)
2014-05-19 07:28:50.000000,-25.374540548,-49.2243601686,POINT (-49.2243601686 -25.374540548)
2014-05-19 07:29:00.000000,-25.374540548,-49.2243601686,POINT (-49.2243601686 -25.374540548)
2014-05-19 07:29:10.000000,-25.374540548,-49.2243601686,POINT (-49.2243601686 -25.374540548)
2014-05-19 07:29:20.000000,-25.374540548,-49.2243601686,POINT (-49.2243601686 -25.374540548)
2014-05-19 07:29:30.000000,-25.374540548,-49.2243601686,POINT (-49.2243601686 -25.374540548)
2014-05-19 07:29:40.000000,-25.374540548,-49.2243601686,POINT (-49.2243601686 -25.374540548)
2014-05-19 07:29:50.000000,-25.374540548,-49.2243601686,POINT (-49.2243601686 -25.374540548)
2014-05-19 07:30:00.000000,-25.374540548,-49.2243601686,POINT (-49.2243601686 -25.374540548)
2014-05-19 07:30:10.000000,-25.374540548,-49.2243601686,POINT (-49.2243601686 -25.374540548)
2014-05-19 07:30:20.000000,-25.374540548,-49.2243601686,POINT (-49.2243601686 -25.374540548)
2014-05-19 07:30:30.000000,-25.374540548,-49.2243601686,POINT (-49.2243601686 -25.374540548)
2014-05-19 07:30:40.000000,-25.374540548,-49.2243601686,POINT (-49.2243601686 -25.374540548)
2014-05-19 07:30:50.000000,-25.374540548,-49.2243601686,POINT (-49.2243601686 -25.374540548)
2014-05-19 07:31:00.000000,-25.374540548,-49.2243601686,POINT (-49.2243601686 -25.374540548)
2014-05-19 07:31:10.000000,-25.374540548,-49.2243601686,POINT (-49.2243601686 -25.374540548)
2014-05-19 07:31:20.000000,-25.374540548,-49.2243601686,POINT (-49.2243601686 -25.374540548)
2014-05-19 07:31:30.000000,-25.374540548,-49.2243601686,POINT (-49.2243601686 -25.374540548)
2014-05-19 07:31:40.000000,-25.374540548,-49.2243601686,POINT (-49.2243601686 -25.374540548)
2014-05-19 07:31:50.000000,-25.374540548,-49.2243601686,POINT (-49.2243601686 -25.374540548)
2014-05-19 07:32:00.000000,-25.374540548,-49.2243601686,POINT (-49.2243601686 -25.374540548)
2014-05-19 07:32:10.000000,-25.374540548,-49.2243601686,POINT (-49.2243601686 -25.374540548)
2014-05-19 07:32:20.000000,-25.374540548,-49.2243601686,POINT (-49.2243601686 -25.374540548)
2014-05-19 07:32:30.000000,-25.374540548,-49.2243601686,POINT (-49.2243601686 -25.374540548)
2014-05-19 07:32:40.000000,-25.374540548,-49.2243601686,POINT (-49.2243601686 -25.374540548)
2014-05-19 07:32:50.000000,-25.374540548,-49.2243601686,POINT (-49.2243601686 -25.374540548)
2014-05-19 07:33:00.000000,-25.374540548,-49.2243601686,POINT (-49.2243601686 -25.374540548)
2014-05-19 07:33:10.000000,-25.374540548,-49.2243601686,POINT (-49.2243601686 -25.374540548)
2014-05-19 07:33:20.000000,-25.374540548,-49.2243601686,POINT (-49.2243601686 -25.374540548)
2014-05-19 07:33:30.000000,-25.374540548,-49.2243601686,POINT (-49.2243601686 -25.374540548)
2014-05-19 07:33:40.000000,-25.374540548,-49.2243601686,POINT (-49.2243601686 -25.374540548)
2014-05-19 07:33:50.000000,-25.374540548,-49.2243601686,POINT (-49.2243601686 -25.374540548)
2014-05-19 07:34:00.000000,-25.374540548,-49.2243601686,POINT (-49.2243601686 -25.374540548)
2014-05-19 07:34:10.000000,-25.374540548,-49.2243601686,POINT (-49.2243601686 -25.374540548)
2014-05-19 07:34:20.000000,-25.374540548,-49.2243601686,POINT (-49.2243601686 -25.374540548)
2014-05-19 07:34:30.000000,-25.374540548,-49.2243601686,POINT (-49.2243601686 -25.374540548)
2014-05-19 07:34:40.000000,-25.374540548,-49.2243601686,POINT (-49.2243601686 -25.374540548)
2014-05-19 07:34:50.000000,-25.374540548,-49.2243601686,POINT (-49.2243601686 -25.374540548)
2014-05-19 07:35:00.000000,-25.374540548,-49.2243601686,POINT (-49.2243601686 -25.374540548)
2014-05-19 07:35:10.000000,-25.374540548,-49.2243601686,POINT (-49.2243601686 -25.374540548)
2014-05-19 07:35:20.000000,-25.374540548,-49.2243601686,POINT (-49.2243601686 -25.374540548)
2014-05-19 07:35:30.000000,-25.374540548,-49.2243601686,POINT (-49.2243601686 -25.374540548)
2014-05-19 07:35:40.000000,-25.374540548,-49.2243601686,POINT (-49.2243601686 -25.374540548)
2014-05-19 07:35:50.000000,-25.374540548,-49.2243601686,POINT (-49.2243601686 -25.374540548)
2014-05-19 07:36:00.000000,-25.374540548,-49.2243601686,POINT (-49.2243601686 -25.374540548)
2014-05-19 07:36:10.000000,-25.374540548,-49.2243601686,POINT (-49.2243601686 -25.374540548)
2014-05-19 07:36:20.000000,-25.374540548,-49.2243601686,POINT (-49.2243601686 -25.374540548)
2014-05-19 07:36:30.000000,-25.374540548,-49.2243601686,POINT (-49.2243601686 -25.374540548)
2014-05-19 07:36:40.000000,-25.374540548,-49.2243601686,POINT (-49.2243601686 -25.374540548)
2014-05-19 07:36:50.000000,-25.374540548,-49.2243601686,POINT (-49.2243601686 -25.374540548)
2014-05-19 07:37:00.000000,-25.374540548,-49.2243601686,POINT (-49.2243601686 -25.374540548)
2014-05-19 07:37:10.000000,-25.374540548,-49.2243601686,POINT (-49.2243601686 -25.374540548)
2014-05-19 07:37:20.000000,-25.374540548,-49.2243601686,POINT (-49.2243601686 -25.374540548)
2014-05-19 07:37:30.000000,-25.374540548,-49.2243601686,POINT (-49.2243601686 -25.374540548)
2014-05-19 07:37:40.000000,-25.374540548,-49.2243601686,POINT (-49.2243601686 -25.374540548)
2014-05-19 07:37:50.000000,-25.374540548,-49.2243601686,POINT (-49.2243601686 -25.374540548)
2014-05-19 07:38:00.000000,-25.374540548,-49.2243601686,POINT (-49.2243601686 -25.374540548)
2014-05-19 07:38:10.000000,-25.374540548,-49.2243601686,POINT (-49.2243601686 -25.374540548)
2014-05-19 07:38:20.000000,-25.374540548,-49.2243601686,POINT (-49.2243601686 -25.374540548)
2014-05-19 07:38:30.000000,-25.374540548,-49.2243601686,POINT (-49.2243601686 -25.374540548)
2014-05-19 07:38:40.000000,-25.374540548,-49.2243601686,POINT (-49.2243601686 -25.374540548)
2014-05-19 07:38:50.000000,-25.374540548,-49.2243601686,POINT (-49.2243601686 -25.374540548)
2014-05-19 07:39:00.000000,-25.374540548,-49.2243601686,POINT (-49.2243601686 -25.374540548)
2014-05-19 07:39:10.000000,-25.374540548,-49.2243601686,POINT (-49.2243601686 -25.374540548)
2014-05-19 07:39:20.000000,-25.374540548,-49.2243601686,POINT (-49.2243601686 -25.374540548)
2014-05-19 07:39:30.000000,-25.374540548,-49.2243601686,POINT (-49.2243601686 -25.374540548)
2014-05-19 07:39:40.000000,-25.374540548,-49.2243601686,POINT (-49.2243601686 -25.374540548)
2014-05-19 07:39:50.000000,-25.374540548,-49.2243601686,POINT (-49.2243601686 -25.374540548)
2014-05-19 07:40:00.000000,-25.374540548,-49.2243601686,POINT (-49.2243601686 -25.374540548)
2014-05-19 07:40:10.000000,-25.374540548,-49.2243601686,POINT (-49.2243601686 -25.374540548)
2014-05-19 07:40:20.000000,-25.374540548,-49.2243601686,POINT (-49.2243601686 -25.374540548)
2014-05-19 07:40:30.000000,-25.374540548,-49.2243601686,POINT (-49.2243601686 -25.374540548)
2014-05-19 07:40:40.000000,-25.374540548,-49.2243601686,POINT (-49.2243601686 -25.374540548)
2014-05-19 07:40:50.000000,-25.374540548,-49.2243601686,POINT (-49.2243601686 -25.374540548)
2014-05-19 07:41:00.000000,-25.374540548,-49.2243601686,POINT (-49.2243601686 -25.374540548)
2014-05-19 07:41:10.000000,-25.374540548,-49.2243601686,POINT (-49.2243601686 -25.374540548)
2014-05-19 07:41:20.000000,-25.374540548,-49.2243601686,POINT (-49.2243601686 -25.374540548)
2014-05-19 07:41:30.000000,-25.374540548,-49.2243601686,POINT (-49.2243601686 -25.374540548)
2014-05-19 07:41:40.000000,-25.374540548,-49.2243601686,POINT (-49.2243601686 -25.374540548)
2014-05-19 07:41:50.000000,-25.374540548,-49.2243601686,POINT (-49.2243601686 -25.374540548)
2014-05-19 07:42:00.000000,-25.374540548,-49.2243601686,POINT (-49.2243601686 -25.374540548)
2014-05-19 07:42:10.000000,-25.374540548,-49.2243601686,POINT (-49.2243601686 -25.374540548)
2014-05-19 07:42:20.000000,-25.374540548,-49.2243601686,POINT (-49.2243601686 -25.374540548)
2014-05-19 07:42:30.000000,-25.374540548,-49.2243601686,POINT (-49.2243601686 -25.374540548)
2014-05-19 07:42:40.000000,-25.374540548,-49.2243601686,POINT (-49.2243601686 -25.374540548)
2014-05-19 07:42:50.000000,-25.374540548,-49.2243601686,POINT (-49.2243601686 -25.374540548)
2014-05-19 07:43:00.000000,-25.374540548,-49.2243601686,POINT (-49.2243601686 -25.374540548)
2014-05-19 07:43:10.000000,-25.374540548,-49.2243601686,POINT (-49.2243601686 -25.374540548)
2014-05-19 07:43:20.000000,-25.374540548,-49.2243601686,POINT (-49.2243601686 -25.374540548)
2014-05-19 07:43:30.000000,-25.374540548,-49.2243601686,POINT (-49.2243601686 -25.374540548)
2014-05-19 07:43:40.000000,-25.374540548,-49.2243601686,POINT (-49.2243601686 -25.374540548)
2014-05-19 07:43:50.000000,-25.374540548,-49.2243601686,POINT (-49.2243601686 -25.374540548)
2014-05-19 07:44:00.000000,-25.374540548,-49.2243601686,POINT (-49.2243601686 -25.374540548)
2014-05-19 07:44:10.000000,-25.374540548,-49.2243601686,POINT (-49.2243601686 -25.374540548)
2014-05-19 07:44:20.000000,-25.374540548,-49.2243601686,POINT (-49.2243601686 -25.374540548)
2014-05-19 07:44:30.000000,-25.374540548,-49.2243601686,POINT (-49.2243601686 -25.374540548)
2014-05-19 07:44:40.000000,-25.374540548,-49.2243601686,POINT (-49.2243601686 -25.374540548)
2014-05-19 07:44:50.000000,-25.374540548,-49.2243601686,POINT (-49.2243601686 -25.374540548)
2014-05-19 07:45:00.000000,-25.374540548,-49.2243601686,POINT (-49.2243601686 -25.374540548)
2014-05-19 07:45:10.000000,-25.374540548,-49.2243601686,POINT (-49.2243601686 -25.374540548)
2014-05-19 07:45:20.000000,-25.374540548,-49.2243601686,POINT (-49.2243601686 -25.374540548)
2014-05-19 07:45:30.000000,-25.374540548,-49.2243601686,POINT (-49.2243601686 -25.374540548)
2014-05-19 07:45:40.000000,-25.374540548,-49.2243601686,POINT (-49.2243601686 -25.374540548)
2014-05-19 07:45:50.000000,-25.374540548,-49.2243601686,POINT (-49.2243601686 -25.374540548)
2014-05-19 07:46:00.000000,-25.374540548,-49.2243601686,POINT (-49.2243601686 -25.374540548)
2014-05-19 07:46:10.000000,-25.374540548,-49.2243601686,POINT (-49.2243601686 -25.374540548)
2014-05-19 07:46:20.000000,-25.374540548,-49.2243601686,POINT (-49.2243601686 -25.374540548)
2014-05-19 07:46:30.000000,-25.374540548,-49.2243601686,POINT (-49.2243601686 -25.374540548)
2014-05-19 07:46:40.000000,-25.374540548,-49.2243601686,POINT (-49.2243601686 -25.374540548)
2014-05-19 07:46:50.000000,-25.374540548,-49.2243601686,POINT (-49.2243601686 -25.374540548)
2014-05-19 07:47:00.000000,-25.374540548,-49.2243601686,POINT (-49.2243601686 -25.374540548)
2014-05-19 07:47:10.000000,-25.374540548,-49.2243601686,POINT (-49.2243601686 -25.374540548)
2014-05-19 07:47:20.000000,-25.374540548,-49.2243601686,POINT (-49.2243601686 -25.374540548)
2014-05-19 07:47:30.000000,-25.374540548,-49.2243601686,POINT (-49.2243601686 -25.374540548)
2014-05-19 07:47:40.000000,-25.374540548,-49.2243601686,POINT (-49.2243601686 -25.374540548)
2014-05-19 07:47:50.000000,-25.374540548,-49.2243601686,POINT (-49.2243601686 -25.374540548)
2014-05-19 07:48:00.000000,-25.374540548,-49.2243601686,POINT (-49.2243601686 -25.374540548)
2014-05-19 07:48:10.000000,-25.374540548,-49.2243601686,POINT (-49.2243601686 -25.374540548)
2014-05-19 07:48:20.000000,-25.374540548,-49.2243601686,POINT (-49.2243601686 -25.374540548)
2014-05-19 07:48:30.000000,-25.374540548,-49.2243601686,POINT (-49.2243601686 -25.374540548)
2014-05-19 07:48:40.000000,-25.374540548,-49.2243601686,POINT (-49.2243601686 -25.374540548)
2014-05-19 07:48:50.000000,-25.374540548,-49.2243601686,POINT (-49.2243601686 -25.374540548)
2014-05-19 07:49:00.000000,-25.374540548,-49.2243601686,POINT (-49.2243601686 -25.374540548)
2014-05-19 07:49:10.000000,-25.374540548,-49.2243601686,POINT (-49.2243601686 -25.374540548)
2014-05-19 07:49:20.000000,-25.374540548,-49.2243601686,POINT (-49.2243601686 -25.374540548)
2014-05-19 07:49:30.000000,-25.374540548,-49.2243601686,POINT (-49.2243601686 -25.374540548)
2014-05-19 07:49:40.000000,-25.374540548,-49.2243601686,POINT (-49.2243601686 -25.374540548)
2014-05-19 07:49:50.000000,-25.374540548,-49.2243601686,POINT (-49.2243601686 -25.374540548)
2014-05-19 07:50:00.000000,-25.374540548,-49.2243601686,POINT (-49.2243601686 -25.374540548)
2014-05-19 07:50:10.000000,-25.374540548,-49.2243601686,POINT (-49.2243601686 -25.374540548)
2014-05-19 07:50:20.000000,-25.374540548,-49.2243601686,POINT (-49.2243601686 -25.374540548)
2014-05-19 07:50:30.000000,-25.374540548,-49.2243601686,POINT (-49.2243601686 -25.374540548)
2014-05-19 07:50:40.000000,-25.374540548,-49.2243601686,POINT (-49.2243601686 -25.374540548)
2014-05-19 07:50:50.000000,-25.374540548,-49.2243601686,POINT (-49.2243601686 -25.374540548)
2014-05-19 07:51:00.000000,-25.374540548,-49.2243601686,POINT (-49.2243601686 -25.374540548)
2014-05-19 07:51:10.000000,-25.374540548,-49.2243601686,POINT (-49.2243601686 -25.374540548)
2014-05-19 07:51:20.000000,-25.374540548,-49.2243601686,POINT (-49.2243601686 -25.374540548)
2014-05-19 07:51:30.000000,-25.374540548,-49.2243601686,POINT (-49.2243601686 -25.374540548)
2014-05-19 07:51:40.000000,-25.374540548,-49.2243601686,POINT (-49.2243601686 -25.374540548)
2014-05-19 07:51:50.000000,-25.374540548,-49.2243601686,POINT (-49.2243601686 -25.374540548)
2014-05-19 07:52:00.000000,-25.374540548,-49.2243601686,POINT (-49.2243601686 -25.374540548)
2014-05-19 07:52:10.000000,-25.374540548,-49.2243601686,POINT (-49.2243601686 -25.374540548)
2014-05-19 07:52:20.000000,-25.374540548,-49.2243601686,POINT (-49.2243601686 -25.374540548)
2014-05-19 07:52:30.000000,-25.374540548,-49.2243601686,POINT (-49.2243601686 -25.374540548)
2014-05-19 07:52:40.000000,-25.374540548,-49.2243601686,POINT (-49.2243601686 -25.374540548)
2014-05-19 07:52:50.000000,-25.374540548,-49.2243601686,POINT (-49.2243601686 -25.374540548)
2014-05-19 07:53:00.000000,-25.374540548,-49.2243601686,POINT (-49.2243601686 -25.374540548)
2014-05-19 07:53:10.000000,-25.374540548,-49.2243601686,POINT (-49.2243601686 -25.374540548)
2014-05-19 07:53:20.000000,-25.374540548,-49.2243601686,POINT (-49.2243601686 -25.374540548)
2014-05-19 07:53:30.000000,-25.374540548,-49.2243601686,POINT (-49.2243601686 -25.374540548)
2014-05-19 07:53:40.000000,-25.374540548,-49.2243601686,POINT (-49.2243601686 -25.374540548)
2014-05-19 07:53:50.000000,-25.374540548,-49.2243601686,POINT (-49.2243601686 -25.374540548)
2014-05-19 07:54:00.000000,-25.374540548,-49.2243601686,POINT (-49.2243601686 -25.374540548)
2014-05-19 07:54:10.000000,-25.374540548,-49.2243601686,POINT (-49.2243601686 -25.374540548)
2014-05-19 07:54:20.000000,-25.374540548,-49.2243601686,POINT (-49.2243601686 -25.374540548)
2014-05-19 07:54:30.000000,-25.374540548,-49.2243601686,POINT (-49.2243601686 -25.374540548)
2014-05-19 07:54:40.000000,-25.374540548,-49.2243601686,POINT (-49.2243601686 -25.374540548)
2014-05-19 07:54:50.000000,-25.374540548,-49.2243601686,POINT (-49.2243601686 -25.374540548)
2014-05-19 07:55:00.000000,-25.374540548,-49.2243601686,POINT (-49.2243601686 -25.374540548)
2014-05-19 07:55:10.000000,-25.374540548,-49.2243601686,POINT (-49.2243601686 -25.374540548)
2014-05-19 07:55:20.000000,-25.374540548,-49.2243601686,POINT (-49.2243601686 -25.374540548)
2014-05-19 07:55:30.000000,-25.374540548,-49.2243601686,POINT (-49.2243601686 -25.374540548)
2014-05-19 07:55:40.000000,-25.374540548,-49.2243601686,POINT (-49.2243601686 -25.374540548)
2014-05-19 07:55:50.000000,-25.374540548,-49.2243601686,POINT (-49.2243601686 -25.374540548)
2014-05-19 07:56:00.000000,-25.374540548,-49.2243601686,POINT (-49.2243601686 -25.374540548)
2014-05-19 07:56:10.000000,-25.374540548,-49.2243601686,POINT (-49.2243601686 -25.374540548)
2014-05-19 07:56:20.000000,-25.374540548,-49.2243601686,POINT (-49.2243601686 -25.374540548)
2014-05-19 07:56:30.000000,-25.374540548,-49.2243601686,POINT (-49.2243601686 -25.374540548)
2014-05-19 07:56:40.000000,-25.374540548,-49.2243601686,POINT (-49.2243601686 -25.374540548)
2014-05-19 07:56:50.000000,-25.374540548,-49.2243601686,POINT (-49.2243601686 -25.374540548)
2014-05-19 07:57:00.000000,-25.374540548,-49.2243601686,POINT (-49.2243601686 -25.374540548)
2014-05-19 07:57:10.000000,-25.374540548,-49.2243601686,POINT (-49.2243601686 -25.374540548)
2014-05-19 07:57:20.000000,-25.374540548,-49.2243601686,POINT (-49.2243601686 -25.374540548)
2014-05-19 07:57:30.000000,-25.374540548,-49.2243601686,POINT (-49.2243601686 -25.374540548)
2014-05-19 07:57:40.000000,-25.374540548,-49.2243601686,POINT (-49.2243601686 -25.374540548)
2014-05-19 07:57:50.000000,-25.374540548,-49.2243601686,POINT (-49.2243601686 -25.374540548)
2014-05-19 07:58:00.000000,-25.374540548,-49.2243601686,POINT (-49.2243601686 -25.374540548)
2014-05-19 07:58:10.000000,-25.374540548,-49.2243601686,POINT (-49.2243601686 -25.374540548)
2014-05-19 07:58:20.000000,-25.374540548,-49.2243601686,POINT (-49.2243601686 -25.374540548)
2014-05-19 07:58:30.000000,-25.374540548,-49.2243601686,POINT (-49.2243601686 -25.374540548)
2014-05-19 07:58:40.000000,-25.374540548,-49.2243601686,POINT (-49.2243601686 -25.374540548)
2014-05-19 07:58:50.000000,-25.374540548,-49.2243601686,POINT (-49.2243601686 -25.374540548)
2014-05-19 07:59:00.000000,-25.374540548,-49.2243601686,POINT (-49.2243601686 -25.374540548)
2014-05-19 07:59:10.000000,-25.374540548,-49.2243601686,POINT (-49.2243601686 -25.374540548)
2014-05-19 07:59:20.000000,-25.374540548,-49.2243601686,POINT (-49.2243601686 -25.374540548)
2014-05-19 07:59:30.000000,-25.374540548,-49.2243601686,POINT (-49.2243601686 -25.374540548)
2014-05-19 07:59:40.000000,-25.374540548,-49.2243601686,POINT (-49.2243601686 -25.374540548)
2014-05-19 07:59:50.000000,-25.374540548,-49.2243601686,POINT (-49.2243601686 -25.374540548)
2014-05-19 08:00:00.000000,-25.374540548,-49.2243601686,POINT (-49.2243601686 -25.374540548)
2014-05-19 08:00:10.000000,-25.374540548,-49.2243601686,POINT (-49.2243601686 -25.374540548)
2014-05-19 08:00:20.000000,-25.374540548,-49.2243601686,POINT (-49.2243601686 -25.374540548)
2014-05-19 08:00:30.000000,-25.374540548,-49.2243601686,POINT (-49.2243601686 -25.374540548)
2014-05-19 08:00:40.000000,-25.374540548,-49.2243601686,POINT (-49.2243601686 -25.374540548)
2014-05-19 08:00:50.000000,-25.374540548,-49.2243601686,POINT (-49.2243601686 -25.374540548)
2014-05-19 08:01:00.000000,-25.374540548,-49.2243601686,POINT (-49.2243601686 -25.374540548)
2014-05-19 08:01:10.000000,-25.374540548,-49.2243601686,POINT (-49.2243601686 -25.374540548)
2014-05-19 08:01:20.000000,-25.374540548,-49.2243601686,POINT (-49.2243601686 -25.374540548)
2014-05-19 08:01:30.000000,-25.374540548,-49.2243601686,POINT (-49.2243601686 -25.374540548)
2014-05-19 08:01:40.000000,-25.374540548,-49.2243601686,POINT (-49.2243601686 -25.374540548)
2014-05-19 08:01:50.000000,-25.374540548,-49.2243601686,POINT (-49.2243601686 -25.374540548)
2014-05-19 08:02:00.000000,-25.374540548,-49.2243601686,POINT (-49.2243601686 -25.374540548)
2014-05-19 08:02:10.000000,-25.374540548,-49.2243601686,POINT (-49.2243601686 -25.374540548)
2014-05-19 08:02:20.000000,-25.374540548,-49.2243601686,POINT (-49.2243601686 -25.374540548)
2014-05-19 08:02:30.000000,-25.374540548,-49.2243601686,POINT (-49.2243601686 -25.374540548)
2014-05-19 08:02:40.000000,-25.374540548,-49.2243601686,POINT (-49.2243601686 -25.374540548)
2014-05-19 08:02:50.000000,-25.374540548,-49.2243601686,POINT (-49.2243601686 -25.374540548)
2014-05-19 08:03:00.000000,-25.374540548,-49.2243601686,POINT (-49.2243601686 -25.374540548)
2014-05-19 08:03:10.000000,-25.374540548,-49.2243601686,POINT (-49.2243601686 -25.374540548)
2014-05-19 08:03:20.000000,-25.374540548,-49.2243601686,POINT (-49.2243601686 -25.374540548)
2014-05-19 08:03:30.000000,-25.374540548,-49.2243601686,POINT (-49.2243601686 -25.374540548)
2014-05-19 08:03:40.000000,-25.374540548,-49.2243601686,POINT (-49.2243601686 -25.374540548)
2014-05-19 08:03:50.000000,-25.374540548,-49.2243601686,POINT (-49.2243601686 -25.374540548)
2014-05-19 08:04:00.000000,-25.374540548,-49.2243601686,POINT (-49.2243601686 -25.374540548)
2014-05-19 08:04:10.000000,-25.374540548,-49.2243601686,POINT (-49.2243601686 -25.374540548)
2014-05-19 08:04:20.000000,-25.374540548,-49.2243601686,POINT (-49.2243601686 -25.374540548)
2014-05-19 08:04:30.000000,-25.374540548,-49.2243601686,POINT (-49.2243601686 -25.374540548)
2014-05-19 08:04:40.000000,-25.374540548,-49.2243601686,POINT (-49.2243601686 -25.374540548)
2014-05-19 08:04:50.000000,-25.374540548,-49.2243601686,POINT (-49.2243601686 -25.374540548)
2014-05-19 08:05:00.000000,-25.374540548,-49.2243601686,POINT (-49.2243601686 -25.374540548)
2014-05-19 08:05:10.000000,-25.374540548,-49.2243601686,POINT (-49.2243601686 -25.374540548)
2014-05-19 08:05:20.000000,-25.374540548,-49.2243601686,POINT (-49.2243601686 -25.374540548)
2014-05-19 08:05:30.000000,-25.374540548,-49.2243601686,POINT (-49.2243601686 -25.374540548)
2014-05-19 08:05:40.000000,-25.374540548,-49.2243601686,POINT (-49.2243601686 -25.374540548)
2014-05-19 08:05:50.000000,-25.374540548,-49.2243601686,POINT (-49.2243601686 -25.374540548)
2014-05-19 08:06:00.000000,-25.374540548,-49.2243601686,POINT (-49.2243601686 -25.374540548)
2014-05-19 08:06:10.000000,-25.374540548,-49.2243601686,POINT (-49.2243601686 -25.374540548)
2014-05-19 08:06:20.000000,-25.374540548,-49.2243601686,POINT (-49.2243601686 -25.374540548)
2014-05-19 08:06:30.000000,-25.374540548,-49.2243601686,POINT (-49.2243601686 -25.374540548)
2014-05-19 08:06:40.000000,-25.374540548,-49.2243601686,POINT (-49.2243601686 -25.374540548)
2014-05-19 08:06:50.000000,-25.374540548,-49.2243601686,POINT (-49.2243601686 -25.374540548)
2014-05-19 08:07:00.000000,-25.374540548,-49.2243601686,POINT (-49.2243601686 -25.374540548)
2014-05-19 08:07:10.000000,-25.374540548,-49.2243601686,POINT (-49.2243601686 -25.374540548)
2014-05-19 08:07:20.000000,-25.374540548,-49.2243601686,POINT (-49.2243601686 -25.374540548)
2014-05-19 08:07:30.000000,-25.374540548,-49.2243601686,POINT (-49.2243601686 -25.374540548)
2014-05-19 08:07:40.000000,-25.374540548,-49.2243601686,POINT (-49.2243601686 -25.374540548)
2014-05-19 08:07:50.000000,-25.374540548,-49.2243601686,POINT (-49.2243601686 -25.374540548)
2014-05-19 08:08:00.000000,-25.374540548,-49.2243601686,POINT (-49.2243601686 -25.374540548)
2014-05-19 08:08:10.000000,-25.374540548,-49.2243601686,POINT (-49.2243601686 -25.374540548)
2014-05-19 08:08:20.000000,-25.374540548,-49.2243601686,POINT (-49.2243601686 -25.374540548)
2014-05-19 08:08:30.000000,-25.374540548,-49.2243601686,POINT (-49.2243601686 -25.374540548)
2014-05-19 08:08:40.000000,-25.374540548,-49.2243601686,POINT (-49.2243601686 -25.374540548)
2014-05-19 08:08:50.000000,-25.374540548,-49.2243601686,POINT (-49.2243601686 -25.374540548)
2014-05-19 08:09:00.000000,-25.374540548,-49.2243601686,POINT (-49.2243601686 -25.374540548)
2014-05-19 08:09:10.000000,-25.374540548,-49.2243601686,POINT (-49.2243601686 -25.374540548)
2014-05-19 08:09:20.000000,-25.374540548,-49.2243601686,POINT (-49.2243601686 -25.374540548)
2014-05-19 08:09:30.000000,-25.374540548,-49.2243601686,POINT (-49.2243601686 -25.374540548)
2014-05-19 08:09:40.000000,-25.374540548,-49.2243601686,POINT (-49.2243601686 -25.374540548)
2014-05-19 08:09:50.000000,-25.374540548,-49.2243601686,POINT (-49.2243601686 -25.374540548)
2014-05-19 08:10:00.000000,-25.374540548,-49.2243601686,POINT (-49.2243601686 -25.374540548)
2014-05-19 08:10:10.000000,-25.374540548,-49.2243601686,POINT (-49.2243601686 -25.374540548)
2014-05-19 08:10:20.000000,-25.374540548,-49.2243601686,POINT (-49.2243601686 -25.374540548)
2014-05-19 08:10:30.000000,-25.374540548,-49.2243601686,POINT (-49.2243601686 -25.374540548)
2014-05-19 08:10:40.000000,-25.374540548,-49.2243601686,POINT (-49.2243601686 -25.374540548)
2014-05-19 08:10:50.000000,-25.374540548,-49.2243601686,POINT (-49.2243601686 -25.374540548)
2014-05-19 08:11:00.000000,-25.374540548,-49.2243601686,POINT (-49.2243601686 -25.374540548)
2014-05-19 08:11:10.000000,-25.374540548,-49.2243601686,POINT (-49.2243601686 -25.374540548)
2014-05-19 08:11:20.000000,-25.374540548,-49.2243601686,POINT (-49.2243601686 -25.374540548)
2014-05-19 08:11:30.000000,-25.374540548,-49.2243601686,POINT (-49.2243601686 -25.374540548)
2014-05-19 08:11:40.000000,-25.374540548,-49.2243601686,POINT (-49.2243601686 -25.374540548)
2014-05-19 08:11:50.000000,-25.374540548,-49.2243601686,POINT (-49.2243601686 -25.374540548)
2014-05-19 08:12:00.000000,-25.374540548,-49.2243601686,POINT (-49.2243601686 -25.374540548)
2014-05-19 08:12:10.000000,-25.374540548,-49.2243601686,POINT (-49.2243601686 -25.374540548)
2014-05-19 08:12:20.000000,-25.374540548,-49.2243601686,POINT (-49.2243601686 -25.374540548)
2014-05-19 08:12:30.000000,-25.374540548,-49.2243601686,POINT (-49.2243601686 -25.374540548)
2014-05-19 08:12:40.000000,-25.374540548,-49.2243601686,POINT (-49.2243601686 -25.374540548)
2014-05-19 08:12:50.000000,-25.374540548,-49.2243601686,POINT (-49.2243601686 -25.374540548)
2014-05-19 08:13:00.000000,-25.374540548,-49.2243601686,POINT (-49.2243601686 -25.374540548)
2014-05-19 08:13:10.000000,-25.374540548,-49.2243601686,POINT (-49.2243601686 -25.374540548)
2014-05-19 08:13:20.000000,-25.374540548,-49.2243601686,POINT (-49.2243601686 -25.374540548)
2014-05-19 08:13:30.000000,-25.374540548,-49.2243601686,POINT (-49.2243601686 -25.374540548)
2014-05-19 08:13:40.000000,-25.374540548,-49.2243601686,POINT (-49.2243601686 -25.374540548)
2014-05-19 08:13:50.000000,-25.374540548,-49.2243601686,POINT (-49.2243601686 -25.374540548)
2014-05-19 08:14:00.000000,-25.374540548,-49.2243601686,POINT (-49.2243601686 -25.374540548)
2014-05-19 08:14:10.000000,-25.374540548,-49.2243601686,POINT (-49.2243601686 -25.374540548)
2014-05-19 08:14:20.000000,-25.374540548,-49.2243601686,POINT (-49.2243601686 -25.374540548)
2014-05-19 08:14:30.000000,-25.374540548,-49.2243601686,POINT (-49.2243601686 -25.374540548)
2014-05-19 08:14:40.000000,-25.374540548,-49.2243601686,POINT (-49.2243601686 -25.374540548)
2014-05-19 08:14:50.000000,-25.374540548,-49.2243601686,POINT (-49.2243601686 -25.374540548)
2014-05-19 08:15:00.000000,-25.374540548,-49.2243601686,POINT (-49.2243601686 -25.374540548)
2014-05-19 08:15:10.000000,-25.374540548,-49.2243601686,POINT (-49.2243601686 -25.374540548)
2014-05-19 08:15:20.000000,-25.374540548,-49.2243601686,POINT (-49.2243601686 -25.374540548)
2014-05-19 08:15:30.000000,-25.374540548,-49.2243601686,POINT (-49.2243601686 -25.374540548)
2014-05-19 08:15:40.000000,-25.374540548,-49.2243601686,POINT (-49.2243601686 -25.374540548)
2014-05-19 08:15:50.000000,-25.374540548,-49.2243601686,POINT (-49.2243601686 -25.374540548)
2014-05-19 08:16:00.000000,-25.374540548,-49.2243601686,POINT (-49.2243601686 -25.374540548)
2014-05-19 08:16:10.000000,-25.374540548,-49.2243601686,POINT (-49.2243601686 -25.374540548)
2014-05-19 08:16:20.000000,-25.374540548,-49.2243601686,POINT (-49.2243601686 -25.374540548)
2014-05-19 08:16:30.000000,-25.374540548,-49.2243601686,POINT (-49.2243601686 -25.374540548)
2014-05-19 08:16:40.000000,-25.374540548,-49.2243601686,POINT (-49.2243601686 -25.374540548)
2014-05-19 08:16:50.000000,-25.374540548,-49.2243601686,POINT (-49.2243601686 -25.374540548)
2014-05-19 08:17:00.000000,-25.374540548,-49.2243601686,POINT (-49.2243601686 -25.374540548)
2014-05-19 08:17:10.000000,-25.374540548,-49.2243601686,POINT (-49.2243601686 -25.374540548)
2014-05-19 08:17:20.000000,-25.374540548,-49.2243601686,POINT (-49.2243601686 -25.374540548)
2014-05-19 08:17:30.000000,-25.374540548,-49.2243601686,POINT (-49.2243601686 -25.374540548)
2014-05-19 08:17:40.000000,-25.374540548,-49.2243601686,POINT (-49.2243601686 -25.374540548)
2014-05-19 08:17:50.000000,-25.374540548,-49.2243601686,POINT (-49.2243601686 -25.374540548)
2014-05-19 08:18:00.000000,-25.374540548,-49.2243601686,POINT (-49.2243601686 -25.374540548)
2014-05-19 08:18:10.000000,-25.374540548,-49.2243601686,POINT (-49.2243601686 -25.374540548)
2014-05-19 08:18:20.000000,-25.374540548,-49.2243601686,POINT (-49.2243601686 -25.374540548)
2014-05-19 08:18:30.000000,-25.374540548,-49.2243601686,POINT (-49.2243601686 -25.374540548)
2014-05-19 08:18:40.000000,-25.374540548,-49.2243601686,POINT (-49.2243601686 -25.374540548)
2014-05-19 08:18:50.000000,-25.374540548,-49.2243601686,POINT (-49.2243601686 -25.374540548)
2014-05-19 08:19:00.000000,-25.374540548,-49.2243601686,POINT (-49.2243601686 -25.374540548)
2014-05-19 08:19:10.000000,-25.374540548,-49.2243601686,POINT (-49.2243601686 -25.374540548)
2014-05-19 08:19:20.000000,-25.374540548,-49.2243601686,POINT (-49.2243601686 -25.374540548)
2014-05-19 08:19:30.000000,-25.374540548,-49.2243601686,POINT (-49.2243601686 -25.374540548)
2014-05-19 08:19:40.000000,-25.374540548,-49.2243601686,POINT (-49.2243601686 -25.374540548)
2014-05-19 08:19:50.000000,-25.374540548,-49.2243601686,POINT (-49.2243601686 -25.374540548)
2014-05-19 08:20:00.000000,-25.374540548,-49.2243601686,POINT (-49.2243601686 -25.374540548)
2014-05-19 08:20:10.000000,-25.374540548,-49.2243601686,POINT (-49.2243601686 -25.374540548)
2014-05-19 08:20:20.000000,-25.374540548,-49.2243601686,POINT (-49.2243601686 -25.374540548)
2014-05-19 08:20:30.000000,-25.374540548,-49.2243601686,POINT (-49.2243601686 -25.374540548)
2014-05-19 08:20:40.000000,-25.374540548,-49.2243601686,POINT (-49.2243601686 -25.374540548)
2014-05-19 08:20:50.000000,-25.374540548,-49.2243601686,POINT (-49.2243601686 -25.374540548)
2014-05-19 08:21:00.000000,-25.374540548,-49.2243601686,POINT (-49.2243601686 -25.374540548)
2014-05-19 08:21:10.000000,-25.374540548,-49.2243601686,POINT (-49.2243601686 -25.374540548)
2014-05-19 08:21:20.000000,-25.374540548,-49.2243601686,POINT (-49.2243601686 -25.374540548)
2014-05-19 08:21:30.000000,-25.374540548,-49.2243601686,POINT (-49.2243601686 -25.374540548)
2014-05-19 08:21:40.000000,-25.374540548,-49.2243601686,POINT (-49.2243601686 -25.374540548)
2014-05-19 08:21:50.000000,-25.374540548,-49.2243601686,POINT (-49.2243601686 -25.374540548)
2014-05-19 08:22:00.000000,-25.374540548,-49.2243601686,POINT (-49.2243601686 -25.374540548)
2014-05-19 08:22:10.000000,-25.374540548,-49.2243601686,POINT (-49.2243601686 -25.374540548)
2014-05-19 08:22:20.000000,-25.374540548,-49.2243601686,POINT (-49.2243601686 -25.374540548)
2014-05-19 08:22:30.000000,-25.374540548,-49.2243601686,POINT (-49.2243601686 -25.374540548)
2014-05-19 08:22:40.000000,-25.374540548,-49.2243601686,POINT (-49.2243601686 -25.374540548)
2014-05-19 08:22:50.000000,-25.374540548,-49.2243601686,POINT (-49.2243601686 -25.374540548)
2014-05-19 08:23:00.000000,-25.374540548,-49.2243601686,POINT (-49.2243601686 -25.374540548)
2014-05-19 08:23:10.000000,-25.374540548,-49.2243601686,POINT (-49.2243601686 -25.374540548)
2014-05-19 08:23:20.000000,-25.374540548,-49.2243601686,POINT (-49.2243601686 -25.374540548)
2014-05-19 08:23:30.000000,-25.374540548,-49.2243601686,POINT (-49.2243601686 -25.374540548)
2014-05-19 08:23:40.000000,-25.374540548,-49.2243601686,POINT (-49.2243601686 -25.374540548)
2014-05-19 08:23:50.000000,-25.374540548,-49.2243601686,POINT (-49.2243601686 -25.374540548)
2014-05-19 08:24:00.000000,-25.374540548,-49.2243601686,POINT (-49.2243601686 -25.374540548)
2014-05-19 08:24:10.000000,-25.374540548,-49.2243601686,POINT (-49.2243601686 -25.374540548)
2014-05-19 08:24:20.000000,-25.374540548,-49.2243601686,POINT (-49.2243601686 -25.374540548)
2014-05-19 08:24:30.000000,-25.374540548,-49.2243601686,POINT (-49.2243601686 -25.374540548)
2014-05-19 08:24:40.000000,-25.374540548,-49.2243601686,POINT (-49.2243601686 -25.374540548)
2014-05-19 08:24:50.000000,-25.374540548,-49.2243601686,POINT (-49.2243601686 -25.374540548)
2014-05-19 08:25:00.000000,-25.374540548,-49.2243601686,POINT (-49.2243601686 -25.374540548)
2014-05-19 08:25:10.000000,-25.374540548,-49.2243601686,POINT (-49.2243601686 -25.374540548)
2014-05-19 08:25:20.000000,-25.374540548,-49.2243601686,POINT (-49.2243601686 -25.374540548)
2014-05-19 08:25:30.000000,-25.374540548,-49.2243601686,POINT (-49.2243601686 -25.374540548)
2014-05-19 08:25:40.000000,-25.374540548,-49.2243601686,POINT (-49.2243601686 -25.374540548)
2014-05-19 08:25:50.000000,-25.374540548,-49.2243601686,POINT (-49.2243601686 -25.374540548)
2014-05-19 08:26:00.000000,-25.374540548,-49.2243601686,POINT (-49.2243601686 -25.374540548)
2014-05-19 08:26:10.000000,-25.374540548,-49.2243601686,POINT (-49.2243601686 -25.374540548)
2014-05-19 08:26:20.000000,-25.374540548,-49.2243601686,POINT (-49.2243601686 -25.374540548)
2014-05-19 08:26:30.000000,-25.374540548,-49.2243601686,POINT (-49.2243601686 -25.374540548)
2014-05-19 08:26:40.000000,-25.374540548,-49.2243601686,POINT (-49.2243601686 -25.374540548)
2014-05-19 08:26:50.000000,-25.374540548,-49.2243601686,POINT (-49.2243601686 -25.374540548)
2014-05-19 08:27:00.000000,-25.374540548,-49.2243601686,POINT (-49.2243601686 -25.374540548)
2014-05-19 08:27:10.000000,-25.374540548,-49.2243601686,POINT (-49.2243601686 -25.374540548)
2014-05-19 08:27:20.000000,-25.374540548,-49.2243601686,POINT (-49.2243601686 -25.374540548)
2014-05-19 08:27:30.000000,-25.374540548,-49.2243601686,POINT (-49.2243601686 -25.374540548)
2014-05-19 08:27:40.000000,-25.374540548,-49.2243601686,POINT (-49.2243601686 -25.374540548)
2014-05-19 08:27:50.000000,-25.374540548,-49.2243601686,POINT (-49.2243601686 -25.374540548)
2014-05-19 08:28:00.000000,-25.374540548,-49.2243601686,POINT (-49.2243601686 -25.374540548)
2014-05-19 08:28:10.000000,-25.374540548,-49.2243601686,POINT (-49.2243601686 -25.374540548)
2014-05-19 08:28:20.000000,-25.374540548,-49.2243601686,POINT (-49.2243601686 -25.374540548)
2014-05-19 08:28:30.000000,-25.374540548,-49.2243601686,POINT (-49.2243601686 -25.374540548)
2014-05-19 08:28:40.000000,-25.374540548,-49.2243601686,POINT (-49.2243601686 -25.374540548)
2014-05-19 08:28:50.000000,-25.374540548,-49.2243601686,POINT (-49.2243601686 -25.374540548)
2014-05-19 08:29:00.000000,-25.374540548,-49.2243601686,POINT (-49.2243601686 -25.374540548)
2014-05-19 08:29:10.000000,-25.374540548,-49.2243601686,POINT (-49.2243601686 -25.374540548)
2014-05-19 08:29:20.000000,-25.374540548,-49.2243601686,POINT (-49.2243601686 -25.374540548)
2014-05-19 08:29:30.000000,-25.374540548,-49.2243601686,POINT (-49.2243601686 -25.374540548)
2014-05-19 08:29:40.000000,-25.374540548,-49.2243601686,POINT (-49.2243601686 -25.374540548)
2014-05-19 08:29:50.000000,-25.374540548,-49.2243601686,POINT (-49.2243601686 -25.374540548)
2014-05-19 08:30:00.000000,-25.374540548,-49.2243601686,POINT (-49.2243601686 -25.374540548)
2014-05-19 08:30:10.000000,-25.374540548,-49.2243601686,POINT (-49.2243601686 -25.374540548)
2014-05-19 08:30:20.000000,-25.374540548,-49.2243601686,POINT (-49.2243601686 -25.374540548)
2014-05-19 08:30:30.000000,-25.374540548,-49.2243601686,POINT (-49.2243601686 -25.374540548)
2014-05-19 08:30:40.000000,-25.374540548,-49.2243601686,POINT (-49.2243601686 -25.374540548)
2014-05-19 08:30:50.000000,-25.374540548,-49.2243601686,POINT (-49.2243601686 -25.374540548)
2014-05-19 08:31:00.000000,-25.374540548,-49.2243601686,POINT (-49.2243601686 -25.374540548)
2014-05-19 08:31:10.000000,-25.374540548,-49.2243601686,POINT (-49.2243601686 -25.374540548)
2014-05-19 08:31:20.000000,-25.374540548,-49.2243601686,POINT (-49.2243601686 -25.374540548)
2014-05-19 08:31:30.000000,-25.374540548,-49.2243601686,POINT (-49.2243601686 -25.374540548)
2014-05-19 08:31:40.000000,-25.374540548,-49.2243601686,POINT (-49.2243601686 -25.374540548)
2014-05-19 08:31:50.000000,-25.374540548,-49.2243601686,POINT (-49.2243601686 -25.374540548)
2014-05-19 08:32:00.000000,-25.374540548,-49.2243601686,POINT (-49.2243601686 -25.374540548)
2014-05-19 08:32:10.000000,-25.374540548,-49.2243601686,POINT (-49.2243601686 -25.374540548)
2014-05-19 08:32:20.000000,-25.374540548,-49.2243601686,POINT (-49.2243601686 -25.374540548)
2014-05-19 08:32:30.000000,-25.374540548,-49.2243601686,POINT (-49.2243601686 -25.374540548)
2014-05-19 08:32:40.000000,-25.374540548,-49.2243601686,POINT (-49.2243601686 -25.374540548)
2014-05-19 08:32:50.000000,-25.374540548,-49.2243601686,POINT (-49.2243601686 -25.374540548)
2014-05-19 08:33:00.000000,-25.374540548,-49.2243601686,POINT (-49.2243601686 -25.374540548)
2014-05-19 08:33:10.000000,-25.374540548,-49.2243601686,POINT (-49.2243601686 -25.374540548)
2014-05-19 08:33:20.000000,-25.374540548,-49.2243601686,POINT (-49.2243601686 -25.374540548)
2014-05-19 08:33:30.000000,-25.374540548,-49.2243601686,POINT (-49.2243601686 -25.374540548)
2014-05-19 08:33:40.000000,-25.374540548,-49.2243601686,POINT (-49.2243601686 -25.374540548)
2014-05-19 08:33:50.000000,-25.374540548,-49.2243601686,POINT (-49.2243601686 -25.374540548)
2014-05-19 08:34:00.000000,-25.374540548,-49.2243601686,POINT (-49.2243601686 -25.374540548)
2014-05-19 08:34:10.000000,-25.374540548,-49.2243601686,POINT (-49.2243601686 -25.374540548)
2014-05-19 08:34:20.000000,-25.374540548,-49.2243601686,POINT (-49.2243601686 -25.374540548)
2014-05-19 08:34:30.000000,-25.374540548,-49.2243601686,POINT (-49.2243601686 -25.374540548)
2014-05-19 08:34:40.000000,-25.374540548,-49.2243601686,POINT (-49.2243601686 -25.374540548)
2014-05-19 08:34:50.000000,-25.374540548,-49.2243601686,POINT (-49.2243601686 -25.374540548)
2014-05-19 08:35:00.000000,-25.374540548,-49.2243601686,POINT (-49.2243601686 -25.374540548)
2014-05-19 08:35:10.000000,-25.374540548,-49.2243601686,POINT (-49.2243601686 -25.374540548)
2014-05-19 08:35:20.000000,-25.374540548,-49.2243601686,POINT (-49.2243601686 -25.374540548)
2014-05-19 08:35:30.000000,-25.374540548,-49.2243601686,POINT (-49.2243601686 -25.374540548)
2014-05-19 08:35:40.000000,-25.374540548,-49.2243601686,POINT (-49.2243601686 -25.374540548)
2014-05-19 08:35:50.000000,-25.374540548,-49.2243601686,POINT (-49.2243601686 -25.374540548)
2014-05-19 08:36:00.000000,-25.374540548,-49.2243601686,POINT (-49.2243601686 -25.374540548)
2014-05-19 08:36:10.000000,-25.374540548,-49.2243601686,POINT (-49.2243601686 -25.374540548)
2014-05-19 08:36:20.000000,-25.374540548,-49.2243601686,POINT (-49.2243601686 -25.374540548)
2014-05-19 08:36:30.000000,-25.374540548,-49.2243601686,POINT (-49.2243601686 -25.374540548)
2014-05-19 08:36:40.000000,-25.374540548,-49.2243601686,POINT (-49.2243601686 -25.374540548)
2014-05-19 08:36:50.000000,-25.374540548,-49.2243601686,POINT (-49.2243601686 -25.374540548)
2014-05-19 08:37:00.000000,-25.374540548,-49.2243601686,POINT (-49.2243601686 -25.374540548)
2014-05-19 08:37:10.000000,-25.374540548,-49.2243601686,POINT (-49.2243601686 -25.374540548)
2014-05-19 08:37:20.000000,-25.374540548,-49.2243601686,POINT (-49.2243601686 -25.374540548)
2014-05-19 08:37:30.000000,-25.374540548,-49.2243601686,POINT (-49.2243601686 -25.374540548)
2014-05-19 08:37:40.000000,-25.374540548,-49.2243601686,POINT (-49.2243601686 -25.374540548)
2014-05-19 08:37:50.000000,-25.374540548,-49.2243601686,POINT (-49.2243601686 -25.374540548)
2014-05-19 08:38:00.000000,-25.374540548,-49.2243601686,POINT (-49.2243601686 -25.374540548)
2014-05-19 08:38:10.000000,-25.374540548,-49.2243601686,POINT (-49.2243601686 -25.374540548)
2014-05-19 08:38:20.000000,-25.374540548,-49.2243601686,POINT (-49.2243601686 -25.374540548)
2014-05-19 08:38:30.000000,-25.374540548,-49.2243601686,POINT (-49.2243601686 -25.374540548)
2014-05-19 08:38:40.000000,-25.374540548,-49.2243601686,POINT (-49.2243601686 -25.374540548)
2014-05-19 08:38:50.000000,-25.374540548,-49.2243601686,POINT (-49.2243601686 -25.374540548)
2014-05-19 08:39:00.000000,-25.374540548,-49.2243601686,POINT (-49.2243601686 -25.374540548)
2014-05-19 08:39:10.000000,-25.374540548,-49.2243601686,POINT (-49.2243601686 -25.374540548)
2014-05-19 08:39:20.000000,-25.374540548,-49.2243601686,POINT (-49.2243601686 -25.374540548)
2014-05-19 08:39:30.000000,-25.374540548,-49.2243601686,POINT (-49.2243601686 -25.374540548)
2014-05-19 08:39:40.000000,-25.374540548,-49.2243601686,POINT (-49.2243601686 -25.374540548)
2014-05-19 08:39:50.000000,-25.374540548,-49.2243601686,POINT (-49.2243601686 -25.374540548)
2014-05-19 08:40:00.000000,-25.374540548,-49.2243601686,POINT (-49.2243601686 -25.374540548)
2014-05-19 08:40:10.000000,-25.374540548,-49.2243601686,POINT (-49.2243601686 -25.374540548)
2014-05-19 08:40:20.000000,-25.374540548,-49.2243601686,POINT (-49.2243601686 -25.374540548)
2014-05-19 08:40:30.000000,-25.374540548,-49.2243601686,POINT (-49.2243601686 -25.374540548)
2014-05-19 08:40:40.000000,-25.374540548,-49.2243601686,POINT (-49.2243601686 -25.374540548)
2014-05-19 08:40:50.000000,-25.374540548,-49.2243601686,POINT (-49.2243601686 -25.374540548)
2014-05-19 08:41:00.000000,-25.374540548,-49.2243601686,POINT (-49.2243601686 -25.374540548)
2014-05-19 08:41:10.000000,-25.374540548,-49.2243601686,POINT (-49.2243601686 -25.374540548)
2014-05-19 08:41:20.000000,-25.374540548,-49.2243601686,POINT (-49.2243601686 -25.374540548)
2014-05-19 08:41:30.000000,-25.374540548,-49.2243601686,POINT (-49.2243601686 -25.374540548)
2014-05-19 08:41:40.000000,-25.374540548,-49.2243601686,POINT (-49.2243601686 -25.374540548)
2014-05-19 08:41:50.000000,-25.374540548,-49.2243601686,POINT (-49.2243601686 -25.374540548)
2014-05-19 08:42:00.000000,-25.374540548,-49.2243601686,POINT (-49.2243601686 -25.374540548)
2014-05-19 08:42:10.000000,-25.374540548,-49.2243601686,POINT (-49.2243601686 -25.374540548)
2014-05-19 08:42:20.000000,-25.374540548,-49.2243601686,POINT (-49.2243601686 -25.374540548)
2014-05-19 08:42:30.000000,-25.374540548,-49.2243601686,POINT (-49.2243601686 -25.374540548)
2014-05-19 08:42:40.000000,-25.374540548,-49.2243601686,POINT (-49.2243601686 -25.374540548)
2014-05-19 08:42:50.000000,-25.374540548,-49.2243601686,POINT (-49.2243601686 -25.374540548)
2014-05-19 08:43:00.000000,-25.374540548,-49.2243601686,POINT (-49.2243601686 -25.374540548)
2014-05-19 08:43:10.000000,-25.374540548,-49.2243601686,POINT (-49.2243601686 -25.374540548)
2014-05-19 08:43:20.000000,-25.374540548,-49.2243601686,POINT (-49.2243601686 -25.374540548)
2014-05-19 08:43:30.000000,-25.374540548,-49.2243601686,POINT (-49.2243601686 -25.374540548)
2014-05-19 08:43:40.000000,-25.374540548,-49.2243601686,POINT (-49.2243601686 -25.374540548)
2014-05-19 08:43:50.000000,-25.374540548,-49.2243601686,POINT (-49.2243601686 -25.374540548)
2014-05-19 08:44:00.000000,-25.374540548,-49.2243601686,POINT (-49.2243601686 -25.374540548)
2014-05-19 08:44:10.000000,-25.374540548,-49.2243601686,POINT (-49.2243601686 -25.374540548)
2014-05-19 08:44:20.000000,-25.374540548,-49.2243601686,POINT (-49.2243601686 -25.374540548)
2014-05-19 08:44:30.000000,-25.374540548,-49.2243601686,POINT (-49.2243601686 -25.374540548)
2014-05-19 08:44:40.000000,-25.374540548,-49.2243601686,POINT (-49.2243601686 -25.374540548)
2014-05-19 08:44:50.000000,-25.374540548,-49.2243601686,POINT (-49.2243601686 -25.374540548)
2014-05-19 08:45:00.000000,-25.374540548,-49.2243601686,POINT (-49.2243601686 -25.374540548)
2014-05-19 08:45:10.000000,-25.374540548,-49.2243601686,POINT (-49.2243601686 -25.374540548)
2014-05-19 08:45:20.000000,-25.374540548,-49.2243601686,POINT (-49.2243601686 -25.374540548)
2014-05-19 08:45:30.000000,-25.374540548,-49.2243601686,POINT (-49.2243601686 -25.374540548)
2014-05-19 08:45:40.000000,-25.374540548,-49.2243601686,POINT (-49.2243601686 -25.374540548)
2014-05-19 08:45:50.000000,-25.374540548,-49.2243601686,POINT (-49.2243601686 -25.374540548)
2014-05-19 08:46:00.000000,-25.374540548,-49.2243601686,POINT (-49.2243601686 -25.374540548)
2014-05-19 08:46:10.000000,-25.374540548,-49.2243601686,POINT (-49.2243601686 -25.374540548)
2014-05-19 08:46:20.000000,-25.374540548,-49.2243601686,POINT (-49.2243601686 -25.374540548)
2014-05-19 08:46:30.000000,-25.374540548,-49.2243601686,POINT (-49.2243601686 -25.374540548)
2014-05-19 08:46:40.000000,-25.374540548,-49.2243601686,POINT (-49.2243601686 -25.374540548)
2014-05-19 08:46:50.000000,-25.374540548,-49.2243601686,POINT (-49.2243601686 -25.374540548)
2014-05-19 08:47:00.000000,-25.374540548,-49.2243601686,POINT (-49.2243601686 -25.374540548)
2014-05-19 08:47:10.000000,-25.374540548,-49.2243601686,POINT (-49.2243601686 -25.374540548)
2014-05-19 08:47:20.000000,-25.374540548,-49.2243601686,POINT (-49.2243601686 -25.374540548)
2014-05-19 08:47:30.000000,-25.374540548,-49.2243601686,POINT (-49.2243601686 -25.374540548)
2014-05-19 08:47:40.000000,-25.374540548,-49.2243601686,POINT (-49.2243601686 -25.374540548)
2014-05-19 08:47:50.000000,-25.374540548,-49.2243601686,POINT (-49.2243601686 -25.374540548)
2014-05-19 08:48:00.000000,-25.374540548,-49.2243601686,POINT (-49.2243601686 -25.374540548)
2014-05-19 08:48:10.000000,-25.374540548,-49.2243601686,POINT (-49.2243601686 -25.374540548)
2014-05-19 08:48:20.000000,-25.374540548,-49.2243601686,POINT (-49.2243601686 -25.374540548)
2014-05-19 08:48:30.000000,-25.374540548,-49.2243601686,POINT (-49.2243601686 -25.374540548)
2014-05-19 08:48:40.000000,-25.374540548,-49.2243601686,POINT (-49.2243601686 -25.374540548)
2014-05-19 08:48:50.000000,-25.374540548,-49.2243601686,POINT (-49.2243601686 -25.374540548)
2014-05-19 08:49:00.000000,-25.374540548,-49.2243601686,POINT (-49.2243601686 -25.374540548)
2014-05-19 08:49:10.000000,-25.374540548,-49.2243601686,POINT (-49.2243601686 -25.374540548)
2014-05-19 08:49:20.000000,-25.374540548,-49.2243601686,POINT (-49.2243601686 -25.374540548)
2014-05-19 08:49:30.000000,-25.374540548,-49.2243601686,POINT (-49.2243601686 -25.374540548)
2014-05-19 08:49:40.000000,-25.374540548,-49.2243601686,POINT (-49.2243601686 -25.374540548)
2014-05-19 08:49:50.000000,-25.374540548,-49.2243601686,POINT (-49.2243601686 -25.374540548)
2014-05-19 08:50:00.000000,-25.374540548,-49.2243601686,POINT (-49.2243601686 -25.374540548)
2014-05-19 08:50:10.000000,-25.374540548,-49.2243601686,POINT (-49.2243601686 -25.374540548)
2014-05-19 08:50:20.000000,-25.374540548,-49.2243601686,POINT (-49.2243601686 -25.374540548)
2014-05-19 08:50:30.000000,-25.374540548,-49.2243601686,POINT (-49.2243601686 -25.374540548)
2014-05-19 08:50:40.000000,-25.374540548,-49.2243601686,POINT (-49.2243601686 -25.374540548)
2014-05-19 08:50:50.000000,-25.374540548,-49.2243601686,POINT (-49.2243601686 -25.374540548)
2014-05-19 08:51:00.000000,-25.374540548,-49.2243601686,POINT (-49.2243601686 -25.374540548)
2014-05-19 08:51:10.000000,-25.374540548,-49.2243601686,POINT (-49.2243601686 -25.374540548)
2014-05-19 08:51:20.000000,-25.374540548,-49.2243601686,POINT (-49.2243601686 -25.374540548)
2014-05-19 08:51:30.000000,-25.374540548,-49.2243601686,POINT (-49.2243601686 -25.374540548)
2014-05-19 08:51:40.000000,-25.374540548,-49.2243601686,POINT (-49.2243601686 -25.374540548)
2014-05-19 08:51:50.000000,-25.374540548,-49.2243601686,POINT (-49.2243601686 -25.374540548)
2014-05-19 08:52:00.000000,-25.374540548,-49.2243601686,POINT (-49.2243601686 -25.374540548)
2014-05-19 08:52:10.000000,-25.374540548,-49.2243601686,POINT (-49.2243601686 -25.374540548)
2014-05-19 08:52:20.000000,-25.374540548,-49.2243601686,POINT (-49.2243601686 -25.374540548)
2014-05-19 08:52:30.000000,-25.374540548,-49.2243601686,POINT (-49.2243601686 -25.374540548)
2014-05-19 08:52:40.000000,-25.374540548,-49.2243601686,POINT (-49.2243601686 -25.374540548)
2014-05-19 08:52:50.000000,-25.374540548,-49.2243601686,POINT (-49.2243601686 -25.374540548)
2014-05-19 08:53:00.000000,-25.374540548,-49.2243601686,POINT (-49.2243601686 -25.374540548)
2014-05-19 08:53:10.000000,-25.374540548,-49.2243601686,POINT (-49.2243601686 -25.374540548)
2014-05-19 08:53:20.000000,-25.374540548,-49.2243601686,POINT (-49.2243601686 -25.374540548)
2014-05-19 08:53:30.000000,-25.374540548,-49.2243601686,POINT (-49.2243601686 -25.374540548)
2014-05-19 08:53:40.000000,-25.374540548,-49.2243601686,POINT (-49.2243601686 -25.374540548)
2014-05-19 08:53:50.000000,-25.374540548,-49.2243601686,POINT (-49.2243601686 -25.374540548)
2014-05-19 08:54:00.000000,-25.374540548,-49.2243601686,POINT (-49.2243601686 -25.374540548)
2014-05-19 08:54:10.000000,-25.374540548,-49.2243601686,POINT (-49.2243601686 -25.374540548)
2014-05-19 08:54:20.000000,-25.374540548,-49.2243601686,POINT (-49.2243601686 -25.374540548)
2014-05-19 08:54:30.000000,-25.374540548,-49.2243601686,POINT (-49.2243601686 -25.374540548)
2014-05-19 08:54:40.000000,-25.374540548,-49.2243601686,POINT (-49.2243601686 -25.374540548)
2014-05-19 08:54:50.000000,-25.374540548,-49.2243601686,POINT (-49.2243601686 -25.374540548)
2014-05-19 08:55:00.000000,-25.374540548,-49.2243601686,POINT (-49.2243601686 -25.374540548)
2014-05-19 08:55:10.000000,-25.374540548,-49.2243601686,POINT (-49.2243601686 -25.374540548)
2014-05-19 08:55:20.000000,-25.374540548,-49.2243601686,POINT (-49.2243601686 -25.374540548)
2014-05-19 08:55:30.000000,-25.374540548,-49.2243601686,POINT (-49.2243601686 -25.374540548)
2014-05-19 08:55:40.000000,-25.374540548,-49.2243601686,POINT (-49.2243601686 -25.374540548)
2014-05-19 08:55:50.000000,-25.374540548,-49.2243601686,POINT (-49.2243601686 -25.374540548)
2014-05-19 08:56:00.000000,-25.374540548,-49.2243601686,POINT (-49.2243601686 -25.374540548)
2014-05-19 08:56:10.000000,-25.374540548,-49.2243601686,POINT (-49.2243601686 -25.374540548)
2014-05-19 08:56:20.000000,-25.374540548,-49.2243601686,POINT (-49.2243601686 -25.374540548)
2014-05-19 08:56:30.000000,-25.374540548,-49.2243601686,POINT (-49.2243601686 -25.374540548)
2014-05-19 08:56:40.000000,-25.374540548,-49.2243601686,POINT (-49.2243601686 -25.374540548)
2014-05-19 08:56:50.000000,-25.374540548,-49.2243601686,POINT (-49.2243601686 -25.374540548)
2014-05-19 08:57:00.000000,-25.374540548,-49.2243601686,POINT (-49.2243601686 -25.374540548)
2014-05-19 08:57:10.000000,-25.374540548,-49.2243601686,POINT (-49.2243601686 -25.374540548)
2014-05-19 08:57:20.000000,-25.374540548,-49.2243601686,POINT (-49.2243601686 -25.374540548)
2014-05-19 08:57:30.000000,-25.374540548,-49.2243601686,POINT (-49.2243601686 -25.374540548)
2014-05-19 08:57:40.000000,-25.374540548,-49.2243601686,POINT (-49.2243601686 -25.374540548)
2014-05-19 08:57:50.000000,-25.374540548,-49.2243601686,POINT (-49.2243601686 -25.374540548)
2014-05-19 08:58:00.000000,-25.374540548,-49.2243601686,POINT (-49.2243601686 -25.374540548)
2014-05-19 08:58:10.000000,-25.374540548,-49.2243601686,POINT (-49.2243601686 -25.374540548)
2014-05-19 08:58:20.000000,-25.374540548,-49.2243601686,POINT (-49.2243601686 -25.374540548)
2014-05-19 08:58:30.000000,-25.374540548,-49.2243601686,POINT (-49.2243601686 -25.374540548)
2014-05-19 08:58:40.000000,-25.374540548,-49.2243601686,POINT (-49.2243601686 -25.374540548)
2014-05-19 08:58:50.000000,-25.374540548,-49.2243601686,POINT (-49.2243601686 -25.374540548)
2014-05-19 08:59:00.000000,-25.374540548,-49.2243601686,POINT (-49.2243601686 -25.374540548)
2014-05-19 08:59:10.000000,-25.374540548,-49.2243601686,POINT (-49.2243601686 -25.374540548)
2014-05-19 08:59:20.000000,-25.374540548,-49.2243601686,POINT (-49.2243601686 -25.374540548)
2014-05-19 08:59:30.000000,-25.374540548,-49.2243601686,POINT (-49.2243601686 -25.374540548)
2014-05-19 08:59:40.000000,-25.374540548,-49.2243601686,POINT (-49.2243601686 -25.374540548)
2014-05-19 08:59:50.000000,-25.374540548,-49.2243601686,POINT (-49.2243601686 -25.374540548)
2014-05-19 09:00:00.000000,-25.374540548,-49.2243601686,POINT (-49.2243601686 -25.374540548)
2014-05-19 09:00:10.000000,-25.374540548,-49.2243601686,POINT (-49.2243601686 -25.374540548)
2014-05-19 09:00:20.000000,-25.374540548,-49.2243601686,POINT (-49.2243601686 -25.374540548)
2014-05-19 09:00:30.000000,-25.374540548,-49.2243601686,POINT (-49.2243601686 -25.374540548)
2014-05-19 09:00:40.000000,-25.374540548,-49.2243601686,POINT (-49.2243601686 -25.374540548)
2014-05-19 09:00:50.000000,-25.374540548,-49.2243601686,POINT (-49.2243601686 -25.374540548)
2014-05-19 09:01:00.000000,-25.374540548,-49.2243601686,POINT (-49.2243601686 -25.374540548)
2014-05-19 09:01:10.000000,-25.374540548,-49.2243601686,POINT (-49.2243601686 -25.374540548)
2014-05-19 09:01:20.000000,-25.374540548,-49.2243601686,POINT (-49.2243601686 -25.374540548)
2014-05-19 09:01:30.000000,-25.374540548,-49.2243601686,POINT (-49.2243601686 -25.374540548)
2014-05-19 09:01:40.000000,-25.374540548,-49.2243601686,POINT (-49.2243601686 -25.374540548)
2014-05-19 09:01:50.000000,-25.374540548,-49.2243601686,POINT (-49.2243601686 -25.374540548)
2014-05-19 09:02:00.000000,-25.374540548,-49.2243601686,POINT (-49.2243601686 -25.374540548)
2014-05-19 09:02:10.000000,-25.374540548,-49.2243601686,POINT (-49.2243601686 -25.374540548)
2014-05-19 09:02:20.000000,-25.374540548,-49.2243601686,POINT (-49.2243601686 -25.374540548)
2014-05-19 09:02:30.000000,-25.374540548,-49.2243601686,POINT (-49.2243601686 -25.374540548)
2014-05-19 09:02:40.000000,-25.374540548,-49.2243601686,POINT (-49.2243601686 -25.374540548)
2014-05-19 09:02:50.000000,-25.374540548,-49.2243601686,POINT (-49.2243601686 -25.374540548)
2014-05-19 09:03:00.000000,-25.374540548,-49.2243601686,POINT (-49.2243601686 -25.374540548)
2014-05-19 09:03:10.000000,-25.374540548,-49.2243601686,POINT (-49.2243601686 -25.374540548)
2014-05-19 09:03:20.000000,-25.374540548,-49.2243601686,POINT (-49.2243601686 -25.374540548)
2014-05-19 09:03:30.000000,-25.374540548,-49.2243601686,POINT (-49.2243601686 -25.374540548)
2014-05-19 09:03:40.000000,-25.374540548,-49.2243601686,POINT (-49.2243601686 -25.374540548)
2014-05-19 09:03:50.000000,-25.374540548,-49.2243601686,POINT (-49.2243601686 -25.374540548)
2014-05-19 09:04:00.000000,-25.374540548,-49.2243601686,POINT (-49.2243601686 -25.374540548)
2014-05-19 09:04:10.000000,-25.374540548,-49.2243601686,POINT (-49.2243601686 -25.374540548)
2014-05-19 09:04:20.000000,-25.374540548,-49.2243601686,POINT (-49.2243601686 -25.374540548)
2014-05-19 09:04:30.000000,-25.374540548,-49.2243601686,POINT (-49.2243601686 -25.374540548)
2014-05-19 09:04:40.000000,-25.374540548,-49.2243601686,POINT (-49.2243601686 -25.374540548)
2014-05-19 09:04:50.000000,-25.374540548,-49.2243601686,POINT (-49.2243601686 -25.374540548)
2014-05-19 09:05:00.000000,-25.374540548,-49.2243601686,POINT (-49.2243601686 -25.374540548)
2014-05-19 09:05:10.000000,-25.374540548,-49.2243601686,POINT (-49.2243601686 -25.374540548)
2014-05-19 09:05:20.000000,-25.374540548,-49.2243601686,POINT (-49.2243601686 -25.374540548)
2014-05-19 09:05:30.000000,-25.374540548,-49.2243601686,POINT (-49.2243601686 -25.374540548)
2014-05-19 09:05:40.000000,-25.374540548,-49.2243601686,POINT (-49.2243601686 -25.374540548)
2014-05-19 09:05:50.000000,-25.374540548,-49.2243601686,POINT (-49.2243601686 -25.374540548)
2014-05-19 09:06:00.000000,-25.374540548,-49.2243601686,POINT (-49.2243601686 -25.374540548)
2014-05-19 09:06:10.000000,-25.374540548,-49.2243601686,POINT (-49.2243601686 -25.374540548)
2014-05-19 09:06:20.000000,-25.374540548,-49.2243601686,POINT (-49.2243601686 -25.374540548)
2014-05-19 09:06:30.000000,-25.374540548,-49.2243601686,POINT (-49.2243601686 -25.374540548)
2014-05-19 09:06:40.000000,-25.374540548,-49.2243601686,POINT (-49.2243601686 -25.374540548)
2014-05-19 09:06:50.000000,-25.374540548,-49.2243601686,POINT (-49.2243601686 -25.374540548)
2014-05-19 09:07:00.000000,-25.374540548,-49.2243601686,POINT (-49.2243601686 -25.374540548)
2014-05-19 09:07:10.000000,-25.374540548,-49.2243601686,POINT (-49.2243601686 -25.374540548)
2014-05-19 09:07:20.000000,-25.374540548,-49.2243601686,POINT (-49.2243601686 -25.374540548)
2014-05-19 09:07:30.000000,-25.374540548,-49.2243601686,POINT (-49.2243601686 -25.374540548)
2014-05-19 09:07:40.000000,-25.374540548,-49.2243601686,POINT (-49.2243601686 -25.374540548)
2014-05-19 09:07:50.000000,-25.374540548,-49.2243601686,POINT (-49.2243601686 -25.374540548)
2014-05-19 09:08:00.000000,-25.374540548,-49.2243601686,POINT (-49.2243601686 -25.374540548)
2014-05-19 09:08:10.000000,-25.374540548,-49.2243601686,POINT (-49.2243601686 -25.374540548)
2014-05-19 09:08:20.000000,-25.374540548,-49.2243601686,POINT (-49.2243601686 -25.374540548)
2014-05-19 09:08:30.000000,-25.374540548,-49.2243601686,POINT (-49.2243601686 -25.374540548)
2014-05-19 09:08:40.000000,-25.374540548,-49.2243601686,POINT (-49.2243601686 -25.374540548)
2014-05-19 09:08:50.000000,-25.374540548,-49.2243601686,POINT (-49.2243601686 -25.374540548)
2014-05-19 09:09:00.000000,-25.374540548,-49.2243601686,POINT (-49.2243601686 -25.374540548)
2014-05-19 09:09:10.000000,-25.374540548,-49.2243601686,POINT (-49.2243601686 -25.374540548)
2014-05-19 09:09:20.000000,-25.374540548,-49.2243601686,POINT (-49.2243601686 -25.374540548)
2014-05-19 09:09:30.000000,-25.374540548,-49.2243601686,POINT (-49.2243601686 -25.374540548)
2014-05-19 09:09:40.000000,-25.374540548,-49.2243601686,POINT (-49.2243601686 -25.374540548)
2014-05-19 09:09:50.000000,-25.374540548,-49.2243601686,POINT (-49.2243601686 -25.374540548)
2014-05-19 09:10:00.000000,-25.374540548,-49.2243601686,POINT (-49.2243601686 -25.374540548)
2014-05-19 09:10:10.000000,-25.374540548,-49.2243601686,POINT (-49.2243601686 -25.374540548)
2014-05-19 09:10:20.000000,-25.374540548,-49.2243601686,POINT (-49.2243601686 -25.374540548)
2014-05-19 09:10:30.000000,-25.374540548,-49.2243601686,POINT (-49.2243601686 -25.374540548)
2014-05-19 09:10:40.000000,-25.374540548,-49.2243601686,POINT (-49.2243601686 -25.374540548)
2014-05-19 09:10:50.000000,-25.374540548,-49.2243601686,POINT (-49.2243601686 -25.374540548)
2014-05-19 09:11:00.000000,-25.374540548,-49.2243601686,POINT (-49.2243601686 -25.374540548)
2014-05-19 09:11:10.000000,-25.374540548,-49.2243601686,POINT (-49.2243601686 -25.374540548)
2014-05-19 09:11:20.000000,-25.374540548,-49.2243601686,POINT (-49.2243601686 -25.374540548)
2014-05-19 09:11:30.000000,-25.374540548,-49.2243601686,POINT (-49.2243601686 -25.374540548)
2014-05-19 09:11:40.000000,-25.374540548,-49.2243601686,POINT (-49.2243601686 -25.374540548)
2014-05-19 09:11:50.000000,-25.374540548,-49.2243601686,POINT (-49.2243601686 -25.374540548)
2014-05-19 09:12:00.000000,-25.374540548,-49.2243601686,POINT (-49.2243601686 -25.374540548)
2014-05-19 09:12:10.000000,-25.374540548,-49.2243601686,POINT (-49.2243601686 -25.374540548)
2014-05-19 09:12:20.000000,-25.374540548,-49.2243601686,POINT (-49.2243601686 -25.374540548)
2014-05-19 09:12:30.000000,-25.374540548,-49.2243601686,POINT (-49.2243601686 -25.374540548)
2014-05-19 09:12:40.000000,-25.374540548,-49.2243601686,POINT (-49.2243601686 -25.374540548)
2014-05-19 09:12:50.000000,-25.374540548,-49.2243601686,POINT (-49.2243601686 -25.374540548)
2014-05-19 09:13:00.000000,-25.374540548,-49.2243601686,POINT (-49.2243601686 -25.374540548)
2014-05-19 09:13:10.000000,-25.374540548,-49.2243601686,POINT (-49.2243601686 -25.374540548)
2014-05-19 09:13:20.000000,-25.374540548,-49.2243601686,POINT (-49.2243601686 -25.374540548)
2014-05-19 09:13:30.000000,-25.374540548,-49.2243601686,POINT (-49.2243601686 -25.374540548)
2014-05-19 09:13:40.000000,-25.374540548,-49.2243601686,POINT (-49.2243601686 -25.374540548)
2014-05-19 09:13:50.000000,-25.374540548,-49.2243601686,POINT (-49.2243601686 -25.374540548)
2014-05-19 09:14:00.000000,-25.374540548,-49.2243601686,POINT (-49.2243601686 -25.374540548)
2014-05-19 09:14:10.000000,-25.374540548,-49.2243601686,POINT (-49.2243601686 -25.374540548)
2014-05-19 09:14:20.000000,-25.374540548,-49.2243601686,POINT (-49.2243601686 -25.374540548)
2014-05-19 09:14:30.000000,-25.374540548,-49.2243601686,POINT (-49.2243601686 -25.374540548)
2014-05-19 09:14:40.000000,-25.374540548,-49.2243601686,POINT (-49.2243601686 -25.374540548)
2014-05-19 09:14:50.000000,-25.374540548,-49.2243601686,POINT (-49.2243601686 -25.374540548)
2014-05-19 09:15:00.000000,-25.374540548,-49.2243601686,POINT (-49.2243601686 -25.374540548)
2014-05-19 09:15:10.000000,-25.374540548,-49.2243601686,POINT (-49.2243601686 -25.374540548)
2014-05-19 09:15:20.000000,-25.374540548,-49.2243601686,POINT (-49.2243601686 -25.374540548)
2014-05-19 09:15:30.000000,-25.374540548,-49.2243601686,POINT (-49.2243601686 -25.374540548)
2014-05-19 09:15:40.000000,-25.374540548,-49.2243601686,POINT (-49.2243601686 -25.374540548)
2014-05-19 09:15:50.000000,-25.374540548,-49.2243601686,POINT (-49.2243601686 -25.374540548)
2014-05-19 09:16:00.000000,-25.374540548,-49.2243601686,POINT (-49.2243601686 -25.374540548)
2014-05-19 09:16:10.000000,-25.374540548,-49.2243601686,POINT (-49.2243601686 -25.374540548)
2014-05-19 09:16:20.000000,-25.374540548,-49.2243601686,POINT (-49.2243601686 -25.374540548)
2014-05-19 09:16:30.000000,-25.374540548,-49.2243601686,POINT (-49.2243601686 -25.374540548)
2014-05-19 09:16:40.000000,-25.374540548,-49.2243601686,POINT (-49.2243601686 -25.374540548)
2014-05-19 09:16:50.000000,-25.374540548,-49.2243601686,POINT (-49.2243601686 -25.374540548)
2014-05-19 09:17:00.000000,-25.374540548,-49.2243601686,POINT (-49.2243601686 -25.374540548)
2014-05-19 09:17:10.000000,-25.374540548,-49.2243601686,POINT (-49.2243601686 -25.374540548)
2014-05-19 09:17:20.000000,-25.374540548,-49.2243601686,POINT (-49.2243601686 -25.374540548)
2014-05-19 09:17:30.000000,-25.374540548,-49.2243601686,POINT (-49.2243601686 -25.374540548)
2014-05-19 09:17:40.000000,-25.374540548,-49.2243601686,POINT (-49.2243601686 -25.374540548)
2014-05-19 09:17:50.000000,-25.374540548,-49.2243601686,POINT (-49.2243601686 -25.374540548)
2014-05-19 09:18:00.000000,-25.374540548,-49.2243601686,POINT (-49.2243601686 -25.374540548)
2014-05-19 09:18:10.000000,-25.374540548,-49.2243601686,POINT (-49.2243601686 -25.374540548)
2014-05-19 09:18:20.000000,-25.374540548,-49.2243601686,POINT (-49.2243601686 -25.374540548)
2014-05-19 09:18:30.000000,-25.374540548,-49.2243601686,POINT (-49.2243601686 -25.374540548)
2014-05-19 09:18:40.000000,-25.374540548,-49.2243601686,POINT (-49.2243601686 -25.374540548)
2014-05-19 09:18:50.000000,-25.374540548,-49.2243601686,POINT (-49.2243601686 -25.374540548)
2014-05-19 09:19:00.000000,-25.374540548,-49.2243601686,POINT (-49.2243601686 -25.374540548)
2014-05-19 09:19:10.000000,-25.374540548,-49.2243601686,POINT (-49.2243601686 -25.374540548)
2014-05-19 09:19:20.000000,-25.374540548,-49.2243601686,POINT (-49.2243601686 -25.374540548)
2014-05-19 09:19:30.000000,-25.374540548,-49.2243601686,POINT (-49.2243601686 -25.374540548)
2014-05-19 09:19:40.000000,-25.374540548,-49.2243601686,POINT (-49.2243601686 -25.374540548)
2014-05-19 09:19:50.000000,-25.374540548,-49.2243601686,POINT (-49.2243601686 -25.374540548)
2014-05-19 09:20:00.000000,-25.374540548,-49.2243601686,POINT (-49.2243601686 -25.374540548)
2014-05-19 09:20:10.000000,-25.374540548,-49.2243601686,POINT (-49.2243601686 -25.374540548)
2014-05-19 09:20:20.000000,-25.374540548,-49.2243601686,POINT (-49.2243601686 -25.374540548)
2014-05-19 09:20:30.000000,-25.374540548,-49.2243601686,POINT (-49.2243601686 -25.374540548)
2014-05-19 09:20:40.000000,-25.374540548,-49.2243601686,POINT (-49.2243601686 -25.374540548)
2014-05-19 09:20:50.000000,-25.374540548,-49.2243601686,POINT (-49.2243601686 -25.374540548)
2014-05-19 09:21:00.000000,-25.374540548,-49.2243601686,POINT (-49.2243601686 -25.374540548)
2014-05-19 09:21:10.000000,-25.374540548,-49.2243601686,POINT (-49.2243601686 -25.374540548)
2014-05-19 09:21:20.000000,-25.374540548,-49.2243601686,POINT (-49.2243601686 -25.374540548)
2014-05-19 09:21:30.000000,-25.374540548,-49.2243601686,POINT (-49.2243601686 -25.374540548)
2014-05-19 09:21:40.000000,-25.374540548,-49.2243601686,POINT (-49.2243601686 -25.374540548)
2014-05-19 09:21:50.000000,-25.374540548,-49.2243601686,POINT (-49.2243601686 -25.374540548)
2014-05-19 09:22:00.000000,-25.374540548,-49.2243601686,POINT (-49.2243601686 -25.374540548)
2014-05-19 09:22:10.000000,-25.374540548,-49.2243601686,POINT (-49.2243601686 -25.374540548)
2014-05-19 09:22:20.000000,-25.374540548,-49.2243601686,POINT (-49.2243601686 -25.374540548)
2014-05-19 09:22:30.000000,-25.374540548,-49.2243601686,POINT (-49.2243601686 -25.374540548)
2014-05-19 09:22:40.000000,-25.374540548,-49.2243601686,POINT (-49.2243601686 -25.374540548)
2014-05-19 09:22:50.000000,-25.374540548,-49.2243601686,POINT (-49.2243601686 -25.374540548)
2014-05-19 09:23:00.000000,-25.374540548,-49.2243601686,POINT (-49.2243601686 -25.374540548)
2014-05-19 09:23:10.000000,-25.374540548,-49.2243601686,POINT (-49.2243601686 -25.374540548)
2014-05-19 09:23:20.000000,-25.374540548,-49.2243601686,POINT (-49.2243601686 -25.374540548)
2014-05-19 09:23:30.000000,-25.374540548,-49.2243601686,POINT (-49.2243601686 -25.374540548)
2014-05-19 09:23:40.000000,-25.374540548,-49.2243601686,POINT (-49.2243601686 -25.374540548)
2014-05-19 09:23:50.000000,-25.374540548,-49.2243601686,POINT (-49.2243601686 -25.374540548)
2014-05-19 09:24:00.000000,-25.374540548,-49.2243601686,POINT (-49.2243601686 -25.374540548)
2014-05-19 09:24:10.000000,-25.374540548,-49.2243601686,POINT (-49.2243601686 -25.374540548)
2014-05-19 09:24:20.000000,-25.374540548,-49.2243601686,POINT (-49.2243601686 -25.374540548)
2014-05-19 09:24:30.000000,-25.374540548,-49.2243601686,POINT (-49.2243601686 -25.374540548)
2014-05-19 09:24:40.000000,-25.374540548,-49.2243601686,POINT (-49.2243601686 -25.374540548)
2014-05-19 09:24:50.000000,-25.374540548,-49.2243601686,POINT (-49.2243601686 -25.374540548)
2014-05-19 09:25:00.000000,-25.374540548,-49.2243601686,POINT (-49.2243601686 -25.374540548)
2014-05-19 09:25:10.000000,-25.374540548,-49.2243601686,POINT (-49.2243601686 -25.374540548)
2014-05-19 09:25:20.000000,-25.374540548,-49.2243601686,POINT (-49.2243601686 -25.374540548)
2014-05-19 09:25:30.000000,-25.374540548,-49.2243601686,POINT (-49.2243601686 -25.374540548)
2014-05-19 09:25:40.000000,-25.374540548,-49.2243601686,POINT (-49.2243601686 -25.374540548)
2014-05-19 09:25:50.000000,-25.374540548,-49.2243601686,POINT (-49.2243601686 -25.374540548)
2014-05-19 09:26:00.000000,-25.374540548,-49.2243601686,POINT (-49.2243601686 -25.374540548)
2014-05-19 09:26:10.000000,-25.374540548,-49.2243601686,POINT (-49.2243601686 -25.374540548)
2014-05-19 09:26:20.000000,-25.374540548,-49.2243601686,POINT (-49.2243601686 -25.374540548)
2014-05-19 09:26:30.000000,-25.374540548,-49.2243601686,POINT (-49.2243601686 -25.374540548)
2014-05-19 09:26:40.000000,-25.374540548,-49.2243601686,POINT (-49.2243601686 -25.374540548)
2014-05-19 09:26:50.000000,-25.374540548,-49.2243601686,POINT (-49.2243601686 -25.374540548)
2014-05-19 09:27:00.000000,-25.374540548,-49.2243601686,POINT (-49.2243601686 -25.374540548)
2014-05-19 09:27:10.000000,-25.374540548,-49.2243601686,POINT (-49.2243601686 -25.374540548)
2014-05-19 09:27:20.000000,-25.374540548,-49.2243601686,POINT (-49.2243601686 -25.374540548)
2014-05-19 09:27:30.000000,-25.374540548,-49.2243601686,POINT (-49.2243601686 -25.374540548)
2014-05-19 09:27:40.000000,-25.374540548,-49.2243601686,POINT (-49.2243601686 -25.374540548)
2014-05-19 09:27:50.000000,-25.374540548,-49.2243601686,POINT (-49.2243601686 -25.374540548)
2014-05-19 09:28:00.000000,-25.374540548,-49.2243601686,POINT (-49.2243601686 -25.374540548)
2014-05-19 09:28:10.000000,-25.374540548,-49.2243601686,POINT (-49.2243601686 -25.374540548)
2014-05-19 09:28:20.000000,-25.374540548,-49.2243601686,POINT (-49.2243601686 -25.374540548)
2014-05-19 09:28:30.000000,-25.374540548,-49.2243601686,POINT (-49.2243601686 -25.374540548)
2014-05-19 09:28:40.000000,-25.374540548,-49.2243601686,POINT (-49.2243601686 -25.374540548)
2014-05-19 09:28:50.000000,-25.374540548,-49.2243601686,POINT (-49.2243601686 -25.374540548)
2014-05-19 09:29:00.000000,-25.374540548,-49.2243601686,POINT (-49.2243601686 -25.374540548)
2014-05-19 09:29:10.000000,-25.374540548,-49.2243601686,POINT (-49.2243601686 -25.374540548)
2014-05-19 09:29:20.000000,-25.374540548,-49.2243601686,POINT (-49.2243601686 -25.374540548)
2014-05-19 09:29:30.000000,-25.374540548,-49.2243601686,POINT (-49.2243601686 -25.374540548)
2014-05-19 09:29:40.000000,-25.374540548,-49.2243601686,POINT (-49.2243601686 -25.374540548)
2014-05-19 09:29:50.000000,-25.374540548,-49.2243601686,POINT (-49.2243601686 -25.374540548)
2014-05-19 09:30:00.000000,-25.374540548,-49.2243601686,POINT (-49.2243601686 -25.374540548)
2014-05-19 09:30:10.000000,-25.374540548,-49.2243601686,POINT (-49.2243601686 -25.374540548)
2014-05-19 09:30:20.000000,-25.374540548,-49.2243601686,POINT (-49.2243601686 -25.374540548)
2014-05-19 09:30:30.000000,-25.374540548,-49.2243601686,POINT (-49.2243601686 -25.374540548)
2014-05-19 09:30:40.000000,-25.374540548,-49.2243601686,POINT (-49.2243601686 -25.374540548)
2014-05-19 09:30:50.000000,-25.374540548,-49.2243601686,POINT (-49.2243601686 -25.374540548)
2014-05-19 09:31:00.000000,-25.374540548,-49.2243601686,POINT (-49.2243601686 -25.374540548)
2014-05-19 09:31:10.000000,-25.374540548,-49.2243601686,POINT (-49.2243601686 -25.374540548)
2014-05-19 09:31:20.000000,-25.374540548,-49.2243601686,POINT (-49.2243601686 -25.374540548)
2014-05-19 09:31:30.000000,-25.374540548,-49.2243601686,POINT (-49.2243601686 -25.374540548)
2014-05-19 09:31:40.000000,-25.374540548,-49.2243601686,POINT (-49.2243601686 -25.374540548)
2014-05-19 09:31:50.000000,-25.374540548,-49.2243601686,POINT (-49.2243601686 -25.374540548)
2014-05-19 09:32:00.000000,-25.374540548,-49.2243601686,POINT (-49.2243601686 -25.374540548)
2014-05-19 09:32:10.000000,-25.374540548,-49.2243601686,POINT (-49.2243601686 -25.374540548)
2014-05-19 09:32:20.000000,-25.374540548,-49.2243601686,POINT (-49.2243601686 -25.374540548)
2014-05-19 09:32:30.000000,-25.374540548,-49.2243601686,POINT (-49.2243601686 -25.374540548)
2014-05-19 09:32:40.000000,-25.374540548,-49.2243601686,POINT (-49.2243601686 -25.374540548)
2014-05-19 09:32:50.000000,-25.374540548,-49.2243601686,POINT (-49.2243601686 -25.374540548)
2014-05-19 09:33:00.000000,-25.374540548,-49.2243601686,POINT (-49.2243601686 -25.374540548)
2014-05-19 09:33:10.000000,-25.374540548,-49.2243601686,POINT (-49.2243601686 -25.374540548)
2014-05-19 09:33:20.000000,-25.374540548,-49.2243601686,POINT (-49.2243601686 -25.374540548)
2014-05-19 09:33:30.000000,-25.374540548,-49.2243601686,POINT (-49.2243601686 -25.374540548)
2014-05-19 09:33:40.000000,-25.374540548,-49.2243601686,POINT (-49.2243601686 -25.374540548)
2014-05-19 09:33:50.000000,-25.374540548,-49.2243601686,POINT (-49.2243601686 -25.374540548)
2014-05-19 09:34:00.000000,-25.374540548,-49.2243601686,POINT (-49.2243601686 -25.374540548)
2014-05-19 09:34:10.000000,-25.374540548,-49.2243601686,POINT (-49.2243601686 -25.374540548)
2014-05-19 09:34:20.000000,-25.374540548,-49.2243601686,POINT (-49.2243601686 -25.374540548)
2014-05-19 09:34:30.000000,-25.374540548,-49.2243601686,POINT (-49.2243601686 -25.374540548)
2014-05-19 09:34:40.000000,-25.374540548,-49.2243601686,POINT (-49.2243601686 -25.374540548)
2014-05-19 09:34:50.000000,-25.374540548,-49.2243601686,POINT (-49.2243601686 -25.374540548)
2014-05-19 09:35:00.000000,-25.374540548,-49.2243601686,POINT (-49.2243601686 -25.374540548)
2014-05-19 09:35:10.000000,-25.374540548,-49.2243601686,POINT (-49.2243601686 -25.374540548)
2014-05-19 09:35:20.000000,-25.374540548,-49.2243601686,POINT (-49.2243601686 -25.374540548)
2014-05-19 09:35:30.000000,-25.374540548,-49.2243601686,POINT (-49.2243601686 -25.374540548)
2014-05-19 09:35:40.000000,-25.374540548,-49.2243601686,POINT (-49.2243601686 -25.374540548)
2014-05-19 09:35:50.000000,-25.374540548,-49.2243601686,POINT (-49.2243601686 -25.374540548)
2014-05-19 09:36:00.000000,-25.374540548,-49.2243601686,POINT (-49.2243601686 -25.374540548)
2014-05-19 09:36:10.000000,-25.374540548,-49.2243601686,POINT (-49.2243601686 -25.374540548)
2014-05-19 09:36:20.000000,-25.374540548,-49.2243601686,POINT (-49.2243601686 -25.374540548)
2014-05-19 09:36:30.000000,-25.374540548,-49.2243601686,POINT (-49.2243601686 -25.374540548)
2014-05-19 09:36:40.000000,-25.374540548,-49.2243601686,POINT (-49.2243601686 -25.374540548)
2014-05-19 09:36:50.000000,-25.374540548,-49.2243601686,POINT (-49.2243601686 -25.374540548)
2014-05-19 09:37:00.000000,-25.374540548,-49.2243601686,POINT (-49.2243601686 -25.374540548)
2014-05-19 09:37:10.000000,-25.374540548,-49.2243601686,POINT (-49.2243601686 -25.374540548)
2014-05-19 09:37:20.000000,-25.374540548,-49.2243601686,POINT (-49.2243601686 -25.374540548)
2014-05-19 09:37:30.000000,-25.374540548,-49.2243601686,POINT (-49.2243601686 -25.374540548)
2014-05-19 09:37:40.000000,-25.374540548,-49.2243601686,POINT (-49.2243601686 -25.374540548)
2014-05-19 09:37:50.000000,-25.374540548,-49.2243601686,POINT (-49.2243601686 -25.374540548)
2014-05-19 09:38:00.000000,-25.374540548,-49.2243601686,POINT (-49.2243601686 -25.374540548)
2014-05-19 09:38:10.000000,-25.374540548,-49.2243601686,POINT (-49.2243601686 -25.374540548)
2014-05-19 09:38:20.000000,-25.374540548,-49.2243601686,POINT (-49.2243601686 -25.374540548)
2014-05-19 09:38:30.000000,-25.374540548,-49.2243601686,POINT (-49.2243601686 -25.374540548)
2014-05-19 09:38:40.000000,-25.374540548,-49.2243601686,POINT (-49.2243601686 -25.374540548)
2014-05-19 09:38:50.000000,-25.374540548,-49.2243601686,POINT (-49.2243601686 -25.374540548)
2014-05-19 09:39:00.000000,-25.374540548,-49.2243601686,POINT (-49.2243601686 -25.374540548)
2014-05-19 09:39:10.000000,-25.374540548,-49.2243601686,POINT (-49.2243601686 -25.374540548)
2014-05-19 09:39:20.000000,-25.374540548,-49.2243601686,POINT (-49.2243601686 -25.374540548)
2014-05-19 09:39:30.000000,-25.374540548,-49.2243601686,POINT (-49.2243601686 -25.374540548)
2014-05-19 09:39:40.000000,-25.374540548,-49.2243601686,POINT (-49.2243601686 -25.374540548)
2014-05-19 09:39:50.000000,-25.374540548,-49.2243601686,POINT (-49.2243601686 -25.374540548)
2014-05-19 09:40:00.000000,-25.374540548,-49.2243601686,POINT (-49.2243601686 -25.374540548)
2014-05-19 09:40:10.000000,-25.374540548,-49.2243601686,POINT (-49.2243601686 -25.374540548)
2014-05-19 09:40:20.000000,-25.374540548,-49.2243601686,POINT (-49.2243601686 -25.374540548)
2014-05-19 09:40:30.000000,-25.374540548,-49.2243601686,POINT (-49.2243601686 -25.374540548)
2014-05-19 09:40:40.000000,-25.374540548,-49.2243601686,POINT (-49.2243601686 -25.374540548)
2014-05-19 09:40:50.000000,-25.374540548,-49.2243601686,POINT (-49.2243601686 -25.374540548)
2014-05-19 09:41:00.000000,-25.374540548,-49.2243601686,POINT (-49.2243601686 -25.374540548)
2014-05-19 09:41:10.000000,-25.374540548,-49.2243601686,POINT (-49.2243601686 -25.374540548)
2014-05-19 09:41:20.000000,-25.374540548,-49.2243601686,POINT (-49.2243601686 -25.374540548)
2014-05-19 09:41:30.000000,-25.374540548,-49.2243601686,POINT (-49.2243601686 -25.374540548)
2014-05-19 09:41:40.000000,-25.374540548,-49.2243601686,POINT (-49.2243601686 -25.374540548)
2014-05-19 09:41:50.000000,-25.374540548,-49.2243601686,POINT (-49.2243601686 -25.374540548)
2014-05-19 09:42:00.000000,-25.374540548,-49.2243601686,POINT (-49.2243601686 -25.374540548)
2014-05-19 09:42:10.000000,-25.374540548,-49.2243601686,POINT (-49.2243601686 -25.374540548)
2014-05-19 09:42:20.000000,-25.374540548,-49.2243601686,POINT (-49.2243601686 -25.374540548)
2014-05-19 09:42:30.000000,-25.374540548,-49.2243601686,POINT (-49.2243601686 -25.374540548)
2014-05-19 09:42:40.000000,-25.374540548,-49.2243601686,POINT (-49.2243601686 -25.374540548)
2014-05-19 09:42:50.000000,-25.374540548,-49.2243601686,POINT (-49.2243601686 -25.374540548)
2014-05-19 09:43:00.000000,-25.374540548,-49.2243601686,POINT (-49.2243601686 -25.374540548)
2014-05-19 09:43:10.000000,-25.374540548,-49.2243601686,POINT (-49.2243601686 -25.374540548)
2014-05-19 09:43:20.000000,-25.374540548,-49.2243601686,POINT (-49.2243601686 -25.374540548)
2014-05-19 09:43:30.000000,-25.374540548,-49.2243601686,POINT (-49.2243601686 -25.374540548)
2014-05-19 09:43:40.000000,-25.374540548,-49.2243601686,POINT (-49.2243601686 -25.374540548)
2014-05-19 09:43:50.000000,-25.374540548,-49.2243601686,POINT (-49.2243601686 -25.374540548)
2014-05-19 09:44:00.000000,-25.374540548,-49.2243601686,POINT (-49.2243601686 -25.374540548)
2014-05-19 09:44:10.000000,-25.374540548,-49.2243601686,POINT (-49.2243601686 -25.374540548)
2014-05-19 09:44:20.000000,-25.374540548,-49.2243601686,POINT (-49.2243601686 -25.374540548)
2014-05-19 09:44:30.000000,-25.374540548,-49.2243601686,POINT (-49.2243601686 -25.374540548)
2014-05-19 09:44:40.000000,-25.374540548,-49.2243601686,POINT (-49.2243601686 -25.374540548)
2014-05-19 09:44:50.000000,-25.374540548,-49.2243601686,POINT (-49.2243601686 -25.374540548)
2014-05-19 09:45:00.000000,-25.374540548,-49.2243601686,POINT (-49.2243601686 -25.374540548)
2014-05-19 09:45:10.000000,-25.374540548,-49.2243601686,POINT (-49.2243601686 -25.374540548)
2014-05-19 09:45:20.000000,-25.374540548,-49.2243601686,POINT (-49.2243601686 -25.374540548)
2014-05-19 09:45:30.000000,-25.374540548,-49.2243601686,POINT (-49.2243601686 -25.374540548)
2014-05-19 09:45:40.000000,-25.374540548,-49.2243601686,POINT (-49.2243601686 -25.374540548)
2014-05-19 09:45:50.000000,-25.374540548,-49.2243601686,POINT (-49.2243601686 -25.374540548)
2014-05-19 09:46:00.000000,-25.374540548,-49.2243601686,POINT (-49.2243601686 -25.374540548)
2014-05-19 09:46:10.000000,-25.374540548,-49.2243601686,POINT (-49.2243601686 -25.374540548)
2014-05-19 09:46:20.000000,-25.374540548,-49.2243601686,POINT (-49.2243601686 -25.374540548)
2014-05-19 09:46:30.000000,-25.374540548,-49.2243601686,POINT (-49.2243601686 -25.374540548)
2014-05-19 09:46:40.000000,-25.374540548,-49.2243601686,POINT (-49.2243601686 -25.374540548)
2014-05-19 09:46:50.000000,-25.374540548,-49.2243601686,POINT (-49.2243601686 -25.374540548)
2014-05-19 09:47:00.000000,-25.374540548,-49.2243601686,POINT (-49.2243601686 -25.374540548)
2014-05-19 09:47:10.000000,-25.374540548,-49.2243601686,POINT (-49.2243601686 -25.374540548)
2014-05-19 09:47:20.000000,-25.374540548,-49.2243601686,POINT (-49.2243601686 -25.374540548)
2014-05-19 09:47:30.000000,-25.374540548,-49.2243601686,POINT (-49.2243601686 -25.374540548)
2014-05-19 09:47:40.000000,-25.374540548,-49.2243601686,POINT (-49.2243601686 -25.374540548)
2014-05-19 09:47:50.000000,-25.374540548,-49.2243601686,POINT (-49.2243601686 -25.374540548)
2014-05-19 09:48:00.000000,-25.374540548,-49.2243601686,POINT (-49.2243601686 -25.374540548)
2014-05-19 09:48:10.000000,-25.374540548,-49.2243601686,POINT (-49.2243601686 -25.374540548)
2014-05-19 09:48:20.000000,-25.374540548,-49.2243601686,POINT (-49.2243601686 -25.374540548)
2014-05-19 09:48:30.000000,-25.374540548,-49.2243601686,POINT (-49.2243601686 -25.374540548)
2014-05-19 09:48:40.000000,-25.374540548,-49.2243601686,POINT (-49.2243601686 -25.374540548)
2014-05-19 09:48:50.000000,-25.374540548,-49.2243601686,POINT (-49.2243601686 -25.374540548)
2014-05-19 09:49:00.000000,-25.374540548,-49.2243601686,POINT (-49.2243601686 -25.374540548)
2014-05-19 09:49:10.000000,-25.374540548,-49.2243601686,POINT (-49.2243601686 -25.374540548)
2014-05-19 09:49:20.000000,-25.374540548,-49.2243601686,POINT (-49.2243601686 -25.374540548)
2014-05-19 09:49:30.000000,-25.374540548,-49.2243601686,POINT (-49.2243601686 -25.374540548)
2014-05-19 09:49:40.000000,-25.374540548,-49.2243601686,POINT (-49.2243601686 -25.374540548)
2014-05-19 09:49:50.000000,-25.374540548,-49.2243601686,POINT (-49.2243601686 -25.374540548)
2014-05-19 09:50:00.000000,-25.374540548,-49.2243601686,POINT (-49.2243601686 -25.374540548)
2014-05-19 09:50:10.000000,-25.374540548,-49.2243601686,POINT (-49.2243601686 -25.374540548)
2014-05-19 09:50:20.000000,-25.374540548,-49.2243601686,POINT (-49.2243601686 -25.374540548)
2014-05-19 09:50:30.000000,-25.374540548,-49.2243601686,POINT (-49.2243601686 -25.374540548)
2014-05-19 09:50:40.000000,-25.374540548,-49.2243601686,POINT (-49.2243601686 -25.374540548)
2014-05-19 09:50:50.000000,-25.374540548,-49.2243601686,POINT (-49.2243601686 -25.374540548)
2014-05-19 09:51:00.000000,-25.374540548,-49.2243601686,POINT (-49.2243601686 -25.374540548)
2014-05-19 09:51:10.000000,-25.374540548,-49.2243601686,POINT (-49.2243601686 -25.374540548)
2014-05-19 09:51:20.000000,-25.374540548,-49.2243601686,POINT (-49.2243601686 -25.374540548)
2014-05-19 09:51:30.000000,-25.374540548,-49.2243601686,POINT (-49.2243601686 -25.374540548)
2014-05-19 09:51:40.000000,-25.374540548,-49.2243601686,POINT (-49.2243601686 -25.374540548)
2014-05-19 09:51:50.000000,-25.374540548,-49.2243601686,POINT (-49.2243601686 -25.374540548)
2014-05-19 09:52:00.000000,-25.374540548,-49.2243601686,POINT (-49.2243601686 -25.374540548)
2014-05-19 09:52:10.000000,-25.374540548,-49.2243601686,POINT (-49.2243601686 -25.374540548)
2014-05-19 09:52:20.000000,-25.374540548,-49.2243601686,POINT (-49.2243601686 -25.374540548)
2014-05-19 09:52:30.000000,-25.374540548,-49.2243601686,POINT (-49.2243601686 -25.374540548)
2014-05-19 09:52:40.000000,-25.374540548,-49.2243601686,POINT (-49.2243601686 -25.374540548)
2014-05-19 09:52:50.000000,-25.374540548,-49.2243601686,POINT (-49.2243601686 -25.374540548)
2014-05-19 09:53:00.000000,-25.374540548,-49.2243601686,POINT (-49.2243601686 -25.374540548)
2014-05-19 09:53:10.000000,-25.374540548,-49.2243601686,POINT (-49.2243601686 -25.374540548)
2014-05-19 09:53:20.000000,-25.374540548,-49.2243601686,POINT (-49.2243601686 -25.374540548)
2014-05-19 09:53:30.000000,-25.374540548,-49.2243601686,POINT (-49.2243601686 -25.374540548)
2014-05-19 09:53:40.000000,-25.374540548,-49.2243601686,POINT (-49.2243601686 -25.374540548)
2014-05-19 09:53:50.000000,-25.374540548,-49.2243601686,POINT (-49.2243601686 -25.374540548)
2014-05-19 09:54:00.000000,-25.374540548,-49.2243601686,POINT (-49.2243601686 -25.374540548)
2014-05-19 09:54:10.000000,-25.374540548,-49.2243601686,POINT (-49.2243601686 -25.374540548)
2014-05-19 09:54:20.000000,-25.374540548,-49.2243601686,POINT (-49.2243601686 -25.374540548)
2014-05-19 09:54:30.000000,-25.374540548,-49.2243601686,POINT (-49.2243601686 -25.374540548)
2014-05-19 09:54:40.000000,-25.374540548,-49.2243601686,POINT (-49.2243601686 -25.374540548)
2014-05-19 09:54:50.000000,-25.374540548,-49.2243601686,POINT (-49.2243601686 -25.374540548)
2014-05-19 09:55:00.000000,-25.374540548,-49.2243601686,POINT (-49.2243601686 -25.374540548)
2014-05-19 09:55:10.000000,-25.374540548,-49.2243601686,POINT (-49.2243601686 -25.374540548)
2014-05-19 09:55:20.000000,-25.374540548,-49.2243601686,POINT (-49.2243601686 -25.374540548)
2014-05-19 09:55:30.000000,-25.374540548,-49.2243601686,POINT (-49.2243601686 -25.374540548)
2014-05-19 09:55:40.000000,-25.374540548,-49.2243601686,POINT (-49.2243601686 -25.374540548)
2014-05-19 09:55:50.000000,-25.374540548,-49.2243601686,POINT (-49.2243601686 -25.374540548)
2014-05-19 09:56:00.000000,-25.374540548,-49.2243601686,POINT (-49.2243601686 -25.374540548)
2014-05-19 09:56:10.000000,-25.374540548,-49.2243601686,POINT (-49.2243601686 -25.374540548)
2014-05-19 09:56:20.000000,-25.374540548,-49.2243601686,POINT (-49.2243601686 -25.374540548)
2014-05-19 09:56:30.000000,-25.374540548,-49.2243601686,POINT (-49.2243601686 -25.374540548)
2014-05-19 09:56:40.000000,-25.374540548,-49.2243601686,POINT (-49.2243601686 -25.374540548)
2014-05-19 09:56:50.000000,-25.374540548,-49.2243601686,POINT (-49.2243601686 -25.374540548)
2014-05-19 09:57:00.000000,-25.374540548,-49.2243601686,POINT (-49.2243601686 -25.374540548)
2014-05-19 09:57:10.000000,-25.374540548,-49.2243601686,POINT (-49.2243601686 -25.374540548)
2014-05-19 09:57:20.000000,-25.374540548,-49.2243601686,POINT (-49.2243601686 -25.374540548)
2014-05-19 09:57:30.000000,-25.374540548,-49.2243601686,POINT (-49.2243601686 -25.374540548)
2014-05-19 09:57:40.000000,-25.374540548,-49.2243601686,POINT (-49.2243601686 -25.374540548)
2014-05-19 09:57:50.000000,-25.374540548,-49.2243601686,POINT (-49.2243601686 -25.374540548)
2014-05-19 09:58:00.000000,-25.374540548,-49.2243601686,POINT (-49.2243601686 -25.374540548)
2014-05-19 09:58:10.000000,-25.374540548,-49.2243601686,POINT (-49.2243601686 -25.374540548)
2014-05-19 09:58:20.000000,-25.374540548,-49.2243601686,POINT (-49.2243601686 -25.374540548)
2014-05-19 09:58:30.000000,-25.374540548,-49.2243601686,POINT (-49.2243601686 -25.374540548)
2014-05-19 09:58:40.000000,-25.374540548,-49.2243601686,POINT (-49.2243601686 -25.374540548)
2014-05-19 09:58:50.000000,-25.374540548,-49.2243601686,POINT (-49.2243601686 -25.374540548)
2014-05-19 09:59:00.000000,-25.374540548,-49.2243601686,POINT (-49.2243601686 -25.374540548)
2014-05-19 09:59:10.000000,-25.374540548,-49.2243601686,POINT (-49.2243601686 -25.374540548)
2014-05-19 09:59:20.000000,-25.374540548,-49.2243601686,POINT (-49.2243601686 -25.374540548)
2014-05-19 09:59:30.000000,-25.374540548,-49.2243601686,POINT (-49.2243601686 -25.374540548)
2014-05-19 09:59:40.000000,-25.374540548,-49.2243601686,POINT (-49.2243601686 -25.374540548)
2014-05-19 09:59:50.000000,-25.374540548,-49.2243601686,POINT (-49.2243601686 -25.374540548)
2014-05-19 10:00:00.000000,-25.374540548,-49.2243601686,POINT (-49.2243601686 -25.374540548)
2014-05-19 10:00:10.000000,-25.374540548,-49.2243601686,POINT (-49.2243601686 -25.374540548)
2014-05-19 10:00:20.000000,-25.374540548,-49.2243601686,POINT (-49.2243601686 -25.374540548)
2014-05-19 10:00:30.000000,-25.374540548,-49.2243601686,POINT (-49.2243601686 -25.374540548)
2014-05-19 10:00:40.000000,-25.374540548,-49.2243601686,POINT (-49.2243601686 -25.374540548)
2014-05-19 10:00:50.000000,-25.374540548,-49.2243601686,POINT (-49.2243601686 -25.374540548)
2014-05-19 10:01:00.000000,-25.374540548,-49.2243601686,POINT (-49.2243601686 -25.374540548)
2014-05-19 10:01:10.000000,-25.374540548,-49.2243601686,POINT (-49.2243601686 -25.374540548)
2014-05-19 10:01:20.000000,-25.374540548,-49.2243601686,POINT (-49.2243601686 -25.374540548)
2014-05-19 10:01:30.000000,-25.374540548,-49.2243601686,POINT (-49.2243601686 -25.374540548)
2014-05-19 10:01:40.000000,-25.374540548,-49.2243601686,POINT (-49.2243601686 -25.374540548)
2014-05-19 10:01:50.000000,-25.374540548,-49.2243601686,POINT (-49.2243601686 -25.374540548)
2014-05-19 10:02:00.000000,-25.374540548,-49.2243601686,POINT (-49.2243601686 -25.374540548)
2014-05-19 10:02:10.000000,-25.374540548,-49.2243601686,POINT (-49.2243601686 -25.374540548)
2014-05-19 10:02:20.000000,-25.374540548,-49.2243601686,POINT (-49.2243601686 -25.374540548)
2014-05-19 10:02:30.000000,-25.374540548,-49.2243601686,POINT (-49.2243601686 -25.374540548)
2014-05-19 10:02:40.000000,-25.374540548,-49.2243601686,POINT (-49.2243601686 -25.374540548)
2014-05-19 10:02:50.000000,-25.374540548,-49.2243601686,POINT (-49.2243601686 -25.374540548)
2014-05-19 10:03:00.000000,-25.374540548,-49.2243601686,POINT (-49.2243601686 -25.374540548)
2014-05-19 10:03:10.000000,-25.374540548,-49.2243601686,POINT (-49.2243601686 -25.374540548)
2014-05-19 10:03:20.000000,-25.374540548,-49.2243601686,POINT (-49.2243601686 -25.374540548)
2014-05-19 10:03:30.000000,-25.374540548,-49.2243601686,POINT (-49.2243601686 -25.374540548)
2014-05-19 10:03:40.000000,-25.374540548,-49.2243601686,POINT (-49.2243601686 -25.374540548)
2014-05-19 10:03:50.000000,-25.374540548,-49.2243601686,POINT (-49.2243601686 -25.374540548)
2014-05-19 10:04:00.000000,-25.374540548,-49.2243601686,POINT (-49.2243601686 -25.374540548)
2014-05-19 10:04:10.000000,-25.374540548,-49.2243601686,POINT (-49.2243601686 -25.374540548)
2014-05-19 10:04:20.000000,-25.374540548,-49.2243601686,POINT (-49.2243601686 -25.374540548)
2014-05-19 10:04:30.000000,-25.374540548,-49.2243601686,POINT (-49.2243601686 -25.374540548)
2014-05-19 10:04:40.000000,-25.374540548,-49.2243601686,POINT (-49.2243601686 -25.374540548)
2014-05-19 10:04:50.000000,-25.374540548,-49.2243601686,POINT (-49.2243601686 -25.374540548)
2014-05-19 10:05:00.000000,-25.374540548,-49.2243601686,POINT (-49.2243601686 -25.374540548)
2014-05-19 10:05:10.000000,-25.374540548,-49.2243601686,POINT (-49.2243601686 -25.374540548)
2014-05-19 10:05:20.000000,-25.374540548,-49.2243601686,POINT (-49.2243601686 -25.374540548)
2014-05-19 10:05:30.000000,-25.374540548,-49.2243601686,POINT (-49.2243601686 -25.374540548)
2014-05-19 10:05:40.000000,-25.374540548,-49.2243601686,POINT (-49.2243601686 -25.374540548)
2014-05-19 10:05:50.000000,-25.374540548,-49.2243601686,POINT (-49.2243601686 -25.374540548)
2014-05-19 10:06:00.000000,-25.374540548,-49.2243601686,POINT (-49.2243601686 -25.374540548)
2014-05-19 10:06:10.000000,-25.374540548,-49.2243601686,POINT (-49.2243601686 -25.374540548)
2014-05-19 10:06:20.000000,-25.374540548,-49.2243601686,POINT (-49.2243601686 -25.374540548)
2014-05-19 10:06:30.000000,-25.374540548,-49.2243601686,POINT (-49.2243601686 -25.374540548)
2014-05-19 10:06:40.000000,-25.374540548,-49.2243601686,POINT (-49.2243601686 -25.374540548)
2014-05-19 10:06:50.000000,-25.374540548,-49.2243601686,POINT (-49.2243601686 -25.374540548)
2014-05-19 10:07:00.000000,-25.374540548,-49.2243601686,POINT (-49.2243601686 -25.374540548)
2014-05-19 10:07:10.000000,-25.374540548,-49.2243601686,POINT (-49.2243601686 -25.374540548)
2014-05-19 10:07:20.000000,-25.374540548,-49.2243601686,POINT (-49.2243601686 -25.374540548)
2014-05-19 10:07:30.000000,-25.374540548,-49.2243601686,POINT (-49.2243601686 -25.374540548)
2014-05-19 10:07:40.000000,-25.374540548,-49.2243601686,POINT (-49.2243601686 -25.374540548)
2014-05-19 10:07:50.000000,-25.374540548,-49.2243601686,POINT (-49.2243601686 -25.374540548)
2014-05-19 10:08:00.000000,-25.374540548,-49.2243601686,POINT (-49.2243601686 -25.374540548)
2014-05-19 10:08:10.000000,-25.374540548,-49.2243601686,POINT (-49.2243601686 -25.374540548)
2014-05-19 10:08:20.000000,-25.374540548,-49.2243601686,POINT (-49.2243601686 -25.374540548)
2014-05-19 10:08:30.000000,-25.374540548,-49.2243601686,POINT (-49.2243601686 -25.374540548)
2014-05-19 10:08:40.000000,-25.374540548,-49.2243601686,POINT (-49.2243601686 -25.374540548)
2014-05-19 10:08:50.000000,-25.374540548,-49.2243601686,POINT (-49.2243601686 -25.374540548)
2014-05-19 10:09:00.000000,-25.374540548,-49.2243601686,POINT (-49.2243601686 -25.374540548)
2014-05-19 10:09:10.000000,-25.374540548,-49.2243601686,POINT (-49.2243601686 -25.374540548)
2014-05-19 10:09:20.000000,-25.374540548,-49.2243601686,POINT (-49.2243601686 -25.374540548)
2014-05-19 10:09:30.000000,-25.374540548,-49.2243601686,POINT (-49.2243601686 -25.374540548)
2014-05-19 10:09:40.000000,-25.374540548,-49.2243601686,POINT (-49.2243601686 -25.374540548)
2014-05-19 10:09:50.000000,-25.374540548,-49.2243601686,POINT (-49.2243601686 -25.374540548)
2014-05-19 10:10:00.000000,-25.374540548,-49.2243601686,POINT (-49.2243601686 -25.374540548)
2014-05-19 10:10:10.000000,-25.374540548,-49.2243601686,POINT (-49.2243601686 -25.374540548)
2014-05-19 10:10:20.000000,-25.374540548,-49.2243601686,POINT (-49.2243601686 -25.374540548)
2014-05-19 10:10:30.000000,-25.374540548,-49.2243601686,POINT (-49.2243601686 -25.374540548)
2014-05-19 10:10:40.000000,-25.374540548,-49.2243601686,POINT (-49.2243601686 -25.374540548)
2014-05-19 10:10:50.000000,-25.374540548,-49.2243601686,POINT (-49.2243601686 -25.374540548)
2014-05-19 10:11:00.000000,-25.374540548,-49.2243601686,POINT (-49.2243601686 -25.374540548)
2014-05-19 10:11:10.000000,-25.374540548,-49.2243601686,POINT (-49.2243601686 -25.374540548)
2014-05-19 10:11:20.000000,-25.374540548,-49.2243601686,POINT (-49.2243601686 -25.374540548)
2014-05-19 10:11:30.000000,-25.374540548,-49.2243601686,POINT (-49.2243601686 -25.374540548)
2014-05-19 10:11:40.000000,-25.374540548,-49.2243601686,POINT (-49.2243601686 -25.374540548)
2014-05-19 10:11:50.000000,-25.374540548,-49.2243601686,POINT (-49.2243601686 -25.374540548)
2014-05-19 10:12:00.000000,-25.374540548,-49.2243601686,POINT (-49.2243601686 -25.374540548)
2014-05-19 10:12:10.000000,-25.374540548,-49.2243601686,POINT (-49.2243601686 -25.374540548)
2014-05-19 10:12:20.000000,-25.374540548,-49.2243601686,POINT (-49.2243601686 -25.374540548)
2014-05-19 10:12:30.000000,-25.374540548,-49.2243601686,POINT (-49.2243601686 -25.374540548)
2014-05-19 10:12:40.000000,-25.374540548,-49.2243601686,POINT (-49.2243601686 -25.374540548)
2014-05-19 10:12:50.000000,-25.374540548,-49.2243601686,POINT (-49.2243601686 -25.374540548)
2014-05-19 10:13:00.000000,-25.374540548,-49.2243601686,POINT (-49.2243601686 -25.374540548)
2014-05-19 10:13:10.000000,-25.374540548,-49.2243601686,POINT (-49.2243601686 -25.374540548)
2014-05-19 10:13:20.000000,-25.374540548,-49.2243601686,POINT (-49.2243601686 -25.374540548)
2014-05-19 10:13:30.000000,-25.374540548,-49.2243601686,POINT (-49.2243601686 -25.374540548)
2014-05-19 10:13:40.000000,-25.374540548,-49.2243601686,POINT (-49.2243601686 -25.374540548)
2014-05-19 10:13:50.000000,-25.374540548,-49.2243601686,POINT (-49.2243601686 -25.374540548)
2014-05-19 10:14:00.000000,-25.374540548,-49.2243601686,POINT (-49.2243601686 -25.374540548)
2014-05-19 10:14:10.000000,-25.374540548,-49.2243601686,POINT (-49.2243601686 -25.374540548)
2014-05-19 10:14:20.000000,-25.374540548,-49.2243601686,POINT (-49.2243601686 -25.374540548)
2014-05-19 10:14:30.000000,-25.374540548,-49.2243601686,POINT (-49.2243601686 -25.374540548)
2014-05-19 10:14:40.000000,-25.374540548,-49.2243601686,POINT (-49.2243601686 -25.374540548)
2014-05-19 10:14:50.000000,-25.374540548,-49.2243601686,POINT (-49.2243601686 -25.374540548)
2014-05-19 10:15:00.000000,-25.374540548,-49.2243601686,POINT (-49.2243601686 -25.374540548)
2014-05-19 10:15:10.000000,-25.374540548,-49.2243601686,POINT (-49.2243601686 -25.374540548)
2014-05-19 10:15:20.000000,-25.374540548,-49.2243601686,POINT (-49.2243601686 -25.374540548)
2014-05-19 10:15:30.000000,-25.374540548,-49.2243601686,POINT (-49.2243601686 -25.374540548)
2014-05-19 10:15:40.000000,-25.374540548,-49.2243601686,POINT (-49.2243601686 -25.374540548)
2014-05-19 10:15:50.000000,-25.374540548,-49.2243601686,POINT (-49.2243601686 -25.374540548)
2014-05-19 10:16:00.000000,-25.374540548,-49.2243601686,POINT (-49.2243601686 -25.374540548)
2014-05-19 10:16:10.000000,-25.374540548,-49.2243601686,POINT (-49.2243601686 -25.374540548)
2014-05-19 10:16:20.000000,-25.374540548,-49.2243601686,POINT (-49.2243601686 -25.374540548)
2014-05-19 10:16:30.000000,-25.374540548,-49.2243601686,POINT (-49.2243601686 -25.374540548)
2014-05-19 10:16:40.000000,-25.374540548,-49.2243601686,POINT (-49.2243601686 -25.374540548)
2014-05-19 10:16:50.000000,-25.374540548,-49.2243601686,POINT (-49.2243601686 -25.374540548)
2014-05-19 10:17:00.000000,-25.374540548,-49.2243601686,POINT (-49.2243601686 -25.374540548)
2014-05-19 10:17:10.000000,-25.374540548,-49.2243601686,POINT (-49.2243601686 -25.374540548)
2014-05-19 10:17:20.000000,-25.374540548,-49.2243601686,POINT (-49.2243601686 -25.374540548)
2014-05-19 10:17:30.000000,-25.374540548,-49.2243601686,POINT (-49.2243601686 -25.374540548)
2014-05-19 10:17:40.000000,-25.374540548,-49.2243601686,POINT (-49.2243601686 -25.374540548)
2014-05-19 10:17:50.000000,-25.374540548,-49.2243601686,POINT (-49.2243601686 -25.374540548)
2014-05-19 10:18:00.000000,-25.374540548,-49.2243601686,POINT (-49.2243601686 -25.374540548)
2014-05-19 10:18:10.000000,-25.374540548,-49.2243601686,POINT (-49.2243601686 -25.374540548)
2014-05-19 10:18:20.000000,-25.374540548,-49.2243601686,POINT (-49.2243601686 -25.374540548)
2014-05-19 10:18:30.000000,-25.374540548,-49.2243601686,POINT (-49.2243601686 -25.374540548)
2014-05-19 10:18:40.000000,-25.374540548,-49.2243601686,POINT (-49.2243601686 -25.374540548)
2014-05-19 10:18:50.000000,-25.374540548,-49.2243601686,POINT (-49.2243601686 -25.374540548)
2014-05-19 10:19:00.000000,-25.374540548,-49.2243601686,POINT (-49.2243601686 -25.374540548)
2014-05-19 10:19:10.000000,-25.374540548,-49.2243601686,POINT (-49.2243601686 -25.374540548)
2014-05-19 10:19:20.000000,-25.374540548,-49.2243601686,POINT (-49.2243601686 -25.374540548)
2014-05-19 10:19:30.000000,-25.374540548,-49.2243601686,POINT (-49.2243601686 -25.374540548)
2014-05-19 10:19:40.000000,-25.374540548,-49.2243601686,POINT (-49.2243601686 -25.374540548)
2014-05-19 10:19:50.000000,-25.374540548,-49.2243601686,POINT (-49.2243601686 -25.374540548)
2014-05-19 10:20:00.000000,-25.374540548,-49.2243601686,POINT (-49.2243601686 -25.374540548)
2014-05-19 10:20:10.000000,-25.374540548,-49.2243601686,POINT (-49.2243601686 -25.374540548)
2014-05-19 10:20:20.000000,-25.374540548,-49.2243601686,POINT (-49.2243601686 -25.374540548)
2014-05-19 10:20:30.000000,-25.374540548,-49.2243601686,POINT (-49.2243601686 -25.374540548)
2014-05-19 10:20:40.000000,-25.374540548,-49.2243601686,POINT (-49.2243601686 -25.374540548)
2014-05-19 10:20:50.000000,-25.374540548,-49.2243601686,POINT (-49.2243601686 -25.374540548)
2014-05-19 10:21:00.000000,-25.374540548,-49.2243601686,POINT (-49.2243601686 -25.374540548)
2014-05-19 10:21:10.000000,-25.374540548,-49.2243601686,POINT (-49.2243601686 -25.374540548)
2014-05-19 10:21:20.000000,-25.374540548,-49.2243601686,POINT (-49.2243601686 -25.374540548)
2014-05-19 10:21:30.000000,-25.374540548,-49.2243601686,POINT (-49.2243601686 -25.374540548)
2014-05-19 10:21:40.000000,-25.374540548,-49.2243601686,POINT (-49.2243601686 -25.374540548)
2014-05-19 10:21:50.000000,-25.374540548,-49.2243601686,POINT (-49.2243601686 -25.374540548)
2014-05-19 10:22:00.000000,-25.374540548,-49.2243601686,POINT (-49.2243601686 -25.374540548)
2014-05-19 10:22:10.000000,-25.374540548,-49.2243601686,POINT (-49.2243601686 -25.374540548)
2014-05-19 10:22:20.000000,-25.374540548,-49.2243601686,POINT (-49.2243601686 -25.374540548)
2014-05-19 10:22:30.000000,-25.374540548,-49.2243601686,POINT (-49.2243601686 -25.374540548)
2014-05-19 10:22:40.000000,-25.374540548,-49.2243601686,POINT (-49.2243601686 -25.374540548)
2014-05-19 10:22:50.000000,-25.374540548,-49.2243601686,POINT (-49.2243601686 -25.374540548)
2014-05-19 10:23:00.000000,-25.374540548,-49.2243601686,POINT (-49.2243601686 -25.374540548)
2014-05-19 10:23:10.000000,-25.374540548,-49.2243601686,POINT (-49.2243601686 -25.374540548)
2014-05-19 10:23:20.000000,-25.374540548,-49.2243601686,POINT (-49.2243601686 -25.374540548)
2014-05-19 10:23:30.000000,-25.374540548,-49.2243601686,POINT (-49.2243601686 -25.374540548)
2014-05-19 10:23:40.000000,-25.374540548,-49.2243601686,POINT (-49.2243601686 -25.374540548)
2014-05-19 10:23:50.000000,-25.374540548,-49.2243601686,POINT (-49.2243601686 -25.374540548)
2014-05-19 10:24:00.000000,-25.374540548,-49.2243601686,POINT (-49.2243601686 -25.374540548)
2014-05-19 10:24:10.000000,-25.374540548,-49.2243601686,POINT (-49.2243601686 -25.374540548)
2014-05-19 10:24:20.000000,-25.374540548,-49.2243601686,POINT (-49.2243601686 -25.374540548)
2014-05-19 10:24:30.000000,-25.374540548,-49.2243601686,POINT (-49.2243601686 -25.374540548)
2014-05-19 10:24:40.000000,-25.374540548,-49.2243601686,POINT (-49.2243601686 -25.374540548)
2014-05-19 10:24:50.000000,-25.374540548,-49.2243601686,POINT (-49.2243601686 -25.374540548)
2014-05-19 10:25:00.000000,-25.374540548,-49.2243601686,POINT (-49.2243601686 -25.374540548)
2014-05-19 10:25:10.000000,-25.374540548,-49.2243601686,POINT (-49.2243601686 -25.374540548)
2014-05-19 10:25:20.000000,-25.374540548,-49.2243601686,POINT (-49.2243601686 -25.374540548)
2014-05-19 10:25:30.000000,-25.374540548,-49.2243601686,POINT (-49.2243601686 -25.374540548)
2014-05-19 10:25:40.000000,-25.374540548,-49.2243601686,POINT (-49.2243601686 -25.374540548)
2014-05-19 10:25:50.000000,-25.374540548,-49.2243601686,POINT (-49.2243601686 -25.374540548)
2014-05-19 10:26:00.000000,-25.374540548,-49.2243601686,POINT (-49.2243601686 -25.374540548)
2014-05-19 10:26:10.000000,-25.374540548,-49.2243601686,POINT (-49.2243601686 -25.374540548)
2014-05-19 10:26:20.000000,-25.374540548,-49.2243601686,POINT (-49.2243601686 -25.374540548)
2014-05-19 10:26:30.000000,-25.374540548,-49.2243601686,POINT (-49.2243601686 -25.374540548)
2014-05-19 10:26:40.000000,-25.374540548,-49.2243601686,POINT (-49.2243601686 -25.374540548)
2014-05-19 10:26:50.000000,-25.374540548,-49.2243601686,POINT (-49.2243601686 -25.374540548)
2014-05-19 10:27:00.000000,-25.374540548,-49.2243601686,POINT (-49.2243601686 -25.374540548)
2014-05-19 10:27:10.000000,-25.374540548,-49.2243601686,POINT (-49.2243601686 -25.374540548)
2014-05-19 10:27:20.000000,-25.374540548,-49.2243601686,POINT (-49.2243601686 -25.374540548)
2014-05-19 10:27:30.000000,-25.374540548,-49.2243601686,POINT (-49.2243601686 -25.374540548)
2014-05-19 10:27:40.000000,-25.374540548,-49.2243601686,POINT (-49.2243601686 -25.374540548)
2014-05-19 10:27:50.000000,-25.374540548,-49.2243601686,POINT (-49.2243601686 -25.374540548)
2014-05-19 10:28:00.000000,-25.374540548,-49.2243601686,POINT (-49.2243601686 -25.374540548)
2014-05-19 10:28:10.000000,-25.374540548,-49.2243601686,POINT (-49.2243601686 -25.374540548)
2014-05-19 10:28:20.000000,-25.374540548,-49.2243601686,POINT (-49.2243601686 -25.374540548)
2014-05-19 10:28:30.000000,-25.374540548,-49.2243601686,POINT (-49.2243601686 -25.374540548)
2014-05-19 10:28:40.000000,-25.374540548,-49.2243601686,POINT (-49.2243601686 -25.374540548)
2014-05-19 10:28:50.000000,-25.374540548,-49.2243601686,POINT (-49.2243601686 -25.374540548)
2014-05-19 10:29:00.000000,-25.374540548,-49.2243601686,POINT (-49.2243601686 -25.374540548)
2014-05-19 10:29:10.000000,-25.374540548,-49.2243601686,POINT (-49.2243601686 -25.374540548)
2014-05-19 10:29:20.000000,-25.374540548,-49.2243601686,POINT (-49.2243601686 -25.374540548)
2014-05-19 10:29:30.000000,-25.374540548,-49.2243601686,POINT (-49.2243601686 -25.374540548)
2014-05-19 10:29:40.000000,-25.374540548,-49.2243601686,POINT (-49.2243601686 -25.374540548)
2014-05-19 10:29:50.000000,-25.374540548,-49.2243601686,POINT (-49.2243601686 -25.374540548)
2014-05-19 10:30:00.000000,-25.374540548,-49.2243601686,POINT (-49.2243601686 -25.374540548)
2014-05-19 10:30:10.000000,-25.374540548,-49.2243601686,POINT (-49.2243601686 -25.374540548)
2014-05-19 10:30:20.000000,-25.374540548,-49.2243601686,POINT (-49.2243601686 -25.374540548)
2014-05-19 10:30:30.000000,-25.374540548,-49.2243601686,POINT (-49.2243601686 -25.374540548)
2014-05-19 10:30:40.000000,-25.374540548,-49.2243601686,POINT (-49.2243601686 -25.374540548)
2014-05-19 10:30:50.000000,-25.374540548,-49.2243601686,POINT (-49.2243601686 -25.374540548)
2014-05-19 10:31:00.000000,-25.374540548,-49.2243601686,POINT (-49.2243601686 -25.374540548)
2014-05-19 10:31:10.000000,-25.374540548,-49.2243601686,POINT (-49.2243601686 -25.374540548)
2014-05-19 10:31:20.000000,-25.374540548,-49.2243601686,POINT (-49.2243601686 -25.374540548)
2014-05-19 10:31:30.000000,-25.374540548,-49.2243601686,POINT (-49.2243601686 -25.374540548)
2014-05-19 10:31:40.000000,-25.374540548,-49.2243601686,POINT (-49.2243601686 -25.374540548)
2014-05-19 10:31:50.000000,-25.374540548,-49.2243601686,POINT (-49.2243601686 -25.374540548)
2014-05-19 10:32:00.000000,-25.374540548,-49.2243601686,POINT (-49.2243601686 -25.374540548)
2014-05-19 10:32:10.000000,-25.374540548,-49.2243601686,POINT (-49.2243601686 -25.374540548)
2014-05-19 10:32:20.000000,-25.374540548,-49.2243601686,POINT (-49.2243601686 -25.374540548)
2014-05-19 10:32:30.000000,-25.374540548,-49.2243601686,POINT (-49.2243601686 -25.374540548)
2014-05-19 10:32:40.000000,-25.374540548,-49.2243601686,POINT (-49.2243601686 -25.374540548)
2014-05-19 10:32:50.000000,-25.374540548,-49.2243601686,POINT (-49.2243601686 -25.374540548)
2014-05-19 10:33:00.000000,-25.374540548,-49.2243601686,POINT (-49.2243601686 -25.374540548)
2014-05-19 10:33:10.000000,-25.374540548,-49.2243601686,POINT (-49.2243601686 -25.374540548)
2014-05-19 10:33:20.000000,-25.374540548,-49.2243601686,POINT (-49.2243601686 -25.374540548)
2014-05-19 10:33:30.000000,-25.374540548,-49.2243601686,POINT (-49.2243601686 -25.374540548)
2014-05-19 10:33:40.000000,-25.374540548,-49.2243601686,POINT (-49.2243601686 -25.374540548)
2014-05-19 10:33:50.000000,-25.374540548,-49.2243601686,POINT (-49.2243601686 -25.374540548)
2014-05-19 10:34:00.000000,-25.374540548,-49.2243601686,POINT (-49.2243601686 -25.374540548)
2014-05-19 10:34:10.000000,-25.374540548,-49.2243601686,POINT (-49.2243601686 -25.374540548)
2014-05-19 10:34:20.000000,-25.374540548,-49.2243601686,POINT (-49.2243601686 -25.374540548)
2014-05-19 10:34:30.000000,-25.374540548,-49.2243601686,POINT (-49.2243601686 -25.374540548)
2014-05-19 10:34:40.000000,-25.374540548,-49.2243601686,POINT (-49.2243601686 -25.374540548)
2014-05-19 10:34:50.000000,-25.374540548,-49.2243601686,POINT (-49.2243601686 -25.374540548)
2014-05-19 10:35:00.000000,-25.374540548,-49.2243601686,POINT (-49.2243601686 -25.374540548)
2014-05-19 10:35:10.000000,-25.374540548,-49.2243601686,POINT (-49.2243601686 -25.374540548)
2014-05-19 10:35:20.000000,-25.374540548,-49.2243601686,POINT (-49.2243601686 -25.374540548)
2014-05-19 10:35:30.000000,-25.374540548,-49.2243601686,POINT (-49.2243601686 -25.374540548)
2014-05-19 10:35:40.000000,-25.374540548,-49.2243601686,POINT (-49.2243601686 -25.374540548)
2014-05-19 10:35:50.000000,-25.374540548,-49.2243601686,POINT (-49.2243601686 -25.374540548)
2014-05-19 10:36:00.000000,-25.374540548,-49.2243601686,POINT (-49.2243601686 -25.374540548)
2014-05-19 10:36:10.000000,-25.374540548,-49.2243601686,POINT (-49.2243601686 -25.374540548)
2014-05-19 10:36:20.000000,-25.374540548,-49.2243601686,POINT (-49.2243601686 -25.374540548)
2014-05-19 10:36:30.000000,-25.374540548,-49.2243601686,POINT (-49.2243601686 -25.374540548)
2014-05-19 10:36:40.000000,-25.374540548,-49.2243601686,POINT (-49.2243601686 -25.374540548)
2014-05-19 10:36:50.000000,-25.374540548,-49.2243601686,POINT (-49.2243601686 -25.374540548)
2014-05-19 10:37:00.000000,-25.374540548,-49.2243601686,POINT (-49.2243601686 -25.374540548)
2014-05-19 10:37:10.000000,-25.374540548,-49.2243601686,POINT (-49.2243601686 -25.374540548)
2014-05-19 10:37:20.000000,-25.374540548,-49.2243601686,POINT (-49.2243601686 -25.374540548)
2014-05-19 10:37:30.000000,-25.374540548,-49.2243601686,POINT (-49.2243601686 -25.374540548)
2014-05-19 10:37:40.000000,-25.374540548,-49.2243601686,POINT (-49.2243601686 -25.374540548)
2014-05-19 10:37:50.000000,-25.374540548,-49.2243601686,POINT (-49.2243601686 -25.374540548)
2014-05-19 10:38:00.000000,-25.374540548,-49.2243601686,POINT (-49.2243601686 -25.374540548)
2014-05-19 10:38:10.000000,-25.374540548,-49.2243601686,POINT (-49.2243601686 -25.374540548)
2014-05-19 10:38:20.000000,-25.374540548,-49.2243601686,POINT (-49.2243601686 -25.374540548)
2014-05-19 10:38:30.000000,-25.374540548,-49.2243601686,POINT (-49.2243601686 -25.374540548)
2014-05-19 10:38:40.000000,-25.374540548,-49.2243601686,POINT (-49.2243601686 -25.374540548)
2014-05-19 10:38:50.000000,-25.374540548,-49.2243601686,POINT (-49.2243601686 -25.374540548)
2014-05-19 10:39:00.000000,-25.374540548,-49.2243601686,POINT (-49.2243601686 -25.374540548)
2014-05-19 10:39:10.000000,-25.374540548,-49.2243601686,POINT (-49.2243601686 -25.374540548)
2014-05-19 10:39:20.000000,-25.374540548,-49.2243601686,POINT (-49.2243601686 -25.374540548)
2014-05-19 10:39:30.000000,-25.374540548,-49.2243601686,POINT (-49.2243601686 -25.374540548)
2014-05-19 10:39:40.000000,-25.374540548,-49.2243601686,POINT (-49.2243601686 -25.374540548)
2014-05-19 10:39:50.000000,-25.374540548,-49.2243601686,POINT (-49.2243601686 -25.374540548)
2014-05-19 10:40:00.000000,-25.374540548,-49.2243601686,POINT (-49.2243601686 -25.374540548)
2014-05-19 10:40:10.000000,-25.374540548,-49.2243601686,POINT (-49.2243601686 -25.374540548)
2014-05-19 10:40:20.000000,-25.374540548,-49.2243601686,POINT (-49.2243601686 -25.374540548)
2014-05-19 10:40:30.000000,-25.374540548,-49.2243601686,POINT (-49.2243601686 -25.374540548)
2014-05-19 10:40:40.000000,-25.374540548,-49.2243601686,POINT (-49.2243601686 -25.374540548)
2014-05-19 10:40:50.000000,-25.374540548,-49.2243601686,POINT (-49.2243601686 -25.374540548)
2014-05-19 10:41:00.000000,-25.374540548,-49.2243601686,POINT (-49.2243601686 -25.374540548)
2014-05-19 10:41:10.000000,-25.374540548,-49.2243601686,POINT (-49.2243601686 -25.374540548)
2014-05-19 10:41:20.000000,-25.374540548,-49.2243601686,POINT (-49.2243601686 -25.374540548)
2014-05-19 10:41:30.000000,-25.374540548,-49.2243601686,POINT (-49.2243601686 -25.374540548)
2014-05-19 10:41:40.000000,-25.374540548,-49.2243601686,POINT (-49.2243601686 -25.374540548)
2014-05-19 10:41:50.000000,-25.374540548,-49.2243601686,POINT (-49.2243601686 -25.374540548)
2014-05-19 10:42:00.000000,-25.374540548,-49.2243601686,POINT (-49.2243601686 -25.374540548)
2014-05-19 10:42:10.000000,-25.374540548,-49.2243601686,POINT (-49.2243601686 -25.374540548)
2014-05-19 10:42:20.000000,-25.374540548,-49.2243601686,POINT (-49.2243601686 -25.374540548)
2014-05-19 10:42:30.000000,-25.374540548,-49.2243601686,POINT (-49.2243601686 -25.374540548)
2014-05-19 10:42:40.000000,-25.374540548,-49.2243601686,POINT (-49.2243601686 -25.374540548)
2014-05-19 10:42:50.000000,-25.374540548,-49.2243601686,POINT (-49.2243601686 -25.374540548)
2014-05-19 10:43:00.000000,-25.374540548,-49.2243601686,POINT (-49.2243601686 -25.374540548)
2014-05-19 10:43:10.000000,-25.374540548,-49.2243601686,POINT (-49.2243601686 -25.374540548)
2014-05-19 10:43:20.000000,-25.374540548,-49.2243601686,POINT (-49.2243601686 -25.374540548)
2014-05-19 10:43:30.000000,-25.374540548,-49.2243601686,POINT (-49.2243601686 -25.374540548)
2014-05-19 10:43:40.000000,-25.374540548,-49.2243601686,POINT (-49.2243601686 -25.374540548)
2014-05-19 10:43:50.000000,-25.374540548,-49.2243601686,POINT (-49.2243601686 -25.374540548)
2014-05-19 10:44:00.000000,-25.374540548,-49.2243601686,POINT (-49.2243601686 -25.374540548)
2014-05-19 10:44:10.000000,-25.374540548,-49.2243601686,POINT (-49.2243601686 -25.374540548)
2014-05-19 10:44:20.000000,-25.374540548,-49.2243601686,POINT (-49.2243601686 -25.374540548)
2014-05-19 10:44:30.000000,-25.374540548,-49.2243601686,POINT (-49.2243601686 -25.374540548)
2014-05-19 10:44:40.000000,-25.374540548,-49.2243601686,POINT (-49.2243601686 -25.374540548)
2014-05-19 10:44:50.000000,-25.374540548,-49.2243601686,POINT (-49.2243601686 -25.374540548)
2014-05-19 10:45:00.000000,-25.374540548,-49.2243601686,POINT (-49.2243601686 -25.374540548)
2014-05-19 10:45:10.000000,-25.374540548,-49.2243601686,POINT (-49.2243601686 -25.374540548)
2014-05-19 10:45:20.000000,-25.374540548,-49.2243601686,POINT (-49.2243601686 -25.374540548)
2014-05-19 10:45:30.000000,-25.374540548,-49.2243601686,POINT (-49.2243601686 -25.374540548)
2014-05-19 10:45:40.000000,-25.374540548,-49.2243601686,POINT (-49.2243601686 -25.374540548)
2014-05-19 10:45:50.000000,-25.374540548,-49.2243601686,POINT (-49.2243601686 -25.374540548)
2014-05-19 10:46:00.000000,-25.374540548,-49.2243601686,POINT (-49.2243601686 -25.374540548)
2014-05-19 10:46:10.000000,-25.374540548,-49.2243601686,POINT (-49.2243601686 -25.374540548)
2014-05-19 10:46:20.000000,-25.374540548,-49.2243601686,POINT (-49.2243601686 -25.374540548)
2014-05-19 10:46:30.000000,-25.374540548,-49.2243601686,POINT (-49.2243601686 -25.374540548)
2014-05-19 10:46:40.000000,-25.374540548,-49.2243601686,POINT (-49.2243601686 -25.374540548)
2014-05-19 10:46:50.000000,-25.374540548,-49.2243601686,POINT (-49.2243601686 -25.374540548)
2014-05-19 10:47:00.000000,-25.374540548,-49.2243601686,POINT (-49.2243601686 -25.374540548)
2014-05-19 10:47:10.000000,-25.374540548,-49.2243601686,POINT (-49.2243601686 -25.374540548)
2014-05-19 10:47:20.000000,-25.374540548,-49.2243601686,POINT (-49.2243601686 -25.374540548)
2014-05-19 10:47:30.000000,-25.374540548,-49.2243601686,POINT (-49.2243601686 -25.374540548)
2014-05-19 10:47:40.000000,-25.374540548,-49.2243601686,POINT (-49.2243601686 -25.374540548)
2014-05-19 10:47:50.000000,-25.374540548,-49.2243601686,POINT (-49.2243601686 -25.374540548)
2014-05-19 10:48:00.000000,-25.374540548,-49.2243601686,POINT (-49.2243601686 -25.374540548)
2014-05-19 10:48:10.000000,-25.374540548,-49.2243601686,POINT (-49.2243601686 -25.374540548)
2014-05-19 10:48:20.000000,-25.374540548,-49.2243601686,POINT (-49.2243601686 -25.374540548)
2014-05-19 10:48:30.000000,-25.374540548,-49.2243601686,POINT (-49.2243601686 -25.374540548)
2014-05-19 10:48:40.000000,-25.374540548,-49.2243601686,POINT (-49.2243601686 -25.374540548)
2014-05-19 10:48:50.000000,-25.374540548,-49.2243601686,POINT (-49.2243601686 -25.374540548)
2014-05-19 10:49:00.000000,-25.374540548,-49.2243601686,POINT (-49.2243601686 -25.374540548)
2014-05-19 10:49:10.000000,-25.374540548,-49.2243601686,POINT (-49.2243601686 -25.374540548)
2014-05-19 10:49:20.000000,-25.374540548,-49.2243601686,POINT (-49.2243601686 -25.374540548)
2014-05-19 10:49:30.000000,-25.374540548,-49.2243601686,POINT (-49.2243601686 -25.374540548)
2014-05-19 10:49:40.000000,-25.374540548,-49.2243601686,POINT (-49.2243601686 -25.374540548)
2014-05-19 10:49:50.000000,-25.374540548,-49.2243601686,POINT (-49.2243601686 -25.374540548)
2014-05-19 10:50:00.000000,-25.374540548,-49.2243601686,POINT (-49.2243601686 -25.374540548)
2014-05-19 10:50:10.000000,-25.374540548,-49.2243601686,POINT (-49.2243601686 -25.374540548)
2014-05-19 10:50:20.000000,-25.374540548,-49.2243601686,POINT (-49.2243601686 -25.374540548)
2014-05-19 10:50:30.000000,-25.374540548,-49.2243601686,POINT (-49.2243601686 -25.374540548)
2014-05-19 10:50:40.000000,-25.374540548,-49.2243601686,POINT (-49.2243601686 -25.374540548)
2014-05-19 10:50:50.000000,-25.374540548,-49.2243601686,POINT (-49.2243601686 -25.374540548)
2014-05-19 10:51:00.000000,-25.374540548,-49.2243601686,POINT (-49.2243601686 -25.374540548)
2014-05-19 10:51:10.000000,-25.374540548,-49.2243601686,POINT (-49.2243601686 -25.374540548)
2014-05-19 10:51:20.000000,-25.374540548,-49.2243601686,POINT (-49.2243601686 -25.374540548)
2014-05-19 10:51:30.000000,-25.374540548,-49.2243601686,POINT (-49.2243601686 -25.374540548)
2014-05-19 10:51:40.000000,-25.374540548,-49.2243601686,POINT (-49.2243601686 -25.374540548)
2014-05-19 10:51:50.000000,-25.374540548,-49.2243601686,POINT (-49.2243601686 -25.374540548)
2014-05-19 10:52:00.000000,-25.374540548,-49.2243601686,POINT (-49.2243601686 -25.374540548)
2014-05-19 10:52:10.000000,-25.374540548,-49.2243601686,POINT (-49.2243601686 -25.374540548)
2014-05-19 10:52:20.000000,-25.374540548,-49.2243601686,POINT (-49.2243601686 -25.374540548)
2014-05-19 10:52:30.000000,-25.374540548,-49.2243601686,POINT (-49.2243601686 -25.374540548)
2014-05-19 10:52:40.000000,-25.374540548,-49.2243601686,POINT (-49.2243601686 -25.374540548)
2014-05-19 10:52:50.000000,-25.374540548,-49.2243601686,POINT (-49.2243601686 -25.374540548)
2014-05-19 10:53:00.000000,-25.374540548,-49.2243601686,POINT (-49.2243601686 -25.374540548)
2014-05-19 10:53:10.000000,-25.374540548,-49.2243601686,POINT (-49.2243601686 -25.374540548)
2014-05-19 10:53:20.000000,-25.374540548,-49.2243601686,POINT (-49.2243601686 -25.374540548)
2014-05-19 10:53:30.000000,-25.374540548,-49.2243601686,POINT (-49.2243601686 -25.374540548)
2014-05-19 10:53:40.000000,-25.374540548,-49.2243601686,POINT (-49.2243601686 -25.374540548)
2014-05-19 10:53:50.000000,-25.374540548,-49.2243601686,POINT (-49.2243601686 -25.374540548)
2014-05-19 10:54:00.000000,-25.374540548,-49.2243601686,POINT (-49.2243601686 -25.374540548)
2014-05-19 10:54:10.000000,-25.374540548,-49.2243601686,POINT (-49.2243601686 -25.374540548)
2014-05-19 10:54:20.000000,-25.374540548,-49.2243601686,POINT (-49.2243601686 -25.374540548)
2014-05-19 10:54:30.000000,-25.374540548,-49.2243601686,POINT (-49.2243601686 -25.374540548)
2014-05-19 10:54:40.000000,-25.374540548,-49.2243601686,POINT (-49.2243601686 -25.374540548)
2014-05-19 10:54:50.000000,-25.374540548,-49.2243601686,POINT (-49.2243601686 -25.374540548)
2014-05-19 10:55:00.000000,-25.374540548,-49.2243601686,POINT (-49.2243601686 -25.374540548)
2014-05-19 10:55:10.000000,-25.374540548,-49.2243601686,POINT (-49.2243601686 -25.374540548)
2014-05-19 10:55:20.000000,-25.374540548,-49.2243601686,POINT (-49.2243601686 -25.374540548)
2014-05-19 10:55:30.000000,-25.374540548,-49.2243601686,POINT (-49.2243601686 -25.374540548)
2014-05-19 10:55:40.000000,-25.374540548,-49.2243601686,POINT (-49.2243601686 -25.374540548)
2014-05-19 10:55:50.000000,-25.374540548,-49.2243601686,POINT (-49.2243601686 -25.374540548)
2014-05-19 10:56:00.000000,-25.374540548,-49.2243601686,POINT (-49.2243601686 -25.374540548)
2014-05-19 10:56:10.000000,-25.374540548,-49.2243601686,POINT (-49.2243601686 -25.374540548)
2014-05-19 10:56:20.000000,-25.374540548,-49.2243601686,POINT (-49.2243601686 -25.374540548)
2014-05-19 10:56:30.000000,-25.374540548,-49.2243601686,POINT (-49.2243601686 -25.374540548)
2014-05-19 10:56:40.000000,-25.374540548,-49.2243601686,POINT (-49.2243601686 -25.374540548)
2014-05-19 10:56:50.000000,-25.374540548,-49.2243601686,POINT (-49.2243601686 -25.374540548)
2014-05-19 10:57:00.000000,-25.374540548,-49.2243601686,POINT (-49.2243601686 -25.374540548)
2014-05-19 10:57:10.000000,-25.374540548,-49.2243601686,POINT (-49.2243601686 -25.374540548)
2014-05-19 10:57:20.000000,-25.374540548,-49.2243601686,POINT (-49.2243601686 -25.374540548)
2014-05-19 10:57:30.000000,-25.374540548,-49.2243601686,POINT (-49.2243601686 -25.374540548)
2014-05-19 10:57:40.000000,-25.374540548,-49.2243601686,POINT (-49.2243601686 -25.374540548)
2014-05-19 10:57:50.000000,-25.374540548,-49.2243601686,POINT (-49.2243601686 -25.374540548)
2014-05-19 10:58:00.000000,-25.374540548,-49.2243601686,POINT (-49.2243601686 -25.374540548)
2014-05-19 10:58:10.000000,-25.374540548,-49.2243601686,POINT (-49.2243601686 -25.374540548)
2014-05-19 10:58:20.000000,-25.374540548,-49.2243601686,POINT (-49.2243601686 -25.374540548)
2014-05-19 10:58:30.000000,-25.374540548,-49.2243601686,POINT (-49.2243601686 -25.374540548)
2014-05-19 10:58:40.000000,-25.374540548,-49.2243601686,POINT (-49.2243601686 -25.374540548)
2014-05-19 10:58:50.000000,-25.374540548,-49.2243601686,POINT (-49.2243601686 -25.374540548)
2014-05-19 10:59:00.000000,-25.374540548,-49.2243601686,POINT (-49.2243601686 -25.374540548)
2014-05-19 10:59:10.000000,-25.374540548,-49.2243601686,POINT (-49.2243601686 -25.374540548)
2014-05-19 10:59:20.000000,-25.374540548,-49.2243601686,POINT (-49.2243601686 -25.374540548)
2014-05-19 10:59:30.000000,-25.374540548,-49.2243601686,POINT (-49.2243601686 -25.374540548)
2014-05-19 10:59:40.000000,-25.374540548,-49.2243601686,POINT (-49.2243601686 -25.374540548)
2014-05-19 10:59:50.000000,-25.374540548,-49.2243601686,POINT (-49.2243601686 -25.374540548)
2014-05-19 11:00:00.000000,-25.374540548,-49.2243601686,POINT (-49.2243601686 -25.374540548)
2014-05-19 11:00:10.000000,-25.374540548,-49.2243601686,POINT (-49.2243601686 -25.374540548)
2014-05-19 11:00:20.000000,-25.374540548,-49.2243601686,POINT (-49.2243601686 -25.374540548)
2014-05-19 11:00:30.000000,-25.374540548,-49.2243601686,POINT (-49.2243601686 -25.374540548)
2014-05-19 11:00:40.000000,-25.374540548,-49.2243601686,POINT (-49.2243601686 -25.374540548)
2014-05-19 11:00:50.000000,-25.374540548,-49.2243601686,POINT (-49.2243601686 -25.374540548)
2014-05-19 11:01:00.000000,-25.374540548,-49.2243601686,POINT (-49.2243601686 -25.374540548)
2014-05-19 11:01:10.000000,-25.374540548,-49.2243601686,POINT (-49.2243601686 -25.374540548)
2014-05-19 11:01:20.000000,-25.374540548,-49.2243601686,POINT (-49.2243601686 -25.374540548)
2014-05-19 11:01:30.000000,-25.374540548,-49.2243601686,POINT (-49.2243601686 -25.374540548)
2014-05-19 11:01:40.000000,-25.374540548,-49.2243601686,POINT (-49.2243601686 -25.374540548)
2014-05-19 11:01:50.000000,-25.374540548,-49.2243601686,POINT (-49.2243601686 -25.374540548)
2014-05-19 11:02:00.000000,-25.374540548,-49.2243601686,POINT (-49.2243601686 -25.374540548)
2014-05-19 11:02:10.000000,-25.374540548,-49.2243601686,POINT (-49.2243601686 -25.374540548)
2014-05-19 11:02:20.000000,-25.374540548,-49.2243601686,POINT (-49.2243601686 -25.374540548)
2014-05-19 11:02:30.000000,-25.374540548,-49.2243601686,POINT (-49.2243601686 -25.374540548)
2014-05-19 11:02:40.000000,-25.374540548,-49.2243601686,POINT (-49.2243601686 -25.374540548)
2014-05-19 11:02:50.000000,-25.374540548,-49.2243601686,POINT (-49.2243601686 -25.374540548)
2014-05-19 11:03:00.000000,-25.374540548,-49.2243601686,POINT (-49.2243601686 -25.374540548)
2014-05-19 11:03:10.000000,-25.374540548,-49.2243601686,POINT (-49.2243601686 -25.374540548)
2014-05-19 11:03:20.000000,-25.374540548,-49.2243601686,POINT (-49.2243601686 -25.374540548)
2014-05-19 11:03:30.000000,-25.374540548,-49.2243601686,POINT (-49.2243601686 -25.374540548)
2014-05-19 11:03:40.000000,-25.374540548,-49.2243601686,POINT (-49.2243601686 -25.374540548)
2014-05-19 11:03:50.000000,-25.374540548,-49.2243601686,POINT (-49.2243601686 -25.374540548)
2014-05-19 11:04:00.000000,-25.374540548,-49.2243601686,POINT (-49.2243601686 -25.374540548)
2014-05-19 11:04:10.000000,-25.374540548,-49.2243601686,POINT (-49.2243601686 -25.374540548)
2014-05-19 11:04:20.000000,-25.374540548,-49.2243601686,POINT (-49.2243601686 -25.374540548)
2014-05-19 11:04:30.000000,-25.374540548,-49.2243601686,POINT (-49.2243601686 -25.374540548)
2014-05-19 11:04:40.000000,-25.374540548,-49.2243601686,POINT (-49.2243601686 -25.374540548)
2014-05-19 11:04:50.000000,-25.374540548,-49.2243601686,POINT (-49.2243601686 -25.374540548)
2014-05-19 11:05:00.000000,-25.374540548,-49.2243601686,POINT (-49.2243601686 -25.374540548)
2014-05-19 11:05:10.000000,-25.374540548,-49.2243601686,POINT (-49.2243601686 -25.374540548)
2014-05-19 11:05:20.000000,-25.374540548,-49.2243601686,POINT (-49.2243601686 -25.374540548)
2014-05-19 11:05:30.000000,-25.374540548,-49.2243601686,POINT (-49.2243601686 -25.374540548)
2014-05-19 11:05:40.000000,-25.374540548,-49.2243601686,POINT (-49.2243601686 -25.374540548)
2014-05-19 11:05:50.000000,-25.374540548,-49.2243601686,POINT (-49.2243601686 -25.374540548)
2014-05-19 11:06:00.000000,-25.374540548,-49.2243601686,POINT (-49.2243601686 -25.374540548)
2014-05-19 11:06:10.000000,-25.374540548,-49.2243601686,POINT (-49.2243601686 -25.374540548)
2014-05-19 11:06:20.000000,-25.374540548,-49.2243601686,POINT (-49.2243601686 -25.374540548)
2014-05-19 11:06:30.000000,-25.374540548,-49.2243601686,POINT (-49.2243601686 -25.374540548)
2014-05-19 11:06:40.000000,-25.374540548,-49.2243601686,POINT (-49.2243601686 -25.374540548)
2014-05-19 11:06:50.000000,-25.374540548,-49.2243601686,POINT (-49.2243601686 -25.374540548)
2014-05-19 11:07:00.000000,-25.374540548,-49.2243601686,POINT (-49.2243601686 -25.374540548)
2014-05-19 11:07:10.000000,-25.374540548,-49.2243601686,POINT (-49.2243601686 -25.374540548)
2014-05-19 11:07:20.000000,-25.374540548,-49.2243601686,POINT (-49.2243601686 -25.374540548)
2014-05-19 11:07:30.000000,-25.374540548,-49.2243601686,POINT (-49.2243601686 -25.374540548)
2014-05-19 11:07:40.000000,-25.374540548,-49.2243601686,POINT (-49.2243601686 -25.374540548)
2014-05-19 11:07:50.000000,-25.374540548,-49.2243601686,POINT (-49.2243601686 -25.374540548)
2014-05-19 11:08:00.000000,-25.374540548,-49.2243601686,POINT (-49.2243601686 -25.374540548)
2014-05-19 11:08:10.000000,-25.374540548,-49.2243601686,POINT (-49.2243601686 -25.374540548)
2014-05-19 11:08:20.000000,-25.374540548,-49.2243601686,POINT (-49.2243601686 -25.374540548)
2014-05-19 11:08:30.000000,-25.374540548,-49.2243601686,POINT (-49.2243601686 -25.374540548)
2014-05-19 11:08:40.000000,-25.374540548,-49.2243601686,POINT (-49.2243601686 -25.374540548)
2014-05-19 11:08:50.000000,-25.374540548,-49.2243601686,POINT (-49.2243601686 -25.374540548)
2014-05-19 11:09:00.000000,-25.374540548,-49.2243601686,POINT (-49.2243601686 -25.374540548)
2014-05-19 11:09:10.000000,-25.374540548,-49.2243601686,POINT (-49.2243601686 -25.374540548)
2014-05-19 11:09:20.000000,-25.374540548,-49.2243601686,POINT (-49.2243601686 -25.374540548)
2014-05-19 11:09:30.000000,-25.374540548,-49.2243601686,POINT (-49.2243601686 -25.374540548)
2014-05-19 11:09:40.000000,-25.374540548,-49.2243601686,POINT (-49.2243601686 -25.374540548)
2014-05-19 11:09:50.000000,-25.374540548,-49.2243601686,POINT (-49.2243601686 -25.374540548)
2014-05-19 11:10:00.000000,-25.374540548,-49.2243601686,POINT (-49.2243601686 -25.374540548)
2014-05-19 11:10:10.000000,-25.374540548,-49.2243601686,POINT (-49.2243601686 -25.374540548)
2014-05-19 11:10:20.000000,-25.374540548,-49.2243601686,POINT (-49.2243601686 -25.374540548)
2014-05-19 11:10:30.000000,-25.374540548,-49.2243601686,POINT (-49.2243601686 -25.374540548)
2014-05-19 11:10:40.000000,-25.374540548,-49.2243601686,POINT (-49.2243601686 -25.374540548)
2014-05-19 11:10:50.000000,-25.374540548,-49.2243601686,POINT (-49.2243601686 -25.374540548)
2014-05-19 11:11:00.000000,-25.374540548,-49.2243601686,POINT (-49.2243601686 -25.374540548)
2014-05-19 11:11:10.000000,-25.374540548,-49.2243601686,POINT (-49.2243601686 -25.374540548)
2014-05-19 11:11:20.000000,-25.374540548,-49.2243601686,POINT (-49.2243601686 -25.374540548)
2014-05-19 11:11:30.000000,-25.374540548,-49.2243601686,POINT (-49.2243601686 -25.374540548)
2014-05-19 11:11:40.000000,-25.374540548,-49.2243601686,POINT (-49.2243601686 -25.374540548)
2014-05-19 11:11:50.000000,-25.374540548,-49.2243601686,POINT (-49.2243601686 -25.374540548)
2014-05-19 11:12:00.000000,-25.374540548,-49.2243601686,POINT (-49.2243601686 -25.374540548)
2014-05-19 11:12:10.000000,-25.374540548,-49.2243601686,POINT (-49.2243601686 -25.374540548)
2014-05-19 11:12:20.000000,-25.374540548,-49.2243601686,POINT (-49.2243601686 -25.374540548)
2014-05-19 11:12:30.000000,-25.374540548,-49.2243601686,POINT (-49.2243601686 -25.374540548)
2014-05-19 11:12:40.000000,-25.374540548,-49.2243601686,POINT (-49.2243601686 -25.374540548)
2014-05-19 11:12:50.000000,-25.374540548,-49.2243601686,POINT (-49.2243601686 -25.374540548)
2014-05-19 11:13:00.000000,-25.374540548,-49.2243601686,POINT (-49.2243601686 -25.374540548)
2014-05-19 11:13:10.000000,-25.374540548,-49.2243601686,POINT (-49.2243601686 -25.374540548)
2014-05-19 11:13:20.000000,-25.374540548,-49.2243601686,POINT (-49.2243601686 -25.374540548)
2014-05-19 11:13:30.000000,-25.374540548,-49.2243601686,POINT (-49.2243601686 -25.374540548)
2014-05-19 11:13:40.000000,-25.374540548,-49.2243601686,POINT (-49.2243601686 -25.374540548)
2014-05-19 11:13:50.000000,-25.374540548,-49.2243601686,POINT (-49.2243601686 -25.374540548)
2014-05-19 11:14:00.000000,-25.374540548,-49.2243601686,POINT (-49.2243601686 -25.374540548)
2014-05-19 11:14:10.000000,-25.374540548,-49.2243601686,POINT (-49.2243601686 -25.374540548)
2014-05-19 11:14:20.000000,-25.374540548,-49.2243601686,POINT (-49.2243601686 -25.374540548)
2014-05-19 11:14:30.000000,-25.374540548,-49.2243601686,POINT (-49.2243601686 -25.374540548)
2014-05-19 11:14:40.000000,-25.374540548,-49.2243601686,POINT (-49.2243601686 -25.374540548)
2014-05-19 11:14:50.000000,-25.374540548,-49.2243601686,POINT (-49.2243601686 -25.374540548)
2014-05-19 11:15:00.000000,-25.374540548,-49.2243601686,POINT (-49.2243601686 -25.374540548)
2014-05-19 11:15:10.000000,-25.374540548,-49.2243601686,POINT (-49.2243601686 -25.374540548)
2014-05-19 11:15:20.000000,-25.374540548,-49.2243601686,POINT (-49.2243601686 -25.374540548)
2014-05-19 11:15:30.000000,-25.374540548,-49.2243601686,POINT (-49.2243601686 -25.374540548)
2014-05-19 11:15:40.000000,-25.374540548,-49.2243601686,POINT (-49.2243601686 -25.374540548)
2014-05-19 11:15:50.000000,-25.374540548,-49.2243601686,POINT (-49.2243601686 -25.374540548)
2014-05-19 11:16:00.000000,-25.374540548,-49.2243601686,POINT (-49.2243601686 -25.374540548)
2014-05-19 11:16:10.000000,-25.374540548,-49.2243601686,POINT (-49.2243601686 -25.374540548)
2014-05-19 11:16:20.000000,-25.374540548,-49.2243601686,POINT (-49.2243601686 -25.374540548)
2014-05-19 11:16:30.000000,-25.374540548,-49.2243601686,POINT (-49.2243601686 -25.374540548)
2014-05-19 11:16:40.000000,-25.374540548,-49.2243601686,POINT (-49.2243601686 -25.374540548)
2014-05-19 11:16:50.000000,-25.374540548,-49.2243601686,POINT (-49.2243601686 -25.374540548)
2014-05-19 11:17:00.000000,-25.374540548,-49.2243601686,POINT (-49.2243601686 -25.374540548)
2014-05-19 11:17:10.000000,-25.374540548,-49.2243601686,POINT (-49.2243601686 -25.374540548)
2014-05-19 11:17:20.000000,-25.374540548,-49.2243601686,POINT (-49.2243601686 -25.374540548)
2014-05-19 11:17:30.000000,-25.374540548,-49.2243601686,POINT (-49.2243601686 -25.374540548)
2014-05-19 11:17:40.000000,-25.374540548,-49.2243601686,POINT (-49.2243601686 -25.374540548)
2014-05-19 11:17:50.000000,-25.374540548,-49.2243601686,POINT (-49.2243601686 -25.374540548)
2014-05-19 11:18:00.000000,-25.374540548,-49.2243601686,POINT (-49.2243601686 -25.374540548)
2014-05-19 11:18:10.000000,-25.374540548,-49.2243601686,POINT (-49.2243601686 -25.374540548)
2014-05-19 11:18:20.000000,-25.374540548,-49.2243601686,POINT (-49.2243601686 -25.374540548)
2014-05-19 11:18:30.000000,-25.374540548,-49.2243601686,POINT (-49.2243601686 -25.374540548)
2014-05-19 11:18:40.000000,-25.374540548,-49.2243601686,POINT (-49.2243601686 -25.374540548)
2014-05-19 11:18:50.000000,-25.374540548,-49.2243601686,POINT (-49.2243601686 -25.374540548)
2014-05-19 11:19:00.000000,-25.374540548,-49.2243601686,POINT (-49.2243601686 -25.374540548)
2014-05-19 11:19:10.000000,-25.374540548,-49.2243601686,POINT (-49.2243601686 -25.374540548)
2014-05-19 11:19:20.000000,-25.374540548,-49.2243601686,POINT (-49.2243601686 -25.374540548)
2014-05-19 11:19:30.000000,-25.374540548,-49.2243601686,POINT (-49.2243601686 -25.374540548)
2014-05-19 11:19:40.000000,-25.374540548,-49.2243601686,POINT (-49.2243601686 -25.374540548)
2014-05-19 11:19:50.000000,-25.374540548,-49.2243601686,POINT (-49.2243601686 -25.374540548)
2014-05-19 11:20:00.000000,-25.374540548,-49.2243601686,POINT (-49.2243601686 -25.374540548)
2014-05-19 11:20:10.000000,-25.374540548,-49.2243601686,POINT (-49.2243601686 -25.374540548)
2014-05-19 11:20:20.000000,-25.374540548,-49.2243601686,POINT (-49.2243601686 -25.374540548)
2014-05-19 11:20:30.000000,-25.374540548,-49.2243601686,POINT (-49.2243601686 -25.374540548)
2014-05-19 11:20:40.000000,-25.374540548,-49.2243601686,POINT (-49.2243601686 -25.374540548)
2014-05-19 11:20:50.000000,-25.374540548,-49.2243601686,POINT (-49.2243601686 -25.374540548)
2014-05-19 11:21:00.000000,-25.374540548,-49.2243601686,POINT (-49.2243601686 -25.374540548)
2014-05-19 11:21:10.000000,-25.374540548,-49.2243601686,POINT (-49.2243601686 -25.374540548)
2014-05-19 11:21:20.000000,-25.374540548,-49.2243601686,POINT (-49.2243601686 -25.374540548)
2014-05-19 11:21:30.000000,-25.374540548,-49.2243601686,POINT (-49.2243601686 -25.374540548)
2014-05-19 11:21:40.000000,-25.374540548,-49.2243601686,POINT (-49.2243601686 -25.374540548)
2014-05-19 11:21:50.000000,-25.374540548,-49.2243601686,POINT (-49.2243601686 -25.374540548)
2014-05-19 11:22:00.000000,-25.374540548,-49.2243601686,POINT (-49.2243601686 -25.374540548)
2014-05-19 11:22:10.000000,-25.374540548,-49.2243601686,POINT (-49.2243601686 -25.374540548)
2014-05-19 11:22:20.000000,-25.374540548,-49.2243601686,POINT (-49.2243601686 -25.374540548)
2014-05-19 11:22:30.000000,-25.374540548,-49.2243601686,POINT (-49.2243601686 -25.374540548)
2014-05-19 11:22:40.000000,-25.374540548,-49.2243601686,POINT (-49.2243601686 -25.374540548)
2014-05-19 11:22:50.000000,-25.374540548,-49.2243601686,POINT (-49.2243601686 -25.374540548)
2014-05-19 11:23:00.000000,-25.374540548,-49.2243601686,POINT (-49.2243601686 -25.374540548)
2014-05-19 11:23:10.000000,-25.374540548,-49.2243601686,POINT (-49.2243601686 -25.374540548)
2014-05-19 11:23:20.000000,-25.374540548,-49.2243601686,POINT (-49.2243601686 -25.374540548)
2014-05-19 11:23:30.000000,-25.374540548,-49.2243601686,POINT (-49.2243601686 -25.374540548)
2014-05-19 11:23:40.000000,-25.374540548,-49.2243601686,POINT (-49.2243601686 -25.374540548)
2014-05-19 11:23:50.000000,-25.374540548,-49.2243601686,POINT (-49.2243601686 -25.374540548)
2014-05-19 11:24:00.000000,-25.374540548,-49.2243601686,POINT (-49.2243601686 -25.374540548)
2014-05-19 11:24:10.000000,-25.374540548,-49.2243601686,POINT (-49.2243601686 -25.374540548)
2014-05-19 11:24:20.000000,-25.374540548,-49.2243601686,POINT (-49.2243601686 -25.374540548)
2014-05-19 11:24:30.000000,-25.374540548,-49.2243601686,POINT (-49.2243601686 -25.374540548)
2014-05-19 11:24:40.000000,-25.374540548,-49.2243601686,POINT (-49.2243601686 -25.374540548)
2014-05-19 11:24:50.000000,-25.374540548,-49.2243601686,POINT (-49.2243601686 -25.374540548)
2014-05-19 11:25:00.000000,-25.374540548,-49.2243601686,POINT (-49.2243601686 -25.374540548)
2014-05-19 11:25:10.000000,-25.374540548,-49.2243601686,POINT (-49.2243601686 -25.374540548)
2014-05-19 11:25:20.000000,-25.374540548,-49.2243601686,POINT (-49.2243601686 -25.374540548)
2014-05-19 11:25:30.000000,-25.374540548,-49.2243601686,POINT (-49.2243601686 -25.374540548)
2014-05-19 11:25:40.000000,-25.374540548,-49.2243601686,POINT (-49.2243601686 -25.374540548)
2014-05-19 11:25:50.000000,-25.374540548,-49.2243601686,POINT (-49.2243601686 -25.374540548)
2014-05-19 11:26:00.000000,-25.374540548,-49.2243601686,POINT (-49.2243601686 -25.374540548)
2014-05-19 11:26:10.000000,-25.374540548,-49.2243601686,POINT (-49.2243601686 -25.374540548)
2014-05-19 11:26:20.000000,-25.374540548,-49.2243601686,POINT (-49.2243601686 -25.374540548)
2014-05-19 11:26:30.000000,-25.374540548,-49.2243601686,POINT (-49.2243601686 -25.374540548)
2014-05-19 11:26:40.000000,-25.374540548,-49.2243601686,POINT (-49.2243601686 -25.374540548)
2014-05-19 11:26:50.000000,-25.374540548,-49.2243601686,POINT (-49.2243601686 -25.374540548)
2014-05-19 11:27:00.000000,-25.374540548,-49.2243601686,POINT (-49.2243601686 -25.374540548)
2014-05-19 11:27:10.000000,-25.374540548,-49.2243601686,POINT (-49.2243601686 -25.374540548)
2014-05-19 11:27:20.000000,-25.374540548,-49.2243601686,POINT (-49.2243601686 -25.374540548)
2014-05-19 11:27:30.000000,-25.374540548,-49.2243601686,POINT (-49.2243601686 -25.374540548)
2014-05-19 11:27:40.000000,-25.374540548,-49.2243601686,POINT (-49.2243601686 -25.374540548)
2014-05-19 11:27:50.000000,-25.374540548,-49.2243601686,POINT (-49.2243601686 -25.374540548)
2014-05-19 11:28:00.000000,-25.374540548,-49.2243601686,POINT (-49.2243601686 -25.374540548)
2014-05-19 11:28:10.000000,-25.374540548,-49.2243601686,POINT (-49.2243601686 -25.374540548)
2014-05-19 11:28:20.000000,-25.374540548,-49.2243601686,POINT (-49.2243601686 -25.374540548)
2014-05-19 11:28:30.000000,-25.374540548,-49.2243601686,POINT (-49.2243601686 -25.374540548)
2014-05-19 11:28:40.000000,-25.374540548,-49.2243601686,POINT (-49.2243601686 -25.374540548)
2014-05-19 11:28:50.000000,-25.374540548,-49.2243601686,POINT (-49.2243601686 -25.374540548)
2014-05-19 11:29:00.000000,-25.374540548,-49.2243601686,POINT (-49.2243601686 -25.374540548)
2014-05-19 11:29:10.000000,-25.374540548,-49.2243601686,POINT (-49.2243601686 -25.374540548)
2014-05-19 11:29:20.000000,-25.374540548,-49.2243601686,POINT (-49.2243601686 -25.374540548)
2014-05-19 11:29:30.000000,-25.374540548,-49.2243601686,POINT (-49.2243601686 -25.374540548)
2014-05-19 11:29:40.000000,-25.374540548,-49.2243601686,POINT (-49.2243601686 -25.374540548)
2014-05-19 11:29:50.000000,-25.374540548,-49.2243601686,POINT (-49.2243601686 -25.374540548)
2014-05-19 11:30:00.000000,-25.374540548,-49.2243601686,POINT (-49.2243601686 -25.374540548)
2014-05-19 11:30:10.000000,-25.374540548,-49.2243601686,POINT (-49.2243601686 -25.374540548)
2014-05-19 11:30:20.000000,-25.374540548,-49.2243601686,POINT (-49.2243601686 -25.374540548)
2014-05-19 11:30:30.000000,-25.374540548,-49.2243601686,POINT (-49.2243601686 -25.374540548)
2014-05-19 11:30:40.000000,-25.374540548,-49.2243601686,POINT (-49.2243601686 -25.374540548)
2014-05-19 11:30:50.000000,-25.374540548,-49.2243601686,POINT (-49.2243601686 -25.374540548)
2014-05-19 11:31:00.000000,-25.374540548,-49.2243601686,POINT (-49.2243601686 -25.374540548)
2014-05-19 11:31:10.000000,-25.374540548,-49.2243601686,POINT (-49.2243601686 -25.374540548)
2014-05-19 11:31:20.000000,-25.374540548,-49.2243601686,POINT (-49.2243601686 -25.374540548)
2014-05-19 11:31:30.000000,-25.374540548,-49.2243601686,POINT (-49.2243601686 -25.374540548)
2014-05-19 11:31:40.000000,-25.374540548,-49.2243601686,POINT (-49.2243601686 -25.374540548)
2014-05-19 11:31:50.000000,-25.374540548,-49.2243601686,POINT (-49.2243601686 -25.374540548)
2014-05-19 11:32:00.000000,-25.374540548,-49.2243601686,POINT (-49.2243601686 -25.374540548)
2014-05-19 11:32:10.000000,-25.374540548,-49.2243601686,POINT (-49.2243601686 -25.374540548)
2014-05-19 11:32:20.000000,-25.374540548,-49.2243601686,POINT (-49.2243601686 -25.374540548)
2014-05-19 11:32:30.000000,-25.374540548,-49.2243601686,POINT (-49.2243601686 -25.374540548)
2014-05-19 11:32:40.000000,-25.374540548,-49.2243601686,POINT (-49.2243601686 -25.374540548)
2014-05-19 11:32:50.000000,-25.374540548,-49.2243601686,POINT (-49.2243601686 -25.374540548)
2014-05-19 11:33:00.000000,-25.374540548,-49.2243601686,POINT (-49.2243601686 -25.374540548)
2014-05-19 11:33:10.000000,-25.374540548,-49.2243601686,POINT (-49.2243601686 -25.374540548)
2014-05-19 11:33:20.000000,-25.374540548,-49.2243601686,POINT (-49.2243601686 -25.374540548)
2014-05-19 11:33:30.000000,-25.374540548,-49.2243601686,POINT (-49.2243601686 -25.374540548)
2014-05-19 11:33:40.000000,-25.374540548,-49.2243601686,POINT (-49.2243601686 -25.374540548)
2014-05-19 11:33:50.000000,-25.374540548,-49.2243601686,POINT (-49.2243601686 -25.374540548)
2014-05-19 11:34:00.000000,-25.374540548,-49.2243601686,POINT (-49.2243601686 -25.374540548)
2014-05-19 11:34:10.000000,-25.374540548,-49.2243601686,POINT (-49.2243601686 -25.374540548)
2014-05-19 11:34:20.000000,-25.374540548,-49.2243601686,POINT (-49.2243601686 -25.374540548)
2014-05-19 11:34:30.000000,-25.374540548,-49.2243601686,POINT (-49.2243601686 -25.374540548)
2014-05-19 11:34:40.000000,-25.374540548,-49.2243601686,POINT (-49.2243601686 -25.374540548)
2014-05-19 11:34:50.000000,-25.374540548,-49.2243601686,POINT (-49.2243601686 -25.374540548)
2014-05-19 11:35:00.000000,-25.374540548,-49.2243601686,POINT (-49.2243601686 -25.374540548)
2014-05-19 11:35:10.000000,-25.374540548,-49.2243601686,POINT (-49.2243601686 -25.374540548)
2014-05-19 11:35:20.000000,-25.374540548,-49.2243601686,POINT (-49.2243601686 -25.374540548)
2014-05-19 11:35:30.000000,-25.374540548,-49.2243601686,POINT (-49.2243601686 -25.374540548)
2014-05-19 11:35:40.000000,-25.374540548,-49.2243601686,POINT (-49.2243601686 -25.374540548)
2014-05-19 11:35:50.000000,-25.374540548,-49.2243601686,POINT (-49.2243601686 -25.374540548)
2014-05-19 11:36:00.000000,-25.374540548,-49.2243601686,POINT (-49.2243601686 -25.374540548)
2014-05-19 11:36:10.000000,-25.374540548,-49.2243601686,POINT (-49.2243601686 -25.374540548)
2014-05-19 11:36:20.000000,-25.374540548,-49.2243601686,POINT (-49.2243601686 -25.374540548)
2014-05-19 11:36:30.000000,-25.374540548,-49.2243601686,POINT (-49.2243601686 -25.374540548)
2014-05-19 11:36:40.000000,-25.374540548,-49.2243601686,POINT (-49.2243601686 -25.374540548)
2014-05-19 11:36:50.000000,-25.374540548,-49.2243601686,POINT (-49.2243601686 -25.374540548)
2014-05-19 11:37:00.000000,-25.374540548,-49.2243601686,POINT (-49.2243601686 -25.374540548)
2014-05-19 11:37:10.000000,-25.374540548,-49.2243601686,POINT (-49.2243601686 -25.374540548)
2014-05-19 11:37:20.000000,-25.374540548,-49.2243601686,POINT (-49.2243601686 -25.374540548)
2014-05-19 11:37:30.000000,-25.374540548,-49.2243601686,POINT (-49.2243601686 -25.374540548)
2014-05-19 11:37:40.000000,-25.374540548,-49.2243601686,POINT (-49.2243601686 -25.374540548)
2014-05-19 11:37:50.000000,-25.374540548,-49.2243601686,POINT (-49.2243601686 -25.374540548)
2014-05-19 11:38:00.000000,-25.374540548,-49.2243601686,POINT (-49.2243601686 -25.374540548)
2014-05-19 11:38:10.000000,-25.374540548,-49.2243601686,POINT (-49.2243601686 -25.374540548)
2014-05-19 11:38:20.000000,-25.374540548,-49.2243601686,POINT (-49.2243601686 -25.374540548)
2014-05-19 11:38:30.000000,-25.374540548,-49.2243601686,POINT (-49.2243601686 -25.374540548)
2014-05-19 11:38:40.000000,-25.374540548,-49.2243601686,POINT (-49.2243601686 -25.374540548)
2014-05-19 11:38:50.000000,-25.374540548,-49.2243601686,POINT (-49.2243601686 -25.374540548)
2014-05-19 11:39:00.000000,-25.374540548,-49.2243601686,POINT (-49.2243601686 -25.374540548)
2014-05-19 11:39:10.000000,-25.374540548,-49.2243601686,POINT (-49.2243601686 -25.374540548)
2014-05-19 11:39:20.000000,-25.374540548,-49.2243601686,POINT (-49.2243601686 -25.374540548)
2014-05-19 11:39:30.000000,-25.374540548,-49.2243601686,POINT (-49.2243601686 -25.374540548)
2014-05-19 11:39:40.000000,-25.374540548,-49.2243601686,POINT (-49.2243601686 -25.374540548)
2014-05-19 11:39:50.000000,-25.374540548,-49.2243601686,POINT (-49.2243601686 -25.374540548)
2014-05-19 11:40:00.000000,-25.374540548,-49.2243601686,POINT (-49.2243601686 -25.374540548)
2014-05-19 11:40:10.000000,-25.374540548,-49.2243601686,POINT (-49.2243601686 -25.374540548)
2014-05-19 11:40:20.000000,-25.374540548,-49.2243601686,POINT (-49.2243601686 -25.374540548)
2014-05-19 11:40:30.000000,-25.374540548,-49.2243601686,POINT (-49.2243601686 -25.374540548)
2014-05-19 11:40:40.000000,-25.374540548,-49.2243601686,POINT (-49.2243601686 -25.374540548)
2014-05-19 11:40:50.000000,-25.374540548,-49.2243601686,POINT (-49.2243601686 -25.374540548)
2014-05-19 11:41:00.000000,-25.374540548,-49.2243601686,POINT (-49.2243601686 -25.374540548)
2014-05-19 11:41:10.000000,-25.374540548,-49.2243601686,POINT (-49.2243601686 -25.374540548)
2014-05-19 11:41:20.000000,-25.374540548,-49.2243601686,POINT (-49.2243601686 -25.374540548)
2014-05-19 11:41:30.000000,-25.374540548,-49.2243601686,POINT (-49.2243601686 -25.374540548)
2014-05-19 11:41:40.000000,-25.374540548,-49.2243601686,POINT (-49.2243601686 -25.374540548)
2014-05-19 11:41:50.000000,-25.374540548,-49.2243601686,POINT (-49.2243601686 -25.374540548)
2014-05-19 11:42:00.000000,-25.374540548,-49.2243601686,POINT (-49.2243601686 -25.374540548)
2014-05-19 11:42:10.000000,-25.374540548,-49.2243601686,POINT (-49.2243601686 -25.374540548)
2014-05-19 11:42:20.000000,-25.374540548,-49.2243601686,POINT (-49.2243601686 -25.374540548)
2014-05-19 11:42:30.000000,-25.374540548,-49.2243601686,POINT (-49.2243601686 -25.374540548)
2014-05-19 11:42:40.000000,-25.374540548,-49.2243601686,POINT (-49.2243601686 -25.374540548)
2014-05-19 11:42:50.000000,-25.374540548,-49.2243601686,POINT (-49.2243601686 -25.374540548)
2014-05-19 11:43:00.000000,-25.374540548,-49.2243601686,POINT (-49.2243601686 -25.374540548)
2014-05-19 11:43:10.000000,-25.374540548,-49.2243601686,POINT (-49.2243601686 -25.374540548)
2014-05-19 11:43:20.000000,-25.374540548,-49.2243601686,POINT (-49.2243601686 -25.374540548)
2014-05-19 11:43:30.000000,-25.374540548,-49.2243601686,POINT (-49.2243601686 -25.374540548)
2014-05-19 11:43:40.000000,-25.374540548,-49.2243601686,POINT (-49.2243601686 -25.374540548)
2014-05-19 11:43:50.000000,-25.374540548,-49.2243601686,POINT (-49.2243601686 -25.374540548)
2014-05-19 11:44:00.000000,-25.374540548,-49.2243601686,POINT (-49.2243601686 -25.374540548)
2014-05-19 11:44:10.000000,-25.374540548,-49.2243601686,POINT (-49.2243601686 -25.374540548)
2014-05-19 11:44:20.000000,-25.374540548,-49.2243601686,POINT (-49.2243601686 -25.374540548)
2014-05-19 11:44:30.000000,-25.374540548,-49.2243601686,POINT (-49.2243601686 -25.374540548)
2014-05-19 11:44:40.000000,-25.374540548,-49.2243601686,POINT (-49.2243601686 -25.374540548)
2014-05-19 11:44:50.000000,-25.374540548,-49.2243601686,POINT (-49.2243601686 -25.374540548)
2014-05-19 11:45:00.000000,-25.374540548,-49.2243601686,POINT (-49.2243601686 -25.374540548)
2014-05-19 11:45:10.000000,-25.374540548,-49.2243601686,POINT (-49.2243601686 -25.374540548)
2014-05-19 11:45:20.000000,-25.374540548,-49.2243601686,POINT (-49.2243601686 -25.374540548)
2014-05-19 11:45:30.000000,-25.374540548,-49.2243601686,POINT (-49.2243601686 -25.374540548)
2014-05-19 11:45:40.000000,-25.374540548,-49.2243601686,POINT (-49.2243601686 -25.374540548)
2014-05-19 11:45:50.000000,-25.374540548,-49.2243601686,POINT (-49.2243601686 -25.374540548)
2014-05-19 11:46:00.000000,-25.374540548,-49.2243601686,POINT (-49.2243601686 -25.374540548)
2014-05-19 11:46:10.000000,-25.374540548,-49.2243601686,POINT (-49.2243601686 -25.374540548)
2014-05-19 11:46:20.000000,-25.374540548,-49.2243601686,POINT (-49.2243601686 -25.374540548)
2014-05-19 11:46:30.000000,-25.374540548,-49.2243601686,POINT (-49.2243601686 -25.374540548)
2014-05-19 11:46:40.000000,-25.374540548,-49.2243601686,POINT (-49.2243601686 -25.374540548)
2014-05-19 11:46:50.000000,-25.374540548,-49.2243601686,POINT (-49.2243601686 -25.374540548)
2014-05-19 11:47:00.000000,-25.374540548,-49.2243601686,POINT (-49.2243601686 -25.374540548)
2014-05-19 11:47:10.000000,-25.374540548,-49.2243601686,POINT (-49.2243601686 -25.374540548)
2014-05-19 11:47:20.000000,-25.374540548,-49.2243601686,POINT (-49.2243601686 -25.374540548)
2014-05-19 11:47:30.000000,-25.374540548,-49.2243601686,POINT (-49.2243601686 -25.374540548)
2014-05-19 11:47:40.000000,-25.374540548,-49.2243601686,POINT (-49.2243601686 -25.374540548)
2014-05-19 11:47:50.000000,-25.374540548,-49.2243601686,POINT (-49.2243601686 -25.374540548)
2014-05-19 11:48:00.000000,-25.374540548,-49.2243601686,POINT (-49.2243601686 -25.374540548)
2014-05-19 11:48:10.000000,-25.374540548,-49.2243601686,POINT (-49.2243601686 -25.374540548)
2014-05-19 11:48:20.000000,-25.374540548,-49.2243601686,POINT (-49.2243601686 -25.374540548)
2014-05-19 11:48:30.000000,-25.374540548,-49.2243601686,POINT (-49.2243601686 -25.374540548)
2014-05-19 11:48:40.000000,-25.374540548,-49.2243601686,POINT (-49.2243601686 -25.374540548)
2014-05-19 11:48:50.000000,-25.374540548,-49.2243601686,POINT (-49.2243601686 -25.374540548)
2014-05-19 11:49:00.000000,-25.374540548,-49.2243601686,POINT (-49.2243601686 -25.374540548)
2014-05-19 11:49:10.000000,-25.374540548,-49.2243601686,POINT (-49.2243601686 -25.374540548)
2014-05-19 11:49:20.000000,-25.374540548,-49.2243601686,POINT (-49.2243601686 -25.374540548)
2014-05-19 11:49:30.000000,-25.374540548,-49.2243601686,POINT (-49.2243601686 -25.374540548)
2014-05-19 11:49:40.000000,-25.374540548,-49.2243601686,POINT (-49.2243601686 -25.374540548)
2014-05-19 11:49:50.000000,-25.374540548,-49.2243601686,POINT (-49.2243601686 -25.374540548)
2014-05-19 11:50:00.000000,-25.374540548,-49.2243601686,POINT (-49.2243601686 -25.374540548)
2014-05-19 11:50:10.000000,-25.374540548,-49.2243601686,POINT (-49.2243601686 -25.374540548)
2014-05-19 11:50:20.000000,-25.374540548,-49.2243601686,POINT (-49.2243601686 -25.374540548)
2014-05-19 11:50:30.000000,-25.374540548,-49.2243601686,POINT (-49.2243601686 -25.374540548)
2014-05-19 11:50:40.000000,-25.374540548,-49.2243601686,POINT (-49.2243601686 -25.374540548)
2014-05-19 11:50:50.000000,-25.374540548,-49.2243601686,POINT (-49.2243601686 -25.374540548)
2014-05-19 11:51:00.000000,-25.374540548,-49.2243601686,POINT (-49.2243601686 -25.374540548)
2014-05-19 11:51:10.000000,-25.374540548,-49.2243601686,POINT (-49.2243601686 -25.374540548)
2014-05-19 11:51:20.000000,-25.374540548,-49.2243601686,POINT (-49.2243601686 -25.374540548)
2014-05-19 11:51:30.000000,-25.374540548,-49.2243601686,POINT (-49.2243601686 -25.374540548)
2014-05-19 11:51:40.000000,-25.374540548,-49.2243601686,POINT (-49.2243601686 -25.374540548)
2014-05-19 11:51:50.000000,-25.374540548,-49.2243601686,POINT (-49.2243601686 -25.374540548)
2014-05-19 11:52:00.000000,-25.374540548,-49.2243601686,POINT (-49.2243601686 -25.374540548)
2014-05-19 11:52:10.000000,-25.374540548,-49.2243601686,POINT (-49.2243601686 -25.374540548)
2014-05-19 11:52:20.000000,-25.374540548,-49.2243601686,POINT (-49.2243601686 -25.374540548)
2014-05-19 11:52:30.000000,-25.374540548,-49.2243601686,POINT (-49.2243601686 -25.374540548)
2014-05-19 11:52:40.000000,-25.374540548,-49.2243601686,POINT (-49.2243601686 -25.374540548)
2014-05-19 11:52:50.000000,-25.374540548,-49.2243601686,POINT (-49.2243601686 -25.374540548)
2014-05-19 11:53:00.000000,-25.374540548,-49.2243601686,POINT (-49.2243601686 -25.374540548)
2014-05-19 11:53:10.000000,-25.374540548,-49.2243601686,POINT (-49.2243601686 -25.374540548)
2014-05-19 11:53:20.000000,-25.374540548,-49.2243601686,POINT (-49.2243601686 -25.374540548)
2014-05-19 11:53:30.000000,-25.374540548,-49.2243601686,POINT (-49.2243601686 -25.374540548)
2014-05-19 11:53:40.000000,-25.374540548,-49.2243601686,POINT (-49.2243601686 -25.374540548)
2014-05-19 11:53:50.000000,-25.374540548,-49.2243601686,POINT (-49.2243601686 -25.374540548)
2014-05-19 11:54:00.000000,-25.374540548,-49.2243601686,POINT (-49.2243601686 -25.374540548)
2014-05-19 11:54:10.000000,-25.374540548,-49.2243601686,POINT (-49.2243601686 -25.374540548)
2014-05-19 11:54:20.000000,-25.374540548,-49.2243601686,POINT (-49.2243601686 -25.374540548)
2014-05-19 11:54:30.000000,-25.374540548,-49.2243601686,POINT (-49.2243601686 -25.374540548)
2014-05-19 11:54:40.000000,-25.374540548,-49.2243601686,POINT (-49.2243601686 -25.374540548)
2014-05-19 11:54:50.000000,-25.374540548,-49.2243601686,POINT (-49.2243601686 -25.374540548)
2014-05-19 11:55:00.000000,-25.374540548,-49.2243601686,POINT (-49.2243601686 -25.374540548)
2014-05-19 11:55:10.000000,-25.374540548,-49.2243601686,POINT (-49.2243601686 -25.374540548)
2014-05-19 11:55:20.000000,-25.374540548,-49.2243601686,POINT (-49.2243601686 -25.374540548)
2014-05-19 11:55:30.000000,-25.374540548,-49.2243601686,POINT (-49.2243601686 -25.374540548)
2014-05-19 11:55:40.000000,-25.374540548,-49.2243601686,POINT (-49.2243601686 -25.374540548)
2014-05-19 11:55:50.000000,-25.374540548,-49.2243601686,POINT (-49.2243601686 -25.374540548)
2014-05-19 11:56:00.000000,-25.374540548,-49.2243601686,POINT (-49.2243601686 -25.374540548)
2014-05-19 11:56:10.000000,-25.374540548,-49.2243601686,POINT (-49.2243601686 -25.374540548)
2014-05-19 11:56:20.000000,-25.374540548,-49.2243601686,POINT (-49.2243601686 -25.374540548)
2014-05-19 11:56:30.000000,-25.374540548,-49.2243601686,POINT (-49.2243601686 -25.374540548)
2014-05-19 11:56:40.000000,-25.374540548,-49.2243601686,POINT (-49.2243601686 -25.374540548)
2014-05-19 11:56:50.000000,-25.374540548,-49.2243601686,POINT (-49.2243601686 -25.374540548)
2014-05-19 11:57:00.000000,-25.374540548,-49.2243601686,POINT (-49.2243601686 -25.374540548)
2014-05-19 11:57:10.000000,-25.374540548,-49.2243601686,POINT (-49.2243601686 -25.374540548)
2014-05-19 11:57:20.000000,-25.374540548,-49.2243601686,POINT (-49.2243601686 -25.374540548)
2014-05-19 11:57:30.000000,-25.374540548,-49.2243601686,POINT (-49.2243601686 -25.374540548)
2014-05-19 11:57:40.000000,-25.374540548,-49.2243601686,POINT (-49.2243601686 -25.374540548)
2014-05-19 11:57:50.000000,-25.374540548,-49.2243601686,POINT (-49.2243601686 -25.374540548)
2014-05-19 11:58:00.000000,-25.374540548,-49.2243601686,POINT (-49.2243601686 -25.374540548)
2014-05-19 11:58:10.000000,-25.374540548,-49.2243601686,POINT (-49.2243601686 -25.374540548)
2014-05-19 11:58:20.000000,-25.374540548,-49.2243601686,POINT (-49.2243601686 -25.374540548)
2014-05-19 11:58:30.000000,-25.374540548,-49.2243601686,POINT (-49.2243601686 -25.374540548)
2014-05-19 11:58:40.000000,-25.374540548,-49.2243601686,POINT (-49.2243601686 -25.374540548)
2014-05-19 11:58:50.000000,-25.374540548,-49.2243601686,POINT (-49.2243601686 -25.374540548)
2014-05-19 11:59:00.000000,-25.374540548,-49.2243601686,POINT (-49.2243601686 -25.374540548)
2014-05-19 11:59:10.000000,-25.374540548,-49.2243601686,POINT (-49.2243601686 -25.374540548)
2014-05-19 11:59:20.000000,-25.374540548,-49.2243601686,POINT (-49.2243601686 -25.374540548)
2014-05-19 11:59:30.000000,-25.374540548,-49.2243601686,POINT (-49.2243601686 -25.374540548)
2014-05-19 11:59:40.000000,-25.374540548,-49.2243601686,POINT (-49.2243601686 -25.374540548)
2014-05-19 11:59:50.000000,-25.374540548,-49.2243601686,POINT (-49.2243601686 -25.374540548)
2014-05-19 12:00:00.000000,-25.374540548,-49.2243601686,POINT (-49.2243601686 -25.374540548)
2014-05-19 12:00:10.000000,-25.374540548,-49.2243601686,POINT (-49.2243601686 -25.374540548)
2014-05-19 12:00:20.000000,-25.374540548,-49.2243601686,POINT (-49.2243601686 -25.374540548)
2014-05-19 12:00:30.000000,-25.374540548,-49.2243601686,POINT (-49.2243601686 -25.374540548)
2014-05-19 12:00:40.000000,-25.374540548,-49.2243601686,POINT (-49.2243601686 -25.374540548)
2014-05-19 12:00:50.000000,-25.374540548,-49.2243601686,POINT (-49.2243601686 -25.374540548)
2014-05-19 12:01:00.000000,-25.374540548,-49.2243601686,POINT (-49.2243601686 -25.374540548)
2014-05-19 12:01:10.000000,-25.374540548,-49.2243601686,POINT (-49.2243601686 -25.374540548)
2014-05-19 12:01:20.000000,-25.374540548,-49.2243601686,POINT (-49.2243601686 -25.374540548)
2014-05-19 12:01:30.000000,-25.374540548,-49.2243601686,POINT (-49.2243601686 -25.374540548)
2014-05-19 12:01:40.000000,-25.374540548,-49.2243601686,POINT (-49.2243601686 -25.374540548)
2014-05-19 12:01:50.000000,-25.374540548,-49.2243601686,POINT (-49.2243601686 -25.374540548)
2014-05-19 12:02:00.000000,-25.374540548,-49.2243601686,POINT (-49.2243601686 -25.374540548)
2014-05-19 12:02:10.000000,-25.374540548,-49.2243601686,POINT (-49.2243601686 -25.374540548)
2014-05-19 12:02:20.000000,-25.374540548,-49.2243601686,POINT (-49.2243601686 -25.374540548)
2014-05-19 12:02:30.000000,-25.374540548,-49.2243601686,POINT (-49.2243601686 -25.374540548)
2014-05-19 12:02:40.000000,-25.374540548,-49.2243601686,POINT (-49.2243601686 -25.374540548)
2014-05-19 12:02:50.000000,-25.374540548,-49.2243601686,POINT (-49.2243601686 -25.374540548)
2014-05-19 12:03:00.000000,-25.374540548,-49.2243601686,POINT (-49.2243601686 -25.374540548)
2014-05-19 12:03:10.000000,-25.374540548,-49.2243601686,POINT (-49.2243601686 -25.374540548)
2014-05-19 12:03:20.000000,-25.374540548,-49.2243601686,POINT (-49.2243601686 -25.374540548)
2014-05-19 12:03:30.000000,-25.374540548,-49.2243601686,POINT (-49.2243601686 -25.374540548)
2014-05-19 12:03:40.000000,-25.374540548,-49.2243601686,POINT (-49.2243601686 -25.374540548)
2014-05-19 12:03:50.000000,-25.374540548,-49.2243601686,POINT (-49.2243601686 -25.374540548)
2014-05-19 12:04:00.000000,-25.374540548,-49.2243601686,POINT (-49.2243601686 -25.374540548)
2014-05-19 12:04:10.000000,-25.374540548,-49.2243601686,POINT (-49.2243601686 -25.374540548)
2014-05-19 12:04:20.000000,-25.374540548,-49.2243601686,POINT (-49.2243601686 -25.374540548)
2014-05-19 12:04:30.000000,-25.374540548,-49.2243601686,POINT (-49.2243601686 -25.374540548)
2014-05-19 12:04:40.000000,-25.374540548,-49.2243601686,POINT (-49.2243601686 -25.374540548)
2014-05-19 12:04:50.000000,-25.374540548,-49.2243601686,POINT (-49.2243601686 -25.374540548)
2014-05-19 12:05:00.000000,-25.374540548,-49.2243601686,POINT (-49.2243601686 -25.374540548)
2014-05-19 12:05:10.000000,-25.374540548,-49.2243601686,POINT (-49.2243601686 -25.374540548)
2014-05-19 12:05:20.000000,-25.374540548,-49.2243601686,POINT (-49.2243601686 -25.374540548)
2014-05-19 12:05:30.000000,-25.374540548,-49.2243601686,POINT (-49.2243601686 -25.374540548)
2014-05-19 12:05:40.000000,-25.374540548,-49.2243601686,POINT (-49.2243601686 -25.374540548)
2014-05-19 12:05:50.000000,-25.374540548,-49.2243601686,POINT (-49.2243601686 -25.374540548)
2014-05-19 12:06:00.000000,-25.374540548,-49.2243601686,POINT (-49.2243601686 -25.374540548)
2014-05-19 12:06:10.000000,-25.374540548,-49.2243601686,POINT (-49.2243601686 -25.374540548)
2014-05-19 12:06:20.000000,-25.374540548,-49.2243601686,POINT (-49.2243601686 -25.374540548)
2014-05-19 12:06:30.000000,-25.374540548,-49.2243601686,POINT (-49.2243601686 -25.374540548)
2014-05-19 12:06:40.000000,-25.374540548,-49.2243601686,POINT (-49.2243601686 -25.374540548)
2014-05-19 12:06:50.000000,-25.374540548,-49.2243601686,POINT (-49.2243601686 -25.374540548)
2014-05-19 12:07:00.000000,-25.374540548,-49.2243601686,POINT (-49.2243601686 -25.374540548)
2014-05-19 12:07:10.000000,-25.374540548,-49.2243601686,POINT (-49.2243601686 -25.374540548)
2014-05-19 12:07:20.000000,-25.374540548,-49.2243601686,POINT (-49.2243601686 -25.374540548)
2014-05-19 12:07:30.000000,-25.374540548,-49.2243601686,POINT (-49.2243601686 -25.374540548)
2014-05-19 12:07:40.000000,-25.374540548,-49.2243601686,POINT (-49.2243601686 -25.374540548)
2014-05-19 12:07:50.000000,-25.374540548,-49.2243601686,POINT (-49.2243601686 -25.374540548)
2014-05-19 12:08:00.000000,-25.374540548,-49.2243601686,POINT (-49.2243601686 -25.374540548)
2014-05-19 12:08:10.000000,-25.374540548,-49.2243601686,POINT (-49.2243601686 -25.374540548)
2014-05-19 12:08:20.000000,-25.374540548,-49.2243601686,POINT (-49.2243601686 -25.374540548)
2014-05-19 12:08:30.000000,-25.374540548,-49.2243601686,POINT (-49.2243601686 -25.374540548)
2014-05-19 12:08:40.000000,-25.374540548,-49.2243601686,POINT (-49.2243601686 -25.374540548)
2014-05-19 12:08:50.000000,-25.374540548,-49.2243601686,POINT (-49.2243601686 -25.374540548)
2014-05-19 12:09:00.000000,-25.374540548,-49.2243601686,POINT (-49.2243601686 -25.374540548)
2014-05-19 12:09:10.000000,-25.374540548,-49.2243601686,POINT (-49.2243601686 -25.374540548)
2014-05-19 12:09:20.000000,-25.374540548,-49.2243601686,POINT (-49.2243601686 -25.374540548)
2014-05-19 12:09:30.000000,-25.374540548,-49.2243601686,POINT (-49.2243601686 -25.374540548)
2014-05-19 12:09:40.000000,-25.374540548,-49.2243601686,POINT (-49.2243601686 -25.374540548)
2014-05-19 12:09:50.000000,-25.374540548,-49.2243601686,POINT (-49.2243601686 -25.374540548)
2014-05-19 12:10:00.000000,-25.374540548,-49.2243601686,POINT (-49.2243601686 -25.374540548)
2014-05-19 12:10:10.000000,-25.374540548,-49.2243601686,POINT (-49.2243601686 -25.374540548)
2014-05-19 12:10:20.000000,-25.374540548,-49.2243601686,POINT (-49.2243601686 -25.374540548)
2014-05-19 12:10:30.000000,-25.374540548,-49.2243601686,POINT (-49.2243601686 -25.374540548)
2014-05-19 12:10:40.000000,-25.374540548,-49.2243601686,POINT (-49.2243601686 -25.374540548)
2014-05-19 12:10:50.000000,-25.374540548,-49.2243601686,POINT (-49.2243601686 -25.374540548)
2014-05-19 12:11:00.000000,-25.374540548,-49.2243601686,POINT (-49.2243601686 -25.374540548)
2014-05-19 12:11:10.000000,-25.374540548,-49.2243601686,POINT (-49.2243601686 -25.374540548)
2014-05-19 12:11:20.000000,-25.374540548,-49.2243601686,POINT (-49.2243601686 -25.374540548)
2014-05-19 12:11:30.000000,-25.374540548,-49.2243601686,POINT (-49.2243601686 -25.374540548)
2014-05-19 12:11:40.000000,-25.374540548,-49.2243601686,POINT (-49.2243601686 -25.374540548)
2014-05-19 12:11:50.000000,-25.374540548,-49.2243601686,POINT (-49.2243601686 -25.374540548)
2014-05-19 12:12:00.000000,-25.374540548,-49.2243601686,POINT (-49.2243601686 -25.374540548)
2014-05-19 12:12:10.000000,-25.374540548,-49.2243601686,POINT (-49.2243601686 -25.374540548)
2014-05-19 12:12:20.000000,-25.374540548,-49.2243601686,POINT (-49.2243601686 -25.374540548)
2014-05-19 12:12:30.000000,-25.374540548,-49.2243601686,POINT (-49.2243601686 -25.374540548)
2014-05-19 12:12:40.000000,-25.374540548,-49.2243601686,POINT (-49.2243601686 -25.374540548)
2014-05-19 12:12:50.000000,-25.374540548,-49.2243601686,POINT (-49.2243601686 -25.374540548)
2014-05-19 12:13:00.000000,-25.374540548,-49.2243601686,POINT (-49.2243601686 -25.374540548)
2014-05-19 12:13:10.000000,-25.374540548,-49.2243601686,POINT (-49.2243601686 -25.374540548)
2014-05-19 12:13:20.000000,-25.374540548,-49.2243601686,POINT (-49.2243601686 -25.374540548)
2014-05-19 12:13:30.000000,-25.374540548,-49.2243601686,POINT (-49.2243601686 -25.374540548)
2014-05-19 12:13:40.000000,-25.374540548,-49.2243601686,POINT (-49.2243601686 -25.374540548)
2014-05-19 12:13:50.000000,-25.374540548,-49.2243601686,POINT (-49.2243601686 -25.374540548)
2014-05-19 12:14:00.000000,-25.374540548,-49.2243601686,POINT (-49.2243601686 -25.374540548)
2014-05-19 12:14:10.000000,-25.374540548,-49.2243601686,POINT (-49.2243601686 -25.374540548)
2014-05-19 12:14:20.000000,-25.374540548,-49.2243601686,POINT (-49.2243601686 -25.374540548)
2014-05-19 12:14:30.000000,-25.374540548,-49.2243601686,POINT (-49.2243601686 -25.374540548)
2014-05-19 12:14:40.000000,-25.374540548,-49.2243601686,POINT (-49.2243601686 -25.374540548)
2014-05-19 12:14:50.000000,-25.374540548,-49.2243601686,POINT (-49.2243601686 -25.374540548)
2014-05-19 12:15:00.000000,-25.374540548,-49.2243601686,POINT (-49.2243601686 -25.374540548)
2014-05-19 12:15:10.000000,-25.374540548,-49.2243601686,POINT (-49.2243601686 -25.374540548)
2014-05-19 12:15:20.000000,-25.374540548,-49.2243601686,POINT (-49.2243601686 -25.374540548)
2014-05-19 12:15:30.000000,-25.374540548,-49.2243601686,POINT (-49.2243601686 -25.374540548)
2014-05-19 12:15:40.000000,-25.374540548,-49.2243601686,POINT (-49.2243601686 -25.374540548)
2014-05-19 12:15:50.000000,-25.374540548,-49.2243601686,POINT (-49.2243601686 -25.374540548)
2014-05-19 12:16:00.000000,-25.374540548,-49.2243601686,POINT (-49.2243601686 -25.374540548)
2014-05-19 12:16:10.000000,-25.374540548,-49.2243601686,POINT (-49.2243601686 -25.374540548)
2014-05-19 12:16:20.000000,-25.374540548,-49.2243601686,POINT (-49.2243601686 -25.374540548)
2014-05-19 12:16:30.000000,-25.374540548,-49.2243601686,POINT (-49.2243601686 -25.374540548)
2014-05-19 12:16:40.000000,-25.374540548,-49.2243601686,POINT (-49.2243601686 -25.374540548)
2014-05-19 12:16:50.000000,-25.374540548,-49.2243601686,POINT (-49.2243601686 -25.374540548)
2014-05-19 12:17:00.000000,-25.374540548,-49.2243601686,POINT (-49.2243601686 -25.374540548)
2014-05-19 12:17:10.000000,-25.374540548,-49.2243601686,POINT (-49.2243601686 -25.374540548)
2014-05-19 12:17:20.000000,-25.374540548,-49.2243601686,POINT (-49.2243601686 -25.374540548)
2014-05-19 12:17:30.000000,-25.374540548,-49.2243601686,POINT (-49.2243601686 -25.374540548)
2014-05-19 12:17:40.000000,-25.374540548,-49.2243601686,POINT (-49.2243601686 -25.374540548)
2014-05-19 12:17:50.000000,-25.374540548,-49.2243601686,POINT (-49.2243601686 -25.374540548)
2014-05-19 12:18:00.000000,-25.374540548,-49.2243601686,POINT (-49.2243601686 -25.374540548)
2014-05-19 12:18:10.000000,-25.374540548,-49.2243601686,POINT (-49.2243601686 -25.374540548)
2014-05-19 12:18:20.000000,-25.374540548,-49.2243601686,POINT (-49.2243601686 -25.374540548)
2014-05-19 12:18:30.000000,-25.374540548,-49.2243601686,POINT (-49.2243601686 -25.374540548)
2014-05-19 12:18:40.000000,-25.374540548,-49.2243601686,POINT (-49.2243601686 -25.374540548)
2014-05-19 12:18:50.000000,-25.374540548,-49.2243601686,POINT (-49.2243601686 -25.374540548)
2014-05-19 12:19:00.000000,-25.374540548,-49.2243601686,POINT (-49.2243601686 -25.374540548)
2014-05-19 12:19:10.000000,-25.374540548,-49.2243601686,POINT (-49.2243601686 -25.374540548)
2014-05-19 12:19:20.000000,-25.374540548,-49.2243601686,POINT (-49.2243601686 -25.374540548)
2014-05-19 12:19:30.000000,-25.374540548,-49.2243601686,POINT (-49.2243601686 -25.374540548)
2014-05-19 12:19:40.000000,-25.374540548,-49.2243601686,POINT (-49.2243601686 -25.374540548)
2014-05-19 12:19:50.000000,-25.374540548,-49.2243601686,POINT (-49.2243601686 -25.374540548)
2014-05-19 12:20:00.000000,-25.374540548,-49.2243601686,POINT (-49.2243601686 -25.374540548)
2014-05-19 12:20:10.000000,-25.374540548,-49.2243601686,POINT (-49.2243601686 -25.374540548)
2014-05-19 12:20:20.000000,-25.374540548,-49.2243601686,POINT (-49.2243601686 -25.374540548)
2014-05-19 12:20:30.000000,-25.374540548,-49.2243601686,POINT (-49.2243601686 -25.374540548)
2014-05-19 12:20:40.000000,-25.374540548,-49.2243601686,POINT (-49.2243601686 -25.374540548)
2014-05-19 12:20:50.000000,-25.374540548,-49.2243601686,POINT (-49.2243601686 -25.374540548)
2014-05-19 12:21:00.000000,-25.374540548,-49.2243601686,POINT (-49.2243601686 -25.374540548)
2014-05-19 12:21:10.000000,-25.374540548,-49.2243601686,POINT (-49.2243601686 -25.374540548)
2014-05-19 12:21:20.000000,-25.374540548,-49.2243601686,POINT (-49.2243601686 -25.374540548)
2014-05-19 12:21:30.000000,-25.374540548,-49.2243601686,POINT (-49.2243601686 -25.374540548)
2014-05-19 12:21:40.000000,-25.374540548,-49.2243601686,POINT (-49.2243601686 -25.374540548)
2014-05-19 12:21:50.000000,-25.374540548,-49.2243601686,POINT (-49.2243601686 -25.374540548)
2014-05-19 12:22:00.000000,-25.374540548,-49.2243601686,POINT (-49.2243601686 -25.374540548)
2014-05-19 12:22:10.000000,-25.374540548,-49.2243601686,POINT (-49.2243601686 -25.374540548)
2014-05-19 12:22:20.000000,-25.374540548,-49.2243601686,POINT (-49.2243601686 -25.374540548)
2014-05-19 12:22:30.000000,-25.374540548,-49.2243601686,POINT (-49.2243601686 -25.374540548)
2014-05-19 12:22:40.000000,-25.374540548,-49.2243601686,POINT (-49.2243601686 -25.374540548)
2014-05-19 12:22:50.000000,-25.374540548,-49.2243601686,POINT (-49.2243601686 -25.374540548)
2014-05-19 12:23:00.000000,-25.374540548,-49.2243601686,POINT (-49.2243601686 -25.374540548)
2014-05-19 12:23:10.000000,-25.374540548,-49.2243601686,POINT (-49.2243601686 -25.374540548)
2014-05-19 12:23:20.000000,-25.374540548,-49.2243601686,POINT (-49.2243601686 -25.374540548)
2014-05-19 12:23:30.000000,-25.374540548,-49.2243601686,POINT (-49.2243601686 -25.374540548)
2014-05-19 12:23:40.000000,-25.374540548,-49.2243601686,POINT (-49.2243601686 -25.374540548)
2014-05-19 12:23:50.000000,-25.374540548,-49.2243601686,POINT (-49.2243601686 -25.374540548)
2014-05-19 12:24:00.000000,-25.374540548,-49.2243601686,POINT (-49.2243601686 -25.374540548)
2014-05-19 12:24:10.000000,-25.374540548,-49.2243601686,POINT (-49.2243601686 -25.374540548)
2014-05-19 12:24:20.000000,-25.374540548,-49.2243601686,POINT (-49.2243601686 -25.374540548)
2014-05-19 12:24:30.000000,-25.374540548,-49.2243601686,POINT (-49.2243601686 -25.374540548)
2014-05-19 12:24:40.000000,-25.374540548,-49.2243601686,POINT (-49.2243601686 -25.374540548)
2014-05-19 12:24:50.000000,-25.374540548,-49.2243601686,POINT (-49.2243601686 -25.374540548)
2014-05-19 12:25:00.000000,-25.374540548,-49.2243601686,POINT (-49.2243601686 -25.374540548)
2014-05-19 12:25:10.000000,-25.374540548,-49.2243601686,POINT (-49.2243601686 -25.374540548)
2014-05-19 12:25:20.000000,-25.374540548,-49.2243601686,POINT (-49.2243601686 -25.374540548)
2014-05-19 12:25:30.000000,-25.374540548,-49.2243601686,POINT (-49.2243601686 -25.374540548)
2014-05-19 12:25:40.000000,-25.374540548,-49.2243601686,POINT (-49.2243601686 -25.374540548)
2014-05-19 12:25:50.000000,-25.374540548,-49.2243601686,POINT (-49.2243601686 -25.374540548)
2014-05-19 12:26:00.000000,-25.374540548,-49.2243601686,POINT (-49.2243601686 -25.374540548)
2014-05-19 12:26:10.000000,-25.374540548,-49.2243601686,POINT (-49.2243601686 -25.374540548)
2014-05-19 12:26:20.000000,-25.374540548,-49.2243601686,POINT (-49.2243601686 -25.374540548)
2014-05-19 12:26:30.000000,-25.374540548,-49.2243601686,POINT (-49.2243601686 -25.374540548)
2014-05-19 12:26:40.000000,-25.374540548,-49.2243601686,POINT (-49.2243601686 -25.374540548)
2014-05-19 12:26:50.000000,-25.374540548,-49.2243601686,POINT (-49.2243601686 -25.374540548)
2014-05-19 12:27:00.000000,-25.374540548,-49.2243601686,POINT (-49.2243601686 -25.374540548)
2014-05-19 12:27:10.000000,-25.374540548,-49.2243601686,POINT (-49.2243601686 -25.374540548)
2014-05-19 12:27:20.000000,-25.374540548,-49.2243601686,POINT (-49.2243601686 -25.374540548)
2014-05-19 12:27:30.000000,-25.374540548,-49.2243601686,POINT (-49.2243601686 -25.374540548)
2014-05-19 12:27:40.000000,-25.374540548,-49.2243601686,POINT (-49.2243601686 -25.374540548)
2014-05-19 12:27:50.000000,-25.374540548,-49.2243601686,POINT (-49.2243601686 -25.374540548)
2014-05-19 12:28:00.000000,-25.374540548,-49.2243601686,POINT (-49.2243601686 -25.374540548)
2014-05-19 12:28:10.000000,-25.374540548,-49.2243601686,POINT (-49.2243601686 -25.374540548)
2014-05-19 12:28:20.000000,-25.374540548,-49.2243601686,POINT (-49.2243601686 -25.374540548)
2014-05-19 12:28:30.000000,-25.374540548,-49.2243601686,POINT (-49.2243601686 -25.374540548)
2014-05-19 12:28:40.000000,-25.374540548,-49.2243601686,POINT (-49.2243601686 -25.374540548)
2014-05-19 12:28:50.000000,-25.374540548,-49.2243601686,POINT (-49.2243601686 -25.374540548)
2014-05-19 12:29:00.000000,-25.374540548,-49.2243601686,POINT (-49.2243601686 -25.374540548)
2014-05-19 12:29:10.000000,-25.374540548,-49.2243601686,POINT (-49.2243601686 -25.374540548)
2014-05-19 12:29:20.000000,-25.374540548,-49.2243601686,POINT (-49.2243601686 -25.374540548)
2014-05-19 12:29:30.000000,-25.374540548,-49.2243601686,POINT (-49.2243601686 -25.374540548)
2014-05-19 12:29:40.000000,-25.374540548,-49.2243601686,POINT (-49.2243601686 -25.374540548)
2014-05-19 12:29:50.000000,-25.374540548,-49.2243601686,POINT (-49.2243601686 -25.374540548)
2014-05-19 12:30:00.000000,-25.374540548,-49.2243601686,POINT (-49.2243601686 -25.374540548)
2014-05-19 12:30:10.000000,-25.374540548,-49.2243601686,POINT (-49.2243601686 -25.374540548)
2014-05-19 12:30:20.000000,-25.374540548,-49.2243601686,POINT (-49.2243601686 -25.374540548)
2014-05-19 12:30:30.000000,-25.374540548,-49.2243601686,POINT (-49.2243601686 -25.374540548)
2014-05-19 12:30:40.000000,-25.374540548,-49.2243601686,POINT (-49.2243601686 -25.374540548)
2014-05-19 12:30:50.000000,-25.374540548,-49.2243601686,POINT (-49.2243601686 -25.374540548)
2014-05-19 12:31:00.000000,-25.374540548,-49.2243601686,POINT (-49.2243601686 -25.374540548)
2014-05-19 12:31:10.000000,-25.374540548,-49.2243601686,POINT (-49.2243601686 -25.374540548)
2014-05-19 12:31:20.000000,-25.374540548,-49.2243601686,POINT (-49.2243601686 -25.374540548)
2014-05-19 12:31:30.000000,-25.374540548,-49.2243601686,POINT (-49.2243601686 -25.374540548)
2014-05-19 12:31:40.000000,-25.374540548,-49.2243601686,POINT (-49.2243601686 -25.374540548)
2014-05-19 12:31:50.000000,-25.374540548,-49.2243601686,POINT (-49.2243601686 -25.374540548)
2014-05-19 12:32:00.000000,-25.374540548,-49.2243601686,POINT (-49.2243601686 -25.374540548)
2014-05-19 12:32:10.000000,-25.374540548,-49.2243601686,POINT (-49.2243601686 -25.374540548)
2014-05-19 12:32:20.000000,-25.374540548,-49.2243601686,POINT (-49.2243601686 -25.374540548)
2014-05-19 12:32:30.000000,-25.374540548,-49.2243601686,POINT (-49.2243601686 -25.374540548)
2014-05-19 12:32:40.000000,-25.374540548,-49.2243601686,POINT (-49.2243601686 -25.374540548)
2014-05-19 12:32:50.000000,-25.374540548,-49.2243601686,POINT (-49.2243601686 -25.374540548)
2014-05-19 12:33:00.000000,-25.374540548,-49.2243601686,POINT (-49.2243601686 -25.374540548)
2014-05-19 12:33:10.000000,-25.374540548,-49.2243601686,POINT (-49.2243601686 -25.374540548)
2014-05-19 12:33:20.000000,-25.374540548,-49.2243601686,POINT (-49.2243601686 -25.374540548)
2014-05-19 12:33:30.000000,-25.374540548,-49.2243601686,POINT (-49.2243601686 -25.374540548)
2014-05-19 12:33:40.000000,-25.374540548,-49.2243601686,POINT (-49.2243601686 -25.374540548)
2014-05-19 12:33:50.000000,-25.374540548,-49.2243601686,POINT (-49.2243601686 -25.374540548)
2014-05-19 12:34:00.000000,-25.374540548,-49.2243601686,POINT (-49.2243601686 -25.374540548)
2014-05-19 12:34:10.000000,-25.374540548,-49.2243601686,POINT (-49.2243601686 -25.374540548)
2014-05-19 12:34:20.000000,-25.374540548,-49.2243601686,POINT (-49.2243601686 -25.374540548)
2014-05-19 12:34:30.000000,-25.374540548,-49.2243601686,POINT (-49.2243601686 -25.374540548)
2014-05-19 12:34:40.000000,-25.374540548,-49.2243601686,POINT (-49.2243601686 -25.374540548)
2014-05-19 12:34:50.000000,-25.374540548,-49.2243601686,POINT (-49.2243601686 -25.374540548)
2014-05-19 12:35:00.000000,-25.374540548,-49.2243601686,POINT (-49.2243601686 -25.374540548)
2014-05-19 12:35:10.000000,-25.374540548,-49.2243601686,POINT (-49.2243601686 -25.374540548)
2014-05-19 12:35:20.000000,-25.374540548,-49.2243601686,POINT (-49.2243601686 -25.374540548)
2014-05-19 12:35:30.000000,-25.374540548,-49.2243601686,POINT (-49.2243601686 -25.374540548)
2014-05-19 12:35:40.000000,-25.374540548,-49.2243601686,POINT (-49.2243601686 -25.374540548)
2014-05-19 12:35:50.000000,-25.374540548,-49.2243601686,POINT (-49.2243601686 -25.374540548)
2014-05-19 12:36:00.000000,-25.374540548,-49.2243601686,POINT (-49.2243601686 -25.374540548)
2014-05-19 12:36:10.000000,-25.374540548,-49.2243601686,POINT (-49.2243601686 -25.374540548)
2014-05-19 12:36:20.000000,-25.374540548,-49.2243601686,POINT (-49.2243601686 -25.374540548)
2014-05-19 12:36:30.000000,-25.374540548,-49.2243601686,POINT (-49.2243601686 -25.374540548)
2014-05-19 12:36:40.000000,-25.374540548,-49.2243601686,POINT (-49.2243601686 -25.374540548)
2014-05-19 12:36:50.000000,-25.374540548,-49.2243601686,POINT (-49.2243601686 -25.374540548)
2014-05-19 12:37:00.000000,-25.374540548,-49.2243601686,POINT (-49.2243601686 -25.374540548)
2014-05-19 12:37:10.000000,-25.374540548,-49.2243601686,POINT (-49.2243601686 -25.374540548)
2014-05-19 12:37:20.000000,-25.374540548,-49.2243601686,POINT (-49.2243601686 -25.374540548)
2014-05-19 12:37:30.000000,-25.374540548,-49.2243601686,POINT (-49.2243601686 -25.374540548)
2014-05-19 12:37:40.000000,-25.374540548,-49.2243601686,POINT (-49.2243601686 -25.374540548)
2014-05-19 12:37:50.000000,-25.374540548,-49.2243601686,POINT (-49.2243601686 -25.374540548)
2014-05-19 12:38:00.000000,-25.374540548,-49.2243601686,POINT (-49.2243601686 -25.374540548)
2014-05-19 12:38:10.000000,-25.374540548,-49.2243601686,POINT (-49.2243601686 -25.374540548)
2014-05-19 12:38:20.000000,-25.374540548,-49.2243601686,POINT (-49.2243601686 -25.374540548)
2014-05-19 12:38:30.000000,-25.374540548,-49.2243601686,POINT (-49.2243601686 -25.374540548)
2014-05-19 12:38:40.000000,-25.374540548,-49.2243601686,POINT (-49.2243601686 -25.374540548)
2014-05-19 12:38:50.000000,-25.374540548,-49.2243601686,POINT (-49.2243601686 -25.374540548)
2014-05-19 12:39:00.000000,-25.374540548,-49.2243601686,POINT (-49.2243601686 -25.374540548)
2014-05-19 12:39:10.000000,-25.374540548,-49.2243601686,POINT (-49.2243601686 -25.374540548)
2014-05-19 12:39:20.000000,-25.374540548,-49.2243601686,POINT (-49.2243601686 -25.374540548)
2014-05-19 12:39:30.000000,-25.374540548,-49.2243601686,POINT (-49.2243601686 -25.374540548)
2014-05-19 12:39:40.000000,-25.374540548,-49.2243601686,POINT (-49.2243601686 -25.374540548)
2014-05-19 12:39:50.000000,-25.374540548,-49.2243601686,POINT (-49.2243601686 -25.374540548)
2014-05-19 12:40:00.000000,-25.374540548,-49.2243601686,POINT (-49.2243601686 -25.374540548)
2014-05-19 12:40:10.000000,-25.374540548,-49.2243601686,POINT (-49.2243601686 -25.374540548)
2014-05-19 12:40:20.000000,-25.374540548,-49.2243601686,POINT (-49.2243601686 -25.374540548)
2014-05-19 12:40:30.000000,-25.374540548,-49.2243601686,POINT (-49.2243601686 -25.374540548)
2014-05-19 12:40:40.000000,-25.374540548,-49.2243601686,POINT (-49.2243601686 -25.374540548)
2014-05-19 12:40:50.000000,-25.374540548,-49.2243601686,POINT (-49.2243601686 -25.374540548)
2014-05-19 12:41:00.000000,-25.374540548,-49.2243601686,POINT (-49.2243601686 -25.374540548)
2014-05-19 12:41:10.000000,-25.374540548,-49.2243601686,POINT (-49.2243601686 -25.374540548)
2014-05-19 12:41:20.000000,-25.374540548,-49.2243601686,POINT (-49.2243601686 -25.374540548)
2014-05-19 12:41:30.000000,-25.374540548,-49.2243601686,POINT (-49.2243601686 -25.374540548)
2014-05-19 12:41:40.000000,-25.374540548,-49.2243601686,POINT (-49.2243601686 -25.374540548)
2014-05-19 12:41:50.000000,-25.374540548,-49.2243601686,POINT (-49.2243601686 -25.374540548)
2014-05-19 12:42:00.000000,-25.374540548,-49.2243601686,POINT (-49.2243601686 -25.374540548)
2014-05-19 12:42:10.000000,-25.374540548,-49.2243601686,POINT (-49.2243601686 -25.374540548)
2014-05-19 12:42:20.000000,-25.374540548,-49.2243601686,POINT (-49.2243601686 -25.374540548)
2014-05-19 12:42:30.000000,-25.374540548,-49.2243601686,POINT (-49.2243601686 -25.374540548)
2014-05-19 12:42:40.000000,-25.374540548,-49.2243601686,POINT (-49.2243601686 -25.374540548)
2014-05-19 12:42:50.000000,-25.374540548,-49.2243601686,POINT (-49.2243601686 -25.374540548)
2014-05-19 12:43:00.000000,-25.374540548,-49.2243601686,POINT (-49.2243601686 -25.374540548)
2014-05-19 12:43:10.000000,-25.374540548,-49.2243601686,POINT (-49.2243601686 -25.374540548)
2014-05-19 12:43:20.000000,-25.374540548,-49.2243601686,POINT (-49.2243601686 -25.374540548)
2014-05-19 12:43:30.000000,-25.374540548,-49.2243601686,POINT (-49.2243601686 -25.374540548)
2014-05-19 12:43:40.000000,-25.374540548,-49.2243601686,POINT (-49.2243601686 -25.374540548)
2014-05-19 12:43:50.000000,-25.374540548,-49.2243601686,POINT (-49.2243601686 -25.374540548)
2014-05-19 12:44:00.000000,-25.374540548,-49.2243601686,POINT (-49.2243601686 -25.374540548)
2014-05-19 12:44:10.000000,-25.374540548,-49.2243601686,POINT (-49.2243601686 -25.374540548)
2014-05-19 12:44:20.000000,-25.374540548,-49.2243601686,POINT (-49.2243601686 -25.374540548)
2014-05-19 12:44:30.000000,-25.374540548,-49.2243601686,POINT (-49.2243601686 -25.374540548)
2014-05-19 12:44:40.000000,-25.374540548,-49.2243601686,POINT (-49.2243601686 -25.374540548)
2014-05-19 12:44:50.000000,-25.374540548,-49.2243601686,POINT (-49.2243601686 -25.374540548)
2014-05-19 12:45:00.000000,-25.374540548,-49.2243601686,POINT (-49.2243601686 -25.374540548)
2014-05-19 12:45:10.000000,-25.374540548,-49.2243601686,POINT (-49.2243601686 -25.374540548)
2014-05-19 12:45:20.000000,-25.374540548,-49.2243601686,POINT (-49.2243601686 -25.374540548)
2014-05-19 12:45:30.000000,-25.374540548,-49.2243601686,POINT (-49.2243601686 -25.374540548)
2014-05-19 12:45:40.000000,-25.374540548,-49.2243601686,POINT (-49.2243601686 -25.374540548)
2014-05-19 12:45:50.000000,-25.374540548,-49.2243601686,POINT (-49.2243601686 -25.374540548)
2014-05-19 12:46:00.000000,-25.374540548,-49.2243601686,POINT (-49.2243601686 -25.374540548)
2014-05-19 12:46:10.000000,-25.374540548,-49.2243601686,POINT (-49.2243601686 -25.374540548)
2014-05-19 12:46:20.000000,-25.374540548,-49.2243601686,POINT (-49.2243601686 -25.374540548)
2014-05-19 12:46:30.000000,-25.374540548,-49.2243601686,POINT (-49.2243601686 -25.374540548)
2014-05-19 12:46:40.000000,-25.374540548,-49.2243601686,POINT (-49.2243601686 -25.374540548)
2014-05-19 12:46:50.000000,-25.374540548,-49.2243601686,POINT (-49.2243601686 -25.374540548)
2014-05-19 12:47:00.000000,-25.374540548,-49.2243601686,POINT (-49.2243601686 -25.374540548)
2014-05-19 12:47:10.000000,-25.374540548,-49.2243601686,POINT (-49.2243601686 -25.374540548)
2014-05-19 12:47:20.000000,-25.374540548,-49.2243601686,POINT (-49.2243601686 -25.374540548)
2014-05-19 12:47:30.000000,-25.374540548,-49.2243601686,POINT (-49.2243601686 -25.374540548)
2014-05-19 12:47:40.000000,-25.374540548,-49.2243601686,POINT (-49.2243601686 -25.374540548)
2014-05-19 12:47:50.000000,-25.374540548,-49.2243601686,POINT (-49.2243601686 -25.374540548)
2014-05-19 12:48:00.000000,-25.374540548,-49.2243601686,POINT (-49.2243601686 -25.374540548)
2014-05-19 12:48:10.000000,-25.374540548,-49.2243601686,POINT (-49.2243601686 -25.374540548)
2014-05-19 12:48:20.000000,-25.374540548,-49.2243601686,POINT (-49.2243601686 -25.374540548)
2014-05-19 12:48:30.000000,-25.374540548,-49.2243601686,POINT (-49.2243601686 -25.374540548)
2014-05-19 12:48:40.000000,-25.374540548,-49.2243601686,POINT (-49.2243601686 -25.374540548)
2014-05-19 12:48:50.000000,-25.374540548,-49.2243601686,POINT (-49.2243601686 -25.374540548)
2014-05-19 12:49:00.000000,-25.374540548,-49.2243601686,POINT (-49.2243601686 -25.374540548)
2014-05-19 12:49:10.000000,-25.374540548,-49.2243601686,POINT (-49.2243601686 -25.374540548)
2014-05-19 12:49:20.000000,-25.374540548,-49.2243601686,POINT (-49.2243601686 -25.374540548)
2014-05-19 12:49:30.000000,-25.374540548,-49.2243601686,POINT (-49.2243601686 -25.374540548)
2014-05-19 12:49:40.000000,-25.374540548,-49.2243601686,POINT (-49.2243601686 -25.374540548)
2014-05-19 12:49:50.000000,-25.374540548,-49.2243601686,POINT (-49.2243601686 -25.374540548)
2014-05-19 12:50:00.000000,-25.374540548,-49.2243601686,POINT (-49.2243601686 -25.374540548)
2014-05-19 12:50:10.000000,-25.374540548,-49.2243601686,POINT (-49.2243601686 -25.374540548)
2014-05-19 12:50:20.000000,-25.374540548,-49.2243601686,POINT (-49.2243601686 -25.374540548)
2014-05-19 12:50:30.000000,-25.374540548,-49.2243601686,POINT (-49.2243601686 -25.374540548)
2014-05-19 12:50:40.000000,-25.374540548,-49.2243601686,POINT (-49.2243601686 -25.374540548)
2014-05-19 12:50:50.000000,-25.374540548,-49.2243601686,POINT (-49.2243601686 -25.374540548)
2014-05-19 12:51:00.000000,-25.374540548,-49.2243601686,POINT (-49.2243601686 -25.374540548)
2014-05-19 12:51:10.000000,-25.374540548,-49.2243601686,POINT (-49.2243601686 -25.374540548)
2014-05-19 12:51:20.000000,-25.374540548,-49.2243601686,POINT (-49.2243601686 -25.374540548)
2014-05-19 12:51:30.000000,-25.374540548,-49.2243601686,POINT (-49.2243601686 -25.374540548)
2014-05-19 12:51:40.000000,-25.374540548,-49.2243601686,POINT (-49.2243601686 -25.374540548)
2014-05-19 12:51:50.000000,-25.374540548,-49.2243601686,POINT (-49.2243601686 -25.374540548)
2014-05-19 12:52:00.000000,-25.374540548,-49.2243601686,POINT (-49.2243601686 -25.374540548)
2014-05-19 12:52:10.000000,-25.374540548,-49.2243601686,POINT (-49.2243601686 -25.374540548)
2014-05-19 12:52:20.000000,-25.374540548,-49.2243601686,POINT (-49.2243601686 -25.374540548)
2014-05-19 12:52:30.000000,-25.374540548,-49.2243601686,POINT (-49.2243601686 -25.374540548)
2014-05-19 12:52:40.000000,-25.374540548,-49.2243601686,POINT (-49.2243601686 -25.374540548)
2014-05-19 12:52:50.000000,-25.374540548,-49.2243601686,POINT (-49.2243601686 -25.374540548)
2014-05-19 12:53:00.000000,-25.374540548,-49.2243601686,POINT (-49.2243601686 -25.374540548)
2014-05-19 12:53:10.000000,-25.374540548,-49.2243601686,POINT (-49.2243601686 -25.374540548)
2014-05-19 12:53:20.000000,-25.374540548,-49.2243601686,POINT (-49.2243601686 -25.374540548)
2014-05-19 12:53:30.000000,-25.374540548,-49.2243601686,POINT (-49.2243601686 -25.374540548)
2014-05-19 12:53:40.000000,-25.374540548,-49.2243601686,POINT (-49.2243601686 -25.374540548)
2014-05-19 12:53:50.000000,-25.374540548,-49.2243601686,POINT (-49.2243601686 -25.374540548)
2014-05-19 12:54:00.000000,-25.374540548,-49.2243601686,POINT (-49.2243601686 -25.374540548)
2014-05-19 12:54:10.000000,-25.374540548,-49.2243601686,POINT (-49.2243601686 -25.374540548)
2014-05-19 12:54:20.000000,-25.374540548,-49.2243601686,POINT (-49.2243601686 -25.374540548)
2014-05-19 12:54:30.000000,-25.374540548,-49.2243601686,POINT (-49.2243601686 -25.374540548)
2014-05-19 12:54:40.000000,-25.374540548,-49.2243601686,POINT (-49.2243601686 -25.374540548)
2014-05-19 12:54:50.000000,-25.374540548,-49.2243601686,POINT (-49.2243601686 -25.374540548)
2014-05-19 12:55:00.000000,-25.374540548,-49.2243601686,POINT (-49.2243601686 -25.374540548)
2014-05-19 12:55:10.000000,-25.374540548,-49.2243601686,POINT (-49.2243601686 -25.374540548)
2014-05-19 12:55:20.000000,-25.374540548,-49.2243601686,POINT (-49.2243601686 -25.374540548)
2014-05-19 12:55:30.000000,-25.374540548,-49.2243601686,POINT (-49.2243601686 -25.374540548)
2014-05-19 12:55:40.000000,-25.374540548,-49.2243601686,POINT (-49.2243601686 -25.374540548)
2014-05-19 12:55:50.000000,-25.374540548,-49.2243601686,POINT (-49.2243601686 -25.374540548)
2014-05-19 12:56:00.000000,-25.374540548,-49.2243601686,POINT (-49.2243601686 -25.374540548)
2014-05-19 12:56:10.000000,-25.374540548,-49.2243601686,POINT (-49.2243601686 -25.374540548)
2014-05-19 12:56:20.000000,-25.374540548,-49.2243601686,POINT (-49.2243601686 -25.374540548)
2014-05-19 12:56:30.000000,-25.374540548,-49.2243601686,POINT (-49.2243601686 -25.374540548)
2014-05-19 12:56:40.000000,-25.374540548,-49.2243601686,POINT (-49.2243601686 -25.374540548)
2014-05-19 12:56:50.000000,-25.374540548,-49.2243601686,POINT (-49.2243601686 -25.374540548)
2014-05-19 12:57:00.000000,-25.374540548,-49.2243601686,POINT (-49.2243601686 -25.374540548)
2014-05-19 12:57:10.000000,-25.374540548,-49.2243601686,POINT (-49.2243601686 -25.374540548)
2014-05-19 12:57:20.000000,-25.374540548,-49.2243601686,POINT (-49.2243601686 -25.374540548)
2014-05-19 12:57:30.000000,-25.374540548,-49.2243601686,POINT (-49.2243601686 -25.374540548)
2014-05-19 12:57:40.000000,-25.374540548,-49.2243601686,POINT (-49.2243601686 -25.374540548)
2014-05-19 12:57:50.000000,-25.374540548,-49.2243601686,POINT (-49.2243601686 -25.374540548)
2014-05-19 12:58:00.000000,-25.374540548,-49.2243601686,POINT (-49.2243601686 -25.374540548)
2014-05-19 12:58:10.000000,-25.374540548,-49.2243601686,POINT (-49.2243601686 -25.374540548)
2014-05-19 12:58:20.000000,-25.374540548,-49.2243601686,POINT (-49.2243601686 -25.374540548)
2014-05-19 12:58:30.000000,-25.374540548,-49.2243601686,POINT (-49.2243601686 -25.374540548)
2014-05-19 12:58:40.000000,-25.374540548,-49.2243601686,POINT (-49.2243601686 -25.374540548)
2014-05-19 12:58:50.000000,-25.374540548,-49.2243601686,POINT (-49.2243601686 -25.374540548)
2014-05-19 12:59:00.000000,-25.374540548,-49.2243601686,POINT (-49.2243601686 -25.374540548)
2014-05-19 12:59:10.000000,-25.374540548,-49.2243601686,POINT (-49.2243601686 -25.374540548)
2014-05-19 12:59:20.000000,-25.374540548,-49.2243601686,POINT (-49.2243601686 -25.374540548)
2014-05-19 12:59:30.000000,-25.374540548,-49.2243601686,POINT (-49.2243601686 -25.374540548)
2014-05-19 12:59:40.000000,-25.374540548,-49.2243601686,POINT (-49.2243601686 -25.374540548)
2014-05-19 12:59:50.000000,-25.374540548,-49.2243601686,POINT (-49.2243601686 -25.374540548)
2014-05-19 13:00:00.000000,-25.374540548,-49.2243601686,POINT (-49.2243601686 -25.374540548)
2014-05-19 13:00:10.000000,-25.374540548,-49.2243601686,POINT (-49.2243601686 -25.374540548)
2014-05-19 13:00:20.000000,-25.374540548,-49.2243601686,POINT (-49.2243601686 -25.374540548)
2014-05-19 13:00:30.000000,-25.374540548,-49.2243601686,POINT (-49.2243601686 -25.374540548)
2014-05-19 13:00:40.000000,-25.374540548,-49.2243601686,POINT (-49.2243601686 -25.374540548)
2014-05-19 13:00:50.000000,-25.374540548,-49.2243601686,POINT (-49.2243601686 -25.374540548)
2014-05-19 13:01:00.000000,-25.374540548,-49.2243601686,POINT (-49.2243601686 -25.374540548)
2014-05-19 13:01:10.000000,-25.374540548,-49.2243601686,POINT (-49.2243601686 -25.374540548)
2014-05-19 13:01:20.000000,-25.374540548,-49.2243601686,POINT (-49.2243601686 -25.374540548)
2014-05-19 13:01:30.000000,-25.374540548,-49.2243601686,POINT (-49.2243601686 -25.374540548)
2014-05-19 13:01:40.000000,-25.374540548,-49.2243601686,POINT (-49.2243601686 -25.374540548)
2014-05-19 13:01:50.000000,-25.374540548,-49.2243601686,POINT (-49.2243601686 -25.374540548)
2014-05-19 13:02:00.000000,-25.374540548,-49.2243601686,POINT (-49.2243601686 -25.374540548)
2014-05-19 13:02:10.000000,-25.374540548,-49.2243601686,POINT (-49.2243601686 -25.374540548)
2014-05-19 13:02:20.000000,-25.374540548,-49.2243601686,POINT (-49.2243601686 -25.374540548)
2014-05-19 13:02:30.000000,-25.374540548,-49.2243601686,POINT (-49.2243601686 -25.374540548)
2014-05-19 13:02:40.000000,-25.374540548,-49.2243601686,POINT (-49.2243601686 -25.374540548)
2014-05-19 13:02:50.000000,-25.374540548,-49.2243601686,POINT (-49.2243601686 -25.374540548)
2014-05-19 13:03:00.000000,-25.374540548,-49.2243601686,POINT (-49.2243601686 -25.374540548)
2014-05-19 13:03:10.000000,-25.374540548,-49.2243601686,POINT (-49.2243601686 -25.374540548)
2014-05-19 13:03:20.000000,-25.374540548,-49.2243601686,POINT (-49.2243601686 -25.374540548)
2014-05-19 13:03:30.000000,-25.374540548,-49.2243601686,POINT (-49.2243601686 -25.374540548)
2014-05-19 13:03:40.000000,-25.374540548,-49.2243601686,POINT (-49.2243601686 -25.374540548)
2014-05-19 13:03:50.000000,-25.374540548,-49.2243601686,POINT (-49.2243601686 -25.374540548)
2014-05-19 13:04:00.000000,-25.374540548,-49.2243601686,POINT (-49.2243601686 -25.374540548)
2014-05-19 13:04:10.000000,-25.374540548,-49.2243601686,POINT (-49.2243601686 -25.374540548)
2014-05-19 13:04:20.000000,-25.374540548,-49.2243601686,POINT (-49.2243601686 -25.374540548)
2014-05-19 13:04:30.000000,-25.374540548,-49.2243601686,POINT (-49.2243601686 -25.374540548)
2014-05-19 13:04:40.000000,-25.374540548,-49.2243601686,POINT (-49.2243601686 -25.374540548)
2014-05-19 13:04:50.000000,-25.374540548,-49.2243601686,POINT (-49.2243601686 -25.374540548)
2014-05-19 13:05:00.000000,-25.374540548,-49.2243601686,POINT (-49.2243601686 -25.374540548)
2014-05-19 13:05:10.000000,-25.374540548,-49.2243601686,POINT (-49.2243601686 -25.374540548)
2014-05-19 13:05:20.000000,-25.374540548,-49.2243601686,POINT (-49.2243601686 -25.374540548)
2014-05-19 13:05:30.000000,-25.374540548,-49.2243601686,POINT (-49.2243601686 -25.374540548)
2014-05-19 13:05:40.000000,-25.374540548,-49.2243601686,POINT (-49.2243601686 -25.374540548)
2014-05-19 13:05:50.000000,-25.374540548,-49.2243601686,POINT (-49.2243601686 -25.374540548)
2014-05-19 13:06:00.000000,-25.374540548,-49.2243601686,POINT (-49.2243601686 -25.374540548)
2014-05-19 13:06:10.000000,-25.374540548,-49.2243601686,POINT (-49.2243601686 -25.374540548)
2014-05-19 13:06:20.000000,-25.374540548,-49.2243601686,POINT (-49.2243601686 -25.374540548)
2014-05-19 13:06:30.000000,-25.374540548,-49.2243601686,POINT (-49.2243601686 -25.374540548)
2014-05-19 13:06:40.000000,-25.374540548,-49.2243601686,POINT (-49.2243601686 -25.374540548)
2014-05-19 13:06:50.000000,-25.374540548,-49.2243601686,POINT (-49.2243601686 -25.374540548)
2014-05-19 13:07:00.000000,-25.374540548,-49.2243601686,POINT (-49.2243601686 -25.374540548)
2014-05-19 13:07:10.000000,-25.374540548,-49.2243601686,POINT (-49.2243601686 -25.374540548)
2014-05-19 13:07:20.000000,-25.374540548,-49.2243601686,POINT (-49.2243601686 -25.374540548)
2014-05-19 13:07:30.000000,-25.374540548,-49.2243601686,POINT (-49.2243601686 -25.374540548)
2014-05-19 13:07:40.000000,-25.374540548,-49.2243601686,POINT (-49.2243601686 -25.374540548)
2014-05-19 13:07:50.000000,-25.374540548,-49.2243601686,POINT (-49.2243601686 -25.374540548)
2014-05-19 13:08:00.000000,-25.374540548,-49.2243601686,POINT (-49.2243601686 -25.374540548)
2014-05-19 13:08:10.000000,-25.374540548,-49.2243601686,POINT (-49.2243601686 -25.374540548)
2014-05-19 13:08:20.000000,-25.374540548,-49.2243601686,POINT (-49.2243601686 -25.374540548)
2014-05-19 13:08:30.000000,-25.374540548,-49.2243601686,POINT (-49.2243601686 -25.374540548)
2014-05-19 13:08:40.000000,-25.374540548,-49.2243601686,POINT (-49.2243601686 -25.374540548)
2014-05-19 13:08:50.000000,-25.374540548,-49.2243601686,POINT (-49.2243601686 -25.374540548)
2014-05-19 13:09:00.000000,-25.374540548,-49.2243601686,POINT (-49.2243601686 -25.374540548)
2014-05-19 13:09:10.000000,-25.374540548,-49.2243601686,POINT (-49.2243601686 -25.374540548)
2014-05-19 13:09:20.000000,-25.374540548,-49.2243601686,POINT (-49.2243601686 -25.374540548)
2014-05-19 13:09:30.000000,-25.374540548,-49.2243601686,POINT (-49.2243601686 -25.374540548)
2014-05-19 13:09:40.000000,-25.374540548,-49.2243601686,POINT (-49.2243601686 -25.374540548)
2014-05-19 13:09:50.000000,-25.374540548,-49.2243601686,POINT (-49.2243601686 -25.374540548)
2014-05-19 13:10:00.000000,-25.374540548,-49.2243601686,POINT (-49.2243601686 -25.374540548)
2014-05-19 13:10:10.000000,-25.374540548,-49.2243601686,POINT (-49.2243601686 -25.374540548)
2014-05-19 13:10:20.000000,-25.374540548,-49.2243601686,POINT (-49.2243601686 -25.374540548)
2014-05-19 13:10:30.000000,-25.374540548,-49.2243601686,POINT (-49.2243601686 -25.374540548)
2014-05-19 13:10:40.000000,-25.374540548,-49.2243601686,POINT (-49.2243601686 -25.374540548)
2014-05-19 13:10:50.000000,-25.374540548,-49.2243601686,POINT (-49.2243601686 -25.374540548)
2014-05-19 13:11:00.000000,-25.374540548,-49.2243601686,POINT (-49.2243601686 -25.374540548)
2014-05-19 13:11:10.000000,-25.374540548,-49.2243601686,POINT (-49.2243601686 -25.374540548)
2014-05-19 13:11:20.000000,-25.374540548,-49.2243601686,POINT (-49.2243601686 -25.374540548)
2014-05-19 13:11:30.000000,-25.374540548,-49.2243601686,POINT (-49.2243601686 -25.374540548)
2014-05-19 13:11:40.000000,-25.374540548,-49.2243601686,POINT (-49.2243601686 -25.374540548)
2014-05-19 13:11:50.000000,-25.374540548,-49.2243601686,POINT (-49.2243601686 -25.374540548)
2014-05-19 13:12:00.000000,-25.374540548,-49.2243601686,POINT (-49.2243601686 -25.374540548)
2014-05-19 13:12:10.000000,-25.374540548,-49.2243601686,POINT (-49.2243601686 -25.374540548)
2014-05-19 13:12:20.000000,-25.374540548,-49.2243601686,POINT (-49.2243601686 -25.374540548)
2014-05-19 13:12:30.000000,-25.374540548,-49.2243601686,POINT (-49.2243601686 -25.374540548)
2014-05-19 13:12:40.000000,-25.374540548,-49.2243601686,POINT (-49.2243601686 -25.374540548)
2014-05-19 13:12:50.000000,-25.374540548,-49.2243601686,POINT (-49.2243601686 -25.374540548)
2014-05-19 13:13:00.000000,-25.374540548,-49.2243601686,POINT (-49.2243601686 -25.374540548)
2014-05-19 13:13:10.000000,-25.374540548,-49.2243601686,POINT (-49.2243601686 -25.374540548)
2014-05-19 13:13:20.000000,-25.374540548,-49.2243601686,POINT (-49.2243601686 -25.374540548)
2014-05-19 13:13:30.000000,-25.374540548,-49.2243601686,POINT (-49.2243601686 -25.374540548)
2014-05-19 13:13:40.000000,-25.374540548,-49.2243601686,POINT (-49.2243601686 -25.374540548)
2014-05-19 13:13:50.000000,-25.374540548,-49.2243601686,POINT (-49.2243601686 -25.374540548)
2014-05-19 13:14:00.000000,-25.374540548,-49.2243601686,POINT (-49.2243601686 -25.374540548)
2014-05-19 13:14:10.000000,-25.374540548,-49.2243601686,POINT (-49.2243601686 -25.374540548)
2014-05-19 13:14:20.000000,-25.374540548,-49.2243601686,POINT (-49.2243601686 -25.374540548)
2014-05-19 13:14:30.000000,-25.374540548,-49.2243601686,POINT (-49.2243601686 -25.374540548)
2014-05-19 13:14:40.000000,-25.374540548,-49.2243601686,POINT (-49.2243601686 -25.374540548)
2014-05-19 13:14:50.000000,-25.374540548,-49.2243601686,POINT (-49.2243601686 -25.374540548)
2014-05-19 13:15:00.000000,-25.374540548,-49.2243601686,POINT (-49.2243601686 -25.374540548)
2014-05-19 13:15:10.000000,-25.374540548,-49.2243601686,POINT (-49.2243601686 -25.374540548)
2014-05-19 13:15:20.000000,-25.374540548,-49.2243601686,POINT (-49.2243601686 -25.374540548)
2014-05-19 13:15:30.000000,-25.374540548,-49.2243601686,POINT (-49.2243601686 -25.374540548)
2014-05-19 13:15:40.000000,-25.374540548,-49.2243601686,POINT (-49.2243601686 -25.374540548)
2014-05-19 13:15:50.000000,-25.374540548,-49.2243601686,POINT (-49.2243601686 -25.374540548)
2014-05-19 13:16:00.000000,-25.374540548,-49.2243601686,POINT (-49.2243601686 -25.374540548)
2014-05-19 13:16:10.000000,-25.374540548,-49.2243601686,POINT (-49.2243601686 -25.374540548)
2014-05-19 13:16:20.000000,-25.374540548,-49.2243601686,POINT (-49.2243601686 -25.374540548)
2014-05-19 13:16:30.000000,-25.374540548,-49.2243601686,POINT (-49.2243601686 -25.374540548)
2014-05-19 13:16:40.000000,-25.374540548,-49.2243601686,POINT (-49.2243601686 -25.374540548)
2014-05-19 13:16:50.000000,-25.374540548,-49.2243601686,POINT (-49.2243601686 -25.374540548)
2014-05-19 13:17:00.000000,-25.374540548,-49.2243601686,POINT (-49.2243601686 -25.374540548)
2014-05-19 13:17:10.000000,-25.374540548,-49.2243601686,POINT (-49.2243601686 -25.374540548)
2014-05-19 13:17:20.000000,-25.374540548,-49.2243601686,POINT (-49.2243601686 -25.374540548)
2014-05-19 13:17:30.000000,-25.374540548,-49.2243601686,POINT (-49.2243601686 -25.374540548)
2014-05-19 13:17:40.000000,-25.374540548,-49.2243601686,POINT (-49.2243601686 -25.374540548)
2014-05-19 13:17:50.000000,-25.374540548,-49.2243601686,POINT (-49.2243601686 -25.374540548)
2014-05-19 13:18:00.000000,-25.374540548,-49.2243601686,POINT (-49.2243601686 -25.374540548)
2014-05-19 13:18:10.000000,-25.374540548,-49.2243601686,POINT (-49.2243601686 -25.374540548)
2014-05-19 13:18:20.000000,-25.374540548,-49.2243601686,POINT (-49.2243601686 -25.374540548)
2014-05-19 13:18:30.000000,-25.374540548,-49.2243601686,POINT (-49.2243601686 -25.374540548)
2014-05-19 13:18:40.000000,-25.374540548,-49.2243601686,POINT (-49.2243601686 -25.374540548)
2014-05-19 13:18:50.000000,-25.374540548,-49.2243601686,POINT (-49.2243601686 -25.374540548)
2014-05-19 13:19:00.000000,-25.374540548,-49.2243601686,POINT (-49.2243601686 -25.374540548)
2014-05-19 13:19:10.000000,-25.374540548,-49.2243601686,POINT (-49.2243601686 -25.374540548)
2014-05-19 13:19:20.000000,-25.374540548,-49.2243601686,POINT (-49.2243601686 -25.374540548)
2014-05-19 13:19:30.000000,-25.374540548,-49.2243601686,POINT (-49.2243601686 -25.374540548)
2014-05-19 13:19:40.000000,-25.374540548,-49.2243601686,POINT (-49.2243601686 -25.374540548)
2014-05-19 13:19:50.000000,-25.374540548,-49.2243601686,POINT (-49.2243601686 -25.374540548)
2014-05-19 13:20:00.000000,-25.374540548,-49.2243601686,POINT (-49.2243601686 -25.374540548)
2014-05-19 13:20:10.000000,-25.374540548,-49.2243601686,POINT (-49.2243601686 -25.374540548)
2014-05-19 13:20:20.000000,-25.374540548,-49.2243601686,POINT (-49.2243601686 -25.374540548)
2014-05-19 13:20:30.000000,-25.374540548,-49.2243601686,POINT (-49.2243601686 -25.374540548)
2014-05-19 13:20:40.000000,-25.374540548,-49.2243601686,POINT (-49.2243601686 -25.374540548)
2014-05-19 13:20:50.000000,-25.374540548,-49.2243601686,POINT (-49.2243601686 -25.374540548)
2014-05-19 13:21:00.000000,-25.374540548,-49.2243601686,POINT (-49.2243601686 -25.374540548)
2014-05-19 13:21:10.000000,-25.374540548,-49.2243601686,POINT (-49.2243601686 -25.374540548)
2014-05-19 13:21:20.000000,-25.374540548,-49.2243601686,POINT (-49.2243601686 -25.374540548)
2014-05-19 13:21:30.000000,-25.374540548,-49.2243601686,POINT (-49.2243601686 -25.374540548)
2014-05-19 13:21:40.000000,-25.374540548,-49.2243601686,POINT (-49.2243601686 -25.374540548)
2014-05-19 13:21:50.000000,-25.374540548,-49.2243601686,POINT (-49.2243601686 -25.374540548)
2014-05-19 13:22:00.000000,-25.374540548,-49.2243601686,POINT (-49.2243601686 -25.374540548)
2014-05-19 13:22:10.000000,-25.374540548,-49.2243601686,POINT (-49.2243601686 -25.374540548)
2014-05-19 13:22:20.000000,-25.374540548,-49.2243601686,POINT (-49.2243601686 -25.374540548)
2014-05-19 13:22:30.000000,-25.374540548,-49.2243601686,POINT (-49.2243601686 -25.374540548)
2014-05-19 13:22:40.000000,-25.374540548,-49.2243601686,POINT (-49.2243601686 -25.374540548)
2014-05-19 13:22:50.000000,-25.374540548,-49.2243601686,POINT (-49.2243601686 -25.374540548)
2014-05-19 13:23:00.000000,-25.374540548,-49.2243601686,POINT (-49.2243601686 -25.374540548)
2014-05-19 13:23:10.000000,-25.374540548,-49.2243601686,POINT (-49.2243601686 -25.374540548)
2014-05-19 13:23:20.000000,-25.374540548,-49.2243601686,POINT (-49.2243601686 -25.374540548)
2014-05-19 13:23:30.000000,-25.374540548,-49.2243601686,POINT (-49.2243601686 -25.374540548)
2014-05-19 13:23:40.000000,-25.374540548,-49.2243601686,POINT (-49.2243601686 -25.374540548)
2014-05-19 13:23:50.000000,-25.374540548,-49.2243601686,POINT (-49.2243601686 -25.374540548)
2014-05-19 13:24:00.000000,-25.374540548,-49.2243601686,POINT (-49.2243601686 -25.374540548)
2014-05-19 13:24:10.000000,-25.374540548,-49.2243601686,POINT (-49.2243601686 -25.374540548)
2014-05-19 13:24:20.000000,-25.374540548,-49.2243601686,POINT (-49.2243601686 -25.374540548)
2014-05-19 13:24:30.000000,-25.374540548,-49.2243601686,POINT (-49.2243601686 -25.374540548)
2014-05-19 13:24:40.000000,-25.374540548,-49.2243601686,POINT (-49.2243601686 -25.374540548)
2014-05-19 13:24:50.000000,-25.374540548,-49.2243601686,POINT (-49.2243601686 -25.374540548)
2014-05-19 13:25:00.000000,-25.374540548,-49.2243601686,POINT (-49.2243601686 -25.374540548)
2014-05-19 13:25:10.000000,-25.374540548,-49.2243601686,POINT (-49.2243601686 -25.374540548)
2014-05-19 13:25:20.000000,-25.374540548,-49.2243601686,POINT (-49.2243601686 -25.374540548)
2014-05-19 13:25:30.000000,-25.374540548,-49.2243601686,POINT (-49.2243601686 -25.374540548)
2014-05-19 13:25:40.000000,-25.374540548,-49.2243601686,POINT (-49.2243601686 -25.374540548)
2014-05-19 13:25:50.000000,-25.374540548,-49.2243601686,POINT (-49.2243601686 -25.374540548)
2014-05-19 13:26:00.000000,-25.374540548,-49.2243601686,POINT (-49.2243601686 -25.374540548)
2014-05-19 13:26:10.000000,-25.374540548,-49.2243601686,POINT (-49.2243601686 -25.374540548)
2014-05-19 13:26:20.000000,-25.374540548,-49.2243601686,POINT (-49.2243601686 -25.374540548)
2014-05-19 13:26:30.000000,-25.374540548,-49.2243601686,POINT (-49.2243601686 -25.374540548)
2014-05-19 13:26:40.000000,-25.374540548,-49.2243601686,POINT (-49.2243601686 -25.374540548)
2014-05-19 13:26:50.000000,-25.374540548,-49.2243601686,POINT (-49.2243601686 -25.374540548)
2014-05-19 13:27:00.000000,-25.374540548,-49.2243601686,POINT (-49.2243601686 -25.374540548)
2014-05-19 13:27:10.000000,-25.374540548,-49.2243601686,POINT (-49.2243601686 -25.374540548)
2014-05-19 13:27:20.000000,-25.374540548,-49.2243601686,POINT (-49.2243601686 -25.374540548)
2014-05-19 13:27:30.000000,-25.374540548,-49.2243601686,POINT (-49.2243601686 -25.374540548)
2014-05-19 13:27:40.000000,-25.374540548,-49.2243601686,POINT (-49.2243601686 -25.374540548)
2014-05-19 13:27:50.000000,-25.374540548,-49.2243601686,POINT (-49.2243601686 -25.374540548)
2014-05-19 13:28:00.000000,-25.374540548,-49.2243601686,POINT (-49.2243601686 -25.374540548)
2014-05-19 13:28:10.000000,-25.374540548,-49.2243601686,POINT (-49.2243601686 -25.374540548)
2014-05-19 13:28:20.000000,-25.374540548,-49.2243601686,POINT (-49.2243601686 -25.374540548)
2014-05-19 13:28:30.000000,-25.374540548,-49.2243601686,POINT (-49.2243601686 -25.374540548)
2014-05-19 13:28:40.000000,-25.374540548,-49.2243601686,POINT (-49.2243601686 -25.374540548)
2014-05-19 13:28:50.000000,-25.374540548,-49.2243601686,POINT (-49.2243601686 -25.374540548)
2014-05-19 13:29:00.000000,-25.374540548,-49.2243601686,POINT (-49.2243601686 -25.374540548)
2014-05-19 13:29:10.000000,-25.374540548,-49.2243601686,POINT (-49.2243601686 -25.374540548)
2014-05-19 13:29:20.000000,-25.374540548,-49.2243601686,POINT (-49.2243601686 -25.374540548)
2014-05-19 13:29:30.000000,-25.374540548,-49.2243601686,POINT (-49.2243601686 -25.374540548)
2014-05-19 13:29:40.000000,-25.374540548,-49.2243601686,POINT (-49.2243601686 -25.374540548)
2014-05-19 13:29:50.000000,-25.374540548,-49.2243601686,POINT (-49.2243601686 -25.374540548)
2014-05-19 13:30:00.000000,-25.374540548,-49.2243601686,POINT (-49.2243601686 -25.374540548)
2014-05-19 13:30:10.000000,-25.374540548,-49.2243601686,POINT (-49.2243601686 -25.374540548)
2014-05-19 13:30:20.000000,-25.374540548,-49.2243601686,POINT (-49.2243601686 -25.374540548)
2014-05-19 13:30:30.000000,-25.374540548,-49.2243601686,POINT (-49.2243601686 -25.374540548)
2014-05-19 13:30:40.000000,-25.374540548,-49.2243601686,POINT (-49.2243601686 -25.374540548)
2014-05-19 13:30:50.000000,-25.374540548,-49.2243601686,POINT (-49.2243601686 -25.374540548)
2014-05-19 13:31:00.000000,-25.374540548,-49.2243601686,POINT (-49.2243601686 -25.374540548)
2014-05-19 13:31:10.000000,-25.374540548,-49.2243601686,POINT (-49.2243601686 -25.374540548)
2014-05-19 13:31:20.000000,-25.374540548,-49.2243601686,POINT (-49.2243601686 -25.374540548)
2014-05-19 13:31:30.000000,-25.374540548,-49.2243601686,POINT (-49.2243601686 -25.374540548)
2014-05-19 13:31:40.000000,-25.374540548,-49.2243601686,POINT (-49.2243601686 -25.374540548)
2014-05-19 13:31:50.000000,-25.374540548,-49.2243601686,POINT (-49.2243601686 -25.374540548)
2014-05-19 13:32:00.000000,-25.374540548,-49.2243601686,POINT (-49.2243601686 -25.374540548)
2014-05-19 13:32:10.000000,-25.374540548,-49.2243601686,POINT (-49.2243601686 -25.374540548)
2014-05-19 13:32:20.000000,-25.374540548,-49.2243601686,POINT (-49.2243601686 -25.374540548)
2014-05-19 13:32:30.000000,-25.374540548,-49.2243601686,POINT (-49.2243601686 -25.374540548)
2014-05-19 13:32:40.000000,-25.374540548,-49.2243601686,POINT (-49.2243601686 -25.374540548)
2014-05-19 13:32:50.000000,-25.374540548,-49.2243601686,POINT (-49.2243601686 -25.374540548)
2014-05-19 13:33:00.000000,-25.374540548,-49.2243601686,POINT (-49.2243601686 -25.374540548)
2014-05-19 13:33:10.000000,-25.374540548,-49.2243601686,POINT (-49.2243601686 -25.374540548)
2014-05-19 13:33:20.000000,-25.374540548,-49.2243601686,POINT (-49.2243601686 -25.374540548)
2014-05-19 13:33:30.000000,-25.374540548,-49.2243601686,POINT (-49.2243601686 -25.374540548)
2014-05-19 13:33:40.000000,-25.374540548,-49.2243601686,POINT (-49.2243601686 -25.374540548)
2014-05-19 13:33:50.000000,-25.374540548,-49.2243601686,POINT (-49.2243601686 -25.374540548)
2014-05-19 13:34:00.000000,-25.374540548,-49.2243601686,POINT (-49.2243601686 -25.374540548)
2014-05-19 13:34:10.000000,-25.374540548,-49.2243601686,POINT (-49.2243601686 -25.374540548)
2014-05-19 13:34:20.000000,-25.374540548,-49.2243601686,POINT (-49.2243601686 -25.374540548)
2014-05-19 13:34:30.000000,-25.374540548,-49.2243601686,POINT (-49.2243601686 -25.374540548)
2014-05-19 13:34:40.000000,-25.374540548,-49.2243601686,POINT (-49.2243601686 -25.374540548)
2014-05-19 13:34:50.000000,-25.374540548,-49.2243601686,POINT (-49.2243601686 -25.374540548)
2014-05-19 13:35:00.000000,-25.374540548,-49.2243601686,POINT (-49.2243601686 -25.374540548)
2014-05-19 13:35:10.000000,-25.374540548,-49.2243601686,POINT (-49.2243601686 -25.374540548)
2014-05-19 13:35:20.000000,-25.374540548,-49.2243601686,POINT (-49.2243601686 -25.374540548)
2014-05-19 13:35:30.000000,-25.374540548,-49.2243601686,POINT (-49.2243601686 -25.374540548)
2014-05-19 13:35:40.000000,-25.374540548,-49.2243601686,POINT (-49.2243601686 -25.374540548)
2014-05-19 13:35:50.000000,-25.374540548,-49.2243601686,POINT (-49.2243601686 -25.374540548)
2014-05-19 13:36:00.000000,-25.374540548,-49.2243601686,POINT (-49.2243601686 -25.374540548)
2014-05-19 13:36:10.000000,-25.374540548,-49.2243601686,POINT (-49.2243601686 -25.374540548)
2014-05-19 13:36:20.000000,-25.374540548,-49.2243601686,POINT (-49.2243601686 -25.374540548)
2014-05-19 13:36:30.000000,-25.374540548,-49.2243601686,POINT (-49.2243601686 -25.374540548)
2014-05-19 13:36:40.000000,-25.374540548,-49.2243601686,POINT (-49.2243601686 -25.374540548)
2014-05-19 13:36:50.000000,-25.374540548,-49.2243601686,POINT (-49.2243601686 -25.374540548)
2014-05-19 13:37:00.000000,-25.374540548,-49.2243601686,POINT (-49.2243601686 -25.374540548)
2014-05-19 13:37:10.000000,-25.374540548,-49.2243601686,POINT (-49.2243601686 -25.374540548)
2014-05-19 13:37:20.000000,-25.374540548,-49.2243601686,POINT (-49.2243601686 -25.374540548)
2014-05-19 13:37:30.000000,-25.374540548,-49.2243601686,POINT (-49.2243601686 -25.374540548)
2014-05-19 13:37:40.000000,-25.374540548,-49.2243601686,POINT (-49.2243601686 -25.374540548)
2014-05-19 13:37:50.000000,-25.374540548,-49.2243601686,POINT (-49.2243601686 -25.374540548)
2014-05-19 13:38:00.000000,-25.374540548,-49.2243601686,POINT (-49.2243601686 -25.374540548)
2014-05-19 13:38:19.874821,-25.3739712,-49.2244855,POINT (-49.2244855 -25.3739712)
2014-05-19 13:38:29.874821,-25.374166139534882,-49.22393591085272,POINT (-49.22393591085272 -25.374166139534882)
2014-05-19 13:38:39.874821,-25.374361079069768,-49.223386321705426,POINT (-49.223386321705426 -25.374361079069768)
2014-05-19 13:38:49.874821,-25.374663876744187,-49.22348653255814,POINT (-49.22348653255814 -25.374663876744187)
2014-05-19 13:38:59.874821,-25.374976135658915,-49.223643743410854,POINT (-49.223643743410854 -25.374976135658915)
2014-05-19 13:39:09.874821,-25.375679160465115,-49.224262504651165,POINT (-49.224262504651165 -25.375679160465115)
2014-05-19 13:39:19.874821,-25.37645733255814,-49.2249700255814,POINT (-49.2249700255814 -25.37645733255814)
2014-05-19 13:39:29.874821,-25.376637037984494,-49.22541299844961,POINT (-49.22541299844961 -25.376637037984494)
2014-05-19 13:39:39.874821,-25.37662574341085,-49.22577154108527,POINT (-49.22577154108527 -25.37662574341085)
2014-05-19 13:39:49.874821,-25.376639323255812,-49.226001902325585,POINT (-49.226001902325585 -25.376639323255812)
2014-05-19 13:39:59.874821,-25.376664748062016,-49.2261712248062,POINT (-49.2261712248062 -25.376664748062016)
2014-05-19 13:40:09.874821,-25.376852427906975,-49.22645034263566,POINT (-49.22645034263566 -25.376852427906975)
2014-05-19 13:40:19.874821,-25.377149739534886,-49.22680364651163,POINT (-49.22680364651163 -25.377149739534886)
2014-05-19 13:40:29.874821,-25.37748956899225,-49.227155164341085,POINT (-49.227155164341085 -25.37748956899225)
2014-05-19 13:40:39.874821,-25.37786925891473,-49.22750500775194,POINT (-49.22750500775194 -25.37786925891473)
2014-05-19 13:40:49.874821,-25.378257258139534,-49.22786244883721,POINT (-49.22786244883721 -25.378257258139534)
2014-05-19 13:40:59.874821,-25.378656028682173,-49.22822973875969,POINT (-49.22822973875969 -25.378656028682173)
2014-05-19 13:41:09.874821,-25.37905413410853,-49.22859641472868,POINT (-49.22859641472868 -25.37905413410853)
2014-05-19 13:41:19.874821,-25.379451030232556,-49.2289619744186,POINT (-49.2289619744186 -25.379451030232556)
2014-05-19 13:41:29.874821,-25.379832652713176,-49.22931324883721,POINT (-49.22931324883721 -25.379832652713176)
2014-05-19 13:41:39.874821,-25.380173844961238,-49.22962670930232,POINT (-49.22962670930232 -25.380173844961238)
2014-05-19 13:41:49.874821,-25.380525195348834,-49.22994985348838,POINT (-49.22994985348838 -25.380525195348834)
2014-05-19 13:41:59.874821,-25.380918871317828,-49.23031334651163,POINT (-49.23031334651163 -25.380918871317828)
2014-05-19 13:42:09.874821,-25.38131264496124,-49.23067686124031,POINT (-49.23067686124031 -25.38131264496124)
2014-05-19 13:42:19.874821,-25.381707186046512,-49.23104054651163,POINT (-49.23104054651163 -25.381707186046512)
2014-05-19 13:42:29.874821,-25.38210242015504,-49.2314048627907,POINT (-49.2314048627907 -25.38210242015504)
2014-05-19 13:42:39.874821,-25.382518444961242,-49.23178810930233,POINT (-49.23178810930233 -25.382518444961242)
2014-05-19 13:42:49.874821,-25.382934469767445,-49.23217135581395,POINT (-49.23217135581395 -25.382934469767445)
2014-05-19 13:42:59.874821,-25.383338831782947,-49.2325439,POINT (-49.2325439 -25.383338831782947)
2014-05-19 13:43:09.874821,-25.383742600775193,-49.2329159,POINT (-49.2329159 -25.383742600775193)
2014-05-19 13:43:19.874821,-25.384094588372093,-49.23323976046512,POINT (-49.23323976046512 -25.384094588372093)
2014-05-19 13:43:29.874821,-25.384438904651162,-49.23355648914729,POINT (-49.23355648914729 -25.384438904651162)
2014-05-19 13:43:39.874821,-25.385388389922483,-49.23443155193799,POINT (-49.23443155193799 -25.385388389922483)
2014-05-19 13:43:49.874821,-25.38649843023256,-49.23545474418605,POINT (-49.23545474418605 -25.38649843023256)
2014-05-19 13:43:59.874821,-25.387356579069767,-49.23624651007752,POINT (-49.23624651007752 -25.387356579069767)
2014-05-19 13:44:09.874821,-25.38811168139535,-49.23694360155039,POINT (-49.23694360155039 -25.38811168139535)
2014-05-19 13:44:19.874821,-25.388426718604652,-49.23723442790698,POINT (-49.23723442790698 -25.388426718604652)
2014-05-19 13:44:29.874821,-25.388482230232558,-49.2372856620155,POINT (-49.2372856620155 -25.388482230232558)
2014-05-19 13:44:39.874821,-25.38865376356589,-49.23744403565892,POINT (-49.23744403565892 -25.38865376356589)
2014-05-19 13:44:49.874821,-25.388920844186046,-49.23769064186047,POINT (-49.23769064186047 -25.388920844186046)
2014-05-19 13:44:59.874821,-25.389132195348836,-49.23788578992248,POINT (-49.23788578992248 -25.389132195348836)
2014-05-19 13:45:09.874821,-25.389280130232557,-49.23802238217054,POINT (-49.23802238217054 -25.389280130232557)
2014-05-19 13:45:19.874821,-25.3895508372093,-49.23827233255814,POINT (-49.23827233255814 -25.3895508372093)
2014-05-19 13:45:29.874821,-25.39001593333333,-49.238701766666665,POINT (-49.238701766666665 -25.39001593333333)
2014-05-19 13:45:39.874821,-25.390481397674417,-49.239131554263565,POINT (-49.239131554263565 -25.390481397674417)
2014-05-19 13:45:49.874821,-25.390947695348835,-49.23956214186047,POINT (-49.23956214186047 -25.390947695348835)
2014-05-19 13:45:59.874821,-25.391414155813955,-49.239992870542636,POINT (-49.239992870542636 -25.391414155813955)
2014-05-19 13:46:09.874821,-25.391881174418604,-49.24042408294574,POINT (-49.24042408294574 -25.391881174418604)
2014-05-19 13:46:19.874821,-25.39234972790698,-49.240856718604654,POINT (-49.240856718604654 -25.39234972790698)
2014-05-19 13:46:29.874821,-25.39282732015504,-49.24129773565892,POINT (-49.24129773565892 -25.39282732015504)
2014-05-19 13:46:39.874821,-25.393293842635657,-49.24172852945737,POINT (-49.24172852945737 -25.393293842635657)
2014-05-19 13:46:49.874821,-25.39359985348837,-49.24201108604651,POINT (-49.24201108604651 -25.39359985348837)
2014-05-19 13:46:59.874821,-25.393905864341086,-49.24229364263566,POINT (-49.24229364263566 -25.393905864341086)
2014-05-19 13:47:09.874821,-25.394474080620157,-49.24281835503876,POINT (-49.24281835503876 -25.394474080620157)
2014-05-19 13:47:19.874821,-25.395046595348838,-49.243347037209304,POINT (-49.243347037209304 -25.395046595348838)
2014-05-19 13:47:29.874821,-25.39527017364341,-49.24355343720931,POINT (-49.24355343720931 -25.39527017364341)
2014-05-19 13:47:39.874821,-25.395456365891473,-49.24372530697675,POINT (-49.24372530697675 -25.395456365891473)
2014-05-19 13:47:49.874821,-25.395665330232557,-49.24391828837209,POINT (-49.24391828837209 -25.395665330232557)
2014-05-19 13:47:59.874821,-25.395879206201553,-49.24411582325582,POINT (-49.24411582325582 -25.395879206201553)
2014-05-19 13:48:09.874821,-25.39607721395349,-49.24429866666667,POINT (-49.24429866666667 -25.39607721395349)
2014-05-19 13:48:19.874821,-25.396269702325583,-49.2444764,POINT (-49.2444764 -25.396269702325583)
2014-05-19 13:48:29.874821,-25.396540917054264,-49.24472682093023,POINT (-49.24472682093023 -25.396540917054264)
2014-05-19 13:48:39.874821,-25.396852455038758,-49.245014472093025,POINT (-49.245014472093025 -25.396852455038758)
2014-05-19 13:48:49.874821,-25.39714758372093,-49.24528696976744,POINT (-49.24528696976744 -25.39714758372093)
2014-05-19 13:48:59.874821,-25.39743086124031,-49.24554852325581,POINT (-49.24554852325581 -25.39743086124031)
2014-05-19 13:49:09.874821,-25.397837129457365,-49.24592367131783,POINT (-49.24592367131783 -25.397837129457365)
2014-05-19 13:49:19.874821,-25.398366388372093,-49.24641241395349,POINT (-49.24641241395349 -25.398366388372093)
2014-05-19 13:49:29.874821,-25.398904394573645,-49.24690923875969,POINT (-49.24690923875969 -25.398904394573645)
2014-05-19 13:49:39.874821,-25.3994545124031,-49.24741725426357,POINT (-49.24741725426357 -25.3994545124031)
2014-05-19 13:49:49.874821,-25.39990006976744,-49.247828913953484,POINT (-49.247828913953484 -25.39990006976744)
2014-05-19 13:49:59.874821,-25.40014148527132,-49.2480524503876,POINT (-49.2480524503876 -25.40014148527132)
2014-05-19 13:50:09.874821,-25.400331564341087,-49.24822825968992,POINT (-49.24822825968992 -25.400331564341087)
2014-05-19 13:50:19.874821,-25.400374051162792,-49.24826685348837,POINT (-49.24826685348837 -25.400374051162792)
2014-05-19 13:50:29.874821,-25.400449742635658,-49.2483365627907,POINT (-49.2483365627907 -25.400449742635658)
2014-05-19 13:50:39.874821,-25.400679382945736,-49.24855053488372,POINT (-49.24855053488372 -25.400679382945736)
2014-05-19 13:50:49.874821,-25.400914413953487,-49.2487695627907,POINT (-49.2487695627907 -25.400914413953487)
2014-05-19 13:50:59.874821,-25.401199758139533,-49.24903577829458,POINT (-49.24903577829458 -25.401199758139533)
2014-05-19 13:51:09.874821,-25.401485227131786,-49.24930211007752,POINT (-49.24930211007752 -25.401485227131786)
2014-05-19 13:51:19.874821,-25.401778309302326,-49.24957553488372,POINT (-49.24957553488372 -25.401778309302326)
2014-05-19 13:51:29.874821,-25.40207139147287,-49.24984895968992,POINT (-49.24984895968992 -25.40207139147287)
2014-05-19 13:51:39.874821,-25.402694399224806,-49.25043086356589,POINT (-49.25043086356589 -25.402694399224806)
2014-05-19 13:51:49.874821,-25.403340160465117,-49.251034041860464,POINT (-49.251034041860464 -25.403340160465117)
2014-05-19 13:51:59.874821,-25.403842862790697,-49.25150258372093,POINT (-49.25150258372093 -25.403842862790697)
2014-05-19 13:52:09.874821,-25.404321272093025,-49.2519482627907,POINT (-49.2519482627907 -25.404321272093025)
2014-05-19 13:52:19.874821,-25.404618211627906,-49.25244659302325,POINT (-49.25244659302325 -25.404618211627906)
2014-05-19 13:52:29.874821,-25.40486222248062,-49.252960279844956,POINT (-49.252960279844956 -25.40486222248062)
2014-05-19 13:52:39.874821,-25.4052867,-49.2537133,POINT (-49.2537133 -25.4052867)
2014-05-19 13:52:49.874821,-25.40579091860465,-49.254572072093026,POINT (-49.254572072093026 -25.40579091860465)
2014-05-19 13:52:59.874821,-25.406254456589146,-49.25514593255814,POINT (-49.25514593255814 -25.406254456589146)
2014-05-19 13:53:09.874821,-25.406692301550386,-49.25553984883721,POINT (-49.25553984883721 -25.406692301550386)
2014-05-19 13:53:19.874821,-25.407171869767442,-49.25590639302326,POINT (-49.25590639302326 -25.407171869767442)
2014-05-19 13:53:29.874821,-25.407688103875966,-49.25624888294574,POINT (-49.25624888294574 -25.407688103875966)
2014-05-19 13:53:39.874821,-25.408175751937982,-49.25649172325581,POINT (-49.25649172325581 -25.408175751937982)
2014-05-19 13:53:49.874821,-25.408628688372094,-49.25661356046512,POINT (-49.25661356046512 -25.408628688372094)
2014-05-19 13:53:59.874821,-25.40904229302326,-49.25672480697675,POINT (-49.25672480697675 -25.40904229302326)
2014-05-19 13:54:09.874821,-25.409389204651163,-49.25681809534884,POINT (-49.25681809534884 -25.409389204651163)
2014-05-19 13:54:19.874821,-25.409879181395347,-49.25706992325582,POINT (-49.25706992325582 -25.409879181395347)
2014-05-19 13:54:29.874821,-25.410718872868216,-49.257709292248066,POINT (-49.257709292248066 -25.410718872868216)
2014-05-19 13:54:39.874821,-25.41147514263566,-49.25830563023256,POINT (-49.25830563023256 -25.41147514263566)
2014-05-19 13:54:49.874821,-25.411916976744187,-49.25873977441861,POINT (-49.25873977441861 -25.411916976744187)
2014-05-19 13:54:59.874821,-25.412359772093026,-49.25917132635659,POINT (-49.25917132635659 -25.412359772093026)
2014-05-19 13:55:09.874821,-25.412809055813955,-49.25958538062015,POINT (-49.25958538062015 -25.412809055813955)
2014-05-19 13:55:19.874821,-25.413254493023256,-49.259996388372095,POINT (-49.259996388372095 -25.413254493023256)
2014-05-19 13:55:29.874821,-25.413624282170545,-49.26034748139535,POINT (-49.26034748139535 -25.413624282170545)
2014-05-19 13:55:39.874821,-25.41399407131783,-49.260698574418605,POINT (-49.260698574418605 -25.41399407131783)
2014-05-19 13:55:49.874821,-25.414568558139536,-49.261236039534886,POINT (-49.261236039534886 -25.414568558139536)
2014-05-19 13:55:59.874821,-25.415149868217053,-49.26177971705426,POINT (-49.26177971705426 -25.415149868217053)
2014-05-19 13:56:09.874821,-25.4156413875969,-49.262221154263564,POINT (-49.262221154263564 -25.4156413875969)
2014-05-19 13:56:19.874821,-25.41612147906977,-49.262649579069766,POINT (-49.262649579069766 -25.41612147906977)
2014-05-19 13:56:29.874821,-25.416578431007753,-49.26307238372093,POINT (-49.26307238372093 -25.416578431007753)
2014-05-19 13:56:39.874821,-25.417029829457363,-49.26349383953488,POINT (-49.26349383953488 -25.417029829457363)
2014-05-19 13:56:49.874821,-25.41739056511628,-49.264098504651166,POINT (-49.264098504651166 -25.41739056511628)
2014-05-19 13:56:59.874821,-25.417717050387598,-49.26477238217054,POINT (-49.26477238217054 -25.417717050387598)
2014-05-19 13:57:09.874821,-25.417838543410852,-49.26520495736434,POINT (-49.26520495736434 -25.417838543410852)
2014-05-19 13:57:19.874821,-25.417847290697676,-49.26550481627907,POINT (-49.26550481627907 -25.417847290697676)
2014-05-19 13:57:29.874821,-25.417838890697674,-49.26606950852713,POINT (-49.26606950852713 -25.417838890697674)
2014-05-19 13:57:39.874821,-25.4178172627907,-49.266838500775194,POINT (-49.266838500775194 -25.4178172627907)
2014-05-19 13:57:49.874821,-25.417753913953486,-49.26751463255814,POINT (-49.26751463255814 -25.417753913953486)
2014-05-19 13:57:59.874821,-25.4176460627907,-49.26809171317829,POINT (-49.26809171317829 -25.4176460627907)
2014-05-19 13:58:09.874821,-25.417578056589146,-49.26845573178295,POINT (-49.26845573178295 -25.417578056589146)
2014-05-19 13:58:19.874821,-25.417569020930234,-49.26850441860465,POINT (-49.26850441860465 -25.417569020930234)
2014-05-19 13:58:29.874821,-25.417770031782947,-49.268585632558136,POINT (-49.268585632558136 -25.417770031782947)
2014-05-19 13:58:39.874821,-25.41841214031008,-49.26873515348837,POINT (-49.26873515348837 -25.41841214031008)
2014-05-19 13:58:49.874821,-25.418904795348837,-49.2688385,POINT (-49.2688385 -25.418904795348837)
2014-05-19 13:58:59.874821,-25.418929162790697,-49.268797166666666,POINT (-49.268797166666666 -25.418929162790697)
2014-05-19 13:59:09.874821,-25.418954034108527,-49.26875490310078,POINT (-49.26875490310078 -25.418954034108527)
2014-05-19 13:59:19.874821,-25.418981525581394,-49.26870780232558,POINT (-49.26870780232558 -25.418981525581394)
2014-05-19 13:59:29.874821,-25.419007210852712,-49.26865091085271,POINT (-49.26865091085271 -25.419007210852712)
2014-05-19 13:59:39.874821,-25.419012305426357,-49.268482405426354,POINT (-49.268482405426354 -25.419012305426357)
2014-05-19 13:59:49.874821,-25.4190174,-49.2683139,POINT (-49.2683139 -25.4190174)
2014-05-19 14:00:00.000000,-25.4185378571,-49.2682900524,POINT (-49.2682900524 -25.4185378571)
2014-05-19 14:00:10.000000,-25.4185378571,-49.2682900524,POINT (-49.2682900524 -25.4185378571)
2014-05-19 14:00:20.000000,-25.4185378571,-49.2682900524,POINT (-49.2682900524 -25.4185378571)
2014-05-19 14:00:30.000000,-25.4185378571,-49.2682900524,POINT (-49.2682900524 -25.4185378571)
2014-05-19 14:00:40.000000,-25.4185378571,-49.2682900524,POINT (-49.2682900524 -25.4185378571)
2014-05-19 14:00:50.000000,-25.4185378571,-49.2682900524,POINT (-49.2682900524 -25.4185378571)
2014-05-19 14:01:00.000000,-25.4185378571,-49.2682900524,POINT (-49.2682900524 -25.4185378571)
2014-05-19 14:01:10.000000,-25.4185378571,-49.2682900524,POINT (-49.2682900524 -25.4185378571)
2014-05-19 14:01:20.000000,-25.4185378571,-49.2682900524,POINT (-49.2682900524 -25.4185378571)
2014-05-19 14:01:30.000000,-25.4185378571,-49.2682900524,POINT (-49.2682900524 -25.4185378571)
2014-05-19 14:01:40.000000,-25.4185378571,-49.2682900524,POINT (-49.2682900524 -25.4185378571)
2014-05-19 14:01:50.000000,-25.4185378571,-49.2682900524,POINT (-49.2682900524 -25.4185378571)
2014-05-19 14:02:00.000000,-25.4185378571,-49.2682900524,POINT (-49.2682900524 -25.4185378571)
2014-05-19 14:02:10.000000,-25.4185378571,-49.2682900524,POINT (-49.2682900524 -25.4185378571)
2014-05-19 14:02:20.000000,-25.4185378571,-49.2682900524,POINT (-49.2682900524 -25.4185378571)
2014-05-19 14:02:30.000000,-25.4185378571,-49.2682900524,POINT (-49.2682900524 -25.4185378571)
2014-05-19 14:02:40.000000,-25.4185378571,-49.2682900524,POINT (-49.2682900524 -25.4185378571)
2014-05-19 14:02:50.000000,-25.4185378571,-49.2682900524,POINT (-49.2682900524 -25.4185378571)
2014-05-19 14:03:00.000000,-25.4185378571,-49.2682900524,POINT (-49.2682900524 -25.4185378571)
2014-05-19 14:03:10.000000,-25.4185378571,-49.2682900524,POINT (-49.2682900524 -25.4185378571)
2014-05-19 14:03:20.000000,-25.4185378571,-49.2682900524,POINT (-49.2682900524 -25.4185378571)
2014-05-19 14:03:30.000000,-25.4185378571,-49.2682900524,POINT (-49.2682900524 -25.4185378571)
2014-05-19 14:03:40.000000,-25.4185378571,-49.2682900524,POINT (-49.2682900524 -25.4185378571)
2014-05-19 14:03:50.000000,-25.4185378571,-49.2682900524,POINT (-49.2682900524 -25.4185378571)
2014-05-19 14:04:00.000000,-25.4185378571,-49.2682900524,POINT (-49.2682900524 -25.4185378571)
2014-05-19 14:04:10.000000,-25.4185378571,-49.2682900524,POINT (-49.2682900524 -25.4185378571)
2014-05-19 14:04:20.000000,-25.4185378571,-49.2682900524,POINT (-49.2682900524 -25.4185378571)
2014-05-19 14:04:30.000000,-25.4185378571,-49.2682900524,POINT (-49.2682900524 -25.4185378571)
2014-05-19 14:04:40.000000,-25.4185378571,-49.2682900524,POINT (-49.2682900524 -25.4185378571)
2014-05-19 14:04:50.000000,-25.4185378571,-49.2682900524,POINT (-49.2682900524 -25.4185378571)
2014-05-19 14:05:00.000000,-25.4185378571,-49.2682900524,POINT (-49.2682900524 -25.4185378571)
2014-05-19 14:05:10.000000,-25.4185378571,-49.2682900524,POINT (-49.2682900524 -25.4185378571)
2014-05-19 14:05:20.000000,-25.4185378571,-49.2682900524,POINT (-49.2682900524 -25.4185378571)
2014-05-19 14:05:30.000000,-25.4185378571,-49.2682900524,POINT (-49.2682900524 -25.4185378571)
2014-05-19 14:05:40.000000,-25.4185378571,-49.2682900524,POINT (-49.2682900524 -25.4185378571)
2014-05-19 14:05:50.000000,-25.4185378571,-49.2682900524,POINT (-49.2682900524 -25.4185378571)
2014-05-19 14:06:00.000000,-25.4185378571,-49.2682900524,POINT (-49.2682900524 -25.4185378571)
2014-05-19 14:06:10.000000,-25.4185378571,-49.2682900524,POINT (-49.2682900524 -25.4185378571)
2014-05-19 14:06:20.000000,-25.4185378571,-49.2682900524,POINT (-49.2682900524 -25.4185378571)
2014-05-19 14:06:30.000000,-25.4185378571,-49.2682900524,POINT (-49.2682900524 -25.4185378571)
2014-05-19 14:06:40.000000,-25.4185378571,-49.2682900524,POINT (-49.2682900524 -25.4185378571)
2014-05-19 14:06:50.000000,-25.4185378571,-49.2682900524,POINT (-49.2682900524 -25.4185378571)
2014-05-19 14:07:00.000000,-25.4185378571,-49.2682900524,POINT (-49.2682900524 -25.4185378571)
2014-05-19 14:07:10.000000,-25.4185378571,-49.2682900524,POINT (-49.2682900524 -25.4185378571)
2014-05-19 14:07:20.000000,-25.4185378571,-49.2682900524,POINT (-49.2682900524 -25.4185378571)
2014-05-19 14:07:30.000000,-25.4185378571,-49.2682900524,POINT (-49.2682900524 -25.4185378571)
2014-05-19 14:07:40.000000,-25.4185378571,-49.2682900524,POINT (-49.2682900524 -25.4185378571)
2014-05-19 14:07:50.000000,-25.4185378571,-49.2682900524,POINT (-49.2682900524 -25.4185378571)
2014-05-19 14:08:00.000000,-25.4185378571,-49.2682900524,POINT (-49.2682900524 -25.4185378571)
2014-05-19 14:08:10.000000,-25.4185378571,-49.2682900524,POINT (-49.2682900524 -25.4185378571)
2014-05-19 14:08:20.000000,-25.4185378571,-49.2682900524,POINT (-49.2682900524 -25.4185378571)
2014-05-19 14:08:30.000000,-25.4185378571,-49.2682900524,POINT (-49.2682900524 -25.4185378571)
2014-05-19 14:08:40.000000,-25.4185378571,-49.2682900524,POINT (-49.2682900524 -25.4185378571)
2014-05-19 14:08:50.000000,-25.4185378571,-49.2682900524,POINT (-49.2682900524 -25.4185378571)
2014-05-19 14:09:00.000000,-25.4185378571,-49.2682900524,POINT (-49.2682900524 -25.4185378571)
2014-05-19 14:09:10.000000,-25.4185378571,-49.2682900524,POINT (-49.2682900524 -25.4185378571)
2014-05-19 14:09:20.000000,-25.4185378571,-49.2682900524,POINT (-49.2682900524 -25.4185378571)
2014-05-19 14:09:30.000000,-25.4185378571,-49.2682900524,POINT (-49.2682900524 -25.4185378571)
2014-05-19 14:09:40.000000,-25.4185378571,-49.2682900524,POINT (-49.2682900524 -25.4185378571)
2014-05-19 14:09:50.000000,-25.4185378571,-49.2682900524,POINT (-49.2682900524 -25.4185378571)
2014-05-19 14:10:00.000000,-25.4185378571,-49.2682900524,POINT (-49.2682900524 -25.4185378571)
2014-05-19 14:10:10.000000,-25.4185378571,-49.2682900524,POINT (-49.2682900524 -25.4185378571)
2014-05-19 14:10:20.000000,-25.4185378571,-49.2682900524,POINT (-49.2682900524 -25.4185378571)
2014-05-19 14:10:30.000000,-25.4185378571,-49.2682900524,POINT (-49.2682900524 -25.4185378571)
2014-05-19 14:10:40.000000,-25.4185378571,-49.2682900524,POINT (-49.2682900524 -25.4185378571)
2014-05-19 14:10:50.000000,-25.4185378571,-49.2682900524,POINT (-49.2682900524 -25.4185378571)
2014-05-19 14:11:00.000000,-25.4185378571,-49.2682900524,POINT (-49.2682900524 -25.4185378571)
2014-05-19 14:11:10.000000,-25.4185378571,-49.2682900524,POINT (-49.2682900524 -25.4185378571)
2014-05-19 14:11:20.000000,-25.4185378571,-49.2682900524,POINT (-49.2682900524 -25.4185378571)
2014-05-19 14:11:30.000000,-25.4185378571,-49.2682900524,POINT (-49.2682900524 -25.4185378571)
2014-05-19 14:11:40.000000,-25.4185378571,-49.2682900524,POINT (-49.2682900524 -25.4185378571)
2014-05-19 14:11:50.000000,-25.4185378571,-49.2682900524,POINT (-49.2682900524 -25.4185378571)
2014-05-19 14:12:00.000000,-25.4185378571,-49.2682900524,POINT (-49.2682900524 -25.4185378571)
2014-05-19 14:12:10.000000,-25.4185378571,-49.2682900524,POINT (-49.2682900524 -25.4185378571)
2014-05-19 14:12:20.000000,-25.4185378571,-49.2682900524,POINT (-49.2682900524 -25.4185378571)
2014-05-19 14:12:30.000000,-25.4185378571,-49.2682900524,POINT (-49.2682900524 -25.4185378571)
2014-05-19 14:12:40.000000,-25.4185378571,-49.2682900524,POINT (-49.2682900524 -25.4185378571)
2014-05-19 14:12:50.000000,-25.4185378571,-49.2682900524,POINT (-49.2682900524 -25.4185378571)
2014-05-19 14:13:00.000000,-25.4185378571,-49.2682900524,POINT (-49.2682900524 -25.4185378571)
2014-05-19 14:13:10.000000,-25.4185378571,-49.2682900524,POINT (-49.2682900524 -25.4185378571)
2014-05-19 14:13:20.000000,-25.4185378571,-49.2682900524,POINT (-49.2682900524 -25.4185378571)
2014-05-19 14:13:30.000000,-25.4185378571,-49.2682900524,POINT (-49.2682900524 -25.4185378571)
2014-05-19 14:13:40.000000,-25.4185378571,-49.2682900524,POINT (-49.2682900524 -25.4185378571)
2014-05-19 14:13:50.000000,-25.4185378571,-49.2682900524,POINT (-49.2682900524 -25.4185378571)
2014-05-19 14:14:00.000000,-25.4185378571,-49.2682900524,POINT (-49.2682900524 -25.4185378571)
2014-05-19 14:14:10.000000,-25.4185378571,-49.2682900524,POINT (-49.2682900524 -25.4185378571)
2014-05-19 14:14:20.000000,-25.4185378571,-49.2682900524,POINT (-49.2682900524 -25.4185378571)
2014-05-19 14:14:30.000000,-25.4185378571,-49.2682900524,POINT (-49.2682900524 -25.4185378571)
2014-05-19 14:14:40.000000,-25.4185378571,-49.2682900524,POINT (-49.2682900524 -25.4185378571)
2014-05-19 14:14:50.000000,-25.4185378571,-49.2682900524,POINT (-49.2682900524 -25.4185378571)
2014-05-19 14:15:00.000000,-25.4185378571,-49.2682900524,POINT (-49.2682900524 -25.4185378571)
2014-05-19 14:15:10.000000,-25.4185378571,-49.2682900524,POINT (-49.2682900524 -25.4185378571)
2014-05-19 14:15:20.000000,-25.4185378571,-49.2682900524,POINT (-49.2682900524 -25.4185378571)
2014-05-19 14:15:30.000000,-25.4185378571,-49.2682900524,POINT (-49.2682900524 -25.4185378571)
2014-05-19 14:15:40.000000,-25.4185378571,-49.2682900524,POINT (-49.2682900524 -25.4185378571)
2014-05-19 14:15:50.000000,-25.4185378571,-49.2682900524,POINT (-49.2682900524 -25.4185378571)
2014-05-19 14:16:00.000000,-25.4185378571,-49.2682900524,POINT (-49.2682900524 -25.4185378571)
2014-05-19 14:16:10.000000,-25.4185378571,-49.2682900524,POINT (-49.2682900524 -25.4185378571)
2014-05-19 14:16:20.000000,-25.4185378571,-49.2682900524,POINT (-49.2682900524 -25.4185378571)
2014-05-19 14:16:30.000000,-25.4185378571,-49.2682900524,POINT (-49.2682900524 -25.4185378571)
2014-05-19 14:16:40.000000,-25.4185378571,-49.2682900524,POINT (-49.2682900524 -25.4185378571)
2014-05-19 14:16:50.000000,-25.4185378571,-49.2682900524,POINT (-49.2682900524 -25.4185378571)
2014-05-19 14:17:00.000000,-25.4185378571,-49.2682900524,POINT (-49.2682900524 -25.4185378571)
2014-05-19 14:17:10.000000,-25.4185378571,-49.2682900524,POINT (-49.2682900524 -25.4185378571)
2014-05-19 14:17:20.000000,-25.4185378571,-49.2682900524,POINT (-49.2682900524 -25.4185378571)
2014-05-19 14:17:30.000000,-25.4185378571,-49.2682900524,POINT (-49.2682900524 -25.4185378571)
2014-05-19 14:17:40.000000,-25.4185378571,-49.2682900524,POINT (-49.2682900524 -25.4185378571)
2014-05-19 14:17:50.000000,-25.4185378571,-49.2682900524,POINT (-49.2682900524 -25.4185378571)
2014-05-19 14:18:00.000000,-25.4185378571,-49.2682900524,POINT (-49.2682900524 -25.4185378571)
2014-05-19 14:18:10.000000,-25.4185378571,-49.2682900524,POINT (-49.2682900524 -25.4185378571)
2014-05-19 14:18:20.000000,-25.4185378571,-49.2682900524,POINT (-49.2682900524 -25.4185378571)
2014-05-19 14:18:30.000000,-25.4185378571,-49.2682900524,POINT (-49.2682900524 -25.4185378571)
2014-05-19 14:18:40.000000,-25.4185378571,-49.2682900524,POINT (-49.2682900524 -25.4185378571)
2014-05-19 14:18:50.000000,-25.4185378571,-49.2682900524,POINT (-49.2682900524 -25.4185378571)
2014-05-19 14:19:00.000000,-25.4185378571,-49.2682900524,POINT (-49.2682900524 -25.4185378571)
2014-05-19 14:19:10.000000,-25.4185378571,-49.2682900524,POINT (-49.2682900524 -25.4185378571)
2014-05-19 14:19:20.000000,-25.4185378571,-49.2682900524,POINT (-49.2682900524 -25.4185378571)
2014-05-19 14:19:30.000000,-25.4185378571,-49.2682900524,POINT (-49.2682900524 -25.4185378571)
2014-05-19 14:19:40.000000,-25.4185378571,-49.2682900524,POINT (-49.2682900524 -25.4185378571)
2014-05-19 14:19:50.000000,-25.4185378571,-49.2682900524,POINT (-49.2682900524 -25.4185378571)
2014-05-19 14:20:00.000000,-25.4185378571,-49.2682900524,POINT (-49.2682900524 -25.4185378571)
2014-05-19 14:20:10.000000,-25.4185378571,-49.2682900524,POINT (-49.2682900524 -25.4185378571)
2014-05-19 14:20:20.000000,-25.4185378571,-49.2682900524,POINT (-49.2682900524 -25.4185378571)
2014-05-19 14:20:30.000000,-25.4185378571,-49.2682900524,POINT (-49.2682900524 -25.4185378571)
2014-05-19 14:20:40.000000,-25.4185378571,-49.2682900524,POINT (-49.2682900524 -25.4185378571)
2014-05-19 14:20:50.000000,-25.4185378571,-49.2682900524,POINT (-49.2682900524 -25.4185378571)
2014-05-19 14:21:00.000000,-25.4185378571,-49.2682900524,POINT (-49.2682900524 -25.4185378571)
2014-05-19 14:21:10.000000,-25.4185378571,-49.2682900524,POINT (-49.2682900524 -25.4185378571)
2014-05-19 14:21:20.000000,-25.4185378571,-49.2682900524,POINT (-49.2682900524 -25.4185378571)
2014-05-19 14:21:30.000000,-25.4185378571,-49.2682900524,POINT (-49.2682900524 -25.4185378571)
2014-05-19 14:21:40.000000,-25.4185378571,-49.2682900524,POINT (-49.2682900524 -25.4185378571)
2014-05-19 14:21:50.000000,-25.4185378571,-49.2682900524,POINT (-49.2682900524 -25.4185378571)
2014-05-19 14:22:00.000000,-25.4185378571,-49.2682900524,POINT (-49.2682900524 -25.4185378571)
2014-05-19 14:22:10.000000,-25.4185378571,-49.2682900524,POINT (-49.2682900524 -25.4185378571)
2014-05-19 14:22:20.000000,-25.4185378571,-49.2682900524,POINT (-49.2682900524 -25.4185378571)
2014-05-19 14:22:30.000000,-25.4185378571,-49.2682900524,POINT (-49.2682900524 -25.4185378571)
2014-05-19 14:22:40.000000,-25.4185378571,-49.2682900524,POINT (-49.2682900524 -25.4185378571)
2014-05-19 14:22:50.000000,-25.4185378571,-49.2682900524,POINT (-49.2682900524 -25.4185378571)
2014-05-19 14:23:00.000000,-25.4185378571,-49.2682900524,POINT (-49.2682900524 -25.4185378571)
2014-05-19 14:23:10.000000,-25.4185378571,-49.2682900524,POINT (-49.2682900524 -25.4185378571)
2014-05-19 14:23:20.000000,-25.4185378571,-49.2682900524,POINT (-49.2682900524 -25.4185378571)
2014-05-19 14:23:30.000000,-25.4185378571,-49.2682900524,POINT (-49.2682900524 -25.4185378571)
2014-05-19 14:23:40.000000,-25.4185378571,-49.2682900524,POINT (-49.2682900524 -25.4185378571)
2014-05-19 14:23:50.000000,-25.4185378571,-49.2682900524,POINT (-49.2682900524 -25.4185378571)
2014-05-19 14:24:00.000000,-25.4185378571,-49.2682900524,POINT (-49.2682900524 -25.4185378571)
2014-05-19 14:24:10.000000,-25.4185378571,-49.2682900524,POINT (-49.2682900524 -25.4185378571)
2014-05-19 14:24:20.000000,-25.4185378571,-49.2682900524,POINT (-49.2682900524 -25.4185378571)
2014-05-19 14:24:30.000000,-25.4185378571,-49.2682900524,POINT (-49.2682900524 -25.4185378571)
2014-05-19 14:24:40.000000,-25.4185378571,-49.2682900524,POINT (-49.2682900524 -25.4185378571)
2014-05-19 14:24:50.000000,-25.4185378571,-49.2682900524,POINT (-49.2682900524 -25.4185378571)
2014-05-19 14:25:00.000000,-25.4185378571,-49.2682900524,POINT (-49.2682900524 -25.4185378571)
2014-05-19 14:25:10.000000,-25.4185378571,-49.2682900524,POINT (-49.2682900524 -25.4185378571)
2014-05-19 14:25:20.000000,-25.4185378571,-49.2682900524,POINT (-49.2682900524 -25.4185378571)
2014-05-19 14:25:30.000000,-25.4185378571,-49.2682900524,POINT (-49.2682900524 -25.4185378571)
2014-05-19 14:25:40.000000,-25.4185378571,-49.2682900524,POINT (-49.2682900524 -25.4185378571)
2014-05-19 14:25:50.000000,-25.4185378571,-49.2682900524,POINT (-49.2682900524 -25.4185378571)
2014-05-19 14:26:00.000000,-25.4185378571,-49.2682900524,POINT (-49.2682900524 -25.4185378571)
2014-05-19 14:26:10.000000,-25.4185378571,-49.2682900524,POINT (-49.2682900524 -25.4185378571)
2014-05-19 14:26:20.000000,-25.4185378571,-49.2682900524,POINT (-49.2682900524 -25.4185378571)
2014-05-19 14:26:30.000000,-25.4185378571,-49.2682900524,POINT (-49.2682900524 -25.4185378571)
2014-05-19 14:26:40.000000,-25.4185378571,-49.2682900524,POINT (-49.2682900524 -25.4185378571)
2014-05-19 14:26:50.000000,-25.4185378571,-49.2682900524,POINT (-49.2682900524 -25.4185378571)
2014-05-19 14:27:00.000000,-25.4185378571,-49.2682900524,POINT (-49.2682900524 -25.4185378571)
2014-05-19 14:27:10.000000,-25.4185378571,-49.2682900524,POINT (-49.2682900524 -25.4185378571)
2014-05-19 14:27:20.000000,-25.4185378571,-49.2682900524,POINT (-49.2682900524 -25.4185378571)
2014-05-19 14:27:30.000000,-25.4185378571,-49.2682900524,POINT (-49.2682900524 -25.4185378571)
2014-05-19 14:27:40.000000,-25.4185378571,-49.2682900524,POINT (-49.2682900524 -25.4185378571)
2014-05-19 14:27:50.000000,-25.4185378571,-49.2682900524,POINT (-49.2682900524 -25.4185378571)
2014-05-19 14:28:00.000000,-25.4185378571,-49.2682900524,POINT (-49.2682900524 -25.4185378571)
2014-05-19 14:28:10.000000,-25.4185378571,-49.2682900524,POINT (-49.2682900524 -25.4185378571)
2014-05-19 14:28:20.000000,-25.4185378571,-49.2682900524,POINT (-49.2682900524 -25.4185378571)
2014-05-19 14:28:30.000000,-25.4185378571,-49.2682900524,POINT (-49.2682900524 -25.4185378571)
2014-05-19 14:28:40.000000,-25.4185378571,-49.2682900524,POINT (-49.2682900524 -25.4185378571)
2014-05-19 14:28:50.000000,-25.4185378571,-49.2682900524,POINT (-49.2682900524 -25.4185378571)
2014-05-19 14:29:00.000000,-25.4185378571,-49.2682900524,POINT (-49.2682900524 -25.4185378571)
2014-05-19 14:29:10.000000,-25.4185378571,-49.2682900524,POINT (-49.2682900524 -25.4185378571)
2014-05-19 14:29:20.000000,-25.4185378571,-49.2682900524,POINT (-49.2682900524 -25.4185378571)
2014-05-19 14:29:30.000000,-25.4185378571,-49.2682900524,POINT (-49.2682900524 -25.4185378571)
2014-05-19 14:29:40.000000,-25.4185378571,-49.2682900524,POINT (-49.2682900524 -25.4185378571)
2014-05-19 14:29:50.000000,-25.4185378571,-49.2682900524,POINT (-49.2682900524 -25.4185378571)
2014-05-19 14:30:00.000000,-25.4185378571,-49.2682900524,POINT (-49.2682900524 -25.4185378571)
2014-05-19 14:30:10.000000,-25.4185378571,-49.2682900524,POINT (-49.2682900524 -25.4185378571)
2014-05-19 14:30:20.000000,-25.4185378571,-49.2682900524,POINT (-49.2682900524 -25.4185378571)
2014-05-19 14:30:30.000000,-25.4185378571,-49.2682900524,POINT (-49.2682900524 -25.4185378571)
2014-05-19 14:30:40.000000,-25.4185378571,-49.2682900524,POINT (-49.2682900524 -25.4185378571)
2014-05-19 14:30:50.000000,-25.4185378571,-49.2682900524,POINT (-49.2682900524 -25.4185378571)
2014-05-19 14:31:00.000000,-25.4185378571,-49.2682900524,POINT (-49.2682900524 -25.4185378571)
2014-05-19 14:31:10.000000,-25.4185378571,-49.2682900524,POINT (-49.2682900524 -25.4185378571)
2014-05-19 14:31:20.000000,-25.4185378571,-49.2682900524,POINT (-49.2682900524 -25.4185378571)
2014-05-19 14:31:30.000000,-25.4185378571,-49.2682900524,POINT (-49.2682900524 -25.4185378571)
2014-05-19 14:31:40.000000,-25.4185378571,-49.2682900524,POINT (-49.2682900524 -25.4185378571)
2014-05-19 14:31:50.000000,-25.4185378571,-49.2682900524,POINT (-49.2682900524 -25.4185378571)
2014-05-19 14:32:00.000000,-25.4185378571,-49.2682900524,POINT (-49.2682900524 -25.4185378571)
2014-05-19 14:32:10.000000,-25.4185378571,-49.2682900524,POINT (-49.2682900524 -25.4185378571)
2014-05-19 14:32:20.000000,-25.4185378571,-49.2682900524,POINT (-49.2682900524 -25.4185378571)
2014-05-19 14:32:30.000000,-25.4185378571,-49.2682900524,POINT (-49.2682900524 -25.4185378571)
2014-05-19 14:32:40.000000,-25.4185378571,-49.2682900524,POINT (-49.2682900524 -25.4185378571)
2014-05-19 14:32:50.000000,-25.4185378571,-49.2682900524,POINT (-49.2682900524 -25.4185378571)
2014-05-19 14:33:00.000000,-25.4185378571,-49.2682900524,POINT (-49.2682900524 -25.4185378571)
2014-05-19 14:33:10.000000,-25.4185378571,-49.2682900524,POINT (-49.2682900524 -25.4185378571)
2014-05-19 14:33:20.000000,-25.4185378571,-49.2682900524,POINT (-49.2682900524 -25.4185378571)
2014-05-19 14:33:30.000000,-25.4185378571,-49.2682900524,POINT (-49.2682900524 -25.4185378571)
2014-05-19 14:33:40.000000,-25.4185378571,-49.2682900524,POINT (-49.2682900524 -25.4185378571)
2014-05-19 14:33:50.000000,-25.4185378571,-49.2682900524,POINT (-49.2682900524 -25.4185378571)
2014-05-19 14:34:00.000000,-25.4185378571,-49.2682900524,POINT (-49.2682900524 -25.4185378571)
2014-05-19 14:34:10.000000,-25.4185378571,-49.2682900524,POINT (-49.2682900524 -25.4185378571)
2014-05-19 14:34:20.000000,-25.4185378571,-49.2682900524,POINT (-49.2682900524 -25.4185378571)
2014-05-19 14:34:30.000000,-25.4185378571,-49.2682900524,POINT (-49.2682900524 -25.4185378571)
2014-05-19 14:34:40.000000,-25.4185378571,-49.2682900524,POINT (-49.2682900524 -25.4185378571)
2014-05-19 14:34:50.000000,-25.4185378571,-49.2682900524,POINT (-49.2682900524 -25.4185378571)
2014-05-19 14:35:00.000000,-25.4185378571,-49.2682900524,POINT (-49.2682900524 -25.4185378571)
2014-05-19 14:35:10.000000,-25.4185378571,-49.2682900524,POINT (-49.2682900524 -25.4185378571)
2014-05-19 14:35:20.000000,-25.4185378571,-49.2682900524,POINT (-49.2682900524 -25.4185378571)
2014-05-19 14:35:30.000000,-25.4185378571,-49.2682900524,POINT (-49.2682900524 -25.4185378571)
2014-05-19 14:35:40.000000,-25.4185378571,-49.2682900524,POINT (-49.2682900524 -25.4185378571)
2014-05-19 14:35:50.000000,-25.4185378571,-49.2682900524,POINT (-49.2682900524 -25.4185378571)
2014-05-19 14:36:00.000000,-25.4185378571,-49.2682900524,POINT (-49.2682900524 -25.4185378571)
2014-05-19 14:36:10.000000,-25.4185378571,-49.2682900524,POINT (-49.2682900524 -25.4185378571)
2014-05-19 14:36:20.000000,-25.4185378571,-49.2682900524,POINT (-49.2682900524 -25.4185378571)
2014-05-19 14:36:30.000000,-25.4185378571,-49.2682900524,POINT (-49.2682900524 -25.4185378571)
2014-05-19 14:36:40.000000,-25.4185378571,-49.2682900524,POINT (-49.2682900524 -25.4185378571)
2014-05-19 14:36:50.000000,-25.4185378571,-49.2682900524,POINT (-49.2682900524 -25.4185378571)
2014-05-19 14:37:00.000000,-25.4185378571,-49.2682900524,POINT (-49.2682900524 -25.4185378571)
2014-05-19 14:37:10.000000,-25.4185378571,-49.2682900524,POINT (-49.2682900524 -25.4185378571)
2014-05-19 14:37:20.000000,-25.4185378571,-49.2682900524,POINT (-49.2682900524 -25.4185378571)
2014-05-19 14:37:30.000000,-25.4185378571,-49.2682900524,POINT (-49.2682900524 -25.4185378571)
2014-05-19 14:37:40.000000,-25.4185378571,-49.2682900524,POINT (-49.2682900524 -25.4185378571)
2014-05-19 14:37:50.000000,-25.4185378571,-49.2682900524,POINT (-49.2682900524 -25.4185378571)
2014-05-19 14:38:00.000000,-25.4185378571,-49.2682900524,POINT (-49.2682900524 -25.4185378571)
2014-05-19 14:38:10.000000,-25.4185378571,-49.2682900524,POINT (-49.2682900524 -25.4185378571)
2014-05-19 14:38:20.000000,-25.4185378571,-49.2682900524,POINT (-49.2682900524 -25.4185378571)
2014-05-19 14:38:30.000000,-25.4185378571,-49.2682900524,POINT (-49.2682900524 -25.4185378571)
2014-05-19 14:38:40.000000,-25.4185378571,-49.2682900524,POINT (-49.2682900524 -25.4185378571)
2014-05-19 14:38:50.000000,-25.4185378571,-49.2682900524,POINT (-49.2682900524 -25.4185378571)
2014-05-19 14:39:00.000000,-25.4185378571,-49.2682900524,POINT (-49.2682900524 -25.4185378571)
2014-05-19 14:39:10.000000,-25.4185378571,-49.2682900524,POINT (-49.2682900524 -25.4185378571)
2014-05-19 14:39:20.000000,-25.4185378571,-49.2682900524,POINT (-49.2682900524 -25.4185378571)
2014-05-19 14:39:30.000000,-25.4185378571,-49.2682900524,POINT (-49.2682900524 -25.4185378571)
2014-05-19 14:39:40.000000,-25.4185378571,-49.2682900524,POINT (-49.2682900524 -25.4185378571)
2014-05-19 14:39:50.000000,-25.4185378571,-49.2682900524,POINT (-49.2682900524 -25.4185378571)
2014-05-19 14:40:00.000000,-25.4185378571,-49.2682900524,POINT (-49.2682900524 -25.4185378571)
2014-05-19 14:40:10.000000,-25.4185378571,-49.2682900524,POINT (-49.2682900524 -25.4185378571)
2014-05-19 14:40:20.000000,-25.4185378571,-49.2682900524,POINT (-49.2682900524 -25.4185378571)
2014-05-19 14:40:30.000000,-25.4185378571,-49.2682900524,POINT (-49.2682900524 -25.4185378571)
2014-05-19 14:40:40.000000,-25.4185378571,-49.2682900524,POINT (-49.2682900524 -25.4185378571)
2014-05-19 14:40:50.000000,-25.4185378571,-49.2682900524,POINT (-49.2682900524 -25.4185378571)
2014-05-19 14:41:00.000000,-25.4185378571,-49.2682900524,POINT (-49.2682900524 -25.4185378571)
2014-05-19 14:41:10.000000,-25.4185378571,-49.2682900524,POINT (-49.2682900524 -25.4185378571)
2014-05-19 14:41:20.000000,-25.4185378571,-49.2682900524,POINT (-49.2682900524 -25.4185378571)
2014-05-19 14:41:30.000000,-25.4185378571,-49.2682900524,POINT (-49.2682900524 -25.4185378571)
2014-05-19 14:41:40.000000,-25.4185378571,-49.2682900524,POINT (-49.2682900524 -25.4185378571)
2014-05-19 14:41:50.000000,-25.4185378571,-49.2682900524,POINT (-49.2682900524 -25.4185378571)
2014-05-19 14:42:00.000000,-25.4185378571,-49.2682900524,POINT (-49.2682900524 -25.4185378571)
2014-05-19 14:42:10.000000,-25.4185378571,-49.2682900524,POINT (-49.2682900524 -25.4185378571)
2014-05-19 14:42:20.000000,-25.4185378571,-49.2682900524,POINT (-49.2682900524 -25.4185378571)
2014-05-19 14:42:30.000000,-25.4185378571,-49.2682900524,POINT (-49.2682900524 -25.4185378571)
2014-05-19 14:42:40.000000,-25.4185378571,-49.2682900524,POINT (-49.2682900524 -25.4185378571)
2014-05-19 14:42:50.000000,-25.4185378571,-49.2682900524,POINT (-49.2682900524 -25.4185378571)
2014-05-19 14:43:00.000000,-25.4185378571,-49.2682900524,POINT (-49.2682900524 -25.4185378571)
2014-05-19 14:43:10.000000,-25.4185378571,-49.2682900524,POINT (-49.2682900524 -25.4185378571)
2014-05-19 14:43:20.000000,-25.4185378571,-49.2682900524,POINT (-49.2682900524 -25.4185378571)
2014-05-19 14:43:30.000000,-25.4185378571,-49.2682900524,POINT (-49.2682900524 -25.4185378571)
2014-05-19 14:43:40.000000,-25.4185378571,-49.2682900524,POINT (-49.2682900524 -25.4185378571)
2014-05-19 14:43:50.000000,-25.4185378571,-49.2682900524,POINT (-49.2682900524 -25.4185378571)
2014-05-19 14:44:00.000000,-25.4185378571,-49.2682900524,POINT (-49.2682900524 -25.4185378571)
2014-05-19 14:44:10.000000,-25.4185378571,-49.2682900524,POINT (-49.2682900524 -25.4185378571)
2014-05-19 14:44:20.000000,-25.4185378571,-49.2682900524,POINT (-49.2682900524 -25.4185378571)
2014-05-19 14:44:30.000000,-25.4185378571,-49.2682900524,POINT (-49.2682900524 -25.4185378571)
2014-05-19 14:44:40.000000,-25.4185378571,-49.2682900524,POINT (-49.2682900524 -25.4185378571)
2014-05-19 14:44:50.000000,-25.4185378571,-49.2682900524,POINT (-49.2682900524 -25.4185378571)
2014-05-19 14:45:00.000000,-25.4185378571,-49.2682900524,POINT (-49.2682900524 -25.4185378571)
2014-05-19 14:45:10.000000,-25.4185378571,-49.2682900524,POINT (-49.2682900524 -25.4185378571)
2014-05-19 14:45:20.000000,-25.4185378571,-49.2682900524,POINT (-49.2682900524 -25.4185378571)
2014-05-19 14:45:30.000000,-25.4185378571,-49.2682900524,POINT (-49.2682900524 -25.4185378571)
2014-05-19 14:45:40.000000,-25.4185378571,-49.2682900524,POINT (-49.2682900524 -25.4185378571)
2014-05-19 14:45:50.000000,-25.4185378571,-49.2682900524,POINT (-49.2682900524 -25.4185378571)
2014-05-19 14:46:00.000000,-25.4185378571,-49.2682900524,POINT (-49.2682900524 -25.4185378571)
2014-05-19 14:46:10.000000,-25.4185378571,-49.2682900524,POINT (-49.2682900524 -25.4185378571)
2014-05-19 14:46:20.000000,-25.4185378571,-49.2682900524,POINT (-49.2682900524 -25.4185378571)
2014-05-19 14:46:30.000000,-25.4185378571,-49.2682900524,POINT (-49.2682900524 -25.4185378571)
2014-05-19 14:46:40.000000,-25.4185378571,-49.2682900524,POINT (-49.2682900524 -25.4185378571)
2014-05-19 14:46:50.000000,-25.4185378571,-49.2682900524,POINT (-49.2682900524 -25.4185378571)
2014-05-19 14:47:00.000000,-25.4185378571,-49.2682900524,POINT (-49.2682900524 -25.4185378571)
2014-05-19 14:47:10.000000,-25.4185378571,-49.2682900524,POINT (-49.2682900524 -25.4185378571)
2014-05-19 14:47:20.000000,-25.4185378571,-49.2682900524,POINT (-49.2682900524 -25.4185378571)
2014-05-19 14:47:30.000000,-25.4185378571,-49.2682900524,POINT (-49.2682900524 -25.4185378571)
2014-05-19 14:47:40.000000,-25.4185378571,-49.2682900524,POINT (-49.2682900524 -25.4185378571)
2014-05-19 14:47:50.000000,-25.4185378571,-49.2682900524,POINT (-49.2682900524 -25.4185378571)
2014-05-19 14:48:00.000000,-25.4185378571,-49.2682900524,POINT (-49.2682900524 -25.4185378571)
2014-05-19 14:48:10.000000,-25.4185378571,-49.2682900524,POINT (-49.2682900524 -25.4185378571)
2014-05-19 14:48:20.000000,-25.4185378571,-49.2682900524,POINT (-49.2682900524 -25.4185378571)
2014-05-19 14:48:30.000000,-25.4185378571,-49.2682900524,POINT (-49.2682900524 -25.4185378571)
2014-05-19 14:48:40.000000,-25.4185378571,-49.2682900524,POINT (-49.2682900524 -25.4185378571)
2014-05-19 14:48:50.000000,-25.4185378571,-49.2682900524,POINT (-49.2682900524 -25.4185378571)
2014-05-19 14:49:00.000000,-25.4185378571,-49.2682900524,POINT (-49.2682900524 -25.4185378571)
2014-05-19 14:49:10.000000,-25.4185378571,-49.2682900524,POINT (-49.2682900524 -25.4185378571)
2014-05-19 14:49:20.000000,-25.4185378571,-49.2682900524,POINT (-49.2682900524 -25.4185378571)
2014-05-19 14:49:30.000000,-25.4185378571,-49.2682900524,POINT (-49.2682900524 -25.4185378571)
2014-05-19 14:49:40.000000,-25.4185378571,-49.2682900524,POINT (-49.2682900524 -25.4185378571)
2014-05-19 14:49:50.000000,-25.4185378571,-49.2682900524,POINT (-49.2682900524 -25.4185378571)
2014-05-19 14:50:00.000000,-25.4185378571,-49.2682900524,POINT (-49.2682900524 -25.4185378571)
2014-05-19 14:50:10.000000,-25.4185378571,-49.2682900524,POINT (-49.2682900524 -25.4185378571)
2014-05-19 14:50:20.000000,-25.4185378571,-49.2682900524,POINT (-49.2682900524 -25.4185378571)
2014-05-19 14:50:30.000000,-25.4185378571,-49.2682900524,POINT (-49.2682900524 -25.4185378571)
2014-05-19 14:50:40.000000,-25.4185378571,-49.2682900524,POINT (-49.2682900524 -25.4185378571)
2014-05-19 14:50:50.000000,-25.4185378571,-49.2682900524,POINT (-49.2682900524 -25.4185378571)
2014-05-19 14:51:00.000000,-25.4185378571,-49.2682900524,POINT (-49.2682900524 -25.4185378571)
2014-05-19 14:51:10.000000,-25.4185378571,-49.2682900524,POINT (-49.2682900524 -25.4185378571)
2014-05-19 14:51:20.000000,-25.4185378571,-49.2682900524,POINT (-49.2682900524 -25.4185378571)
2014-05-19 14:51:30.000000,-25.4185378571,-49.2682900524,POINT (-49.2682900524 -25.4185378571)
2014-05-19 14:51:40.000000,-25.4185378571,-49.2682900524,POINT (-49.2682900524 -25.4185378571)
2014-05-19 14:51:50.000000,-25.4185378571,-49.2682900524,POINT (-49.2682900524 -25.4185378571)
2014-05-19 14:52:00.000000,-25.4185378571,-49.2682900524,POINT (-49.2682900524 -25.4185378571)
2014-05-19 14:52:10.000000,-25.4185378571,-49.2682900524,POINT (-49.2682900524 -25.4185378571)
2014-05-19 14:52:20.000000,-25.4185378571,-49.2682900524,POINT (-49.2682900524 -25.4185378571)
2014-05-19 14:52:30.000000,-25.4185378571,-49.2682900524,POINT (-49.2682900524 -25.4185378571)
2014-05-19 14:52:40.000000,-25.4185378571,-49.2682900524,POINT (-49.2682900524 -25.4185378571)
2014-05-19 14:52:50.000000,-25.4185378571,-49.2682900524,POINT (-49.2682900524 -25.4185378571)
2014-05-19 14:53:00.000000,-25.4185378571,-49.2682900524,POINT (-49.2682900524 -25.4185378571)
2014-05-19 14:53:10.000000,-25.4185378571,-49.2682900524,POINT (-49.2682900524 -25.4185378571)
2014-05-19 14:53:20.000000,-25.4185378571,-49.2682900524,POINT (-49.2682900524 -25.4185378571)
2014-05-19 14:53:30.000000,-25.4185378571,-49.2682900524,POINT (-49.2682900524 -25.4185378571)
2014-05-19 14:53:40.000000,-25.4185378571,-49.2682900524,POINT (-49.2682900524 -25.4185378571)
2014-05-19 14:53:50.000000,-25.4185378571,-49.2682900524,POINT (-49.2682900524 -25.4185378571)
2014-05-19 14:54:00.000000,-25.4185378571,-49.2682900524,POINT (-49.2682900524 -25.4185378571)
2014-05-19 14:54:10.000000,-25.4185378571,-49.2682900524,POINT (-49.2682900524 -25.4185378571)
2014-05-19 14:54:20.000000,-25.4185378571,-49.2682900524,POINT (-49.2682900524 -25.4185378571)
2014-05-19 14:54:30.000000,-25.4185378571,-49.2682900524,POINT (-49.2682900524 -25.4185378571)
2014-05-19 14:54:40.000000,-25.4185378571,-49.2682900524,POINT (-49.2682900524 -25.4185378571)
2014-05-19 14:54:50.000000,-25.4185378571,-49.2682900524,POINT (-49.2682900524 -25.4185378571)
2014-05-19 14:55:00.000000,-25.4185378571,-49.2682900524,POINT (-49.2682900524 -25.4185378571)
2014-05-19 14:55:10.000000,-25.4185378571,-49.2682900524,POINT (-49.2682900524 -25.4185378571)
2014-05-19 14:55:20.000000,-25.4185378571,-49.2682900524,POINT (-49.2682900524 -25.4185378571)
2014-05-19 14:55:30.000000,-25.4185378571,-49.2682900524,POINT (-49.2682900524 -25.4185378571)
2014-05-19 14:55:40.000000,-25.4185378571,-49.2682900524,POINT (-49.2682900524 -25.4185378571)
2014-05-19 14:55:50.000000,-25.4185378571,-49.2682900524,POINT (-49.2682900524 -25.4185378571)
2014-05-19 14:56:00.000000,-25.4185378571,-49.2682900524,POINT (-49.2682900524 -25.4185378571)
2014-05-19 14:56:10.000000,-25.4185378571,-49.2682900524,POINT (-49.2682900524 -25.4185378571)
2014-05-19 14:56:20.000000,-25.4185378571,-49.2682900524,POINT (-49.2682900524 -25.4185378571)
2014-05-19 14:56:30.000000,-25.4185378571,-49.2682900524,POINT (-49.2682900524 -25.4185378571)
2014-05-19 14:56:40.000000,-25.4185378571,-49.2682900524,POINT (-49.2682900524 -25.4185378571)
2014-05-19 14:56:50.000000,-25.4185378571,-49.2682900524,POINT (-49.2682900524 -25.4185378571)
2014-05-19 14:57:00.000000,-25.4185378571,-49.2682900524,POINT (-49.2682900524 -25.4185378571)
2014-05-19 14:57:10.000000,-25.4185378571,-49.2682900524,POINT (-49.2682900524 -25.4185378571)
2014-05-19 14:57:20.000000,-25.4185378571,-49.2682900524,POINT (-49.2682900524 -25.4185378571)
2014-05-19 14:57:30.000000,-25.4185378571,-49.2682900524,POINT (-49.2682900524 -25.4185378571)
2014-05-19 14:57:40.000000,-25.4185378571,-49.2682900524,POINT (-49.2682900524 -25.4185378571)
2014-05-19 14:57:50.000000,-25.4185378571,-49.2682900524,POINT (-49.2682900524 -25.4185378571)
2014-05-19 14:58:00.000000,-25.4185378571,-49.2682900524,POINT (-49.2682900524 -25.4185378571)
2014-05-19 14:58:10.000000,-25.4185378571,-49.2682900524,POINT (-49.2682900524 -25.4185378571)
2014-05-19 14:58:20.000000,-25.4185378571,-49.2682900524,POINT (-49.2682900524 -25.4185378571)
2014-05-19 14:58:30.000000,-25.4185378571,-49.2682900524,POINT (-49.2682900524 -25.4185378571)
2014-05-19 14:58:40.000000,-25.4185378571,-49.2682900524,POINT (-49.2682900524 -25.4185378571)
2014-05-19 14:58:50.000000,-25.4185378571,-49.2682900524,POINT (-49.2682900524 -25.4185378571)
2014-05-19 14:59:00.000000,-25.4185378571,-49.2682900524,POINT (-49.2682900524 -25.4185378571)
2014-05-19 14:59:10.000000,-25.4185378571,-49.2682900524,POINT (-49.2682900524 -25.4185378571)
2014-05-19 14:59:20.000000,-25.4185378571,-49.2682900524,POINT (-49.2682900524 -25.4185378571)
2014-05-19 14:59:30.000000,-25.4185378571,-49.2682900524,POINT (-49.2682900524 -25.4185378571)
2014-05-19 14:59:40.000000,-25.4185378571,-49.2682900524,POINT (-49.2682900524 -25.4185378571)
2014-05-19 14:59:50.000000,-25.4185378571,-49.2682900524,POINT (-49.2682900524 -25.4185378571)
2014-05-19 15:00:00.000000,-25.4185378571,-49.2682900524,POINT (-49.2682900524 -25.4185378571)
2014-05-19 15:00:10.000000,-25.4185378571,-49.2682900524,POINT (-49.2682900524 -25.4185378571)
2014-05-19 15:00:20.000000,-25.4185378571,-49.2682900524,POINT (-49.2682900524 -25.4185378571)
2014-05-19 15:00:30.000000,-25.4185378571,-49.2682900524,POINT (-49.2682900524 -25.4185378571)
2014-05-19 15:00:40.000000,-25.4185378571,-49.2682900524,POINT (-49.2682900524 -25.4185378571)
2014-05-19 15:00:50.000000,-25.4185378571,-49.2682900524,POINT (-49.2682900524 -25.4185378571)
2014-05-19 15:01:00.000000,-25.4185378571,-49.2682900524,POINT (-49.2682900524 -25.4185378571)
2014-05-19 15:01:10.000000,-25.4185378571,-49.2682900524,POINT (-49.2682900524 -25.4185378571)
2014-05-19 15:01:20.000000,-25.4185378571,-49.2682900524,POINT (-49.2682900524 -25.4185378571)
2014-05-19 15:01:30.000000,-25.4185378571,-49.2682900524,POINT (-49.2682900524 -25.4185378571)
2014-05-19 15:01:40.000000,-25.4185378571,-49.2682900524,POINT (-49.2682900524 -25.4185378571)
2014-05-19 15:01:50.000000,-25.4185378571,-49.2682900524,POINT (-49.2682900524 -25.4185378571)
2014-05-19 15:02:00.000000,-25.4185378571,-49.2682900524,POINT (-49.2682900524 -25.4185378571)
2014-05-19 15:02:10.000000,-25.4185378571,-49.2682900524,POINT (-49.2682900524 -25.4185378571)
2014-05-19 15:02:20.000000,-25.4185378571,-49.2682900524,POINT (-49.2682900524 -25.4185378571)
2014-05-19 15:02:30.000000,-25.4185378571,-49.2682900524,POINT (-49.2682900524 -25.4185378571)
2014-05-19 15:02:40.000000,-25.4185378571,-49.2682900524,POINT (-49.2682900524 -25.4185378571)
2014-05-19 15:02:50.000000,-25.4185378571,-49.2682900524,POINT (-49.2682900524 -25.4185378571)
2014-05-19 15:03:00.000000,-25.4185378571,-49.2682900524,POINT (-49.2682900524 -25.4185378571)
2014-05-19 15:03:10.000000,-25.4185378571,-49.2682900524,POINT (-49.2682900524 -25.4185378571)
2014-05-19 15:03:20.000000,-25.4185378571,-49.2682900524,POINT (-49.2682900524 -25.4185378571)
2014-05-19 15:03:30.000000,-25.4185378571,-49.2682900524,POINT (-49.2682900524 -25.4185378571)
2014-05-19 15:03:40.000000,-25.4185378571,-49.2682900524,POINT (-49.2682900524 -25.4185378571)
2014-05-19 15:03:50.000000,-25.4185378571,-49.2682900524,POINT (-49.2682900524 -25.4185378571)
2014-05-19 15:04:00.000000,-25.4185378571,-49.2682900524,POINT (-49.2682900524 -25.4185378571)
2014-05-19 15:04:10.000000,-25.4185378571,-49.2682900524,POINT (-49.2682900524 -25.4185378571)
2014-05-19 15:04:20.000000,-25.4185378571,-49.2682900524,POINT (-49.2682900524 -25.4185378571)
2014-05-19 15:04:30.000000,-25.4185378571,-49.2682900524,POINT (-49.2682900524 -25.4185378571)
2014-05-19 15:04:40.000000,-25.4185378571,-49.2682900524,POINT (-49.2682900524 -25.4185378571)
2014-05-19 15:04:50.000000,-25.4185378571,-49.2682900524,POINT (-49.2682900524 -25.4185378571)
2014-05-19 15:05:00.000000,-25.4185378571,-49.2682900524,POINT (-49.2682900524 -25.4185378571)
2014-05-19 15:05:10.000000,-25.4185378571,-49.2682900524,POINT (-49.2682900524 -25.4185378571)
2014-05-19 15:05:20.000000,-25.4185378571,-49.2682900524,POINT (-49.2682900524 -25.4185378571)
2014-05-19 15:05:30.000000,-25.4185378571,-49.2682900524,POINT (-49.2682900524 -25.4185378571)
2014-05-19 15:05:40.000000,-25.4185378571,-49.2682900524,POINT (-49.2682900524 -25.4185378571)
2014-05-19 15:05:50.000000,-25.4185378571,-49.2682900524,POINT (-49.2682900524 -25.4185378571)
2014-05-19 15:06:00.000000,-25.4185378571,-49.2682900524,POINT (-49.2682900524 -25.4185378571)
2014-05-19 15:06:10.000000,-25.4185378571,-49.2682900524,POINT (-49.2682900524 -25.4185378571)
2014-05-19 15:06:20.000000,-25.4185378571,-49.2682900524,POINT (-49.2682900524 -25.4185378571)
2014-05-19 15:06:30.000000,-25.4185378571,-49.2682900524,POINT (-49.2682900524 -25.4185378571)
2014-05-19 15:06:40.000000,-25.4185378571,-49.2682900524,POINT (-49.2682900524 -25.4185378571)
2014-05-19 15:06:50.000000,-25.4185378571,-49.2682900524,POINT (-49.2682900524 -25.4185378571)
2014-05-19 15:07:00.000000,-25.4185378571,-49.2682900524,POINT (-49.2682900524 -25.4185378571)
2014-05-19 15:07:10.000000,-25.4185378571,-49.2682900524,POINT (-49.2682900524 -25.4185378571)
2014-05-19 15:07:20.000000,-25.4185378571,-49.2682900524,POINT (-49.2682900524 -25.4185378571)
2014-05-19 15:07:30.000000,-25.4185378571,-49.2682900524,POINT (-49.2682900524 -25.4185378571)
2014-05-19 15:07:40.000000,-25.4185378571,-49.2682900524,POINT (-49.2682900524 -25.4185378571)
2014-05-19 15:07:50.000000,-25.4185378571,-49.2682900524,POINT (-49.2682900524 -25.4185378571)
2014-05-19 15:08:00.000000,-25.4185378571,-49.2682900524,POINT (-49.2682900524 -25.4185378571)
2014-05-19 15:08:10.000000,-25.4185378571,-49.2682900524,POINT (-49.2682900524 -25.4185378571)
2014-05-19 15:08:20.000000,-25.4185378571,-49.2682900524,POINT (-49.2682900524 -25.4185378571)
2014-05-19 15:08:30.000000,-25.4185378571,-49.2682900524,POINT (-49.2682900524 -25.4185378571)
2014-05-19 15:08:40.000000,-25.4185378571,-49.2682900524,POINT (-49.2682900524 -25.4185378571)
2014-05-19 15:08:50.000000,-25.4185378571,-49.2682900524,POINT (-49.2682900524 -25.4185378571)
2014-05-19 15:09:00.000000,-25.4185378571,-49.2682900524,POINT (-49.2682900524 -25.4185378571)
2014-05-19 15:09:10.000000,-25.4185378571,-49.2682900524,POINT (-49.2682900524 -25.4185378571)
2014-05-19 15:09:20.000000,-25.4185378571,-49.2682900524,POINT (-49.2682900524 -25.4185378571)
2014-05-19 15:09:30.000000,-25.4185378571,-49.2682900524,POINT (-49.2682900524 -25.4185378571)
2014-05-19 15:09:40.000000,-25.4185378571,-49.2682900524,POINT (-49.2682900524 -25.4185378571)
2014-05-19 15:09:50.000000,-25.4185378571,-49.2682900524,POINT (-49.2682900524 -25.4185378571)
2014-05-19 15:10:00.000000,-25.4185378571,-49.2682900524,POINT (-49.2682900524 -25.4185378571)
2014-05-19 15:10:10.000000,-25.4185378571,-49.2682900524,POINT (-49.2682900524 -25.4185378571)
2014-05-19 15:10:20.000000,-25.4185378571,-49.2682900524,POINT (-49.2682900524 -25.4185378571)
2014-05-19 15:10:30.000000,-25.4185378571,-49.2682900524,POINT (-49.2682900524 -25.4185378571)
2014-05-19 15:10:40.000000,-25.4185378571,-49.2682900524,POINT (-49.2682900524 -25.4185378571)
2014-05-19 15:10:50.000000,-25.4185378571,-49.2682900524,POINT (-49.2682900524 -25.4185378571)
2014-05-19 15:11:00.000000,-25.4185378571,-49.2682900524,POINT (-49.2682900524 -25.4185378571)
2014-05-19 15:11:10.000000,-25.4185378571,-49.2682900524,POINT (-49.2682900524 -25.4185378571)
2014-05-19 15:11:20.000000,-25.4185378571,-49.2682900524,POINT (-49.2682900524 -25.4185378571)
2014-05-19 15:11:30.000000,-25.4185378571,-49.2682900524,POINT (-49.2682900524 -25.4185378571)
2014-05-19 15:11:40.000000,-25.4185378571,-49.2682900524,POINT (-49.2682900524 -25.4185378571)
2014-05-19 15:11:50.000000,-25.4185378571,-49.2682900524,POINT (-49.2682900524 -25.4185378571)
2014-05-19 15:12:00.000000,-25.4185378571,-49.2682900524,POINT (-49.2682900524 -25.4185378571)
2014-05-19 15:12:10.000000,-25.4185378571,-49.2682900524,POINT (-49.2682900524 -25.4185378571)
2014-05-19 15:12:20.000000,-25.4185378571,-49.2682900524,POINT (-49.2682900524 -25.4185378571)
2014-05-19 15:12:30.000000,-25.4185378571,-49.2682900524,POINT (-49.2682900524 -25.4185378571)
2014-05-19 15:12:40.000000,-25.4185378571,-49.2682900524,POINT (-49.2682900524 -25.4185378571)
2014-05-19 15:12:50.000000,-25.4185378571,-49.2682900524,POINT (-49.2682900524 -25.4185378571)
2014-05-19 15:13:00.000000,-25.4185378571,-49.2682900524,POINT (-49.2682900524 -25.4185378571)
2014-05-19 15:13:10.000000,-25.4185378571,-49.2682900524,POINT (-49.2682900524 -25.4185378571)
2014-05-19 15:13:20.000000,-25.4185378571,-49.2682900524,POINT (-49.2682900524 -25.4185378571)
2014-05-19 15:13:30.000000,-25.4185378571,-49.2682900524,POINT (-49.2682900524 -25.4185378571)
2014-05-19 15:13:40.000000,-25.4185378571,-49.2682900524,POINT (-49.2682900524 -25.4185378571)
2014-05-19 15:13:50.000000,-25.4185378571,-49.2682900524,POINT (-49.2682900524 -25.4185378571)
2014-05-19 15:14:00.000000,-25.4185378571,-49.2682900524,POINT (-49.2682900524 -25.4185378571)
2014-05-19 15:14:10.000000,-25.4185378571,-49.2682900524,POINT (-49.2682900524 -25.4185378571)
2014-05-19 15:14:20.000000,-25.4185378571,-49.2682900524,POINT (-49.2682900524 -25.4185378571)
2014-05-19 15:14:30.000000,-25.4185378571,-49.2682900524,POINT (-49.2682900524 -25.4185378571)
2014-05-19 15:14:40.000000,-25.4185378571,-49.2682900524,POINT (-49.2682900524 -25.4185378571)
2014-05-19 15:14:50.000000,-25.4185378571,-49.2682900524,POINT (-49.2682900524 -25.4185378571)
2014-05-19 15:15:00.000000,-25.4185378571,-49.2682900524,POINT (-49.2682900524 -25.4185378571)
2014-05-19 15:15:10.000000,-25.4185378571,-49.2682900524,POINT (-49.2682900524 -25.4185378571)
2014-05-19 15:15:20.000000,-25.4185378571,-49.2682900524,POINT (-49.2682900524 -25.4185378571)
2014-05-19 15:15:30.000000,-25.4185378571,-49.2682900524,POINT (-49.2682900524 -25.4185378571)
2014-05-19 15:15:40.000000,-25.4185378571,-49.2682900524,POINT (-49.2682900524 -25.4185378571)
2014-05-19 15:15:50.000000,-25.4185378571,-49.2682900524,POINT (-49.2682900524 -25.4185378571)
2014-05-19 15:16:00.000000,-25.4185378571,-49.2682900524,POINT (-49.2682900524 -25.4185378571)
2014-05-19 15:16:10.000000,-25.4185378571,-49.2682900524,POINT (-49.2682900524 -25.4185378571)
2014-05-19 15:16:20.000000,-25.4185378571,-49.2682900524,POINT (-49.2682900524 -25.4185378571)
2014-05-19 15:16:30.000000,-25.4185378571,-49.2682900524,POINT (-49.2682900524 -25.4185378571)
2014-05-19 15:16:40.000000,-25.4185378571,-49.2682900524,POINT (-49.2682900524 -25.4185378571)
2014-05-19 15:16:50.000000,-25.4185378571,-49.2682900524,POINT (-49.2682900524 -25.4185378571)
2014-05-19 15:17:00.000000,-25.4185378571,-49.2682900524,POINT (-49.2682900524 -25.4185378571)
2014-05-19 15:17:10.000000,-25.4185378571,-49.2682900524,POINT (-49.2682900524 -25.4185378571)
2014-05-19 15:17:20.000000,-25.4185378571,-49.2682900524,POINT (-49.2682900524 -25.4185378571)
2014-05-19 15:17:30.000000,-25.4185378571,-49.2682900524,POINT (-49.2682900524 -25.4185378571)
2014-05-19 15:17:40.000000,-25.4185378571,-49.2682900524,POINT (-49.2682900524 -25.4185378571)
2014-05-19 15:17:50.000000,-25.4185378571,-49.2682900524,POINT (-49.2682900524 -25.4185378571)
2014-05-19 15:18:00.000000,-25.4185378571,-49.2682900524,POINT (-49.2682900524 -25.4185378571)
2014-05-19 15:18:10.000000,-25.4185378571,-49.2682900524,POINT (-49.2682900524 -25.4185378571)
2014-05-19 15:18:20.000000,-25.4185378571,-49.2682900524,POINT (-49.2682900524 -25.4185378571)
2014-05-19 15:18:30.000000,-25.4185378571,-49.2682900524,POINT (-49.2682900524 -25.4185378571)
2014-05-19 15:18:40.000000,-25.4185378571,-49.2682900524,POINT (-49.2682900524 -25.4185378571)
2014-05-19 15:18:50.000000,-25.4185378571,-49.2682900524,POINT (-49.2682900524 -25.4185378571)
2014-05-19 15:19:00.000000,-25.4185378571,-49.2682900524,POINT (-49.2682900524 -25.4185378571)
2014-05-19 15:19:10.000000,-25.4185378571,-49.2682900524,POINT (-49.2682900524 -25.4185378571)
2014-05-19 15:19:20.000000,-25.4185378571,-49.2682900524,POINT (-49.2682900524 -25.4185378571)
2014-05-19 15:19:30.000000,-25.4185378571,-49.2682900524,POINT (-49.2682900524 -25.4185378571)
2014-05-19 15:19:40.000000,-25.4185378571,-49.2682900524,POINT (-49.2682900524 -25.4185378571)
2014-05-19 15:19:50.000000,-25.4185378571,-49.2682900524,POINT (-49.2682900524 -25.4185378571)
2014-05-19 15:20:00.000000,-25.4185378571,-49.2682900524,POINT (-49.2682900524 -25.4185378571)
2014-05-19 15:20:10.000000,-25.4185378571,-49.2682900524,POINT (-49.2682900524 -25.4185378571)
2014-05-19 15:20:20.000000,-25.4185378571,-49.2682900524,POINT (-49.2682900524 -25.4185378571)
2014-05-19 15:20:30.000000,-25.4185378571,-49.2682900524,POINT (-49.2682900524 -25.4185378571)
2014-05-19 15:20:40.000000,-25.4185378571,-49.2682900524,POINT (-49.2682900524 -25.4185378571)
2014-05-19 15:20:50.000000,-25.4185378571,-49.2682900524,POINT (-49.2682900524 -25.4185378571)
2014-05-19 15:21:00.000000,-25.4185378571,-49.2682900524,POINT (-49.2682900524 -25.4185378571)
2014-05-19 15:21:10.000000,-25.4185378571,-49.2682900524,POINT (-49.2682900524 -25.4185378571)
2014-05-19 15:21:20.000000,-25.4185378571,-49.2682900524,POINT (-49.2682900524 -25.4185378571)
2014-05-19 15:21:30.000000,-25.4185378571,-49.2682900524,POINT (-49.2682900524 -25.4185378571)
2014-05-19 15:21:40.000000,-25.4185378571,-49.2682900524,POINT (-49.2682900524 -25.4185378571)
2014-05-19 15:21:50.000000,-25.4185378571,-49.2682900524,POINT (-49.2682900524 -25.4185378571)
2014-05-19 15:22:00.000000,-25.4185378571,-49.2682900524,POINT (-49.2682900524 -25.4185378571)
2014-05-19 15:22:10.000000,-25.4185378571,-49.2682900524,POINT (-49.2682900524 -25.4185378571)
2014-05-19 15:22:20.000000,-25.4185378571,-49.2682900524,POINT (-49.2682900524 -25.4185378571)
2014-05-19 15:22:30.000000,-25.4185378571,-49.2682900524,POINT (-49.2682900524 -25.4185378571)
2014-05-19 15:22:40.000000,-25.4185378571,-49.2682900524,POINT (-49.2682900524 -25.4185378571)
2014-05-19 15:22:50.000000,-25.4185378571,-49.2682900524,POINT (-49.2682900524 -25.4185378571)
2014-05-19 15:23:00.000000,-25.4185378571,-49.2682900524,POINT (-49.2682900524 -25.4185378571)
2014-05-19 15:23:10.000000,-25.4185378571,-49.2682900524,POINT (-49.2682900524 -25.4185378571)
2014-05-19 15:23:20.000000,-25.4185378571,-49.2682900524,POINT (-49.2682900524 -25.4185378571)
2014-05-19 15:23:30.000000,-25.4185378571,-49.2682900524,POINT (-49.2682900524 -25.4185378571)
2014-05-19 15:23:40.000000,-25.4185378571,-49.2682900524,POINT (-49.2682900524 -25.4185378571)
2014-05-19 15:23:50.000000,-25.4185378571,-49.2682900524,POINT (-49.2682900524 -25.4185378571)
2014-05-19 15:24:00.000000,-25.4185378571,-49.2682900524,POINT (-49.2682900524 -25.4185378571)
2014-05-19 15:24:10.000000,-25.4185378571,-49.2682900524,POINT (-49.2682900524 -25.4185378571)
2014-05-19 15:24:20.000000,-25.4185378571,-49.2682900524,POINT (-49.2682900524 -25.4185378571)
2014-05-19 15:24:30.000000,-25.4185378571,-49.2682900524,POINT (-49.2682900524 -25.4185378571)
2014-05-19 15:24:40.000000,-25.4185378571,-49.2682900524,POINT (-49.2682900524 -25.4185378571)
2014-05-19 15:24:50.000000,-25.4185378571,-49.2682900524,POINT (-49.2682900524 -25.4185378571)
2014-05-19 15:25:00.000000,-25.4185378571,-49.2682900524,POINT (-49.2682900524 -25.4185378571)
2014-05-19 15:25:10.000000,-25.4185378571,-49.2682900524,POINT (-49.2682900524 -25.4185378571)
2014-05-19 15:25:20.000000,-25.4185378571,-49.2682900524,POINT (-49.2682900524 -25.4185378571)
2014-05-19 15:25:30.000000,-25.4185378571,-49.2682900524,POINT (-49.2682900524 -25.4185378571)
2014-05-19 15:25:40.000000,-25.4185378571,-49.2682900524,POINT (-49.2682900524 -25.4185378571)
2014-05-19 15:25:50.000000,-25.4185378571,-49.2682900524,POINT (-49.2682900524 -25.4185378571)
2014-05-19 15:26:00.000000,-25.4185378571,-49.2682900524,POINT (-49.2682900524 -25.4185378571)
2014-05-19 15:26:10.000000,-25.4185378571,-49.2682900524,POINT (-49.2682900524 -25.4185378571)
2014-05-19 15:26:20.000000,-25.4185378571,-49.2682900524,POINT (-49.2682900524 -25.4185378571)
2014-05-19 15:26:30.000000,-25.4185378571,-49.2682900524,POINT (-49.2682900524 -25.4185378571)
2014-05-19 15:26:40.000000,-25.4185378571,-49.2682900524,POINT (-49.2682900524 -25.4185378571)
2014-05-19 15:26:50.000000,-25.4185378571,-49.2682900524,POINT (-49.2682900524 -25.4185378571)
2014-05-19 15:27:00.000000,-25.4185378571,-49.2682900524,POINT (-49.2682900524 -25.4185378571)
2014-05-19 15:27:10.000000,-25.4185378571,-49.2682900524,POINT (-49.2682900524 -25.4185378571)
2014-05-19 15:27:20.000000,-25.4185378571,-49.2682900524,POINT (-49.2682900524 -25.4185378571)
2014-05-19 15:27:30.000000,-25.4185378571,-49.2682900524,POINT (-49.2682900524 -25.4185378571)
2014-05-19 15:27:40.000000,-25.4185378571,-49.2682900524,POINT (-49.2682900524 -25.4185378571)
2014-05-19 15:27:50.000000,-25.4185378571,-49.2682900524,POINT (-49.2682900524 -25.4185378571)
2014-05-19 15:28:00.000000,-25.4185378571,-49.2682900524,POINT (-49.2682900524 -25.4185378571)
2014-05-19 15:28:10.000000,-25.4185378571,-49.2682900524,POINT (-49.2682900524 -25.4185378571)
2014-05-19 15:28:20.000000,-25.4185378571,-49.2682900524,POINT (-49.2682900524 -25.4185378571)
2014-05-19 15:28:30.000000,-25.4185378571,-49.2682900524,POINT (-49.2682900524 -25.4185378571)
2014-05-19 15:28:40.000000,-25.4185378571,-49.2682900524,POINT (-49.2682900524 -25.4185378571)
2014-05-19 15:28:50.000000,-25.4185378571,-49.2682900524,POINT (-49.2682900524 -25.4185378571)
2014-05-19 15:29:00.000000,-25.4185378571,-49.2682900524,POINT (-49.2682900524 -25.4185378571)
2014-05-19 15:29:10.000000,-25.4185378571,-49.2682900524,POINT (-49.2682900524 -25.4185378571)
2014-05-19 15:29:20.000000,-25.4185378571,-49.2682900524,POINT (-49.2682900524 -25.4185378571)
2014-05-19 15:29:30.000000,-25.4185378571,-49.2682900524,POINT (-49.2682900524 -25.4185378571)
2014-05-19 15:29:40.000000,-25.4185378571,-49.2682900524,POINT (-49.2682900524 -25.4185378571)
2014-05-19 15:29:50.000000,-25.4185378571,-49.2682900524,POINT (-49.2682900524 -25.4185378571)
2014-05-19 15:30:00.000000,-25.4185378571,-49.2682900524,POINT (-49.2682900524 -25.4185378571)
2014-05-19 15:30:10.000000,-25.4185378571,-49.2682900524,POINT (-49.2682900524 -25.4185378571)
2014-05-19 15:30:20.000000,-25.4185378571,-49.2682900524,POINT (-49.2682900524 -25.4185378571)
2014-05-19 15:30:30.000000,-25.4185378571,-49.2682900524,POINT (-49.2682900524 -25.4185378571)
2014-05-19 15:30:40.000000,-25.4185378571,-49.2682900524,POINT (-49.2682900524 -25.4185378571)
2014-05-19 15:30:50.000000,-25.4185378571,-49.2682900524,POINT (-49.2682900524 -25.4185378571)
2014-05-19 15:31:00.000000,-25.4185378571,-49.2682900524,POINT (-49.2682900524 -25.4185378571)
2014-05-19 15:31:10.000000,-25.4185378571,-49.2682900524,POINT (-49.2682900524 -25.4185378571)
2014-05-19 15:31:20.000000,-25.4185378571,-49.2682900524,POINT (-49.2682900524 -25.4185378571)
2014-05-19 15:31:30.000000,-25.4185378571,-49.2682900524,POINT (-49.2682900524 -25.4185378571)
2014-05-19 15:31:40.000000,-25.4185378571,-49.2682900524,POINT (-49.2682900524 -25.4185378571)
2014-05-19 15:31:50.000000,-25.4185378571,-49.2682900524,POINT (-49.2682900524 -25.4185378571)
2014-05-19 15:32:00.000000,-25.4185378571,-49.2682900524,POINT (-49.2682900524 -25.4185378571)
2014-05-19 15:32:10.000000,-25.4185378571,-49.2682900524,POINT (-49.2682900524 -25.4185378571)
2014-05-19 15:32:20.000000,-25.4185378571,-49.2682900524,POINT (-49.2682900524 -25.4185378571)
2014-05-19 15:32:30.000000,-25.4185378571,-49.2682900524,POINT (-49.2682900524 -25.4185378571)
2014-05-19 15:32:40.000000,-25.4185378571,-49.2682900524,POINT (-49.2682900524 -25.4185378571)
2014-05-19 15:32:50.000000,-25.4185378571,-49.2682900524,POINT (-49.2682900524 -25.4185378571)
2014-05-19 15:33:00.000000,-25.4185378571,-49.2682900524,POINT (-49.2682900524 -25.4185378571)
2014-05-19 15:33:10.000000,-25.4185378571,-49.2682900524,POINT (-49.2682900524 -25.4185378571)
2014-05-19 15:33:20.000000,-25.4185378571,-49.2682900524,POINT (-49.2682900524 -25.4185378571)
2014-05-19 15:33:30.000000,-25.4185378571,-49.2682900524,POINT (-49.2682900524 -25.4185378571)
2014-05-19 15:33:40.000000,-25.4185378571,-49.2682900524,POINT (-49.2682900524 -25.4185378571)
2014-05-19 15:33:50.000000,-25.4185378571,-49.2682900524,POINT (-49.2682900524 -25.4185378571)
2014-05-19 15:34:00.000000,-25.4185378571,-49.2682900524,POINT (-49.2682900524 -25.4185378571)
2014-05-19 15:34:10.000000,-25.4185378571,-49.2682900524,POINT (-49.2682900524 -25.4185378571)
2014-05-19 15:34:20.000000,-25.4185378571,-49.2682900524,POINT (-49.2682900524 -25.4185378571)
2014-05-19 15:34:30.000000,-25.4185378571,-49.2682900524,POINT (-49.2682900524 -25.4185378571)
2014-05-19 15:34:40.000000,-25.4185378571,-49.2682900524,POINT (-49.2682900524 -25.4185378571)
2014-05-19 15:34:50.000000,-25.4185378571,-49.2682900524,POINT (-49.2682900524 -25.4185378571)
2014-05-19 15:35:00.000000,-25.4185378571,-49.2682900524,POINT (-49.2682900524 -25.4185378571)
2014-05-19 15:35:10.000000,-25.4185378571,-49.2682900524,POINT (-49.2682900524 -25.4185378571)
2014-05-19 15:35:20.000000,-25.4185378571,-49.2682900524,POINT (-49.2682900524 -25.4185378571)
2014-05-19 15:35:30.000000,-25.4185378571,-49.2682900524,POINT (-49.2682900524 -25.4185378571)
2014-05-19 15:35:40.000000,-25.4185378571,-49.2682900524,POINT (-49.2682900524 -25.4185378571)
2014-05-19 15:35:50.000000,-25.4185378571,-49.2682900524,POINT (-49.2682900524 -25.4185378571)
2014-05-19 15:36:00.000000,-25.4185378571,-49.2682900524,POINT (-49.2682900524 -25.4185378571)
2014-05-19 15:36:10.000000,-25.4185378571,-49.2682900524,POINT (-49.2682900524 -25.4185378571)
2014-05-19 15:36:20.000000,-25.4185378571,-49.2682900524,POINT (-49.2682900524 -25.4185378571)
2014-05-19 15:36:30.000000,-25.4185378571,-49.2682900524,POINT (-49.2682900524 -25.4185378571)
2014-05-19 15:36:40.000000,-25.4185378571,-49.2682900524,POINT (-49.2682900524 -25.4185378571)
2014-05-19 15:36:50.000000,-25.4185378571,-49.2682900524,POINT (-49.2682900524 -25.4185378571)
2014-05-19 15:37:00.000000,-25.4185378571,-49.2682900524,POINT (-49.2682900524 -25.4185378571)
2014-05-19 15:37:10.000000,-25.4185378571,-49.2682900524,POINT (-49.2682900524 -25.4185378571)
2014-05-19 15:37:20.000000,-25.4185378571,-49.2682900524,POINT (-49.2682900524 -25.4185378571)
2014-05-19 15:37:30.000000,-25.4185378571,-49.2682900524,POINT (-49.2682900524 -25.4185378571)
2014-05-19 15:37:40.000000,-25.4185378571,-49.2682900524,POINT (-49.2682900524 -25.4185378571)
2014-05-19 15:37:50.000000,-25.4185378571,-49.2682900524,POINT (-49.2682900524 -25.4185378571)
2014-05-19 15:38:00.000000,-25.4185378571,-49.2682900524,POINT (-49.2682900524 -25.4185378571)
2014-05-19 15:38:10.000000,-25.4185378571,-49.2682900524,POINT (-49.2682900524 -25.4185378571)
2014-05-19 15:38:20.000000,-25.4185378571,-49.2682900524,POINT (-49.2682900524 -25.4185378571)
2014-05-19 15:38:30.000000,-25.4185378571,-49.2682900524,POINT (-49.2682900524 -25.4185378571)
2014-05-19 15:38:40.000000,-25.4185378571,-49.2682900524,POINT (-49.2682900524 -25.4185378571)
2014-05-19 15:38:50.000000,-25.4185378571,-49.2682900524,POINT (-49.2682900524 -25.4185378571)
2014-05-19 15:39:00.000000,-25.4185378571,-49.2682900524,POINT (-49.2682900524 -25.4185378571)
2014-05-19 15:39:10.000000,-25.4185378571,-49.2682900524,POINT (-49.2682900524 -25.4185378571)
2014-05-19 15:39:20.000000,-25.4185378571,-49.2682900524,POINT (-49.2682900524 -25.4185378571)
2014-05-19 15:39:30.000000,-25.4185378571,-49.2682900524,POINT (-49.2682900524 -25.4185378571)
2014-05-19 15:39:40.000000,-25.4185378571,-49.2682900524,POINT (-49.2682900524 -25.4185378571)
2014-05-19 15:39:50.000000,-25.4185378571,-49.2682900524,POINT (-49.2682900524 -25.4185378571)
2014-05-19 15:40:00.000000,-25.4185378571,-49.2682900524,POINT (-49.2682900524 -25.4185378571)
2014-05-19 15:40:10.000000,-25.4185378571,-49.2682900524,POINT (-49.2682900524 -25.4185378571)
2014-05-19 15:40:20.000000,-25.4185378571,-49.2682900524,POINT (-49.2682900524 -25.4185378571)
2014-05-19 15:40:30.000000,-25.4185378571,-49.2682900524,POINT (-49.2682900524 -25.4185378571)
2014-05-19 15:40:40.000000,-25.4185378571,-49.2682900524,POINT (-49.2682900524 -25.4185378571)
2014-05-19 15:40:50.000000,-25.4185378571,-49.2682900524,POINT (-49.2682900524 -25.4185378571)
2014-05-19 15:41:00.000000,-25.4185378571,-49.2682900524,POINT (-49.2682900524 -25.4185378571)
2014-05-19 15:41:10.000000,-25.4185378571,-49.2682900524,POINT (-49.2682900524 -25.4185378571)
2014-05-19 15:41:20.000000,-25.4185378571,-49.2682900524,POINT (-49.2682900524 -25.4185378571)
2014-05-19 15:41:30.000000,-25.4185378571,-49.2682900524,POINT (-49.2682900524 -25.4185378571)
2014-05-19 15:41:40.000000,-25.4185378571,-49.2682900524,POINT (-49.2682900524 -25.4185378571)
2014-05-19 15:41:50.000000,-25.4185378571,-49.2682900524,POINT (-49.2682900524 -25.4185378571)
2014-05-19 15:42:00.000000,-25.4185378571,-49.2682900524,POINT (-49.2682900524 -25.4185378571)
2014-05-19 15:42:10.000000,-25.4185378571,-49.2682900524,POINT (-49.2682900524 -25.4185378571)
2014-05-19 15:42:20.000000,-25.4185378571,-49.2682900524,POINT (-49.2682900524 -25.4185378571)
2014-05-19 15:42:30.000000,-25.4185378571,-49.2682900524,POINT (-49.2682900524 -25.4185378571)
2014-05-19 15:42:40.000000,-25.4185378571,-49.2682900524,POINT (-49.2682900524 -25.4185378571)
2014-05-19 15:42:50.000000,-25.4185378571,-49.2682900524,POINT (-49.2682900524 -25.4185378571)
2014-05-19 15:43:00.000000,-25.4185378571,-49.2682900524,POINT (-49.2682900524 -25.4185378571)
2014-05-19 15:43:10.000000,-25.4185378571,-49.2682900524,POINT (-49.2682900524 -25.4185378571)
2014-05-19 15:43:20.000000,-25.4185378571,-49.2682900524,POINT (-49.2682900524 -25.4185378571)
2014-05-19 15:43:30.000000,-25.4185378571,-49.2682900524,POINT (-49.2682900524 -25.4185378571)
2014-05-19 15:43:40.000000,-25.4185378571,-49.2682900524,POINT (-49.2682900524 -25.4185378571)
2014-05-19 15:43:50.000000,-25.4185378571,-49.2682900524,POINT (-49.2682900524 -25.4185378571)
2014-05-19 15:44:00.000000,-25.4185378571,-49.2682900524,POINT (-49.2682900524 -25.4185378571)
2014-05-19 15:44:10.000000,-25.4185378571,-49.2682900524,POINT (-49.2682900524 -25.4185378571)
2014-05-19 15:44:20.000000,-25.4185378571,-49.2682900524,POINT (-49.2682900524 -25.4185378571)
2014-05-19 15:44:30.000000,-25.4185378571,-49.2682900524,POINT (-49.2682900524 -25.4185378571)
2014-05-19 15:44:40.000000,-25.4185378571,-49.2682900524,POINT (-49.2682900524 -25.4185378571)
2014-05-19 15:44:50.000000,-25.4185378571,-49.2682900524,POINT (-49.2682900524 -25.4185378571)
2014-05-19 15:45:00.000000,-25.4185378571,-49.2682900524,POINT (-49.2682900524 -25.4185378571)
2014-05-19 15:45:10.000000,-25.4185378571,-49.2682900524,POINT (-49.2682900524 -25.4185378571)
2014-05-19 15:45:20.000000,-25.4185378571,-49.2682900524,POINT (-49.2682900524 -25.4185378571)
2014-05-19 15:45:30.000000,-25.4185378571,-49.2682900524,POINT (-49.2682900524 -25.4185378571)
2014-05-19 15:45:40.000000,-25.4185378571,-49.2682900524,POINT (-49.2682900524 -25.4185378571)
2014-05-19 15:45:50.000000,-25.4185378571,-49.2682900524,POINT (-49.2682900524 -25.4185378571)
2014-05-19 15:46:00.000000,-25.4185378571,-49.2682900524,POINT (-49.2682900524 -25.4185378571)
2014-05-19 15:46:10.000000,-25.4185378571,-49.2682900524,POINT (-49.2682900524 -25.4185378571)
2014-05-19 15:46:20.000000,-25.4185378571,-49.2682900524,POINT (-49.2682900524 -25.4185378571)
2014-05-19 15:46:30.000000,-25.4185378571,-49.2682900524,POINT (-49.2682900524 -25.4185378571)
2014-05-19 15:46:40.000000,-25.4185378571,-49.2682900524,POINT (-49.2682900524 -25.4185378571)
2014-05-19 15:46:50.000000,-25.4185378571,-49.2682900524,POINT (-49.2682900524 -25.4185378571)
2014-05-19 15:47:00.000000,-25.4185378571,-49.2682900524,POINT (-49.2682900524 -25.4185378571)
2014-05-19 15:47:10.000000,-25.4185378571,-49.2682900524,POINT (-49.2682900524 -25.4185378571)
2014-05-19 15:47:20.000000,-25.4185378571,-49.2682900524,POINT (-49.2682900524 -25.4185378571)
2014-05-19 15:47:30.000000,-25.4185378571,-49.2682900524,POINT (-49.2682900524 -25.4185378571)
2014-05-19 15:47:40.000000,-25.4185378571,-49.2682900524,POINT (-49.2682900524 -25.4185378571)
2014-05-19 15:47:50.000000,-25.4185378571,-49.2682900524,POINT (-49.2682900524 -25.4185378571)
2014-05-19 15:48:00.000000,-25.4185378571,-49.2682900524,POINT (-49.2682900524 -25.4185378571)
2014-05-19 15:48:10.000000,-25.4185378571,-49.2682900524,POINT (-49.2682900524 -25.4185378571)
2014-05-19 15:48:20.000000,-25.4185378571,-49.2682900524,POINT (-49.2682900524 -25.4185378571)
2014-05-19 15:48:30.000000,-25.4185378571,-49.2682900524,POINT (-49.2682900524 -25.4185378571)
2014-05-19 15:48:40.000000,-25.4185378571,-49.2682900524,POINT (-49.2682900524 -25.4185378571)
2014-05-19 15:48:50.000000,-25.4185378571,-49.2682900524,POINT (-49.2682900524 -25.4185378571)
2014-05-19 15:49:00.000000,-25.4185378571,-49.2682900524,POINT (-49.2682900524 -25.4185378571)
2014-05-19 15:49:10.000000,-25.4185378571,-49.2682900524,POINT (-49.2682900524 -25.4185378571)
2014-05-19 15:49:20.000000,-25.4185378571,-49.2682900524,POINT (-49.2682900524 -25.4185378571)
2014-05-19 15:49:30.000000,-25.4185378571,-49.2682900524,POINT (-49.2682900524 -25.4185378571)
2014-05-19 15:49:40.000000,-25.4185378571,-49.2682900524,POINT (-49.2682900524 -25.4185378571)
2014-05-19 15:49:50.000000,-25.4185378571,-49.2682900524,POINT (-49.2682900524 -25.4185378571)
2014-05-19 15:50:00.000000,-25.4185378571,-49.2682900524,POINT (-49.2682900524 -25.4185378571)
2014-05-19 15:50:10.000000,-25.4185378571,-49.2682900524,POINT (-49.2682900524 -25.4185378571)
2014-05-19 15:50:20.000000,-25.4185378571,-49.2682900524,POINT (-49.2682900524 -25.4185378571)
2014-05-19 15:50:30.000000,-25.4185378571,-49.2682900524,POINT (-49.2682900524 -25.4185378571)
2014-05-19 15:50:40.000000,-25.4185378571,-49.2682900524,POINT (-49.2682900524 -25.4185378571)
2014-05-19 15:50:50.000000,-25.4185378571,-49.2682900524,POINT (-49.2682900524 -25.4185378571)
2014-05-19 15:51:00.000000,-25.4185378571,-49.2682900524,POINT (-49.2682900524 -25.4185378571)
2014-05-19 15:51:10.000000,-25.4185378571,-49.2682900524,POINT (-49.2682900524 -25.4185378571)
2014-05-19 15:51:20.000000,-25.4185378571,-49.2682900524,POINT (-49.2682900524 -25.4185378571)
2014-05-19 15:51:30.000000,-25.4185378571,-49.2682900524,POINT (-49.2682900524 -25.4185378571)
2014-05-19 15:51:40.000000,-25.4185378571,-49.2682900524,POINT (-49.2682900524 -25.4185378571)
2014-05-19 15:51:50.000000,-25.4185378571,-49.2682900524,POINT (-49.2682900524 -25.4185378571)
2014-05-19 15:52:00.000000,-25.4185378571,-49.2682900524,POINT (-49.2682900524 -25.4185378571)
2014-05-19 15:52:10.000000,-25.4185378571,-49.2682900524,POINT (-49.2682900524 -25.4185378571)
2014-05-19 15:52:20.000000,-25.4185378571,-49.2682900524,POINT (-49.2682900524 -25.4185378571)
2014-05-19 15:52:30.000000,-25.4185378571,-49.2682900524,POINT (-49.2682900524 -25.4185378571)
2014-05-19 15:52:40.000000,-25.4185378571,-49.2682900524,POINT (-49.2682900524 -25.4185378571)
2014-05-19 15:52:50.000000,-25.4185378571,-49.2682900524,POINT (-49.2682900524 -25.4185378571)
2014-05-19 15:53:00.000000,-25.4185378571,-49.2682900524,POINT (-49.2682900524 -25.4185378571)
2014-05-19 15:53:10.000000,-25.4185378571,-49.2682900524,POINT (-49.2682900524 -25.4185378571)
2014-05-19 15:53:20.000000,-25.4185378571,-49.2682900524,POINT (-49.2682900524 -25.4185378571)
2014-05-19 15:53:30.000000,-25.4185378571,-49.2682900524,POINT (-49.2682900524 -25.4185378571)
2014-05-19 15:53:40.000000,-25.4185378571,-49.2682900524,POINT (-49.2682900524 -25.4185378571)
2014-05-19 15:53:50.000000,-25.4185378571,-49.2682900524,POINT (-49.2682900524 -25.4185378571)
2014-05-19 15:54:00.000000,-25.4185378571,-49.2682900524,POINT (-49.2682900524 -25.4185378571)
2014-05-19 15:54:10.000000,-25.4185378571,-49.2682900524,POINT (-49.2682900524 -25.4185378571)
2014-05-19 15:54:20.000000,-25.4185378571,-49.2682900524,POINT (-49.2682900524 -25.4185378571)
2014-05-19 15:54:30.000000,-25.4185378571,-49.2682900524,POINT (-49.2682900524 -25.4185378571)
2014-05-19 15:54:40.000000,-25.4185378571,-49.2682900524,POINT (-49.2682900524 -25.4185378571)
2014-05-19 15:54:50.000000,-25.4185378571,-49.2682900524,POINT (-49.2682900524 -25.4185378571)
2014-05-19 15:55:00.000000,-25.4185378571,-49.2682900524,POINT (-49.2682900524 -25.4185378571)
2014-05-19 15:55:10.000000,-25.4185378571,-49.2682900524,POINT (-49.2682900524 -25.4185378571)
2014-05-19 15:55:20.000000,-25.4185378571,-49.2682900524,POINT (-49.2682900524 -25.4185378571)
2014-05-19 15:55:30.000000,-25.4185378571,-49.2682900524,POINT (-49.2682900524 -25.4185378571)
2014-05-19 15:55:40.000000,-25.4185378571,-49.2682900524,POINT (-49.2682900524 -25.4185378571)
2014-05-19 15:55:50.000000,-25.4185378571,-49.2682900524,POINT (-49.2682900524 -25.4185378571)
2014-05-19 15:56:00.000000,-25.4185378571,-49.2682900524,POINT (-49.2682900524 -25.4185378571)
2014-05-19 15:56:10.000000,-25.4185378571,-49.2682900524,POINT (-49.2682900524 -25.4185378571)
2014-05-19 15:56:20.000000,-25.4185378571,-49.2682900524,POINT (-49.2682900524 -25.4185378571)
2014-05-19 15:56:30.000000,-25.4185378571,-49.2682900524,POINT (-49.2682900524 -25.4185378571)
2014-05-19 15:56:40.000000,-25.4185378571,-49.2682900524,POINT (-49.2682900524 -25.4185378571)
2014-05-19 15:56:50.000000,-25.4185378571,-49.2682900524,POINT (-49.2682900524 -25.4185378571)
2014-05-19 15:57:00.000000,-25.4185378571,-49.2682900524,POINT (-49.2682900524 -25.4185378571)
2014-05-19 15:57:10.000000,-25.4185378571,-49.2682900524,POINT (-49.2682900524 -25.4185378571)
2014-05-19 15:57:20.000000,-25.4185378571,-49.2682900524,POINT (-49.2682900524 -25.4185378571)
2014-05-19 15:57:30.000000,-25.4185378571,-49.2682900524,POINT (-49.2682900524 -25.4185378571)
2014-05-19 15:57:40.000000,-25.4185378571,-49.2682900524,POINT (-49.2682900524 -25.4185378571)
2014-05-19 15:57:50.000000,-25.4185378571,-49.2682900524,POINT (-49.2682900524 -25.4185378571)
2014-05-19 15:58:00.000000,-25.4185378571,-49.2682900524,POINT (-49.2682900524 -25.4185378571)
2014-05-19 15:58:10.000000,-25.4185378571,-49.2682900524,POINT (-49.2682900524 -25.4185378571)
2014-05-19 15:58:20.000000,-25.4185378571,-49.2682900524,POINT (-49.2682900524 -25.4185378571)
2014-05-19 15:58:30.000000,-25.4185378571,-49.2682900524,POINT (-49.2682900524 -25.4185378571)
2014-05-19 15:58:40.000000,-25.4185378571,-49.2682900524,POINT (-49.2682900524 -25.4185378571)
2014-05-19 15:58:50.000000,-25.4185378571,-49.2682900524,POINT (-49.2682900524 -25.4185378571)
2014-05-19 15:59:00.000000,-25.4185378571,-49.2682900524,POINT (-49.2682900524 -25.4185378571)
2014-05-19 15:59:10.000000,-25.4185378571,-49.2682900524,POINT (-49.2682900524 -25.4185378571)
2014-05-19 15:59:20.000000,-25.4185378571,-49.2682900524,POINT (-49.2682900524 -25.4185378571)
2014-05-19 15:59:30.000000,-25.4185378571,-49.2682900524,POINT (-49.2682900524 -25.4185378571)
2014-05-19 15:59:40.000000,-25.4185378571,-49.2682900524,POINT (-49.2682900524 -25.4185378571)
2014-05-19 15:59:50.000000,-25.4185378571,-49.2682900524,POINT (-49.2682900524 -25.4185378571)
2014-05-19 16:00:00.000000,-25.4185378571,-49.2682900524,POINT (-49.2682900524 -25.4185378571)
2014-05-19 16:00:10.000000,-25.4185378571,-49.2682900524,POINT (-49.2682900524 -25.4185378571)
2014-05-19 16:00:20.000000,-25.4185378571,-49.2682900524,POINT (-49.2682900524 -25.4185378571)
2014-05-19 16:00:30.000000,-25.4185378571,-49.2682900524,POINT (-49.2682900524 -25.4185378571)
2014-05-19 16:00:40.000000,-25.4185378571,-49.2682900524,POINT (-49.2682900524 -25.4185378571)
2014-05-19 16:00:50.000000,-25.4185378571,-49.2682900524,POINT (-49.2682900524 -25.4185378571)
2014-05-19 16:01:00.000000,-25.4185378571,-49.2682900524,POINT (-49.2682900524 -25.4185378571)
2014-05-19 16:01:10.000000,-25.4185378571,-49.2682900524,POINT (-49.2682900524 -25.4185378571)
2014-05-19 16:01:20.000000,-25.4185378571,-49.2682900524,POINT (-49.2682900524 -25.4185378571)
2014-05-19 16:01:30.000000,-25.4185378571,-49.2682900524,POINT (-49.2682900524 -25.4185378571)
2014-05-19 16:01:40.000000,-25.4185378571,-49.2682900524,POINT (-49.2682900524 -25.4185378571)
2014-05-19 16:01:50.000000,-25.4185378571,-49.2682900524,POINT (-49.2682900524 -25.4185378571)
2014-05-19 16:02:00.000000,-25.4185378571,-49.2682900524,POINT (-49.2682900524 -25.4185378571)
2014-05-19 16:02:10.000000,-25.4185378571,-49.2682900524,POINT (-49.2682900524 -25.4185378571)
2014-05-19 16:02:20.000000,-25.4185378571,-49.2682900524,POINT (-49.2682900524 -25.4185378571)
2014-05-19 16:02:30.000000,-25.4185378571,-49.2682900524,POINT (-49.2682900524 -25.4185378571)
2014-05-19 16:02:40.000000,-25.4185378571,-49.2682900524,POINT (-49.2682900524 -25.4185378571)
2014-05-19 16:02:50.000000,-25.4185378571,-49.2682900524,POINT (-49.2682900524 -25.4185378571)
2014-05-19 16:03:00.000000,-25.4185378571,-49.2682900524,POINT (-49.2682900524 -25.4185378571)
2014-05-19 16:03:10.000000,-25.4185378571,-49.2682900524,POINT (-49.2682900524 -25.4185378571)
2014-05-19 16:03:20.000000,-25.4185378571,-49.2682900524,POINT (-49.2682900524 -25.4185378571)
2014-05-19 16:03:30.000000,-25.4185378571,-49.2682900524,POINT (-49.2682900524 -25.4185378571)
2014-05-19 16:03:40.000000,-25.4185378571,-49.2682900524,POINT (-49.2682900524 -25.4185378571)
2014-05-19 16:03:50.000000,-25.4185378571,-49.2682900524,POINT (-49.2682900524 -25.4185378571)
2014-05-19 16:04:00.000000,-25.4185378571,-49.2682900524,POINT (-49.2682900524 -25.4185378571)
2014-05-19 16:04:10.000000,-25.4185378571,-49.2682900524,POINT (-49.2682900524 -25.4185378571)
2014-05-19 16:04:20.000000,-25.4185378571,-49.2682900524,POINT (-49.2682900524 -25.4185378571)
2014-05-19 16:04:30.000000,-25.4185378571,-49.2682900524,POINT (-49.2682900524 -25.4185378571)
2014-05-19 16:04:40.000000,-25.4185378571,-49.2682900524,POINT (-49.2682900524 -25.4185378571)
2014-05-19 16:04:50.000000,-25.4185378571,-49.2682900524,POINT (-49.2682900524 -25.4185378571)
2014-05-19 16:05:00.000000,-25.4185378571,-49.2682900524,POINT (-49.2682900524 -25.4185378571)
2014-05-19 16:05:10.000000,-25.4185378571,-49.2682900524,POINT (-49.2682900524 -25.4185378571)
2014-05-19 16:05:20.000000,-25.4185378571,-49.2682900524,POINT (-49.2682900524 -25.4185378571)
2014-05-19 16:05:30.000000,-25.4185378571,-49.2682900524,POINT (-49.2682900524 -25.4185378571)
2014-05-19 16:05:40.000000,-25.4185378571,-49.2682900524,POINT (-49.2682900524 -25.4185378571)
2014-05-19 16:05:50.000000,-25.4185378571,-49.2682900524,POINT (-49.2682900524 -25.4185378571)
2014-05-19 16:06:00.000000,-25.4185378571,-49.2682900524,POINT (-49.2682900524 -25.4185378571)
2014-05-19 16:06:10.000000,-25.4185378571,-49.2682900524,POINT (-49.2682900524 -25.4185378571)
2014-05-19 16:06:20.000000,-25.4185378571,-49.2682900524,POINT (-49.2682900524 -25.4185378571)
2014-05-19 16:06:30.000000,-25.4185378571,-49.2682900524,POINT (-49.2682900524 -25.4185378571)
2014-05-19 16:06:40.000000,-25.4185378571,-49.2682900524,POINT (-49.2682900524 -25.4185378571)
2014-05-19 16:06:50.000000,-25.4185378571,-49.2682900524,POINT (-49.2682900524 -25.4185378571)
2014-05-19 16:07:00.000000,-25.4185378571,-49.2682900524,POINT (-49.2682900524 -25.4185378571)
2014-05-19 16:07:10.000000,-25.4185378571,-49.2682900524,POINT (-49.2682900524 -25.4185378571)
2014-05-19 16:07:20.000000,-25.4185378571,-49.2682900524,POINT (-49.2682900524 -25.4185378571)
2014-05-19 16:07:30.000000,-25.4185378571,-49.2682900524,POINT (-49.2682900524 -25.4185378571)
2014-05-19 16:07:40.000000,-25.4185378571,-49.2682900524,POINT (-49.2682900524 -25.4185378571)
2014-05-19 16:07:50.000000,-25.4185378571,-49.2682900524,POINT (-49.2682900524 -25.4185378571)
2014-05-19 16:08:00.000000,-25.4185378571,-49.2682900524,POINT (-49.2682900524 -25.4185378571)
2014-05-19 16:08:10.000000,-25.4185378571,-49.2682900524,POINT (-49.2682900524 -25.4185378571)
2014-05-19 16:08:20.000000,-25.4185378571,-49.2682900524,POINT (-49.2682900524 -25.4185378571)
2014-05-19 16:08:30.000000,-25.4185378571,-49.2682900524,POINT (-49.2682900524 -25.4185378571)
2014-05-19 16:08:40.000000,-25.4185378571,-49.2682900524,POINT (-49.2682900524 -25.4185378571)
2014-05-19 16:08:50.000000,-25.4185378571,-49.2682900524,POINT (-49.2682900524 -25.4185378571)
2014-05-19 16:09:00.000000,-25.4185378571,-49.2682900524,POINT (-49.2682900524 -25.4185378571)
2014-05-19 16:09:10.000000,-25.4185378571,-49.2682900524,POINT (-49.2682900524 -25.4185378571)
2014-05-19 16:09:20.000000,-25.4185378571,-49.2682900524,POINT (-49.2682900524 -25.4185378571)
2014-05-19 16:09:30.000000,-25.4185378571,-49.2682900524,POINT (-49.2682900524 -25.4185378571)
2014-05-19 16:09:40.000000,-25.4185378571,-49.2682900524,POINT (-49.2682900524 -25.4185378571)
2014-05-19 16:09:50.000000,-25.4185378571,-49.2682900524,POINT (-49.2682900524 -25.4185378571)
2014-05-19 16:10:00.000000,-25.4185378571,-49.2682900524,POINT (-49.2682900524 -25.4185378571)
2014-05-19 16:10:10.000000,-25.4185378571,-49.2682900524,POINT (-49.2682900524 -25.4185378571)
2014-05-19 16:10:20.000000,-25.4185378571,-49.2682900524,POINT (-49.2682900524 -25.4185378571)
2014-05-19 16:10:30.000000,-25.4185378571,-49.2682900524,POINT (-49.2682900524 -25.4185378571)
2014-05-19 16:10:40.000000,-25.4185378571,-49.2682900524,POINT (-49.2682900524 -25.4185378571)
2014-05-19 16:10:50.000000,-25.4185378571,-49.2682900524,POINT (-49.2682900524 -25.4185378571)
2014-05-19 16:11:00.000000,-25.4185378571,-49.2682900524,POINT (-49.2682900524 -25.4185378571)
2014-05-19 16:11:10.000000,-25.4185378571,-49.2682900524,POINT (-49.2682900524 -25.4185378571)
2014-05-19 16:11:20.000000,-25.4185378571,-49.2682900524,POINT (-49.2682900524 -25.4185378571)
2014-05-19 16:11:30.000000,-25.4185378571,-49.2682900524,POINT (-49.2682900524 -25.4185378571)
2014-05-19 16:11:40.000000,-25.4185378571,-49.2682900524,POINT (-49.2682900524 -25.4185378571)
2014-05-19 16:11:50.000000,-25.4185378571,-49.2682900524,POINT (-49.2682900524 -25.4185378571)
2014-05-19 16:12:00.000000,-25.4185378571,-49.2682900524,POINT (-49.2682900524 -25.4185378571)
2014-05-19 16:12:10.000000,-25.4185378571,-49.2682900524,POINT (-49.2682900524 -25.4185378571)
2014-05-19 16:12:20.000000,-25.4185378571,-49.2682900524,POINT (-49.2682900524 -25.4185378571)
2014-05-19 16:12:30.000000,-25.4185378571,-49.2682900524,POINT (-49.2682900524 -25.4185378571)
2014-05-19 16:12:40.000000,-25.4185378571,-49.2682900524,POINT (-49.2682900524 -25.4185378571)
2014-05-19 16:12:50.000000,-25.4185378571,-49.2682900524,POINT (-49.2682900524 -25.4185378571)
2014-05-19 16:13:00.000000,-25.4185378571,-49.2682900524,POINT (-49.2682900524 -25.4185378571)
2014-05-19 16:13:10.000000,-25.4185378571,-49.2682900524,POINT (-49.2682900524 -25.4185378571)
2014-05-19 16:13:20.000000,-25.4185378571,-49.2682900524,POINT (-49.2682900524 -25.4185378571)
2014-05-19 16:13:30.000000,-25.4185378571,-49.2682900524,POINT (-49.2682900524 -25.4185378571)
2014-05-19 16:13:40.000000,-25.4185378571,-49.2682900524,POINT (-49.2682900524 -25.4185378571)
2014-05-19 16:13:50.000000,-25.4185378571,-49.2682900524,POINT (-49.2682900524 -25.4185378571)
2014-05-19 16:14:00.000000,-25.4185378571,-49.2682900524,POINT (-49.2682900524 -25.4185378571)
2014-05-19 16:14:10.000000,-25.4185378571,-49.2682900524,POINT (-49.2682900524 -25.4185378571)
2014-05-19 16:14:20.000000,-25.4185378571,-49.2682900524,POINT (-49.2682900524 -25.4185378571)
2014-05-19 16:14:30.000000,-25.4185378571,-49.2682900524,POINT (-49.2682900524 -25.4185378571)
2014-05-19 16:14:40.000000,-25.4185378571,-49.2682900524,POINT (-49.2682900524 -25.4185378571)
2014-05-19 16:14:50.000000,-25.4185378571,-49.2682900524,POINT (-49.2682900524 -25.4185378571)
2014-05-19 16:15:00.000000,-25.4185378571,-49.2682900524,POINT (-49.2682900524 -25.4185378571)
2014-05-19 16:15:10.000000,-25.4185378571,-49.2682900524,POINT (-49.2682900524 -25.4185378571)
2014-05-19 16:15:20.000000,-25.4185378571,-49.2682900524,POINT (-49.2682900524 -25.4185378571)
2014-05-19 16:15:30.000000,-25.4185378571,-49.2682900524,POINT (-49.2682900524 -25.4185378571)
2014-05-19 16:15:40.000000,-25.4185378571,-49.2682900524,POINT (-49.2682900524 -25.4185378571)
2014-05-19 16:15:50.000000,-25.4185378571,-49.2682900524,POINT (-49.2682900524 -25.4185378571)
2014-05-19 16:16:00.000000,-25.4185378571,-49.2682900524,POINT (-49.2682900524 -25.4185378571)
2014-05-19 16:16:10.000000,-25.4185378571,-49.2682900524,POINT (-49.2682900524 -25.4185378571)
2014-05-19 16:16:20.000000,-25.4185378571,-49.2682900524,POINT (-49.2682900524 -25.4185378571)
2014-05-19 16:16:30.000000,-25.4185378571,-49.2682900524,POINT (-49.2682900524 -25.4185378571)
2014-05-19 16:16:40.000000,-25.4185378571,-49.2682900524,POINT (-49.2682900524 -25.4185378571)
2014-05-19 16:16:50.000000,-25.4185378571,-49.2682900524,POINT (-49.2682900524 -25.4185378571)
2014-05-19 16:17:00.000000,-25.4185378571,-49.2682900524,POINT (-49.2682900524 -25.4185378571)
2014-05-19 16:17:10.000000,-25.4185378571,-49.2682900524,POINT (-49.2682900524 -25.4185378571)
2014-05-19 16:17:20.000000,-25.4185378571,-49.2682900524,POINT (-49.2682900524 -25.4185378571)
2014-05-19 16:17:30.000000,-25.4185378571,-49.2682900524,POINT (-49.2682900524 -25.4185378571)
2014-05-19 16:17:40.000000,-25.4185378571,-49.2682900524,POINT (-49.2682900524 -25.4185378571)
2014-05-19 16:17:50.000000,-25.4185378571,-49.2682900524,POINT (-49.2682900524 -25.4185378571)
2014-05-19 16:18:00.000000,-25.4185378571,-49.2682900524,POINT (-49.2682900524 -25.4185378571)
2014-05-19 16:18:10.000000,-25.4185378571,-49.2682900524,POINT (-49.2682900524 -25.4185378571)
2014-05-19 16:18:20.000000,-25.4185378571,-49.2682900524,POINT (-49.2682900524 -25.4185378571)
2014-05-19 16:18:30.000000,-25.4185378571,-49.2682900524,POINT (-49.2682900524 -25.4185378571)
2014-05-19 16:18:40.000000,-25.4185378571,-49.2682900524,POINT (-49.2682900524 -25.4185378571)
2014-05-19 16:18:50.000000,-25.4185378571,-49.2682900524,POINT (-49.2682900524 -25.4185378571)
2014-05-19 16:19:00.000000,-25.4185378571,-49.2682900524,POINT (-49.2682900524 -25.4185378571)
2014-05-19 16:19:10.000000,-25.4185378571,-49.2682900524,POINT (-49.2682900524 -25.4185378571)
2014-05-19 16:19:20.000000,-25.4185378571,-49.2682900524,POINT (-49.2682900524 -25.4185378571)
2014-05-19 16:19:30.000000,-25.4185378571,-49.2682900524,POINT (-49.2682900524 -25.4185378571)
2014-05-19 16:19:40.000000,-25.4185378571,-49.2682900524,POINT (-49.2682900524 -25.4185378571)
2014-05-19 16:19:50.000000,-25.4185378571,-49.2682900524,POINT (-49.2682900524 -25.4185378571)
2014-05-19 16:20:00.000000,-25.4185378571,-49.2682900524,POINT (-49.2682900524 -25.4185378571)
2014-05-19 16:20:10.000000,-25.4185378571,-49.2682900524,POINT (-49.2682900524 -25.4185378571)
2014-05-19 16:20:20.000000,-25.4185378571,-49.2682900524,POINT (-49.2682900524 -25.4185378571)
2014-05-19 16:20:30.000000,-25.4185378571,-49.2682900524,POINT (-49.2682900524 -25.4185378571)
2014-05-19 16:20:40.000000,-25.4185378571,-49.2682900524,POINT (-49.2682900524 -25.4185378571)
2014-05-19 16:20:50.000000,-25.4185378571,-49.2682900524,POINT (-49.2682900524 -25.4185378571)
2014-05-19 16:21:00.000000,-25.4185378571,-49.2682900524,POINT (-49.2682900524 -25.4185378571)
2014-05-19 16:21:10.000000,-25.4185378571,-49.2682900524,POINT (-49.2682900524 -25.4185378571)
2014-05-19 16:21:20.000000,-25.4185378571,-49.2682900524,POINT (-49.2682900524 -25.4185378571)
2014-05-19 16:21:30.000000,-25.4185378571,-49.2682900524,POINT (-49.2682900524 -25.4185378571)
2014-05-19 16:21:40.000000,-25.4185378571,-49.2682900524,POINT (-49.2682900524 -25.4185378571)
2014-05-19 16:21:50.000000,-25.4185378571,-49.2682900524,POINT (-49.2682900524 -25.4185378571)
2014-05-19 16:22:00.000000,-25.4185378571,-49.2682900524,POINT (-49.2682900524 -25.4185378571)
2014-05-19 16:22:10.000000,-25.4185378571,-49.2682900524,POINT (-49.2682900524 -25.4185378571)
2014-05-19 16:22:20.000000,-25.4185378571,-49.2682900524,POINT (-49.2682900524 -25.4185378571)
2014-05-19 16:22:30.000000,-25.4185378571,-49.2682900524,POINT (-49.2682900524 -25.4185378571)
2014-05-19 16:22:40.000000,-25.4185378571,-49.2682900524,POINT (-49.2682900524 -25.4185378571)
2014-05-19 16:22:50.000000,-25.4185378571,-49.2682900524,POINT (-49.2682900524 -25.4185378571)
2014-05-19 16:23:00.000000,-25.4185378571,-49.2682900524,POINT (-49.2682900524 -25.4185378571)
2014-05-19 16:23:10.000000,-25.4185378571,-49.2682900524,POINT (-49.2682900524 -25.4185378571)
2014-05-19 16:23:20.000000,-25.4185378571,-49.2682900524,POINT (-49.2682900524 -25.4185378571)
2014-05-19 16:23:30.000000,-25.4185378571,-49.2682900524,POINT (-49.2682900524 -25.4185378571)
2014-05-19 16:23:40.000000,-25.4185378571,-49.2682900524,POINT (-49.2682900524 -25.4185378571)
2014-05-19 16:23:50.000000,-25.4185378571,-49.2682900524,POINT (-49.2682900524 -25.4185378571)
2014-05-19 16:24:00.000000,-25.4185378571,-49.2682900524,POINT (-49.2682900524 -25.4185378571)
2014-05-19 16:24:10.000000,-25.4185378571,-49.2682900524,POINT (-49.2682900524 -25.4185378571)
2014-05-19 16:24:20.000000,-25.4185378571,-49.2682900524,POINT (-49.2682900524 -25.4185378571)
2014-05-19 16:24:30.000000,-25.4185378571,-49.2682900524,POINT (-49.2682900524 -25.4185378571)
2014-05-19 16:24:40.000000,-25.4185378571,-49.2682900524,POINT (-49.2682900524 -25.4185378571)
2014-05-19 16:24:50.000000,-25.4185378571,-49.2682900524,POINT (-49.2682900524 -25.4185378571)
2014-05-19 16:25:00.000000,-25.4185378571,-49.2682900524,POINT (-49.2682900524 -25.4185378571)
2014-05-19 16:25:10.000000,-25.4185378571,-49.2682900524,POINT (-49.2682900524 -25.4185378571)
2014-05-19 16:25:20.000000,-25.4185378571,-49.2682900524,POINT (-49.2682900524 -25.4185378571)
2014-05-19 16:25:30.000000,-25.4185378571,-49.2682900524,POINT (-49.2682900524 -25.4185378571)
2014-05-19 16:25:40.000000,-25.4185378571,-49.2682900524,POINT (-49.2682900524 -25.4185378571)
2014-05-19 16:25:50.000000,-25.4185378571,-49.2682900524,POINT (-49.2682900524 -25.4185378571)
2014-05-19 16:26:00.000000,-25.4185378571,-49.2682900524,POINT (-49.2682900524 -25.4185378571)
2014-05-19 16:26:10.000000,-25.4185378571,-49.2682900524,POINT (-49.2682900524 -25.4185378571)
2014-05-19 16:26:20.000000,-25.4185378571,-49.2682900524,POINT (-49.2682900524 -25.4185378571)
2014-05-19 16:26:30.000000,-25.4185378571,-49.2682900524,POINT (-49.2682900524 -25.4185378571)
2014-05-19 16:26:40.000000,-25.4185378571,-49.2682900524,POINT (-49.2682900524 -25.4185378571)
2014-05-19 16:26:50.000000,-25.4185378571,-49.2682900524,POINT (-49.2682900524 -25.4185378571)
2014-05-19 16:27:00.000000,-25.4185378571,-49.2682900524,POINT (-49.2682900524 -25.4185378571)
2014-05-19 16:27:10.000000,-25.4185378571,-49.2682900524,POINT (-49.2682900524 -25.4185378571)
2014-05-19 16:27:20.000000,-25.4185378571,-49.2682900524,POINT (-49.2682900524 -25.4185378571)
2014-05-19 16:27:30.000000,-25.4185378571,-49.2682900524,POINT (-49.2682900524 -25.4185378571)
2014-05-19 16:27:40.000000,-25.4185378571,-49.2682900524,POINT (-49.2682900524 -25.4185378571)
2014-05-19 16:27:50.000000,-25.4185378571,-49.2682900524,POINT (-49.2682900524 -25.4185378571)
2014-05-19 16:28:00.000000,-25.4185378571,-49.2682900524,POINT (-49.2682900524 -25.4185378571)
2014-05-19 16:28:10.000000,-25.4185378571,-49.2682900524,POINT (-49.2682900524 -25.4185378571)
2014-05-19 16:28:20.000000,-25.4185378571,-49.2682900524,POINT (-49.2682900524 -25.4185378571)
2014-05-19 16:28:30.000000,-25.4185378571,-49.2682900524,POINT (-49.2682900524 -25.4185378571)
2014-05-19 16:28:40.000000,-25.4185378571,-49.2682900524,POINT (-49.2682900524 -25.4185378571)
2014-05-19 16:28:50.000000,-25.4185378571,-49.2682900524,POINT (-49.2682900524 -25.4185378571)
2014-05-19 16:29:00.000000,-25.4185378571,-49.2682900524,POINT (-49.2682900524 -25.4185378571)
2014-05-19 16:29:10.000000,-25.4185378571,-49.2682900524,POINT (-49.2682900524 -25.4185378571)
2014-05-19 16:29:20.000000,-25.4185378571,-49.2682900524,POINT (-49.2682900524 -25.4185378571)
2014-05-19 16:29:30.000000,-25.4185378571,-49.2682900524,POINT (-49.2682900524 -25.4185378571)
2014-05-19 16:29:40.000000,-25.4185378571,-49.2682900524,POINT (-49.2682900524 -25.4185378571)
2014-05-19 16:29:50.000000,-25.4185378571,-49.2682900524,POINT (-49.2682900524 -25.4185378571)
2014-05-19 16:30:00.000000,-25.4185378571,-49.2682900524,POINT (-49.2682900524 -25.4185378571)
2014-05-19 16:30:10.000000,-25.4185378571,-49.2682900524,POINT (-49.2682900524 -25.4185378571)
2014-05-19 16:30:20.000000,-25.4185378571,-49.2682900524,POINT (-49.2682900524 -25.4185378571)
2014-05-19 16:30:30.000000,-25.4185378571,-49.2682900524,POINT (-49.2682900524 -25.4185378571)
2014-05-19 16:30:40.000000,-25.4185378571,-49.2682900524,POINT (-49.2682900524 -25.4185378571)
2014-05-19 16:30:50.000000,-25.4185378571,-49.2682900524,POINT (-49.2682900524 -25.4185378571)
2014-05-19 16:31:00.000000,-25.4185378571,-49.2682900524,POINT (-49.2682900524 -25.4185378571)
2014-05-19 16:31:10.000000,-25.4185378571,-49.2682900524,POINT (-49.2682900524 -25.4185378571)
2014-05-19 16:31:20.000000,-25.4185378571,-49.2682900524,POINT (-49.2682900524 -25.4185378571)
2014-05-19 16:31:30.000000,-25.4185378571,-49.2682900524,POINT (-49.2682900524 -25.4185378571)
2014-05-19 16:31:40.000000,-25.4185378571,-49.2682900524,POINT (-49.2682900524 -25.4185378571)
2014-05-19 16:31:50.000000,-25.4185378571,-49.2682900524,POINT (-49.2682900524 -25.4185378571)
2014-05-19 16:32:00.000000,-25.4185378571,-49.2682900524,POINT (-49.2682900524 -25.4185378571)
2014-05-19 16:32:10.000000,-25.4185378571,-49.2682900524,POINT (-49.2682900524 -25.4185378571)
2014-05-19 16:32:20.000000,-25.4185378571,-49.2682900524,POINT (-49.2682900524 -25.4185378571)
2014-05-19 16:32:30.000000,-25.4185378571,-49.2682900524,POINT (-49.2682900524 -25.4185378571)
2014-05-19 16:32:40.000000,-25.4185378571,-49.2682900524,POINT (-49.2682900524 -25.4185378571)
2014-05-19 16:32:50.000000,-25.4185378571,-49.2682900524,POINT (-49.2682900524 -25.4185378571)
2014-05-19 16:33:00.000000,-25.4185378571,-49.2682900524,POINT (-49.2682900524 -25.4185378571)
2014-05-19 16:33:10.000000,-25.4185378571,-49.2682900524,POINT (-49.2682900524 -25.4185378571)
2014-05-19 16:33:20.000000,-25.4185378571,-49.2682900524,POINT (-49.2682900524 -25.4185378571)
2014-05-19 16:33:30.000000,-25.4185378571,-49.2682900524,POINT (-49.2682900524 -25.4185378571)
2014-05-19 16:33:40.000000,-25.4185378571,-49.2682900524,POINT (-49.2682900524 -25.4185378571)
2014-05-19 16:33:50.000000,-25.4185378571,-49.2682900524,POINT (-49.2682900524 -25.4185378571)
2014-05-19 16:34:00.000000,-25.4185378571,-49.2682900524,POINT (-49.2682900524 -25.4185378571)
2014-05-19 16:34:10.000000,-25.4185378571,-49.2682900524,POINT (-49.2682900524 -25.4185378571)
2014-05-19 16:34:20.000000,-25.4185378571,-49.2682900524,POINT (-49.2682900524 -25.4185378571)
2014-05-19 16:34:30.000000,-25.4185378571,-49.2682900524,POINT (-49.2682900524 -25.4185378571)
2014-05-19 16:34:40.000000,-25.4185378571,-49.2682900524,POINT (-49.2682900524 -25.4185378571)
2014-05-19 16:34:50.000000,-25.4185378571,-49.2682900524,POINT (-49.2682900524 -25.4185378571)
2014-05-19 16:35:00.000000,-25.4185378571,-49.2682900524,POINT (-49.2682900524 -25.4185378571)
2014-05-19 16:35:10.000000,-25.4185378571,-49.2682900524,POINT (-49.2682900524 -25.4185378571)
2014-05-19 16:35:20.000000,-25.4185378571,-49.2682900524,POINT (-49.2682900524 -25.4185378571)
2014-05-19 16:35:30.000000,-25.4185378571,-49.2682900524,POINT (-49.2682900524 -25.4185378571)
2014-05-19 16:35:40.000000,-25.4185378571,-49.2682900524,POINT (-49.2682900524 -25.4185378571)
2014-05-19 16:35:50.000000,-25.4185378571,-49.2682900524,POINT (-49.2682900524 -25.4185378571)
2014-05-19 16:36:00.000000,-25.4185378571,-49.2682900524,POINT (-49.2682900524 -25.4185378571)
2014-05-19 16:36:10.000000,-25.4185378571,-49.2682900524,POINT (-49.2682900524 -25.4185378571)
2014-05-19 16:36:20.000000,-25.4185378571,-49.2682900524,POINT (-49.2682900524 -25.4185378571)
2014-05-19 16:36:30.000000,-25.4185378571,-49.2682900524,POINT (-49.2682900524 -25.4185378571)
2014-05-19 16:36:40.000000,-25.4185378571,-49.2682900524,POINT (-49.2682900524 -25.4185378571)
2014-05-19 16:36:50.000000,-25.4185378571,-49.2682900524,POINT (-49.2682900524 -25.4185378571)
2014-05-19 16:37:00.000000,-25.4185378571,-49.2682900524,POINT (-49.2682900524 -25.4185378571)
2014-05-19 16:37:10.000000,-25.4185378571,-49.2682900524,POINT (-49.2682900524 -25.4185378571)
2014-05-19 16:37:20.000000,-25.4185378571,-49.2682900524,POINT (-49.2682900524 -25.4185378571)
2014-05-19 16:37:30.000000,-25.4185378571,-49.2682900524,POINT (-49.2682900524 -25.4185378571)
2014-05-19 16:37:40.000000,-25.4185378571,-49.2682900524,POINT (-49.2682900524 -25.4185378571)
2014-05-19 16:37:50.000000,-25.4185378571,-49.2682900524,POINT (-49.2682900524 -25.4185378571)
2014-05-19 16:38:00.000000,-25.4185378571,-49.2682900524,POINT (-49.2682900524 -25.4185378571)
2014-05-19 16:38:10.000000,-25.4185378571,-49.2682900524,POINT (-49.2682900524 -25.4185378571)
2014-05-19 16:38:20.000000,-25.4185378571,-49.2682900524,POINT (-49.2682900524 -25.4185378571)
2014-05-19 16:38:30.000000,-25.4185378571,-49.2682900524,POINT (-49.2682900524 -25.4185378571)
2014-05-19 16:38:40.000000,-25.4185378571,-49.2682900524,POINT (-49.2682900524 -25.4185378571)
2014-05-19 16:38:50.000000,-25.4185378571,-49.2682900524,POINT (-49.2682900524 -25.4185378571)
2014-05-19 16:39:00.000000,-25.4185378571,-49.2682900524,POINT (-49.2682900524 -25.4185378571)
2014-05-19 16:39:10.000000,-25.4185378571,-49.2682900524,POINT (-49.2682900524 -25.4185378571)
2014-05-19 16:39:20.000000,-25.4185378571,-49.2682900524,POINT (-49.2682900524 -25.4185378571)
2014-05-19 16:39:30.000000,-25.4185378571,-49.2682900524,POINT (-49.2682900524 -25.4185378571)
2014-05-19 16:39:40.000000,-25.4185378571,-49.2682900524,POINT (-49.2682900524 -25.4185378571)
2014-05-19 16:39:50.000000,-25.4185378571,-49.2682900524,POINT (-49.2682900524 -25.4185378571)
2014-05-19 16:40:00.000000,-25.4185378571,-49.2682900524,POINT (-49.2682900524 -25.4185378571)
2014-05-19 16:40:10.000000,-25.4185378571,-49.2682900524,POINT (-49.2682900524 -25.4185378571)
2014-05-19 16:40:20.000000,-25.4185378571,-49.2682900524,POINT (-49.2682900524 -25.4185378571)
2014-05-19 16:40:30.000000,-25.4185378571,-49.2682900524,POINT (-49.2682900524 -25.4185378571)
2014-05-19 16:40:40.000000,-25.4185378571,-49.2682900524,POINT (-49.2682900524 -25.4185378571)
2014-05-19 16:40:50.000000,-25.4185378571,-49.2682900524,POINT (-49.2682900524 -25.4185378571)
2014-05-19 16:41:00.000000,-25.4185378571,-49.2682900524,POINT (-49.2682900524 -25.4185378571)
2014-05-19 16:41:10.000000,-25.4185378571,-49.2682900524,POINT (-49.2682900524 -25.4185378571)
2014-05-19 16:41:20.000000,-25.4185378571,-49.2682900524,POINT (-49.2682900524 -25.4185378571)
2014-05-19 16:41:30.000000,-25.4185378571,-49.2682900524,POINT (-49.2682900524 -25.4185378571)
2014-05-19 16:41:40.000000,-25.4185378571,-49.2682900524,POINT (-49.2682900524 -25.4185378571)
2014-05-19 16:41:50.000000,-25.4185378571,-49.2682900524,POINT (-49.2682900524 -25.4185378571)
2014-05-19 16:42:00.000000,-25.4185378571,-49.2682900524,POINT (-49.2682900524 -25.4185378571)
2014-05-19 16:42:10.000000,-25.4185378571,-49.2682900524,POINT (-49.2682900524 -25.4185378571)
2014-05-19 16:42:20.000000,-25.4185378571,-49.2682900524,POINT (-49.2682900524 -25.4185378571)
2014-05-19 16:42:30.000000,-25.4185378571,-49.2682900524,POINT (-49.2682900524 -25.4185378571)
2014-05-19 16:42:40.000000,-25.4185378571,-49.2682900524,POINT (-49.2682900524 -25.4185378571)
2014-05-19 16:42:50.000000,-25.4185378571,-49.2682900524,POINT (-49.2682900524 -25.4185378571)
2014-05-19 16:43:00.000000,-25.4185378571,-49.2682900524,POINT (-49.2682900524 -25.4185378571)
2014-05-19 16:43:10.000000,-25.4185378571,-49.2682900524,POINT (-49.2682900524 -25.4185378571)
2014-05-19 16:43:20.000000,-25.4185378571,-49.2682900524,POINT (-49.2682900524 -25.4185378571)
2014-05-19 16:43:30.000000,-25.4185378571,-49.2682900524,POINT (-49.2682900524 -25.4185378571)
2014-05-19 16:43:40.000000,-25.4185378571,-49.2682900524,POINT (-49.2682900524 -25.4185378571)
2014-05-19 16:43:50.000000,-25.4185378571,-49.2682900524,POINT (-49.2682900524 -25.4185378571)
2014-05-19 16:44:00.000000,-25.4185378571,-49.2682900524,POINT (-49.2682900524 -25.4185378571)
2014-05-19 16:44:10.000000,-25.4185378571,-49.2682900524,POINT (-49.2682900524 -25.4185378571)
2014-05-19 16:44:20.000000,-25.4185378571,-49.2682900524,POINT (-49.2682900524 -25.4185378571)
2014-05-19 16:44:30.000000,-25.4185378571,-49.2682900524,POINT (-49.2682900524 -25.4185378571)
2014-05-19 16:44:40.000000,-25.4185378571,-49.2682900524,POINT (-49.2682900524 -25.4185378571)
2014-05-19 16:44:50.000000,-25.4185378571,-49.2682900524,POINT (-49.2682900524 -25.4185378571)
2014-05-19 16:45:00.000000,-25.4185378571,-49.2682900524,POINT (-49.2682900524 -25.4185378571)
2014-05-19 16:45:10.000000,-25.4185378571,-49.2682900524,POINT (-49.2682900524 -25.4185378571)
2014-05-19 16:45:20.000000,-25.4185378571,-49.2682900524,POINT (-49.2682900524 -25.4185378571)
2014-05-19 16:45:30.000000,-25.4185378571,-49.2682900524,POINT (-49.2682900524 -25.4185378571)
2014-05-19 16:45:40.000000,-25.4185378571,-49.2682900524,POINT (-49.2682900524 -25.4185378571)
2014-05-19 16:45:50.000000,-25.4185378571,-49.2682900524,POINT (-49.2682900524 -25.4185378571)
2014-05-19 16:46:00.000000,-25.4185378571,-49.2682900524,POINT (-49.2682900524 -25.4185378571)
2014-05-19 16:46:10.000000,-25.4185378571,-49.2682900524,POINT (-49.2682900524 -25.4185378571)
2014-05-19 16:46:20.000000,-25.4185378571,-49.2682900524,POINT (-49.2682900524 -25.4185378571)
2014-05-19 16:46:30.000000,-25.4185378571,-49.2682900524,POINT (-49.2682900524 -25.4185378571)
2014-05-19 16:46:40.000000,-25.4185378571,-49.2682900524,POINT (-49.2682900524 -25.4185378571)
2014-05-19 16:46:50.000000,-25.4185378571,-49.2682900524,POINT (-49.2682900524 -25.4185378571)
2014-05-19 16:47:00.000000,-25.4185378571,-49.2682900524,POINT (-49.2682900524 -25.4185378571)
2014-05-19 16:47:10.000000,-25.4185378571,-49.2682900524,POINT (-49.2682900524 -25.4185378571)
2014-05-19 16:47:20.000000,-25.4185378571,-49.2682900524,POINT (-49.2682900524 -25.4185378571)
2014-05-19 16:47:30.000000,-25.4185378571,-49.2682900524,POINT (-49.2682900524 -25.4185378571)
2014-05-19 16:47:40.000000,-25.4185378571,-49.2682900524,POINT (-49.2682900524 -25.4185378571)
2014-05-19 16:47:50.000000,-25.4185378571,-49.2682900524,POINT (-49.2682900524 -25.4185378571)
2014-05-19 16:48:00.000000,-25.4185378571,-49.2682900524,POINT (-49.2682900524 -25.4185378571)
2014-05-19 16:48:10.000000,-25.4185378571,-49.2682900524,POINT (-49.2682900524 -25.4185378571)
2014-05-19 16:48:20.000000,-25.4185378571,-49.2682900524,POINT (-49.2682900524 -25.4185378571)
2014-05-19 16:48:30.000000,-25.4185378571,-49.2682900524,POINT (-49.2682900524 -25.4185378571)
2014-05-19 16:48:40.000000,-25.4185378571,-49.2682900524,POINT (-49.2682900524 -25.4185378571)
2014-05-19 16:48:50.000000,-25.4185378571,-49.2682900524,POINT (-49.2682900524 -25.4185378571)
2014-05-19 16:49:00.000000,-25.4185378571,-49.2682900524,POINT (-49.2682900524 -25.4185378571)
2014-05-19 16:49:10.000000,-25.4185378571,-49.2682900524,POINT (-49.2682900524 -25.4185378571)
2014-05-19 16:49:20.000000,-25.4185378571,-49.2682900524,POINT (-49.2682900524 -25.4185378571)
2014-05-19 16:49:30.000000,-25.4185378571,-49.2682900524,POINT (-49.2682900524 -25.4185378571)
2014-05-19 16:49:40.000000,-25.4185378571,-49.2682900524,POINT (-49.2682900524 -25.4185378571)
2014-05-19 16:49:50.000000,-25.4185378571,-49.2682900524,POINT (-49.2682900524 -25.4185378571)
2014-05-19 16:50:00.000000,-25.4185378571,-49.2682900524,POINT (-49.2682900524 -25.4185378571)
2014-05-19 16:50:10.000000,-25.4185378571,-49.2682900524,POINT (-49.2682900524 -25.4185378571)
2014-05-19 16:50:20.000000,-25.4185378571,-49.2682900524,POINT (-49.2682900524 -25.4185378571)
2014-05-19 16:50:30.000000,-25.4185378571,-49.2682900524,POINT (-49.2682900524 -25.4185378571)
2014-05-19 16:50:40.000000,-25.4185378571,-49.2682900524,POINT (-49.2682900524 -25.4185378571)
2014-05-19 16:50:50.000000,-25.4185378571,-49.2682900524,POINT (-49.2682900524 -25.4185378571)
2014-05-19 16:51:00.000000,-25.4185378571,-49.2682900524,POINT (-49.2682900524 -25.4185378571)
2014-05-19 16:51:10.000000,-25.4185378571,-49.2682900524,POINT (-49.2682900524 -25.4185378571)
2014-05-19 16:51:20.000000,-25.4185378571,-49.2682900524,POINT (-49.2682900524 -25.4185378571)
2014-05-19 16:51:30.000000,-25.4185378571,-49.2682900524,POINT (-49.2682900524 -25.4185378571)
2014-05-19 16:51:40.000000,-25.4185378571,-49.2682900524,POINT (-49.2682900524 -25.4185378571)
2014-05-19 16:51:50.000000,-25.4185378571,-49.2682900524,POINT (-49.2682900524 -25.4185378571)
2014-05-19 16:52:00.000000,-25.4185378571,-49.2682900524,POINT (-49.2682900524 -25.4185378571)
2014-05-19 16:52:10.000000,-25.4185378571,-49.2682900524,POINT (-49.2682900524 -25.4185378571)
2014-05-19 16:52:20.000000,-25.4185378571,-49.2682900524,POINT (-49.2682900524 -25.4185378571)
2014-05-19 16:52:30.000000,-25.4185378571,-49.2682900524,POINT (-49.2682900524 -25.4185378571)
2014-05-19 16:52:40.000000,-25.4185378571,-49.2682900524,POINT (-49.2682900524 -25.4185378571)
2014-05-19 16:52:50.000000,-25.4185378571,-49.2682900524,POINT (-49.2682900524 -25.4185378571)
2014-05-19 16:53:00.000000,-25.4185378571,-49.2682900524,POINT (-49.2682900524 -25.4185378571)
2014-05-19 16:53:10.000000,-25.4185378571,-49.2682900524,POINT (-49.2682900524 -25.4185378571)
2014-05-19 16:53:20.000000,-25.4185378571,-49.2682900524,POINT (-49.2682900524 -25.4185378571)
2014-05-19 16:53:30.000000,-25.4185378571,-49.2682900524,POINT (-49.2682900524 -25.4185378571)
2014-05-19 16:53:40.000000,-25.4185378571,-49.2682900524,POINT (-49.2682900524 -25.4185378571)
2014-05-19 16:53:50.000000,-25.4185378571,-49.2682900524,POINT (-49.2682900524 -25.4185378571)
2014-05-19 16:54:00.000000,-25.4185378571,-49.2682900524,POINT (-49.2682900524 -25.4185378571)
2014-05-19 16:54:10.000000,-25.4185378571,-49.2682900524,POINT (-49.2682900524 -25.4185378571)
2014-05-19 16:54:20.000000,-25.4185378571,-49.2682900524,POINT (-49.2682900524 -25.4185378571)
2014-05-19 16:54:30.000000,-25.4185378571,-49.2682900524,POINT (-49.2682900524 -25.4185378571)
2014-05-19 16:54:40.000000,-25.4185378571,-49.2682900524,POINT (-49.2682900524 -25.4185378571)
2014-05-19 16:54:50.000000,-25.4185378571,-49.2682900524,POINT (-49.2682900524 -25.4185378571)
2014-05-19 16:55:00.000000,-25.4185378571,-49.2682900524,POINT (-49.2682900524 -25.4185378571)
2014-05-19 16:55:10.000000,-25.4185378571,-49.2682900524,POINT (-49.2682900524 -25.4185378571)
2014-05-19 16:55:20.000000,-25.4185378571,-49.2682900524,POINT (-49.2682900524 -25.4185378571)
2014-05-19 16:55:30.000000,-25.4185378571,-49.2682900524,POINT (-49.2682900524 -25.4185378571)
2014-05-19 16:55:41.926477,-25.4190174,-49.2683139,POINT (-49.2683139 -25.4190174)
2014-05-19 16:55:51.926477,-25.419032025,-49.267804608333336,POINT (-49.267804608333336 -25.419032025)
2014-05-19 16:56:01.926477,-25.41904665,-49.26729531666667,POINT (-49.26729531666667 -25.41904665)
2014-05-19 16:56:11.926477,-25.419078875,-49.266694875,POINT (-49.266694875 -25.419078875)
2014-05-19 16:56:21.926477,-25.419122833333333,-49.266033666666665,POINT (-49.266033666666665 -25.419122833333333)
2014-05-19 16:56:31.926477,-25.419154391666666,-49.26541098333333,POINT (-49.26541098333333 -25.419154391666666)
2014-05-19 16:56:41.926477,-25.419136350000002,-49.264942399999995,POINT (-49.264942399999995 -25.419136350000002)
2014-05-19 16:56:51.926477,-25.419118308333335,-49.264473816666666,POINT (-49.264473816666666 -25.419118308333335)
2014-05-19 16:57:01.926477,-25.419661133333335,-49.2648996,POINT (-49.2648996 -25.419661133333335)
2014-05-19 16:57:11.926477,-25.420344175,-49.265548975,POINT (-49.265548975 -25.420344175)
2014-05-19 16:57:21.926477,-25.4210507,-49.266081633333336,POINT (-49.266081633333336 -25.4210507)
2014-05-19 16:57:31.926477,-25.42179245,-49.26643921666667,POINT (-49.26643921666667 -25.42179245)
2014-05-19 16:57:41.926477,-25.4225342,-49.2667968,POINT (-49.2667968 -25.4225342)
2014-05-19 16:57:51.926477,-25.422923283333333,-49.267270925,POINT (-49.267270925 -25.422923283333333)
2014-05-19 16:58:01.926477,-25.423312366666668,-49.26774505,POINT (-49.26774505 -25.423312366666668)
2014-05-19 16:58:11.926477,-25.423310649999998,-49.268086749999995,POINT (-49.268086749999995 -25.423310649999998)
2014-05-19 16:58:21.926477,-25.4230484,-49.26834016666667,POINT (-49.26834016666667 -25.4230484)
2014-05-19 16:58:31.926477,-25.422788041666664,-49.268531725,POINT (-49.268531725 -25.422788041666664)
2014-05-19 16:58:41.926477,-25.42253525,-49.26847585,POINT (-49.26847585 -25.42253525)
2014-05-19 16:58:51.926477,-25.422282458333335,-49.268419975,POINT (-49.268419975 -25.422282458333335)
2014-05-19 16:59:01.926477,-25.421627433333335,-49.268608,POINT (-49.268608 -25.421627433333335)
2014-05-19 16:59:11.926477,-25.42087185,-49.268857000000004,POINT (-49.268857000000004 -25.42087185)
2014-05-19 16:59:21.926477,-25.42041485,-49.2690233,POINT (-49.2690233 -25.42041485)
2014-05-19 16:59:31.926477,-25.420405725,-49.26906555,POINT (-49.26906555 -25.420405725)
2014-05-19 16:59:41.926477,-25.4203966,-49.2691078,POINT (-49.2691078 -25.4203966)
2014-05-19 17:00:00.000000,-25.4203256745,-49.2690621799,POINT (-49.2690621799 -25.4203256745)
2014-05-19 17:00:10.000000,-25.4203256745,-49.2690621799,POINT (-49.2690621799 -25.4203256745)
2014-05-19 17:00:20.000000,-25.4203256745,-49.2690621799,POINT (-49.2690621799 -25.4203256745)
2014-05-19 17:00:30.000000,-25.4203256745,-49.2690621799,POINT (-49.2690621799 -25.4203256745)
2014-05-19 17:00:40.000000,-25.4203256745,-49.2690621799,POINT (-49.2690621799 -25.4203256745)
2014-05-19 17:00:50.000000,-25.4203256745,-49.2690621799,POINT (-49.2690621799 -25.4203256745)
2014-05-19 17:01:00.000000,-25.4203256745,-49.2690621799,POINT (-49.2690621799 -25.4203256745)
2014-05-19 17:01:10.000000,-25.4203256745,-49.2690621799,POINT (-49.2690621799 -25.4203256745)
2014-05-19 17:01:20.000000,-25.4203256745,-49.2690621799,POINT (-49.2690621799 -25.4203256745)
2014-05-19 17:01:30.000000,-25.4203256745,-49.2690621799,POINT (-49.2690621799 -25.4203256745)
2014-05-19 17:01:40.000000,-25.4203256745,-49.2690621799,POINT (-49.2690621799 -25.4203256745)
2014-05-19 17:01:50.000000,-25.4203256745,-49.2690621799,POINT (-49.2690621799 -25.4203256745)
2014-05-19 17:02:00.000000,-25.4203256745,-49.2690621799,POINT (-49.2690621799 -25.4203256745)
2014-05-19 17:02:10.000000,-25.4203256745,-49.2690621799,POINT (-49.2690621799 -25.4203256745)
2014-05-19 17:02:20.000000,-25.4203256745,-49.2690621799,POINT (-49.2690621799 -25.4203256745)
2014-05-19 17:02:30.000000,-25.4203256745,-49.2690621799,POINT (-49.2690621799 -25.4203256745)
2014-05-19 17:02:40.000000,-25.4203256745,-49.2690621799,POINT (-49.2690621799 -25.4203256745)
2014-05-19 17:02:50.000000,-25.4203256745,-49.2690621799,POINT (-49.2690621799 -25.4203256745)
2014-05-19 17:03:00.000000,-25.4203256745,-49.2690621799,POINT (-49.2690621799 -25.4203256745)
2014-05-19 17:03:10.000000,-25.4203256745,-49.2690621799,POINT (-49.2690621799 -25.4203256745)
2014-05-19 17:03:20.000000,-25.4203256745,-49.2690621799,POINT (-49.2690621799 -25.4203256745)
2014-05-19 17:03:30.000000,-25.4203256745,-49.2690621799,POINT (-49.2690621799 -25.4203256745)
2014-05-19 17:03:40.000000,-25.4203256745,-49.2690621799,POINT (-49.2690621799 -25.4203256745)
2014-05-19 17:03:50.000000,-25.4203256745,-49.2690621799,POINT (-49.2690621799 -25.4203256745)
2014-05-19 17:04:00.000000,-25.4203256745,-49.2690621799,POINT (-49.2690621799 -25.4203256745)
2014-05-19 17:04:10.000000,-25.4203256745,-49.2690621799,POINT (-49.2690621799 -25.4203256745)
2014-05-19 17:04:20.000000,-25.4203256745,-49.2690621799,POINT (-49.2690621799 -25.4203256745)
2014-05-19 17:04:30.000000,-25.4203256745,-49.2690621799,POINT (-49.2690621799 -25.4203256745)
2014-05-19 17:04:40.000000,-25.4203256745,-49.2690621799,POINT (-49.2690621799 -25.4203256745)
2014-05-19 17:04:50.000000,-25.4203256745,-49.2690621799,POINT (-49.2690621799 -25.4203256745)
2014-05-19 17:05:00.000000,-25.4203256745,-49.2690621799,POINT (-49.2690621799 -25.4203256745)
2014-05-19 17:05:10.000000,-25.4203256745,-49.2690621799,POINT (-49.2690621799 -25.4203256745)
2014-05-19 17:05:20.000000,-25.4203256745,-49.2690621799,POINT (-49.2690621799 -25.4203256745)
2014-05-19 17:05:30.000000,-25.4203256745,-49.2690621799,POINT (-49.2690621799 -25.4203256745)
2014-05-19 17:05:40.000000,-25.4203256745,-49.2690621799,POINT (-49.2690621799 -25.4203256745)
2014-05-19 17:05:50.000000,-25.4203256745,-49.2690621799,POINT (-49.2690621799 -25.4203256745)
2014-05-19 17:06:00.000000,-25.4203256745,-49.2690621799,POINT (-49.2690621799 -25.4203256745)
2014-05-19 17:06:10.000000,-25.4203256745,-49.2690621799,POINT (-49.2690621799 -25.4203256745)
2014-05-19 17:06:20.000000,-25.4203256745,-49.2690621799,POINT (-49.2690621799 -25.4203256745)
2014-05-19 17:06:30.000000,-25.4203256745,-49.2690621799,POINT (-49.2690621799 -25.4203256745)
2014-05-19 17:06:40.000000,-25.4203256745,-49.2690621799,POINT (-49.2690621799 -25.4203256745)
2014-05-19 17:06:50.000000,-25.4203256745,-49.2690621799,POINT (-49.2690621799 -25.4203256745)
2014-05-19 17:07:00.000000,-25.4203256745,-49.2690621799,POINT (-49.2690621799 -25.4203256745)
2014-05-19 17:07:10.000000,-25.4203256745,-49.2690621799,POINT (-49.2690621799 -25.4203256745)
2014-05-19 17:07:20.000000,-25.4203256745,-49.2690621799,POINT (-49.2690621799 -25.4203256745)
2014-05-19 17:07:30.000000,-25.4203256745,-49.2690621799,POINT (-49.2690621799 -25.4203256745)
2014-05-19 17:07:40.000000,-25.4203256745,-49.2690621799,POINT (-49.2690621799 -25.4203256745)
2014-05-19 17:07:50.000000,-25.4203256745,-49.2690621799,POINT (-49.2690621799 -25.4203256745)
2014-05-19 17:08:00.000000,-25.4203256745,-49.2690621799,POINT (-49.2690621799 -25.4203256745)
2014-05-19 17:08:10.000000,-25.4203256745,-49.2690621799,POINT (-49.2690621799 -25.4203256745)
2014-05-19 17:08:20.000000,-25.4203256745,-49.2690621799,POINT (-49.2690621799 -25.4203256745)
2014-05-19 17:08:30.000000,-25.4203256745,-49.2690621799,POINT (-49.2690621799 -25.4203256745)
2014-05-19 17:08:40.000000,-25.4203256745,-49.2690621799,POINT (-49.2690621799 -25.4203256745)
2014-05-19 17:08:50.000000,-25.4203256745,-49.2690621799,POINT (-49.2690621799 -25.4203256745)
2014-05-19 17:09:00.000000,-25.4203256745,-49.2690621799,POINT (-49.2690621799 -25.4203256745)
2014-05-19 17:09:10.000000,-25.4203256745,-49.2690621799,POINT (-49.2690621799 -25.4203256745)
2014-05-19 17:09:20.000000,-25.4203256745,-49.2690621799,POINT (-49.2690621799 -25.4203256745)
2014-05-19 17:09:30.000000,-25.4203256745,-49.2690621799,POINT (-49.2690621799 -25.4203256745)
2014-05-19 17:09:40.000000,-25.4203256745,-49.2690621799,POINT (-49.2690621799 -25.4203256745)
2014-05-19 17:09:50.000000,-25.4203256745,-49.2690621799,POINT (-49.2690621799 -25.4203256745)
2014-05-19 17:10:00.000000,-25.4203256745,-49.2690621799,POINT (-49.2690621799 -25.4203256745)
2014-05-19 17:10:10.000000,-25.4203256745,-49.2690621799,POINT (-49.2690621799 -25.4203256745)
2014-05-19 17:10:20.000000,-25.4203256745,-49.2690621799,POINT (-49.2690621799 -25.4203256745)
2014-05-19 17:10:30.000000,-25.4203256745,-49.2690621799,POINT (-49.2690621799 -25.4203256745)
2014-05-19 17:10:40.000000,-25.4203256745,-49.2690621799,POINT (-49.2690621799 -25.4203256745)
2014-05-19 17:10:50.000000,-25.4203256745,-49.2690621799,POINT (-49.2690621799 -25.4203256745)
2014-05-19 17:11:00.000000,-25.4203256745,-49.2690621799,POINT (-49.2690621799 -25.4203256745)
2014-05-19 17:11:10.000000,-25.4203256745,-49.2690621799,POINT (-49.2690621799 -25.4203256745)
2014-05-19 17:11:20.000000,-25.4203256745,-49.2690621799,POINT (-49.2690621799 -25.4203256745)
2014-05-19 17:11:30.000000,-25.4203256745,-49.2690621799,POINT (-49.2690621799 -25.4203256745)
2014-05-19 17:11:40.000000,-25.4203256745,-49.2690621799,POINT (-49.2690621799 -25.4203256745)
2014-05-19 17:11:50.000000,-25.4203256745,-49.2690621799,POINT (-49.2690621799 -25.4203256745)
2014-05-19 17:12:00.000000,-25.4203256745,-49.2690621799,POINT (-49.2690621799 -25.4203256745)
2014-05-19 17:12:10.000000,-25.4203256745,-49.2690621799,POINT (-49.2690621799 -25.4203256745)
2014-05-19 17:12:20.000000,-25.4203256745,-49.2690621799,POINT (-49.2690621799 -25.4203256745)
2014-05-19 17:12:30.000000,-25.4203256745,-49.2690621799,POINT (-49.2690621799 -25.4203256745)
2014-05-19 17:12:40.000000,-25.4203256745,-49.2690621799,POINT (-49.2690621799 -25.4203256745)
2014-05-19 17:12:50.000000,-25.4203256745,-49.2690621799,POINT (-49.2690621799 -25.4203256745)
2014-05-19 17:13:00.000000,-25.4203256745,-49.2690621799,POINT (-49.2690621799 -25.4203256745)
2014-05-19 17:13:10.000000,-25.4203256745,-49.2690621799,POINT (-49.2690621799 -25.4203256745)
2014-05-19 17:13:20.000000,-25.4203256745,-49.2690621799,POINT (-49.2690621799 -25.4203256745)
2014-05-19 17:13:30.000000,-25.4203256745,-49.2690621799,POINT (-49.2690621799 -25.4203256745)
2014-05-19 17:13:40.000000,-25.4203256745,-49.2690621799,POINT (-49.2690621799 -25.4203256745)
2014-05-19 17:13:50.000000,-25.4203256745,-49.2690621799,POINT (-49.2690621799 -25.4203256745)
2014-05-19 17:14:00.000000,-25.4203256745,-49.2690621799,POINT (-49.2690621799 -25.4203256745)
2014-05-19 17:14:10.000000,-25.4203256745,-49.2690621799,POINT (-49.2690621799 -25.4203256745)
2014-05-19 17:14:20.000000,-25.4203256745,-49.2690621799,POINT (-49.2690621799 -25.4203256745)
2014-05-19 17:14:30.000000,-25.4203256745,-49.2690621799,POINT (-49.2690621799 -25.4203256745)
2014-05-19 17:14:40.000000,-25.4203256745,-49.2690621799,POINT (-49.2690621799 -25.4203256745)
2014-05-19 17:14:50.000000,-25.4203256745,-49.2690621799,POINT (-49.2690621799 -25.4203256745)
2014-05-19 17:15:00.000000,-25.4203256745,-49.2690621799,POINT (-49.2690621799 -25.4203256745)
2014-05-19 17:15:10.000000,-25.4203256745,-49.2690621799,POINT (-49.2690621799 -25.4203256745)
2014-05-19 17:15:20.000000,-25.4203256745,-49.2690621799,POINT (-49.2690621799 -25.4203256745)
2014-05-19 17:15:30.000000,-25.4203256745,-49.2690621799,POINT (-49.2690621799 -25.4203256745)
2014-05-19 17:15:40.000000,-25.4203256745,-49.2690621799,POINT (-49.2690621799 -25.4203256745)
2014-05-19 17:15:50.000000,-25.4203256745,-49.2690621799,POINT (-49.2690621799 -25.4203256745)
2014-05-19 17:16:00.000000,-25.4203256745,-49.2690621799,POINT (-49.2690621799 -25.4203256745)
2014-05-19 17:16:10.000000,-25.4203256745,-49.2690621799,POINT (-49.2690621799 -25.4203256745)
2014-05-19 17:16:20.000000,-25.4203256745,-49.2690621799,POINT (-49.2690621799 -25.4203256745)
2014-05-19 17:16:30.000000,-25.4203256745,-49.2690621799,POINT (-49.2690621799 -25.4203256745)
2014-05-19 17:16:40.000000,-25.4203256745,-49.2690621799,POINT (-49.2690621799 -25.4203256745)
2014-05-19 17:16:50.000000,-25.4203256745,-49.2690621799,POINT (-49.2690621799 -25.4203256745)
2014-05-19 17:17:00.000000,-25.4203256745,-49.2690621799,POINT (-49.2690621799 -25.4203256745)
2014-05-19 17:17:10.000000,-25.4203256745,-49.2690621799,POINT (-49.2690621799 -25.4203256745)
2014-05-19 17:17:20.000000,-25.4203256745,-49.2690621799,POINT (-49.2690621799 -25.4203256745)
2014-05-19 17:17:30.000000,-25.4203256745,-49.2690621799,POINT (-49.2690621799 -25.4203256745)
2014-05-19 17:17:40.000000,-25.4203256745,-49.2690621799,POINT (-49.2690621799 -25.4203256745)
2014-05-19 17:17:50.000000,-25.4203256745,-49.2690621799,POINT (-49.2690621799 -25.4203256745)
2014-05-19 17:18:00.000000,-25.4203256745,-49.2690621799,POINT (-49.2690621799 -25.4203256745)
2014-05-19 17:18:10.000000,-25.4203256745,-49.2690621799,POINT (-49.2690621799 -25.4203256745)
2014-05-19 17:18:20.000000,-25.4203256745,-49.2690621799,POINT (-49.2690621799 -25.4203256745)
2014-05-19 17:18:30.000000,-25.4203256745,-49.2690621799,POINT (-49.2690621799 -25.4203256745)
2014-05-19 17:18:40.000000,-25.4203256745,-49.2690621799,POINT (-49.2690621799 -25.4203256745)
2014-05-19 17:18:50.000000,-25.4203256745,-49.2690621799,POINT (-49.2690621799 -25.4203256745)
2014-05-19 17:19:00.000000,-25.4203256745,-49.2690621799,POINT (-49.2690621799 -25.4203256745)
2014-05-19 17:19:10.000000,-25.4203256745,-49.2690621799,POINT (-49.2690621799 -25.4203256745)
2014-05-19 17:19:20.000000,-25.4203256745,-49.2690621799,POINT (-49.2690621799 -25.4203256745)
2014-05-19 17:19:30.000000,-25.4203256745,-49.2690621799,POINT (-49.2690621799 -25.4203256745)
2014-05-19 17:19:40.000000,-25.4203256745,-49.2690621799,POINT (-49.2690621799 -25.4203256745)
2014-05-19 17:19:50.000000,-25.4203256745,-49.2690621799,POINT (-49.2690621799 -25.4203256745)
2014-05-19 17:20:00.000000,-25.4203256745,-49.2690621799,POINT (-49.2690621799 -25.4203256745)
2014-05-19 17:20:10.000000,-25.4203256745,-49.2690621799,POINT (-49.2690621799 -25.4203256745)
2014-05-19 17:20:20.000000,-25.4203256745,-49.2690621799,POINT (-49.2690621799 -25.4203256745)
2014-05-19 17:20:30.000000,-25.4203256745,-49.2690621799,POINT (-49.2690621799 -25.4203256745)
2014-05-19 17:20:40.000000,-25.4203256745,-49.2690621799,POINT (-49.2690621799 -25.4203256745)
2014-05-19 17:20:50.000000,-25.4203256745,-49.2690621799,POINT (-49.2690621799 -25.4203256745)
2014-05-19 17:21:00.000000,-25.4203256745,-49.2690621799,POINT (-49.2690621799 -25.4203256745)
2014-05-19 17:21:10.000000,-25.4203256745,-49.2690621799,POINT (-49.2690621799 -25.4203256745)
2014-05-19 17:21:20.000000,-25.4203256745,-49.2690621799,POINT (-49.2690621799 -25.4203256745)
2014-05-19 17:21:30.000000,-25.4203256745,-49.2690621799,POINT (-49.2690621799 -25.4203256745)
2014-05-19 17:21:40.000000,-25.4203256745,-49.2690621799,POINT (-49.2690621799 -25.4203256745)
2014-05-19 17:21:50.000000,-25.4203256745,-49.2690621799,POINT (-49.2690621799 -25.4203256745)
2014-05-19 17:22:00.000000,-25.4203256745,-49.2690621799,POINT (-49.2690621799 -25.4203256745)
2014-05-19 17:22:10.000000,-25.4203256745,-49.2690621799,POINT (-49.2690621799 -25.4203256745)
2014-05-19 17:22:20.000000,-25.4203256745,-49.2690621799,POINT (-49.2690621799 -25.4203256745)
2014-05-19 17:22:30.000000,-25.4203256745,-49.2690621799,POINT (-49.2690621799 -25.4203256745)
2014-05-19 17:22:40.000000,-25.4203256745,-49.2690621799,POINT (-49.2690621799 -25.4203256745)
2014-05-19 17:22:50.000000,-25.4203256745,-49.2690621799,POINT (-49.2690621799 -25.4203256745)
2014-05-19 17:23:00.000000,-25.4203256745,-49.2690621799,POINT (-49.2690621799 -25.4203256745)
2014-05-19 17:23:10.000000,-25.4203256745,-49.2690621799,POINT (-49.2690621799 -25.4203256745)
2014-05-19 17:23:20.000000,-25.4203256745,-49.2690621799,POINT (-49.2690621799 -25.4203256745)
2014-05-19 17:23:30.000000,-25.4203256745,-49.2690621799,POINT (-49.2690621799 -25.4203256745)
2014-05-19 17:23:40.000000,-25.4203256745,-49.2690621799,POINT (-49.2690621799 -25.4203256745)
2014-05-19 17:23:50.000000,-25.4203256745,-49.2690621799,POINT (-49.2690621799 -25.4203256745)
2014-05-19 17:24:00.000000,-25.4203256745,-49.2690621799,POINT (-49.2690621799 -25.4203256745)
2014-05-19 17:24:10.000000,-25.4203256745,-49.2690621799,POINT (-49.2690621799 -25.4203256745)
2014-05-19 17:24:20.000000,-25.4203256745,-49.2690621799,POINT (-49.2690621799 -25.4203256745)
2014-05-19 17:24:30.000000,-25.4203256745,-49.2690621799,POINT (-49.2690621799 -25.4203256745)
2014-05-19 17:24:40.000000,-25.4203256745,-49.2690621799,POINT (-49.2690621799 -25.4203256745)
2014-05-19 17:24:50.000000,-25.4203256745,-49.2690621799,POINT (-49.2690621799 -25.4203256745)
2014-05-19 17:25:00.000000,-25.4203256745,-49.2690621799,POINT (-49.2690621799 -25.4203256745)
2014-05-19 17:25:10.000000,-25.4203256745,-49.2690621799,POINT (-49.2690621799 -25.4203256745)
2014-05-19 17:25:20.000000,-25.4203256745,-49.2690621799,POINT (-49.2690621799 -25.4203256745)
2014-05-19 17:25:30.000000,-25.4203256745,-49.2690621799,POINT (-49.2690621799 -25.4203256745)
2014-05-19 17:25:40.000000,-25.4203256745,-49.2690621799,POINT (-49.2690621799 -25.4203256745)
2014-05-19 17:25:50.000000,-25.4203256745,-49.2690621799,POINT (-49.2690621799 -25.4203256745)
2014-05-19 17:26:00.000000,-25.4203256745,-49.2690621799,POINT (-49.2690621799 -25.4203256745)
2014-05-19 17:26:10.000000,-25.4203256745,-49.2690621799,POINT (-49.2690621799 -25.4203256745)
2014-05-19 17:26:20.000000,-25.4203256745,-49.2690621799,POINT (-49.2690621799 -25.4203256745)
2014-05-19 17:26:30.000000,-25.4203256745,-49.2690621799,POINT (-49.2690621799 -25.4203256745)
2014-05-19 17:26:40.000000,-25.4203256745,-49.2690621799,POINT (-49.2690621799 -25.4203256745)
2014-05-19 17:26:50.000000,-25.4203256745,-49.2690621799,POINT (-49.2690621799 -25.4203256745)
2014-05-19 17:27:00.000000,-25.4203256745,-49.2690621799,POINT (-49.2690621799 -25.4203256745)
2014-05-19 17:27:10.000000,-25.4203256745,-49.2690621799,POINT (-49.2690621799 -25.4203256745)
2014-05-19 17:27:20.000000,-25.4203256745,-49.2690621799,POINT (-49.2690621799 -25.4203256745)
2014-05-19 17:27:30.000000,-25.4203256745,-49.2690621799,POINT (-49.2690621799 -25.4203256745)
2014-05-19 17:27:40.000000,-25.4203256745,-49.2690621799,POINT (-49.2690621799 -25.4203256745)
2014-05-19 17:27:50.000000,-25.4203256745,-49.2690621799,POINT (-49.2690621799 -25.4203256745)
2014-05-19 17:28:00.000000,-25.4203256745,-49.2690621799,POINT (-49.2690621799 -25.4203256745)
2014-05-19 17:28:10.000000,-25.4203256745,-49.2690621799,POINT (-49.2690621799 -25.4203256745)
2014-05-19 17:28:20.000000,-25.4203256745,-49.2690621799,POINT (-49.2690621799 -25.4203256745)
2014-05-19 17:28:30.000000,-25.4203256745,-49.2690621799,POINT (-49.2690621799 -25.4203256745)
2014-05-19 17:28:40.000000,-25.4203256745,-49.2690621799,POINT (-49.2690621799 -25.4203256745)
2014-05-19 17:28:50.000000,-25.4203256745,-49.2690621799,POINT (-49.2690621799 -25.4203256745)
2014-05-19 17:29:00.000000,-25.4203256745,-49.2690621799,POINT (-49.2690621799 -25.4203256745)
2014-05-19 17:29:10.000000,-25.4203256745,-49.2690621799,POINT (-49.2690621799 -25.4203256745)
2014-05-19 17:29:20.000000,-25.4203256745,-49.2690621799,POINT (-49.2690621799 -25.4203256745)
2014-05-19 17:29:30.000000,-25.4203256745,-49.2690621799,POINT (-49.2690621799 -25.4203256745)
2014-05-19 17:29:40.000000,-25.4203256745,-49.2690621799,POINT (-49.2690621799 -25.4203256745)
2014-05-19 17:29:50.000000,-25.4203256745,-49.2690621799,POINT (-49.2690621799 -25.4203256745)
2014-05-19 17:30:00.000000,-25.4203256745,-49.2690621799,POINT (-49.2690621799 -25.4203256745)
2014-05-19 17:30:10.000000,-25.4203256745,-49.2690621799,POINT (-49.2690621799 -25.4203256745)
2014-05-19 17:30:20.000000,-25.4203256745,-49.2690621799,POINT (-49.2690621799 -25.4203256745)
2014-05-19 17:30:30.000000,-25.4203256745,-49.2690621799,POINT (-49.2690621799 -25.4203256745)
2014-05-19 17:30:40.000000,-25.4203256745,-49.2690621799,POINT (-49.2690621799 -25.4203256745)
2014-05-19 17:30:50.000000,-25.4203256745,-49.2690621799,POINT (-49.2690621799 -25.4203256745)
2014-05-19 17:31:00.000000,-25.4203256745,-49.2690621799,POINT (-49.2690621799 -25.4203256745)
2014-05-19 17:31:10.000000,-25.4203256745,-49.2690621799,POINT (-49.2690621799 -25.4203256745)
2014-05-19 17:31:20.000000,-25.4203256745,-49.2690621799,POINT (-49.2690621799 -25.4203256745)
2014-05-19 17:31:30.000000,-25.4203256745,-49.2690621799,POINT (-49.2690621799 -25.4203256745)
2014-05-19 17:31:40.000000,-25.4203256745,-49.2690621799,POINT (-49.2690621799 -25.4203256745)
2014-05-19 17:31:50.000000,-25.4203256745,-49.2690621799,POINT (-49.2690621799 -25.4203256745)
2014-05-19 17:32:00.000000,-25.4203256745,-49.2690621799,POINT (-49.2690621799 -25.4203256745)
2014-05-19 17:32:10.000000,-25.4203256745,-49.2690621799,POINT (-49.2690621799 -25.4203256745)
2014-05-19 17:32:20.000000,-25.4203256745,-49.2690621799,POINT (-49.2690621799 -25.4203256745)
2014-05-19 17:32:30.000000,-25.4203256745,-49.2690621799,POINT (-49.2690621799 -25.4203256745)
2014-05-19 17:32:40.000000,-25.4203256745,-49.2690621799,POINT (-49.2690621799 -25.4203256745)
2014-05-19 17:32:50.000000,-25.4203256745,-49.2690621799,POINT (-49.2690621799 -25.4203256745)
2014-05-19 17:33:00.000000,-25.4203256745,-49.2690621799,POINT (-49.2690621799 -25.4203256745)
2014-05-19 17:33:10.000000,-25.4203256745,-49.2690621799,POINT (-49.2690621799 -25.4203256745)
2014-05-19 17:33:20.000000,-25.4203256745,-49.2690621799,POINT (-49.2690621799 -25.4203256745)
2014-05-19 17:33:30.000000,-25.4203256745,-49.2690621799,POINT (-49.2690621799 -25.4203256745)
2014-05-19 17:33:40.000000,-25.4203256745,-49.2690621799,POINT (-49.2690621799 -25.4203256745)
2014-05-19 17:33:50.000000,-25.4203256745,-49.2690621799,POINT (-49.2690621799 -25.4203256745)
2014-05-19 17:34:00.000000,-25.4203256745,-49.2690621799,POINT (-49.2690621799 -25.4203256745)
2014-05-19 17:34:10.000000,-25.4203256745,-49.2690621799,POINT (-49.2690621799 -25.4203256745)
2014-05-19 17:34:20.000000,-25.4203256745,-49.2690621799,POINT (-49.2690621799 -25.4203256745)
2014-05-19 17:34:30.000000,-25.4203256745,-49.2690621799,POINT (-49.2690621799 -25.4203256745)
2014-05-19 17:34:40.000000,-25.4203256745,-49.2690621799,POINT (-49.2690621799 -25.4203256745)
2014-05-19 17:34:50.000000,-25.4203256745,-49.2690621799,POINT (-49.2690621799 -25.4203256745)
2014-05-19 17:35:00.000000,-25.4203256745,-49.2690621799,POINT (-49.2690621799 -25.4203256745)
2014-05-19 17:35:10.000000,-25.4203256745,-49.2690621799,POINT (-49.2690621799 -25.4203256745)
2014-05-19 17:35:20.000000,-25.4203256745,-49.2690621799,POINT (-49.2690621799 -25.4203256745)
2014-05-19 17:35:30.000000,-25.4203256745,-49.2690621799,POINT (-49.2690621799 -25.4203256745)
2014-05-19 17:35:40.000000,-25.4203256745,-49.2690621799,POINT (-49.2690621799 -25.4203256745)
2014-05-19 17:35:50.000000,-25.4203256745,-49.2690621799,POINT (-49.2690621799 -25.4203256745)
2014-05-19 17:36:00.000000,-25.4203256745,-49.2690621799,POINT (-49.2690621799 -25.4203256745)
2014-05-19 17:36:10.000000,-25.4203256745,-49.2690621799,POINT (-49.2690621799 -25.4203256745)
2014-05-19 17:36:20.000000,-25.4203256745,-49.2690621799,POINT (-49.2690621799 -25.4203256745)
2014-05-19 17:36:30.000000,-25.4203256745,-49.2690621799,POINT (-49.2690621799 -25.4203256745)
2014-05-19 17:36:40.000000,-25.4203256745,-49.2690621799,POINT (-49.2690621799 -25.4203256745)
2014-05-19 17:36:50.000000,-25.4203256745,-49.2690621799,POINT (-49.2690621799 -25.4203256745)
2014-05-19 17:37:00.000000,-25.4203256745,-49.2690621799,POINT (-49.2690621799 -25.4203256745)
2014-05-19 17:37:10.000000,-25.4203256745,-49.2690621799,POINT (-49.2690621799 -25.4203256745)
2014-05-19 17:37:20.000000,-25.4203256745,-49.2690621799,POINT (-49.2690621799 -25.4203256745)
2014-05-19 17:37:30.000000,-25.4203256745,-49.2690621799,POINT (-49.2690621799 -25.4203256745)
2014-05-19 17:37:40.000000,-25.4203256745,-49.2690621799,POINT (-49.2690621799 -25.4203256745)
2014-05-19 17:37:50.000000,-25.4203256745,-49.2690621799,POINT (-49.2690621799 -25.4203256745)
2014-05-19 17:38:00.000000,-25.4203256745,-49.2690621799,POINT (-49.2690621799 -25.4203256745)
2014-05-19 17:38:10.000000,-25.4203256745,-49.2690621799,POINT (-49.2690621799 -25.4203256745)
2014-05-19 17:38:20.000000,-25.4203256745,-49.2690621799,POINT (-49.2690621799 -25.4203256745)
2014-05-19 17:38:30.000000,-25.4203256745,-49.2690621799,POINT (-49.2690621799 -25.4203256745)
2014-05-19 17:38:40.000000,-25.4203256745,-49.2690621799,POINT (-49.2690621799 -25.4203256745)
2014-05-19 17:38:50.000000,-25.4203256745,-49.2690621799,POINT (-49.2690621799 -25.4203256745)
2014-05-19 17:39:00.000000,-25.4203256745,-49.2690621799,POINT (-49.2690621799 -25.4203256745)
2014-05-19 17:39:10.000000,-25.4203256745,-49.2690621799,POINT (-49.2690621799 -25.4203256745)
2014-05-19 17:39:20.000000,-25.4203256745,-49.2690621799,POINT (-49.2690621799 -25.4203256745)
2014-05-19 17:39:30.000000,-25.4203256745,-49.2690621799,POINT (-49.2690621799 -25.4203256745)
2014-05-19 17:39:40.000000,-25.4203256745,-49.2690621799,POINT (-49.2690621799 -25.4203256745)
2014-05-19 17:39:50.000000,-25.4203256745,-49.2690621799,POINT (-49.2690621799 -25.4203256745)
2014-05-19 17:40:00.000000,-25.4203256745,-49.2690621799,POINT (-49.2690621799 -25.4203256745)
2014-05-19 17:40:10.000000,-25.4203256745,-49.2690621799,POINT (-49.2690621799 -25.4203256745)
2014-05-19 17:40:20.000000,-25.4203256745,-49.2690621799,POINT (-49.2690621799 -25.4203256745)
2014-05-19 17:40:30.000000,-25.4203256745,-49.2690621799,POINT (-49.2690621799 -25.4203256745)
2014-05-19 17:40:40.000000,-25.4203256745,-49.2690621799,POINT (-49.2690621799 -25.4203256745)
2014-05-19 17:40:50.000000,-25.4203256745,-49.2690621799,POINT (-49.2690621799 -25.4203256745)
2014-05-19 17:41:00.000000,-25.4203256745,-49.2690621799,POINT (-49.2690621799 -25.4203256745)
2014-05-19 17:41:10.000000,-25.4203256745,-49.2690621799,POINT (-49.2690621799 -25.4203256745)
2014-05-19 17:41:20.000000,-25.4203256745,-49.2690621799,POINT (-49.2690621799 -25.4203256745)
2014-05-19 17:41:30.000000,-25.4203256745,-49.2690621799,POINT (-49.2690621799 -25.4203256745)
2014-05-19 17:41:40.000000,-25.4203256745,-49.2690621799,POINT (-49.2690621799 -25.4203256745)
2014-05-19 17:41:50.000000,-25.4203256745,-49.2690621799,POINT (-49.2690621799 -25.4203256745)
2014-05-19 17:42:00.000000,-25.4203256745,-49.2690621799,POINT (-49.2690621799 -25.4203256745)
2014-05-19 17:42:10.000000,-25.4203256745,-49.2690621799,POINT (-49.2690621799 -25.4203256745)
2014-05-19 17:42:20.000000,-25.4203256745,-49.2690621799,POINT (-49.2690621799 -25.4203256745)
2014-05-19 17:42:30.000000,-25.4203256745,-49.2690621799,POINT (-49.2690621799 -25.4203256745)
2014-05-19 17:42:40.000000,-25.4203256745,-49.2690621799,POINT (-49.2690621799 -25.4203256745)
2014-05-19 17:42:50.000000,-25.4203256745,-49.2690621799,POINT (-49.2690621799 -25.4203256745)
2014-05-19 17:43:00.000000,-25.4203256745,-49.2690621799,POINT (-49.2690621799 -25.4203256745)
2014-05-19 17:43:10.000000,-25.4203256745,-49.2690621799,POINT (-49.2690621799 -25.4203256745)
2014-05-19 17:43:20.000000,-25.4203256745,-49.2690621799,POINT (-49.2690621799 -25.4203256745)
2014-05-19 17:43:30.000000,-25.4203256745,-49.2690621799,POINT (-49.2690621799 -25.4203256745)
2014-05-19 17:43:40.000000,-25.4203256745,-49.2690621799,POINT (-49.2690621799 -25.4203256745)
2014-05-19 17:43:50.000000,-25.4203256745,-49.2690621799,POINT (-49.2690621799 -25.4203256745)
2014-05-19 17:44:00.000000,-25.4203256745,-49.2690621799,POINT (-49.2690621799 -25.4203256745)
2014-05-19 17:44:10.000000,-25.4203256745,-49.2690621799,POINT (-49.2690621799 -25.4203256745)
2014-05-19 17:44:20.000000,-25.4203256745,-49.2690621799,POINT (-49.2690621799 -25.4203256745)
2014-05-19 17:44:30.000000,-25.4203256745,-49.2690621799,POINT (-49.2690621799 -25.4203256745)
2014-05-19 17:44:40.000000,-25.4203256745,-49.2690621799,POINT (-49.2690621799 -25.4203256745)
2014-05-19 17:44:50.000000,-25.4203256745,-49.2690621799,POINT (-49.2690621799 -25.4203256745)
2014-05-19 17:45:00.000000,-25.4203256745,-49.2690621799,POINT (-49.2690621799 -25.4203256745)
2014-05-19 17:45:10.000000,-25.4203256745,-49.2690621799,POINT (-49.2690621799 -25.4203256745)
2014-05-19 17:45:20.000000,-25.4203256745,-49.2690621799,POINT (-49.2690621799 -25.4203256745)
2014-05-19 17:45:30.000000,-25.4203256745,-49.2690621799,POINT (-49.2690621799 -25.4203256745)
2014-05-19 17:45:40.000000,-25.4203256745,-49.2690621799,POINT (-49.2690621799 -25.4203256745)
2014-05-19 17:45:50.000000,-25.4203256745,-49.2690621799,POINT (-49.2690621799 -25.4203256745)
2014-05-19 17:46:00.000000,-25.4203256745,-49.2690621799,POINT (-49.2690621799 -25.4203256745)
2014-05-19 17:46:10.000000,-25.4203256745,-49.2690621799,POINT (-49.2690621799 -25.4203256745)
2014-05-19 17:46:20.000000,-25.4203256745,-49.2690621799,POINT (-49.2690621799 -25.4203256745)
2014-05-19 17:46:30.000000,-25.4203256745,-49.2690621799,POINT (-49.2690621799 -25.4203256745)
2014-05-19 17:46:40.000000,-25.4203256745,-49.2690621799,POINT (-49.2690621799 -25.4203256745)
2014-05-19 17:46:50.000000,-25.4203256745,-49.2690621799,POINT (-49.2690621799 -25.4203256745)
2014-05-19 17:47:00.000000,-25.4203256745,-49.2690621799,POINT (-49.2690621799 -25.4203256745)
2014-05-19 17:47:10.000000,-25.4203256745,-49.2690621799,POINT (-49.2690621799 -25.4203256745)
2014-05-19 17:47:20.000000,-25.4203256745,-49.2690621799,POINT (-49.2690621799 -25.4203256745)
2014-05-19 17:47:30.000000,-25.4203256745,-49.2690621799,POINT (-49.2690621799 -25.4203256745)
2014-05-19 17:47:40.000000,-25.4203256745,-49.2690621799,POINT (-49.2690621799 -25.4203256745)
2014-05-19 17:47:50.000000,-25.4203256745,-49.2690621799,POINT (-49.2690621799 -25.4203256745)
2014-05-19 17:48:00.000000,-25.4203256745,-49.2690621799,POINT (-49.2690621799 -25.4203256745)
2014-05-19 17:48:10.000000,-25.4203256745,-49.2690621799,POINT (-49.2690621799 -25.4203256745)
2014-05-19 17:48:20.000000,-25.4203256745,-49.2690621799,POINT (-49.2690621799 -25.4203256745)
2014-05-19 17:48:30.000000,-25.4203256745,-49.2690621799,POINT (-49.2690621799 -25.4203256745)
2014-05-19 17:48:40.000000,-25.4203256745,-49.2690621799,POINT (-49.2690621799 -25.4203256745)
2014-05-19 17:48:50.000000,-25.4203256745,-49.2690621799,POINT (-49.2690621799 -25.4203256745)
2014-05-19 17:49:00.000000,-25.4203256745,-49.2690621799,POINT (-49.2690621799 -25.4203256745)
2014-05-19 17:49:10.000000,-25.4203256745,-49.2690621799,POINT (-49.2690621799 -25.4203256745)
2014-05-19 17:49:20.000000,-25.4203256745,-49.2690621799,POINT (-49.2690621799 -25.4203256745)
2014-05-19 17:49:30.000000,-25.4203256745,-49.2690621799,POINT (-49.2690621799 -25.4203256745)
2014-05-19 17:49:40.000000,-25.4203256745,-49.2690621799,POINT (-49.2690621799 -25.4203256745)
2014-05-19 17:49:50.000000,-25.4203256745,-49.2690621799,POINT (-49.2690621799 -25.4203256745)
2014-05-19 17:50:00.000000,-25.4203256745,-49.2690621799,POINT (-49.2690621799 -25.4203256745)
2014-05-19 17:50:10.000000,-25.4203256745,-49.2690621799,POINT (-49.2690621799 -25.4203256745)
2014-05-19 17:50:20.000000,-25.4203256745,-49.2690621799,POINT (-49.2690621799 -25.4203256745)
2014-05-19 17:50:30.000000,-25.4203256745,-49.2690621799,POINT (-49.2690621799 -25.4203256745)
2014-05-19 17:50:40.000000,-25.4203256745,-49.2690621799,POINT (-49.2690621799 -25.4203256745)
2014-05-19 17:50:50.000000,-25.4203256745,-49.2690621799,POINT (-49.2690621799 -25.4203256745)
2014-05-19 17:51:00.000000,-25.4203256745,-49.2690621799,POINT (-49.2690621799 -25.4203256745)
2014-05-19 17:51:10.000000,-25.4203256745,-49.2690621799,POINT (-49.2690621799 -25.4203256745)
2014-05-19 17:51:20.000000,-25.4203256745,-49.2690621799,POINT (-49.2690621799 -25.4203256745)
2014-05-19 17:51:30.000000,-25.4203256745,-49.2690621799,POINT (-49.2690621799 -25.4203256745)
2014-05-19 17:51:40.000000,-25.4203256745,-49.2690621799,POINT (-49.2690621799 -25.4203256745)
2014-05-19 17:51:50.000000,-25.4203256745,-49.2690621799,POINT (-49.2690621799 -25.4203256745)
2014-05-19 17:52:00.000000,-25.4203256745,-49.2690621799,POINT (-49.2690621799 -25.4203256745)
2014-05-19 17:52:10.000000,-25.4203256745,-49.2690621799,POINT (-49.2690621799 -25.4203256745)
2014-05-19 17:52:20.000000,-25.4203256745,-49.2690621799,POINT (-49.2690621799 -25.4203256745)
2014-05-19 17:52:30.000000,-25.4203256745,-49.2690621799,POINT (-49.2690621799 -25.4203256745)
2014-05-19 17:52:40.000000,-25.4203256745,-49.2690621799,POINT (-49.2690621799 -25.4203256745)
2014-05-19 17:52:50.000000,-25.4203256745,-49.2690621799,POINT (-49.2690621799 -25.4203256745)
2014-05-19 17:53:00.000000,-25.4203256745,-49.2690621799,POINT (-49.2690621799 -25.4203256745)
2014-05-19 17:53:10.000000,-25.4203256745,-49.2690621799,POINT (-49.2690621799 -25.4203256745)
2014-05-19 17:53:20.000000,-25.4203256745,-49.2690621799,POINT (-49.2690621799 -25.4203256745)
2014-05-19 17:53:30.000000,-25.4203256745,-49.2690621799,POINT (-49.2690621799 -25.4203256745)
2014-05-19 17:53:40.000000,-25.4203256745,-49.2690621799,POINT (-49.2690621799 -25.4203256745)
2014-05-19 17:53:50.000000,-25.4203256745,-49.2690621799,POINT (-49.2690621799 -25.4203256745)
2014-05-19 17:54:00.000000,-25.4203256745,-49.2690621799,POINT (-49.2690621799 -25.4203256745)
2014-05-19 17:54:10.000000,-25.4203256745,-49.2690621799,POINT (-49.2690621799 -25.4203256745)
2014-05-19 17:54:20.000000,-25.4203256745,-49.2690621799,POINT (-49.2690621799 -25.4203256745)
2014-05-19 17:54:30.000000,-25.4203256745,-49.2690621799,POINT (-49.2690621799 -25.4203256745)
2014-05-19 17:54:40.000000,-25.4203256745,-49.2690621799,POINT (-49.2690621799 -25.4203256745)
2014-05-19 17:54:50.000000,-25.4203256745,-49.2690621799,POINT (-49.2690621799 -25.4203256745)
2014-05-19 17:55:00.000000,-25.4203256745,-49.2690621799,POINT (-49.2690621799 -25.4203256745)
2014-05-19 17:55:10.000000,-25.4203256745,-49.2690621799,POINT (-49.2690621799 -25.4203256745)
2014-05-19 17:55:20.000000,-25.4203256745,-49.2690621799,POINT (-49.2690621799 -25.4203256745)
2014-05-19 17:55:30.000000,-25.4203256745,-49.2690621799,POINT (-49.2690621799 -25.4203256745)
2014-05-19 17:55:40.000000,-25.4203256745,-49.2690621799,POINT (-49.2690621799 -25.4203256745)
2014-05-19 17:55:50.000000,-25.4203256745,-49.2690621799,POINT (-49.2690621799 -25.4203256745)
2014-05-19 17:56:00.000000,-25.4203256745,-49.2690621799,POINT (-49.2690621799 -25.4203256745)
2014-05-19 17:56:10.000000,-25.4203256745,-49.2690621799,POINT (-49.2690621799 -25.4203256745)
2014-05-19 17:56:20.000000,-25.4203256745,-49.2690621799,POINT (-49.2690621799 -25.4203256745)
2014-05-19 17:56:30.000000,-25.4203256745,-49.2690621799,POINT (-49.2690621799 -25.4203256745)
2014-05-19 17:56:40.000000,-25.4203256745,-49.2690621799,POINT (-49.2690621799 -25.4203256745)
2014-05-19 17:56:50.000000,-25.4203256745,-49.2690621799,POINT (-49.2690621799 -25.4203256745)
2014-05-19 17:57:00.000000,-25.4203256745,-49.2690621799,POINT (-49.2690621799 -25.4203256745)
2014-05-19 17:57:10.000000,-25.4203256745,-49.2690621799,POINT (-49.2690621799 -25.4203256745)
2014-05-19 17:57:22.115897,-25.4203966,-49.2691078,POINT (-49.2691078 -25.4203966)
2014-05-19 17:57:32.115897,-25.4196731,-49.268935150000004,POINT (-49.268935150000004 -25.4196731)
2014-05-19 17:57:42.115897,-25.4189496,-49.2687625,POINT (-49.2687625 -25.4189496)
2014-05-19 17:57:52.115897,-25.418978199999998,-49.268713500000004,POINT (-49.268713500000004 -25.418978199999998)
2014-05-19 17:58:02.115897,-25.4190068,-49.2686645,POINT (-49.2686645 -25.4190068)
2014-05-19 17:58:12.115897,-25.4190121,-49.268489200000005,POINT (-49.268489200000005 -25.4190121)
2014-05-19 17:58:22.115897,-25.4190174,-49.2683139,POINT (-49.2683139 -25.4190174)
2014-05-19 17:58:32.115897,-25.41903495,-49.26770275,POINT (-49.26770275 -25.41903495)
2014-05-19 17:58:42.115897,-25.4190525,-49.2670916,POINT (-49.2670916 -25.4190525)
2014-05-19 17:58:52.115897,-25.41910525,-49.26629815,POINT (-49.26629815 -25.41910525)
2014-05-19 17:59:02.115897,-25.419158,-49.2655047,POINT (-49.2655047 -25.419158)
2014-05-19 17:59:12.115897,-25.418896349999997,-49.26404425,POINT (-49.26404425 -25.418896349999997)
2014-05-19 17:59:22.115897,-25.4186347,-49.2625838,POINT (-49.2625838 -25.4186347)
2014-05-19 17:59:32.115897,-25.41842385,-49.2623871,POINT (-49.2623871 -25.41842385)
2014-05-19 17:59:42.115897,-25.418213,-49.2621904,POINT (-49.2621904 -25.418213)
2014-05-19 18:00:00.000000,-25.4179939823,-49.2621529964,POINT (-49.2621529964 -25.4179939823)
2014-05-19 18:00:10.000000,-25.4179939823,-49.2621529964,POINT (-49.2621529964 -25.4179939823)
2014-05-19 18:00:20.000000,-25.4179939823,-49.2621529964,POINT (-49.2621529964 -25.4179939823)
2014-05-19 18:00:30.000000,-25.4179939823,-49.2621529964,POINT (-49.2621529964 -25.4179939823)
2014-05-19 18:00:40.000000,-25.4179939823,-49.2621529964,POINT (-49.2621529964 -25.4179939823)
2014-05-19 18:00:50.000000,-25.4179939823,-49.2621529964,POINT (-49.2621529964 -25.4179939823)
2014-05-19 18:01:00.000000,-25.4179939823,-49.2621529964,POINT (-49.2621529964 -25.4179939823)
2014-05-19 18:01:10.000000,-25.4179939823,-49.2621529964,POINT (-49.2621529964 -25.4179939823)
2014-05-19 18:01:20.000000,-25.4179939823,-49.2621529964,POINT (-49.2621529964 -25.4179939823)
2014-05-19 18:01:30.000000,-25.4179939823,-49.2621529964,POINT (-49.2621529964 -25.4179939823)
2014-05-19 18:01:40.000000,-25.4179939823,-49.2621529964,POINT (-49.2621529964 -25.4179939823)
2014-05-19 18:01:50.000000,-25.4179939823,-49.2621529964,POINT (-49.2621529964 -25.4179939823)
2014-05-19 18:02:00.000000,-25.4179939823,-49.2621529964,POINT (-49.2621529964 -25.4179939823)
2014-05-19 18:02:10.000000,-25.4179939823,-49.2621529964,POINT (-49.2621529964 -25.4179939823)
2014-05-19 18:02:20.000000,-25.4179939823,-49.2621529964,POINT (-49.2621529964 -25.4179939823)
2014-05-19 18:02:30.000000,-25.4179939823,-49.2621529964,POINT (-49.2621529964 -25.4179939823)
2014-05-19 18:02:40.000000,-25.4179939823,-49.2621529964,POINT (-49.2621529964 -25.4179939823)
2014-05-19 18:02:50.000000,-25.4179939823,-49.2621529964,POINT (-49.2621529964 -25.4179939823)
2014-05-19 18:03:00.000000,-25.4179939823,-49.2621529964,POINT (-49.2621529964 -25.4179939823)
2014-05-19 18:03:10.000000,-25.4179939823,-49.2621529964,POINT (-49.2621529964 -25.4179939823)
2014-05-19 18:03:20.000000,-25.4179939823,-49.2621529964,POINT (-49.2621529964 -25.4179939823)
2014-05-19 18:03:30.000000,-25.4179939823,-49.2621529964,POINT (-49.2621529964 -25.4179939823)
2014-05-19 18:03:40.000000,-25.4179939823,-49.2621529964,POINT (-49.2621529964 -25.4179939823)
2014-05-19 18:03:50.000000,-25.4179939823,-49.2621529964,POINT (-49.2621529964 -25.4179939823)
2014-05-19 18:04:00.000000,-25.4179939823,-49.2621529964,POINT (-49.2621529964 -25.4179939823)
2014-05-19 18:04:10.000000,-25.4179939823,-49.2621529964,POINT (-49.2621529964 -25.4179939823)
2014-05-19 18:04:20.000000,-25.4179939823,-49.2621529964,POINT (-49.2621529964 -25.4179939823)
2014-05-19 18:04:30.000000,-25.4179939823,-49.2621529964,POINT (-49.2621529964 -25.4179939823)
2014-05-19 18:04:40.000000,-25.4179939823,-49.2621529964,POINT (-49.2621529964 -25.4179939823)
2014-05-19 18:04:50.000000,-25.4179939823,-49.2621529964,POINT (-49.2621529964 -25.4179939823)
2014-05-19 18:05:00.000000,-25.4179939823,-49.2621529964,POINT (-49.2621529964 -25.4179939823)
2014-05-19 18:05:10.000000,-25.4179939823,-49.2621529964,POINT (-49.2621529964 -25.4179939823)
2014-05-19 18:05:20.000000,-25.4179939823,-49.2621529964,POINT (-49.2621529964 -25.4179939823)
2014-05-19 18:05:30.000000,-25.4179939823,-49.2621529964,POINT (-49.2621529964 -25.4179939823)
2014-05-19 18:05:40.000000,-25.4179939823,-49.2621529964,POINT (-49.2621529964 -25.4179939823)
2014-05-19 18:05:50.000000,-25.4179939823,-49.2621529964,POINT (-49.2621529964 -25.4179939823)
2014-05-19 18:06:00.000000,-25.4179939823,-49.2621529964,POINT (-49.2621529964 -25.4179939823)
2014-05-19 18:06:10.000000,-25.4179939823,-49.2621529964,POINT (-49.2621529964 -25.4179939823)
2014-05-19 18:06:20.000000,-25.4179939823,-49.2621529964,POINT (-49.2621529964 -25.4179939823)
2014-05-19 18:06:30.000000,-25.4179939823,-49.2621529964,POINT (-49.2621529964 -25.4179939823)
2014-05-19 18:06:40.000000,-25.4179939823,-49.2621529964,POINT (-49.2621529964 -25.4179939823)
2014-05-19 18:06:50.000000,-25.4179939823,-49.2621529964,POINT (-49.2621529964 -25.4179939823)
2014-05-19 18:07:00.000000,-25.4179939823,-49.2621529964,POINT (-49.2621529964 -25.4179939823)
2014-05-19 18:07:10.000000,-25.4179939823,-49.2621529964,POINT (-49.2621529964 -25.4179939823)
2014-05-19 18:07:20.000000,-25.4179939823,-49.2621529964,POINT (-49.2621529964 -25.4179939823)
2014-05-19 18:07:30.000000,-25.4179939823,-49.2621529964,POINT (-49.2621529964 -25.4179939823)
2014-05-19 18:07:40.000000,-25.4179939823,-49.2621529964,POINT (-49.2621529964 -25.4179939823)
2014-05-19 18:07:50.000000,-25.4179939823,-49.2621529964,POINT (-49.2621529964 -25.4179939823)
2014-05-19 18:08:00.000000,-25.4179939823,-49.2621529964,POINT (-49.2621529964 -25.4179939823)
2014-05-19 18:08:10.000000,-25.4179939823,-49.2621529964,POINT (-49.2621529964 -25.4179939823)
2014-05-19 18:08:20.000000,-25.4179939823,-49.2621529964,POINT (-49.2621529964 -25.4179939823)
2014-05-19 18:08:30.000000,-25.4179939823,-49.2621529964,POINT (-49.2621529964 -25.4179939823)
2014-05-19 18:08:40.000000,-25.4179939823,-49.2621529964,POINT (-49.2621529964 -25.4179939823)
2014-05-19 18:08:50.000000,-25.4179939823,-49.2621529964,POINT (-49.2621529964 -25.4179939823)
2014-05-19 18:09:00.000000,-25.4179939823,-49.2621529964,POINT (-49.2621529964 -25.4179939823)
2014-05-19 18:09:10.000000,-25.4179939823,-49.2621529964,POINT (-49.2621529964 -25.4179939823)
2014-05-19 18:09:20.000000,-25.4179939823,-49.2621529964,POINT (-49.2621529964 -25.4179939823)
2014-05-19 18:09:30.000000,-25.4179939823,-49.2621529964,POINT (-49.2621529964 -25.4179939823)
2014-05-19 18:09:40.000000,-25.4179939823,-49.2621529964,POINT (-49.2621529964 -25.4179939823)
2014-05-19 18:09:50.000000,-25.4179939823,-49.2621529964,POINT (-49.2621529964 -25.4179939823)
2014-05-19 18:10:00.000000,-25.4179939823,-49.2621529964,POINT (-49.2621529964 -25.4179939823)
2014-05-19 18:10:10.000000,-25.4179939823,-49.2621529964,POINT (-49.2621529964 -25.4179939823)
2014-05-19 18:10:20.000000,-25.4179939823,-49.2621529964,POINT (-49.2621529964 -25.4179939823)
2014-05-19 18:10:30.000000,-25.4179939823,-49.2621529964,POINT (-49.2621529964 -25.4179939823)
2014-05-19 18:10:40.000000,-25.4179939823,-49.2621529964,POINT (-49.2621529964 -25.4179939823)
2014-05-19 18:10:50.000000,-25.4179939823,-49.2621529964,POINT (-49.2621529964 -25.4179939823)
2014-05-19 18:11:00.000000,-25.4179939823,-49.2621529964,POINT (-49.2621529964 -25.4179939823)
2014-05-19 18:11:10.000000,-25.4179939823,-49.2621529964,POINT (-49.2621529964 -25.4179939823)
2014-05-19 18:11:20.000000,-25.4179939823,-49.2621529964,POINT (-49.2621529964 -25.4179939823)
2014-05-19 18:11:30.000000,-25.4179939823,-49.2621529964,POINT (-49.2621529964 -25.4179939823)
2014-05-19 18:11:40.000000,-25.4179939823,-49.2621529964,POINT (-49.2621529964 -25.4179939823)
2014-05-19 18:11:50.000000,-25.4179939823,-49.2621529964,POINT (-49.2621529964 -25.4179939823)
2014-05-19 18:12:00.000000,-25.4179939823,-49.2621529964,POINT (-49.2621529964 -25.4179939823)
2014-05-19 18:12:10.000000,-25.4179939823,-49.2621529964,POINT (-49.2621529964 -25.4179939823)
2014-05-19 18:12:20.000000,-25.4179939823,-49.2621529964,POINT (-49.2621529964 -25.4179939823)
2014-05-19 18:12:30.000000,-25.4179939823,-49.2621529964,POINT (-49.2621529964 -25.4179939823)
2014-05-19 18:12:40.000000,-25.4179939823,-49.2621529964,POINT (-49.2621529964 -25.4179939823)
2014-05-19 18:12:50.000000,-25.4179939823,-49.2621529964,POINT (-49.2621529964 -25.4179939823)
2014-05-19 18:13:00.000000,-25.4179939823,-49.2621529964,POINT (-49.2621529964 -25.4179939823)
2014-05-19 18:13:10.000000,-25.4179939823,-49.2621529964,POINT (-49.2621529964 -25.4179939823)
2014-05-19 18:13:20.000000,-25.4179939823,-49.2621529964,POINT (-49.2621529964 -25.4179939823)
2014-05-19 18:13:30.000000,-25.4179939823,-49.2621529964,POINT (-49.2621529964 -25.4179939823)
2014-05-19 18:13:40.000000,-25.4179939823,-49.2621529964,POINT (-49.2621529964 -25.4179939823)
2014-05-19 18:13:50.000000,-25.4179939823,-49.2621529964,POINT (-49.2621529964 -25.4179939823)
2014-05-19 18:14:00.000000,-25.4179939823,-49.2621529964,POINT (-49.2621529964 -25.4179939823)
2014-05-19 18:14:10.000000,-25.4179939823,-49.2621529964,POINT (-49.2621529964 -25.4179939823)
2014-05-19 18:14:20.000000,-25.4179939823,-49.2621529964,POINT (-49.2621529964 -25.4179939823)
2014-05-19 18:14:30.000000,-25.4179939823,-49.2621529964,POINT (-49.2621529964 -25.4179939823)
2014-05-19 18:14:40.000000,-25.4179939823,-49.2621529964,POINT (-49.2621529964 -25.4179939823)
2014-05-19 18:14:50.000000,-25.4179939823,-49.2621529964,POINT (-49.2621529964 -25.4179939823)
2014-05-19 18:15:00.000000,-25.4179939823,-49.2621529964,POINT (-49.2621529964 -25.4179939823)
2014-05-19 18:15:10.000000,-25.4179939823,-49.2621529964,POINT (-49.2621529964 -25.4179939823)
2014-05-19 18:15:20.000000,-25.4179939823,-49.2621529964,POINT (-49.2621529964 -25.4179939823)
2014-05-19 18:15:30.000000,-25.4179939823,-49.2621529964,POINT (-49.2621529964 -25.4179939823)
2014-05-19 18:15:40.000000,-25.4179939823,-49.2621529964,POINT (-49.2621529964 -25.4179939823)
2014-05-19 18:15:50.000000,-25.4179939823,-49.2621529964,POINT (-49.2621529964 -25.4179939823)
2014-05-19 18:16:00.000000,-25.4179939823,-49.2621529964,POINT (-49.2621529964 -25.4179939823)
2014-05-19 18:16:10.000000,-25.4179939823,-49.2621529964,POINT (-49.2621529964 -25.4179939823)
2014-05-19 18:16:20.000000,-25.4179939823,-49.2621529964,POINT (-49.2621529964 -25.4179939823)
2014-05-19 18:16:30.000000,-25.4179939823,-49.2621529964,POINT (-49.2621529964 -25.4179939823)
2014-05-19 18:16:40.000000,-25.4179939823,-49.2621529964,POINT (-49.2621529964 -25.4179939823)
2014-05-19 18:16:50.000000,-25.4179939823,-49.2621529964,POINT (-49.2621529964 -25.4179939823)
2014-05-19 18:17:00.000000,-25.4179939823,-49.2621529964,POINT (-49.2621529964 -25.4179939823)
2014-05-19 18:17:10.000000,-25.4179939823,-49.2621529964,POINT (-49.2621529964 -25.4179939823)
2014-05-19 18:17:20.000000,-25.4179939823,-49.2621529964,POINT (-49.2621529964 -25.4179939823)
2014-05-19 18:17:30.000000,-25.4179939823,-49.2621529964,POINT (-49.2621529964 -25.4179939823)
2014-05-19 18:17:40.000000,-25.4179939823,-49.2621529964,POINT (-49.2621529964 -25.4179939823)
2014-05-19 18:17:50.000000,-25.4179939823,-49.2621529964,POINT (-49.2621529964 -25.4179939823)
2014-05-19 18:18:00.000000,-25.4179939823,-49.2621529964,POINT (-49.2621529964 -25.4179939823)
2014-05-19 18:18:10.000000,-25.4179939823,-49.2621529964,POINT (-49.2621529964 -25.4179939823)
2014-05-19 18:18:20.000000,-25.4179939823,-49.2621529964,POINT (-49.2621529964 -25.4179939823)
2014-05-19 18:18:30.000000,-25.4179939823,-49.2621529964,POINT (-49.2621529964 -25.4179939823)
2014-05-19 18:18:40.000000,-25.4179939823,-49.2621529964,POINT (-49.2621529964 -25.4179939823)
2014-05-19 18:18:50.000000,-25.4179939823,-49.2621529964,POINT (-49.2621529964 -25.4179939823)
2014-05-19 18:19:00.000000,-25.4179939823,-49.2621529964,POINT (-49.2621529964 -25.4179939823)
2014-05-19 18:19:10.000000,-25.4179939823,-49.2621529964,POINT (-49.2621529964 -25.4179939823)
2014-05-19 18:19:20.000000,-25.4179939823,-49.2621529964,POINT (-49.2621529964 -25.4179939823)
2014-05-19 18:19:30.000000,-25.4179939823,-49.2621529964,POINT (-49.2621529964 -25.4179939823)
2014-05-19 18:19:40.000000,-25.4179939823,-49.2621529964,POINT (-49.2621529964 -25.4179939823)
2014-05-19 18:19:50.000000,-25.4179939823,-49.2621529964,POINT (-49.2621529964 -25.4179939823)
2014-05-19 18:20:00.000000,-25.4179939823,-49.2621529964,POINT (-49.2621529964 -25.4179939823)
2014-05-19 18:20:10.000000,-25.4179939823,-49.2621529964,POINT (-49.2621529964 -25.4179939823)
2014-05-19 18:20:20.000000,-25.4179939823,-49.2621529964,POINT (-49.2621529964 -25.4179939823)
2014-05-19 18:20:30.000000,-25.4179939823,-49.2621529964,POINT (-49.2621529964 -25.4179939823)
2014-05-19 18:20:40.000000,-25.4179939823,-49.2621529964,POINT (-49.2621529964 -25.4179939823)
2014-05-19 18:20:50.000000,-25.4179939823,-49.2621529964,POINT (-49.2621529964 -25.4179939823)
2014-05-19 18:21:00.000000,-25.4179939823,-49.2621529964,POINT (-49.2621529964 -25.4179939823)
2014-05-19 18:21:10.000000,-25.4179939823,-49.2621529964,POINT (-49.2621529964 -25.4179939823)
2014-05-19 18:21:20.000000,-25.4179939823,-49.2621529964,POINT (-49.2621529964 -25.4179939823)
2014-05-19 18:21:30.000000,-25.4179939823,-49.2621529964,POINT (-49.2621529964 -25.4179939823)
2014-05-19 18:21:40.000000,-25.4179939823,-49.2621529964,POINT (-49.2621529964 -25.4179939823)
2014-05-19 18:21:50.000000,-25.4179939823,-49.2621529964,POINT (-49.2621529964 -25.4179939823)
2014-05-19 18:22:00.000000,-25.4179939823,-49.2621529964,POINT (-49.2621529964 -25.4179939823)
2014-05-19 18:22:10.000000,-25.4179939823,-49.2621529964,POINT (-49.2621529964 -25.4179939823)
2014-05-19 18:22:20.000000,-25.4179939823,-49.2621529964,POINT (-49.2621529964 -25.4179939823)
2014-05-19 18:22:30.000000,-25.4179939823,-49.2621529964,POINT (-49.2621529964 -25.4179939823)
2014-05-19 18:22:40.000000,-25.4179939823,-49.2621529964,POINT (-49.2621529964 -25.4179939823)
2014-05-19 18:22:50.000000,-25.4179939823,-49.2621529964,POINT (-49.2621529964 -25.4179939823)
2014-05-19 18:23:00.000000,-25.4179939823,-49.2621529964,POINT (-49.2621529964 -25.4179939823)
2014-05-19 18:23:10.000000,-25.4179939823,-49.2621529964,POINT (-49.2621529964 -25.4179939823)
2014-05-19 18:23:20.000000,-25.4179939823,-49.2621529964,POINT (-49.2621529964 -25.4179939823)
2014-05-19 18:23:30.000000,-25.4179939823,-49.2621529964,POINT (-49.2621529964 -25.4179939823)
2014-05-19 18:23:40.000000,-25.4179939823,-49.2621529964,POINT (-49.2621529964 -25.4179939823)
2014-05-19 18:23:50.000000,-25.4179939823,-49.2621529964,POINT (-49.2621529964 -25.4179939823)
2014-05-19 18:24:00.000000,-25.4179939823,-49.2621529964,POINT (-49.2621529964 -25.4179939823)
2014-05-19 18:24:10.000000,-25.4179939823,-49.2621529964,POINT (-49.2621529964 -25.4179939823)
2014-05-19 18:24:20.000000,-25.4179939823,-49.2621529964,POINT (-49.2621529964 -25.4179939823)
2014-05-19 18:24:30.000000,-25.4179939823,-49.2621529964,POINT (-49.2621529964 -25.4179939823)
2014-05-19 18:24:40.000000,-25.4179939823,-49.2621529964,POINT (-49.2621529964 -25.4179939823)
2014-05-19 18:24:50.000000,-25.4179939823,-49.2621529964,POINT (-49.2621529964 -25.4179939823)
2014-05-19 18:25:00.000000,-25.4179939823,-49.2621529964,POINT (-49.2621529964 -25.4179939823)
2014-05-19 18:25:10.000000,-25.4179939823,-49.2621529964,POINT (-49.2621529964 -25.4179939823)
2014-05-19 18:25:20.000000,-25.4179939823,-49.2621529964,POINT (-49.2621529964 -25.4179939823)
2014-05-19 18:25:30.000000,-25.4179939823,-49.2621529964,POINT (-49.2621529964 -25.4179939823)
2014-05-19 18:25:40.000000,-25.4179939823,-49.2621529964,POINT (-49.2621529964 -25.4179939823)
2014-05-19 18:25:50.000000,-25.4179939823,-49.2621529964,POINT (-49.2621529964 -25.4179939823)
2014-05-19 18:26:00.000000,-25.4179939823,-49.2621529964,POINT (-49.2621529964 -25.4179939823)
2014-05-19 18:26:10.000000,-25.4179939823,-49.2621529964,POINT (-49.2621529964 -25.4179939823)
2014-05-19 18:26:20.000000,-25.4179939823,-49.2621529964,POINT (-49.2621529964 -25.4179939823)
2014-05-19 18:26:30.000000,-25.4179939823,-49.2621529964,POINT (-49.2621529964 -25.4179939823)
2014-05-19 18:26:40.000000,-25.4179939823,-49.2621529964,POINT (-49.2621529964 -25.4179939823)
2014-05-19 18:26:50.000000,-25.4179939823,-49.2621529964,POINT (-49.2621529964 -25.4179939823)
2014-05-19 18:27:00.000000,-25.4179939823,-49.2621529964,POINT (-49.2621529964 -25.4179939823)
2014-05-19 18:27:10.000000,-25.4179939823,-49.2621529964,POINT (-49.2621529964 -25.4179939823)
2014-05-19 18:27:20.000000,-25.4179939823,-49.2621529964,POINT (-49.2621529964 -25.4179939823)
2014-05-19 18:27:30.000000,-25.4179939823,-49.2621529964,POINT (-49.2621529964 -25.4179939823)
2014-05-19 18:27:40.000000,-25.4179939823,-49.2621529964,POINT (-49.2621529964 -25.4179939823)
2014-05-19 18:27:50.000000,-25.4179939823,-49.2621529964,POINT (-49.2621529964 -25.4179939823)
2014-05-19 18:28:00.000000,-25.4179939823,-49.2621529964,POINT (-49.2621529964 -25.4179939823)
2014-05-19 18:28:10.000000,-25.4179939823,-49.2621529964,POINT (-49.2621529964 -25.4179939823)
2014-05-19 18:28:20.000000,-25.4179939823,-49.2621529964,POINT (-49.2621529964 -25.4179939823)
2014-05-19 18:28:30.000000,-25.4179939823,-49.2621529964,POINT (-49.2621529964 -25.4179939823)
2014-05-19 18:28:40.000000,-25.4179939823,-49.2621529964,POINT (-49.2621529964 -25.4179939823)
2014-05-19 18:28:50.000000,-25.4179939823,-49.2621529964,POINT (-49.2621529964 -25.4179939823)
2014-05-19 18:29:00.000000,-25.4179939823,-49.2621529964,POINT (-49.2621529964 -25.4179939823)
2014-05-19 18:29:10.000000,-25.4179939823,-49.2621529964,POINT (-49.2621529964 -25.4179939823)
2014-05-19 18:29:20.000000,-25.4179939823,-49.2621529964,POINT (-49.2621529964 -25.4179939823)
2014-05-19 18:29:30.000000,-25.4179939823,-49.2621529964,POINT (-49.2621529964 -25.4179939823)
2014-05-19 18:29:40.000000,-25.4179939823,-49.2621529964,POINT (-49.2621529964 -25.4179939823)
2014-05-19 18:29:50.000000,-25.4179939823,-49.2621529964,POINT (-49.2621529964 -25.4179939823)
2014-05-19 18:30:00.000000,-25.4179939823,-49.2621529964,POINT (-49.2621529964 -25.4179939823)
2014-05-19 18:30:10.000000,-25.4179939823,-49.2621529964,POINT (-49.2621529964 -25.4179939823)
2014-05-19 18:30:20.000000,-25.4179939823,-49.2621529964,POINT (-49.2621529964 -25.4179939823)
2014-05-19 18:30:30.000000,-25.4179939823,-49.2621529964,POINT (-49.2621529964 -25.4179939823)
2014-05-19 18:30:40.000000,-25.4179939823,-49.2621529964,POINT (-49.2621529964 -25.4179939823)
2014-05-19 18:30:50.000000,-25.4179939823,-49.2621529964,POINT (-49.2621529964 -25.4179939823)
2014-05-19 18:31:00.000000,-25.4179939823,-49.2621529964,POINT (-49.2621529964 -25.4179939823)
2014-05-19 18:31:10.000000,-25.4179939823,-49.2621529964,POINT (-49.2621529964 -25.4179939823)
2014-05-19 18:31:20.000000,-25.4179939823,-49.2621529964,POINT (-49.2621529964 -25.4179939823)
2014-05-19 18:31:30.000000,-25.4179939823,-49.2621529964,POINT (-49.2621529964 -25.4179939823)
2014-05-19 18:31:40.000000,-25.4179939823,-49.2621529964,POINT (-49.2621529964 -25.4179939823)
2014-05-19 18:31:50.000000,-25.4179939823,-49.2621529964,POINT (-49.2621529964 -25.4179939823)
2014-05-19 18:32:00.000000,-25.4179939823,-49.2621529964,POINT (-49.2621529964 -25.4179939823)
2014-05-19 18:32:10.000000,-25.4179939823,-49.2621529964,POINT (-49.2621529964 -25.4179939823)
2014-05-19 18:32:20.000000,-25.4179939823,-49.2621529964,POINT (-49.2621529964 -25.4179939823)
2014-05-19 18:32:30.000000,-25.4179939823,-49.2621529964,POINT (-49.2621529964 -25.4179939823)
2014-05-19 18:32:40.000000,-25.4179939823,-49.2621529964,POINT (-49.2621529964 -25.4179939823)
2014-05-19 18:32:50.000000,-25.4179939823,-49.2621529964,POINT (-49.2621529964 -25.4179939823)
2014-05-19 18:33:00.000000,-25.4179939823,-49.2621529964,POINT (-49.2621529964 -25.4179939823)
2014-05-19 18:33:10.000000,-25.4179939823,-49.2621529964,POINT (-49.2621529964 -25.4179939823)
2014-05-19 18:33:20.000000,-25.4179939823,-49.2621529964,POINT (-49.2621529964 -25.4179939823)
2014-05-19 18:33:30.000000,-25.4179939823,-49.2621529964,POINT (-49.2621529964 -25.4179939823)
2014-05-19 18:33:40.000000,-25.4179939823,-49.2621529964,POINT (-49.2621529964 -25.4179939823)
2014-05-19 18:33:50.000000,-25.4179939823,-49.2621529964,POINT (-49.2621529964 -25.4179939823)
2014-05-19 18:34:00.000000,-25.4179939823,-49.2621529964,POINT (-49.2621529964 -25.4179939823)
2014-05-19 18:34:10.000000,-25.4179939823,-49.2621529964,POINT (-49.2621529964 -25.4179939823)
2014-05-19 18:34:20.000000,-25.4179939823,-49.2621529964,POINT (-49.2621529964 -25.4179939823)
2014-05-19 18:34:30.000000,-25.4179939823,-49.2621529964,POINT (-49.2621529964 -25.4179939823)
2014-05-19 18:34:40.000000,-25.4179939823,-49.2621529964,POINT (-49.2621529964 -25.4179939823)
2014-05-19 18:34:50.000000,-25.4179939823,-49.2621529964,POINT (-49.2621529964 -25.4179939823)
2014-05-19 18:35:00.000000,-25.4179939823,-49.2621529964,POINT (-49.2621529964 -25.4179939823)
2014-05-19 18:35:10.000000,-25.4179939823,-49.2621529964,POINT (-49.2621529964 -25.4179939823)
2014-05-19 18:35:20.000000,-25.4179939823,-49.2621529964,POINT (-49.2621529964 -25.4179939823)
2014-05-19 18:35:30.000000,-25.4179939823,-49.2621529964,POINT (-49.2621529964 -25.4179939823)
2014-05-19 18:35:40.000000,-25.4179939823,-49.2621529964,POINT (-49.2621529964 -25.4179939823)
2014-05-19 18:35:50.000000,-25.4179939823,-49.2621529964,POINT (-49.2621529964 -25.4179939823)
2014-05-19 18:36:00.000000,-25.4179939823,-49.2621529964,POINT (-49.2621529964 -25.4179939823)
2014-05-19 18:36:10.000000,-25.4179939823,-49.2621529964,POINT (-49.2621529964 -25.4179939823)
2014-05-19 18:36:20.000000,-25.4179939823,-49.2621529964,POINT (-49.2621529964 -25.4179939823)
2014-05-19 18:36:30.000000,-25.4179939823,-49.2621529964,POINT (-49.2621529964 -25.4179939823)
2014-05-19 18:36:40.000000,-25.4179939823,-49.2621529964,POINT (-49.2621529964 -25.4179939823)
2014-05-19 18:36:50.000000,-25.4179939823,-49.2621529964,POINT (-49.2621529964 -25.4179939823)
2014-05-19 18:37:00.000000,-25.4179939823,-49.2621529964,POINT (-49.2621529964 -25.4179939823)
2014-05-19 18:37:10.000000,-25.4179939823,-49.2621529964,POINT (-49.2621529964 -25.4179939823)
2014-05-19 18:37:20.000000,-25.4179939823,-49.2621529964,POINT (-49.2621529964 -25.4179939823)
2014-05-19 18:37:30.000000,-25.4179939823,-49.2621529964,POINT (-49.2621529964 -25.4179939823)
2014-05-19 18:37:40.000000,-25.4179939823,-49.2621529964,POINT (-49.2621529964 -25.4179939823)
2014-05-19 18:37:50.000000,-25.4179939823,-49.2621529964,POINT (-49.2621529964 -25.4179939823)
2014-05-19 18:38:00.000000,-25.4179939823,-49.2621529964,POINT (-49.2621529964 -25.4179939823)
2014-05-19 18:38:10.000000,-25.4179939823,-49.2621529964,POINT (-49.2621529964 -25.4179939823)
2014-05-19 18:38:20.000000,-25.4179939823,-49.2621529964,POINT (-49.2621529964 -25.4179939823)
2014-05-19 18:38:30.000000,-25.4179939823,-49.2621529964,POINT (-49.2621529964 -25.4179939823)
2014-05-19 18:38:40.000000,-25.4179939823,-49.2621529964,POINT (-49.2621529964 -25.4179939823)
2014-05-19 18:38:50.000000,-25.4179939823,-49.2621529964,POINT (-49.2621529964 -25.4179939823)
2014-05-19 18:39:00.000000,-25.4179939823,-49.2621529964,POINT (-49.2621529964 -25.4179939823)
2014-05-19 18:39:10.000000,-25.4179939823,-49.2621529964,POINT (-49.2621529964 -25.4179939823)
2014-05-19 18:39:20.000000,-25.4179939823,-49.2621529964,POINT (-49.2621529964 -25.4179939823)
2014-05-19 18:39:30.000000,-25.4179939823,-49.2621529964,POINT (-49.2621529964 -25.4179939823)
2014-05-19 18:39:40.000000,-25.4179939823,-49.2621529964,POINT (-49.2621529964 -25.4179939823)
2014-05-19 18:39:50.000000,-25.4179939823,-49.2621529964,POINT (-49.2621529964 -25.4179939823)
2014-05-19 18:40:00.000000,-25.4179939823,-49.2621529964,POINT (-49.2621529964 -25.4179939823)
2014-05-19 18:40:10.000000,-25.4179939823,-49.2621529964,POINT (-49.2621529964 -25.4179939823)
2014-05-19 18:40:20.000000,-25.4179939823,-49.2621529964,POINT (-49.2621529964 -25.4179939823)
2014-05-19 18:40:30.000000,-25.4179939823,-49.2621529964,POINT (-49.2621529964 -25.4179939823)
2014-05-19 18:40:40.000000,-25.4179939823,-49.2621529964,POINT (-49.2621529964 -25.4179939823)
2014-05-19 18:40:50.000000,-25.4179939823,-49.2621529964,POINT (-49.2621529964 -25.4179939823)
2014-05-19 18:41:00.000000,-25.4179939823,-49.2621529964,POINT (-49.2621529964 -25.4179939823)
2014-05-19 18:41:10.000000,-25.4179939823,-49.2621529964,POINT (-49.2621529964 -25.4179939823)
2014-05-19 18:41:20.000000,-25.4179939823,-49.2621529964,POINT (-49.2621529964 -25.4179939823)
2014-05-19 18:41:30.000000,-25.4179939823,-49.2621529964,POINT (-49.2621529964 -25.4179939823)
2014-05-19 18:41:40.000000,-25.4179939823,-49.2621529964,POINT (-49.2621529964 -25.4179939823)
2014-05-19 18:41:50.000000,-25.4179939823,-49.2621529964,POINT (-49.2621529964 -25.4179939823)
2014-05-19 18:42:00.000000,-25.4179939823,-49.2621529964,POINT (-49.2621529964 -25.4179939823)
2014-05-19 18:42:10.000000,-25.4179939823,-49.2621529964,POINT (-49.2621529964 -25.4179939823)
2014-05-19 18:42:20.000000,-25.4179939823,-49.2621529964,POINT (-49.2621529964 -25.4179939823)
2014-05-19 18:42:30.000000,-25.4179939823,-49.2621529964,POINT (-49.2621529964 -25.4179939823)
2014-05-19 18:42:40.000000,-25.4179939823,-49.2621529964,POINT (-49.2621529964 -25.4179939823)
2014-05-19 18:42:50.000000,-25.4179939823,-49.2621529964,POINT (-49.2621529964 -25.4179939823)
2014-05-19 18:43:00.000000,-25.4179939823,-49.2621529964,POINT (-49.2621529964 -25.4179939823)
2014-05-19 18:43:10.000000,-25.4179939823,-49.2621529964,POINT (-49.2621529964 -25.4179939823)
2014-05-19 18:43:20.000000,-25.4179939823,-49.2621529964,POINT (-49.2621529964 -25.4179939823)
2014-05-19 18:43:30.000000,-25.4179939823,-49.2621529964,POINT (-49.2621529964 -25.4179939823)
2014-05-19 18:43:40.000000,-25.4179939823,-49.2621529964,POINT (-49.2621529964 -25.4179939823)
2014-05-19 18:43:50.000000,-25.4179939823,-49.2621529964,POINT (-49.2621529964 -25.4179939823)
2014-05-19 18:44:00.000000,-25.4179939823,-49.2621529964,POINT (-49.2621529964 -25.4179939823)
2014-05-19 18:44:10.000000,-25.4179939823,-49.2621529964,POINT (-49.2621529964 -25.4179939823)
2014-05-19 18:44:20.000000,-25.4179939823,-49.2621529964,POINT (-49.2621529964 -25.4179939823)
2014-05-19 18:44:30.000000,-25.4179939823,-49.2621529964,POINT (-49.2621529964 -25.4179939823)
2014-05-19 18:44:40.000000,-25.4179939823,-49.2621529964,POINT (-49.2621529964 -25.4179939823)
2014-05-19 18:44:50.000000,-25.4179939823,-49.2621529964,POINT (-49.2621529964 -25.4179939823)
2014-05-19 18:45:00.000000,-25.4179939823,-49.2621529964,POINT (-49.2621529964 -25.4179939823)
2014-05-19 18:45:10.000000,-25.4179939823,-49.2621529964,POINT (-49.2621529964 -25.4179939823)
2014-05-19 18:45:20.000000,-25.4179939823,-49.2621529964,POINT (-49.2621529964 -25.4179939823)
2014-05-19 18:45:30.000000,-25.4179939823,-49.2621529964,POINT (-49.2621529964 -25.4179939823)
2014-05-19 18:45:40.000000,-25.4179939823,-49.2621529964,POINT (-49.2621529964 -25.4179939823)
2014-05-19 18:45:58.956190,-25.418213,-49.2621904,POINT (-49.2621904 -25.418213)
2014-05-19 18:46:08.956190,-25.41804348192771,-49.26202978795181,POINT (-49.26202978795181 -25.41804348192771)
2014-05-19 18:46:18.956190,-25.417870644578315,-49.26186618915663,POINT (-49.26186618915663 -25.417870644578315)
2014-05-19 18:46:28.956190,-25.41756171686747,-49.261580133734945,POINT (-49.261580133734945 -25.41756171686747)
2014-05-19 18:46:38.956190,-25.417243846987954,-49.26128565903615,POINT (-49.26128565903615 -25.417243846987954)
2014-05-19 18:46:48.956190,-25.41674713373494,-49.26082279879518,POINT (-49.26082279879518 -25.41674713373494)
2014-05-19 18:46:58.956190,-25.416258404819274,-49.26036715301205,POINT (-49.26036715301205 -25.416258404819274)
2014-05-19 18:47:08.956190,-25.415873472289157,-49.260005295180726,POINT (-49.260005295180726 -25.415873472289157)
2014-05-19 18:47:18.956190,-25.415515026506025,-49.25966865662651,POINT (-49.25966865662651 -25.415515026506025)
2014-05-19 18:47:28.956190,-25.41540820481928,-49.25957160120482,POINT (-49.25957160120482 -25.41540820481928)
2014-05-19 18:47:38.956190,-25.415253130120483,-49.25942922650602,POINT (-49.25942922650602 -25.415253130120483)
2014-05-19 18:47:48.956190,-25.41474098313253,-49.25895148915662,POINT (-49.25895148915662 -25.41474098313253)
2014-05-19 18:47:58.956190,-25.414280884337348,-49.25852225783132,POINT (-49.25852225783132 -25.414280884337348)
2014-05-19 18:48:08.956190,-25.414133074698796,-49.2583840626506,POINT (-49.2583840626506 -25.414133074698796)
2014-05-19 18:48:18.956190,-25.41398270120482,-49.25817951084337,POINT (-49.25817951084337 -25.41398270120482)
2014-05-19 18:48:28.956190,-25.413819508433736,-49.25764317590362,POINT (-49.25764317590362 -25.413819508433736)
2014-05-19 18:48:38.956190,-25.413655640963857,-49.25704011325301,POINT (-49.25704011325301 -25.413655640963857)
2014-05-19 18:48:48.956190,-25.413488906024096,-49.256153457831324,POINT (-49.256153457831324 -25.413488906024096)
2014-05-19 18:48:58.956190,-25.413244565060243,-49.255385851807226,POINT (-49.255385851807226 -25.413244565060243)
2014-05-19 18:49:08.956190,-25.4127156686747,-49.25505476024096,POINT (-49.25505476024096 -25.4127156686747)
2014-05-19 18:49:18.956190,-25.41222078433735,-49.25478164457831,POINT (-49.25478164457831 -25.41222078433735)
2014-05-19 18:49:28.956190,-25.411834738554216,-49.25469405180723,POINT (-49.25469405180723 -25.411834738554216)
2014-05-19 18:49:38.956190,-25.411522406024098,-49.25463219638554,POINT (-49.25463219638554 -25.411522406024098)
2014-05-19 18:49:48.956190,-25.411417810843375,-49.25464287349397,POINT (-49.25464287349397 -25.411417810843375)
2014-05-19 18:49:58.956190,-25.41129958192771,-49.25463676506024,POINT (-49.25463676506024 -25.41129958192771)
2014-05-19 18:50:08.956190,-25.4111472686747,-49.25458869277109,POINT (-49.25458869277109 -25.4111472686747)
2014-05-19 18:50:18.956190,-25.41091623493976,-49.25437910722892,POINT (-49.25437910722892 -25.41091623493976)
2014-05-19 18:50:28.956190,-25.410509593975902,-49.25380922289157,POINT (-49.25380922289157 -25.410509593975902)
2014-05-19 18:50:38.956190,-25.410156844578314,-49.253314871084335,POINT (-49.253314871084335 -25.410156844578314)
2014-05-19 18:50:48.956190,-25.409911878313252,-49.25297158433735,POINT (-49.25297158433735 -25.409911878313252)
2014-05-19 18:50:58.956190,-25.409707430120484,-49.252685062650606,POINT (-49.252685062650606 -25.409707430120484)
2014-05-19 18:51:08.956190,-25.409575914457832,-49.25250071807229,POINT (-49.25250071807229 -25.409575914457832)
2014-05-19 18:51:18.956190,-25.409348745783134,-49.25218372771084,POINT (-49.25218372771084 -25.409348745783134)
2014-05-19 18:51:28.956190,-25.408966140963855,-49.25165118795181,POINT (-49.25165118795181 -25.408966140963855)
2014-05-19 18:51:38.956190,-25.408603792771085,-49.25114410722892,POINT (-49.25114410722892 -25.408603792771085)
2014-05-19 18:51:48.956190,-25.40827123373494,-49.25067446626506,POINT (-49.25067446626506 -25.40827123373494)
2014-05-19 18:51:58.956190,-25.407984281927714,-49.250270210843375,POINT (-49.250270210843375 -25.407984281927714)
2014-05-19 18:52:08.956190,-25.40775813975904,-49.24995313614458,POINT (-49.24995313614458 -25.40775813975904)
2014-05-19 18:52:18.956190,-25.407566357831328,-49.2496842939759,POINT (-49.2496842939759 -25.407566357831328)
2014-05-19 18:52:28.956190,-25.407416169879518,-49.249473838554216,POINT (-49.249473838554216 -25.407416169879518)
2014-05-19 18:52:38.956190,-25.40729470481928,-49.24922692530121,POINT (-49.24922692530121 -25.40729470481928)
2014-05-19 18:52:48.956190,-25.40720483493976,-49.24893990843374,POINT (-49.24893990843374 -25.40720483493976)
2014-05-19 18:52:58.956190,-25.4069499,-49.24855768313253,POINT (-49.24855768313253 -25.4069499)
2014-05-19 18:53:08.956190,-25.4065299,-49.24808024939759,POINT (-49.24808024939759 -25.4065299)
2014-05-19 18:53:18.956190,-25.40601858674699,-49.2475806566265,POINT (-49.2475806566265 -25.40601858674699)
2014-05-19 18:53:28.956190,-25.405424261445784,-49.24706091927711,POINT (-49.24706091927711 -25.405424261445784)
2014-05-19 18:53:38.956190,-25.405068609638555,-49.24639827710843,POINT (-49.24639827710843 -25.405068609638555)
2014-05-19 18:53:48.956190,-25.404910122891568,-49.24561758313253,POINT (-49.24561758313253 -25.404910122891568)
2014-05-19 18:53:58.956190,-25.404501457831326,-49.244764715662654,POINT (-49.244764715662654 -25.404501457831326)
2014-05-19 18:54:08.956190,-25.403905159036146,-49.24385771807229,POINT (-49.24385771807229 -25.403905159036146)
2014-05-19 18:54:18.956190,-25.40340828795181,-49.243101955421686,POINT (-49.243101955421686 -25.40340828795181)
2014-05-19 18:54:28.956190,-25.402979027710842,-49.24244903253012,POINT (-49.24244903253012 -25.402979027710842)
2014-05-19 18:54:38.956190,-25.402568907228915,-49.24182521084337,POINT (-49.24182521084337 -25.402568907228915)
2014-05-19 18:54:48.956190,-25.402170565060242,-49.24121929759036,POINT (-49.24121929759036 -25.402170565060242)
2014-05-19 18:54:58.956190,-25.401793172289157,-49.24064529638554,POINT (-49.24064529638554 -25.401793172289157)
2014-05-19 18:55:08.956190,-25.401427418072288,-49.240089024096385,POINT (-49.240089024096385 -25.401427418072288)
2014-05-19 18:55:18.956190,-25.40124265180723,-49.239807961445784,POINT (-49.239807961445784 -25.40124265180723)
2014-05-19 18:55:28.956190,-25.401148379518073,-49.23966450361446,POINT (-49.23966450361446 -25.401148379518073)
2014-05-19 18:55:38.956190,-25.40108471445783,-49.23956765542169,POINT (-49.23956765542169 -25.40108471445783)
2014-05-19 18:55:48.956190,-25.40103476987952,-49.23949170120482,POINT (-49.23949170120482 -25.40103476987952)
2014-05-19 18:55:58.956190,-25.400897644578315,-49.239283168674696,POINT (-49.239283168674696 -25.400897644578315)
2014-05-19 18:56:08.956190,-25.400725646987954,-49.23902160481928,POINT (-49.23902160481928 -25.400725646987954)
2014-05-19 18:56:18.956190,-25.400447353012048,-49.23859831807229,POINT (-49.23859831807229 -25.400447353012048)
2014-05-19 18:56:28.956190,-25.400131340963856,-49.238117645783134,POINT (-49.238117645783134 -25.400131340963856)
2014-05-19 18:56:38.956190,-25.399671251807227,-49.2374178313253,POINT (-49.2374178313253 -25.399671251807227)
2014-05-19 18:56:48.956190,-25.399166138554214,-49.23664953493976,POINT (-49.23664953493976 -25.399166138554214)
2014-05-19 18:56:58.956190,-25.398797557831326,-49.2360889,POINT (-49.2360889 -25.398797557831326)
2014-05-19 18:57:08.956190,-25.398466213253013,-49.2355849,POINT (-49.2355849 -25.398466213253013)
2014-05-19 18:57:18.956190,-25.3983388686747,-49.23547177710844,POINT (-49.23547177710844 -25.3983388686747)
2014-05-19 18:57:28.956190,-25.398259524096385,-49.235450625301205,POINT (-49.235450625301205 -25.398259524096385)
2014-05-19 18:57:38.956190,-25.3979143060241,-49.23570095542169,POINT (-49.23570095542169 -25.3979143060241)
2014-05-19 18:57:48.956190,-25.397515913253013,-49.236005581927714,POINT (-49.236005581927714 -25.397515913253013)
2014-05-19 18:57:58.956190,-25.397082734939758,-49.23633683975904,POINT (-49.23633683975904 -25.397082734939758)
2014-05-19 18:58:08.956190,-25.396643759036145,-49.23667253614458,POINT (-49.23667253614458 -25.396643759036145)
2014-05-19 18:58:18.956190,-25.396126414457832,-49.23600535421687,POINT (-49.23600535421687 -25.396126414457832)
2014-05-19 18:58:28.956190,-25.39559847951807,-49.235202648192775,POINT (-49.235202648192775 -25.39559847951807)
2014-05-19 18:58:38.956190,-25.395420510843373,-49.234932079518074,POINT (-49.234932079518074 -25.395420510843373)
2014-05-19 18:58:48.956190,-25.39527938072289,-49.23471752530121,POINT (-49.23471752530121 -25.39527938072289)
2014-05-19 18:58:58.956190,-25.39482648554217,-49.23405686746988,POINT (-49.23405686746988 -25.39482648554217)
2014-05-19 18:59:08.956190,-25.394349608433735,-49.2333618939759,POINT (-49.2333618939759 -25.394349608433735)
2014-05-19 18:59:18.956190,-25.394044104819276,-49.232863595180724,POINT (-49.232863595180724 -25.394044104819276)
2014-05-19 18:59:28.956190,-25.393747169879518,-49.23237513012048,POINT (-49.23237513012048 -25.393747169879518)
2014-05-19 18:59:38.956190,-25.39298456385542,-49.231194061445784,POINT (-49.231194061445784 -25.39298456385542)
2014-05-19 18:59:48.956190,-25.3922106,-49.2299961,POINT (-49.2299961 -25.3922106)
2014-05-19 19:00:00.000000,-25.392531,-49.229802,POINT (-49.229802 -25.392531)
2014-05-19 19:00:10.000000,-25.392531,-49.229802,POINT (-49.229802 -25.392531)
2014-05-19 19:00:20.000000,-25.392531,-49.229802,POINT (-49.229802 -25.392531)
2014-05-19 19:00:30.000000,-25.392531,-49.229802,POINT (-49.229802 -25.392531)
2014-05-19 19:00:40.000000,-25.392531,-49.229802,POINT (-49.229802 -25.392531)
2014-05-19 19:00:50.000000,-25.392531,-49.229802,POINT (-49.229802 -25.392531)
2014-05-19 19:01:00.000000,-25.392531,-49.229802,POINT (-49.229802 -25.392531)
2014-05-19 19:01:10.000000,-25.392531,-49.229802,POINT (-49.229802 -25.392531)
2014-05-19 19:01:20.000000,-25.392531,-49.229802,POINT (-49.229802 -25.392531)
2014-05-19 19:01:30.000000,-25.392531,-49.229802,POINT (-49.229802 -25.392531)
2014-05-19 19:01:40.000000,-25.392531,-49.229802,POINT (-49.229802 -25.392531)
2014-05-19 19:01:50.000000,-25.392531,-49.229802,POINT (-49.229802 -25.392531)
2014-05-19 19:02:00.000000,-25.392531,-49.229802,POINT (-49.229802 -25.392531)
2014-05-19 19:02:10.000000,-25.392531,-49.229802,POINT (-49.229802 -25.392531)
2014-05-19 19:02:20.000000,-25.392531,-49.229802,POINT (-49.229802 -25.392531)
2014-05-19 19:02:30.000000,-25.392531,-49.229802,POINT (-49.229802 -25.392531)
2014-05-19 19:02:40.000000,-25.392531,-49.229802,POINT (-49.229802 -25.392531)
2014-05-19 19:02:50.000000,-25.392531,-49.229802,POINT (-49.229802 -25.392531)
2014-05-19 19:03:00.000000,-25.392531,-49.229802,POINT (-49.229802 -25.392531)
2014-05-19 19:03:10.000000,-25.392531,-49.229802,POINT (-49.229802 -25.392531)
2014-05-19 19:03:20.000000,-25.392531,-49.229802,POINT (-49.229802 -25.392531)
2014-05-19 19:03:30.000000,-25.392531,-49.229802,POINT (-49.229802 -25.392531)
2014-05-19 19:03:40.000000,-25.392531,-49.229802,POINT (-49.229802 -25.392531)
2014-05-19 19:03:50.000000,-25.392531,-49.229802,POINT (-49.229802 -25.392531)
2014-05-19 19:04:00.000000,-25.392531,-49.229802,POINT (-49.229802 -25.392531)
2014-05-19 19:04:10.000000,-25.392531,-49.229802,POINT (-49.229802 -25.392531)
2014-05-19 19:04:20.000000,-25.392531,-49.229802,POINT (-49.229802 -25.392531)
2014-05-19 19:04:30.000000,-25.392531,-49.229802,POINT (-49.229802 -25.392531)
2014-05-19 19:04:40.000000,-25.392531,-49.229802,POINT (-49.229802 -25.392531)
2014-05-19 19:04:50.000000,-25.392531,-49.229802,POINT (-49.229802 -25.392531)
2014-05-19 19:05:00.000000,-25.392531,-49.229802,POINT (-49.229802 -25.392531)
2014-05-19 19:05:10.000000,-25.392531,-49.229802,POINT (-49.229802 -25.392531)
2014-05-19 19:05:20.000000,-25.392531,-49.229802,POINT (-49.229802 -25.392531)
2014-05-19 19:05:30.000000,-25.392531,-49.229802,POINT (-49.229802 -25.392531)
2014-05-19 19:05:40.000000,-25.392531,-49.229802,POINT (-49.229802 -25.392531)
2014-05-19 19:05:50.000000,-25.392531,-49.229802,POINT (-49.229802 -25.392531)
2014-05-19 19:06:00.000000,-25.392531,-49.229802,POINT (-49.229802 -25.392531)
2014-05-19 19:06:10.000000,-25.392531,-49.229802,POINT (-49.229802 -25.392531)
2014-05-19 19:06:20.000000,-25.392531,-49.229802,POINT (-49.229802 -25.392531)
2014-05-19 19:06:30.000000,-25.392531,-49.229802,POINT (-49.229802 -25.392531)
2014-05-19 19:06:40.000000,-25.392531,-49.229802,POINT (-49.229802 -25.392531)
2014-05-19 19:06:50.000000,-25.392531,-49.229802,POINT (-49.229802 -25.392531)
2014-05-19 19:07:00.000000,-25.392531,-49.229802,POINT (-49.229802 -25.392531)
2014-05-19 19:07:10.000000,-25.392531,-49.229802,POINT (-49.229802 -25.392531)
2014-05-19 19:07:20.000000,-25.392531,-49.229802,POINT (-49.229802 -25.392531)
2014-05-19 19:07:30.000000,-25.392531,-49.229802,POINT (-49.229802 -25.392531)
2014-05-19 19:07:40.000000,-25.392531,-49.229802,POINT (-49.229802 -25.392531)
2014-05-19 19:07:50.000000,-25.392531,-49.229802,POINT (-49.229802 -25.392531)
2014-05-19 19:08:00.000000,-25.392531,-49.229802,POINT (-49.229802 -25.392531)
2014-05-19 19:08:10.000000,-25.392531,-49.229802,POINT (-49.229802 -25.392531)
2014-05-19 19:08:20.000000,-25.392531,-49.229802,POINT (-49.229802 -25.392531)
2014-05-19 19:08:30.000000,-25.392531,-49.229802,POINT (-49.229802 -25.392531)
2014-05-19 19:08:40.000000,-25.392531,-49.229802,POINT (-49.229802 -25.392531)
2014-05-19 19:08:50.000000,-25.392531,-49.229802,POINT (-49.229802 -25.392531)
2014-05-19 19:09:00.000000,-25.392531,-49.229802,POINT (-49.229802 -25.392531)
2014-05-19 19:09:10.000000,-25.392531,-49.229802,POINT (-49.229802 -25.392531)
2014-05-19 19:09:20.000000,-25.392531,-49.229802,POINT (-49.229802 -25.392531)
2014-05-19 19:09:30.000000,-25.392531,-49.229802,POINT (-49.229802 -25.392531)
2014-05-19 19:09:40.000000,-25.392531,-49.229802,POINT (-49.229802 -25.392531)
2014-05-19 19:09:50.000000,-25.392531,-49.229802,POINT (-49.229802 -25.392531)
2014-05-19 19:10:00.000000,-25.392531,-49.229802,POINT (-49.229802 -25.392531)
2014-05-19 19:10:10.000000,-25.392531,-49.229802,POINT (-49.229802 -25.392531)
2014-05-19 19:10:20.000000,-25.392531,-49.229802,POINT (-49.229802 -25.392531)
2014-05-19 19:10:30.000000,-25.392531,-49.229802,POINT (-49.229802 -25.392531)
2014-05-19 19:10:40.000000,-25.392531,-49.229802,POINT (-49.229802 -25.392531)
2014-05-19 19:10:50.000000,-25.392531,-49.229802,POINT (-49.229802 -25.392531)
2014-05-19 19:11:00.000000,-25.392531,-49.229802,POINT (-49.229802 -25.392531)
2014-05-19 19:11:10.000000,-25.392531,-49.229802,POINT (-49.229802 -25.392531)
2014-05-19 19:11:20.000000,-25.392531,-49.229802,POINT (-49.229802 -25.392531)
2014-05-19 19:11:30.000000,-25.392531,-49.229802,POINT (-49.229802 -25.392531)
2014-05-19 19:11:40.000000,-25.392531,-49.229802,POINT (-49.229802 -25.392531)
2014-05-19 19:11:50.000000,-25.392531,-49.229802,POINT (-49.229802 -25.392531)
2014-05-19 19:12:00.000000,-25.392531,-49.229802,POINT (-49.229802 -25.392531)
2014-05-19 19:12:10.000000,-25.392531,-49.229802,POINT (-49.229802 -25.392531)
2014-05-19 19:12:20.000000,-25.392531,-49.229802,POINT (-49.229802 -25.392531)
2014-05-19 19:12:30.000000,-25.392531,-49.229802,POINT (-49.229802 -25.392531)
2014-05-19 19:12:40.000000,-25.392531,-49.229802,POINT (-49.229802 -25.392531)
2014-05-19 19:12:50.000000,-25.392531,-49.229802,POINT (-49.229802 -25.392531)
2014-05-19 19:13:00.000000,-25.392531,-49.229802,POINT (-49.229802 -25.392531)
2014-05-19 19:13:10.000000,-25.392531,-49.229802,POINT (-49.229802 -25.392531)
2014-05-19 19:13:20.000000,-25.392531,-49.229802,POINT (-49.229802 -25.392531)
2014-05-19 19:13:30.000000,-25.392531,-49.229802,POINT (-49.229802 -25.392531)
2014-05-19 19:13:40.000000,-25.392531,-49.229802,POINT (-49.229802 -25.392531)
2014-05-19 19:13:50.000000,-25.392531,-49.229802,POINT (-49.229802 -25.392531)
2014-05-19 19:14:00.000000,-25.392531,-49.229802,POINT (-49.229802 -25.392531)
2014-05-19 19:14:10.000000,-25.392531,-49.229802,POINT (-49.229802 -25.392531)
2014-05-19 19:14:20.000000,-25.392531,-49.229802,POINT (-49.229802 -25.392531)
2014-05-19 19:14:30.000000,-25.392531,-49.229802,POINT (-49.229802 -25.392531)
2014-05-19 19:14:40.000000,-25.392531,-49.229802,POINT (-49.229802 -25.392531)
2014-05-19 19:14:50.000000,-25.392531,-49.229802,POINT (-49.229802 -25.392531)
2014-05-19 19:15:00.000000,-25.392531,-49.229802,POINT (-49.229802 -25.392531)
2014-05-19 19:15:10.000000,-25.392531,-49.229802,POINT (-49.229802 -25.392531)
2014-05-19 19:15:20.000000,-25.392531,-49.229802,POINT (-49.229802 -25.392531)
2014-05-19 19:15:30.000000,-25.392531,-49.229802,POINT (-49.229802 -25.392531)
2014-05-19 19:15:40.000000,-25.392531,-49.229802,POINT (-49.229802 -25.392531)
2014-05-19 19:15:50.000000,-25.392531,-49.229802,POINT (-49.229802 -25.392531)
2014-05-19 19:16:00.000000,-25.392531,-49.229802,POINT (-49.229802 -25.392531)
2014-05-19 19:16:10.000000,-25.392531,-49.229802,POINT (-49.229802 -25.392531)
2014-05-19 19:16:20.000000,-25.392531,-49.229802,POINT (-49.229802 -25.392531)
2014-05-19 19:16:30.000000,-25.392531,-49.229802,POINT (-49.229802 -25.392531)
2014-05-19 19:16:40.000000,-25.392531,-49.229802,POINT (-49.229802 -25.392531)
2014-05-19 19:16:50.000000,-25.392531,-49.229802,POINT (-49.229802 -25.392531)
2014-05-19 19:17:00.000000,-25.392531,-49.229802,POINT (-49.229802 -25.392531)
2014-05-19 19:17:10.000000,-25.392531,-49.229802,POINT (-49.229802 -25.392531)
2014-05-19 19:17:20.000000,-25.392531,-49.229802,POINT (-49.229802 -25.392531)
2014-05-19 19:17:30.000000,-25.392531,-49.229802,POINT (-49.229802 -25.392531)
2014-05-19 19:17:40.000000,-25.392531,-49.229802,POINT (-49.229802 -25.392531)
2014-05-19 19:17:50.000000,-25.392531,-49.229802,POINT (-49.229802 -25.392531)
2014-05-19 19:18:00.000000,-25.392531,-49.229802,POINT (-49.229802 -25.392531)
2014-05-19 19:18:10.000000,-25.392531,-49.229802,POINT (-49.229802 -25.392531)
2014-05-19 19:18:20.000000,-25.392531,-49.229802,POINT (-49.229802 -25.392531)
2014-05-19 19:18:30.000000,-25.392531,-49.229802,POINT (-49.229802 -25.392531)
2014-05-19 19:18:40.000000,-25.392531,-49.229802,POINT (-49.229802 -25.392531)
2014-05-19 19:18:50.000000,-25.392531,-49.229802,POINT (-49.229802 -25.392531)
2014-05-19 19:19:00.000000,-25.392531,-49.229802,POINT (-49.229802 -25.392531)
2014-05-19 19:19:10.000000,-25.392531,-49.229802,POINT (-49.229802 -25.392531)
2014-05-19 19:19:20.000000,-25.392531,-49.229802,POINT (-49.229802 -25.392531)
2014-05-19 19:19:30.000000,-25.392531,-49.229802,POINT (-49.229802 -25.392531)
2014-05-19 19:19:40.000000,-25.392531,-49.229802,POINT (-49.229802 -25.392531)
2014-05-19 19:19:50.000000,-25.392531,-49.229802,POINT (-49.229802 -25.392531)
2014-05-19 19:20:00.000000,-25.392531,-49.229802,POINT (-49.229802 -25.392531)
2014-05-19 19:20:10.000000,-25.392531,-49.229802,POINT (-49.229802 -25.392531)
2014-05-19 19:20:20.000000,-25.392531,-49.229802,POINT (-49.229802 -25.392531)
2014-05-19 19:20:30.000000,-25.392531,-49.229802,POINT (-49.229802 -25.392531)
2014-05-19 19:20:40.000000,-25.392531,-49.229802,POINT (-49.229802 -25.392531)
2014-05-19 19:20:50.000000,-25.392531,-49.229802,POINT (-49.229802 -25.392531)
2014-05-19 19:21:00.000000,-25.392531,-49.229802,POINT (-49.229802 -25.392531)
2014-05-19 19:21:10.000000,-25.392531,-49.229802,POINT (-49.229802 -25.392531)
2014-05-19 19:21:20.000000,-25.392531,-49.229802,POINT (-49.229802 -25.392531)
2014-05-19 19:21:30.000000,-25.392531,-49.229802,POINT (-49.229802 -25.392531)
2014-05-19 19:21:40.000000,-25.392531,-49.229802,POINT (-49.229802 -25.392531)
2014-05-19 19:21:50.000000,-25.392531,-49.229802,POINT (-49.229802 -25.392531)
2014-05-19 19:22:00.000000,-25.392531,-49.229802,POINT (-49.229802 -25.392531)
2014-05-19 19:22:10.000000,-25.392531,-49.229802,POINT (-49.229802 -25.392531)
2014-05-19 19:22:20.000000,-25.392531,-49.229802,POINT (-49.229802 -25.392531)
2014-05-19 19:22:30.000000,-25.392531,-49.229802,POINT (-49.229802 -25.392531)
2014-05-19 19:22:40.000000,-25.392531,-49.229802,POINT (-49.229802 -25.392531)
2014-05-19 19:22:50.000000,-25.392531,-49.229802,POINT (-49.229802 -25.392531)
2014-05-19 19:23:00.000000,-25.392531,-49.229802,POINT (-49.229802 -25.392531)
2014-05-19 19:23:10.000000,-25.392531,-49.229802,POINT (-49.229802 -25.392531)
2014-05-19 19:23:20.000000,-25.392531,-49.229802,POINT (-49.229802 -25.392531)
2014-05-19 19:23:30.000000,-25.392531,-49.229802,POINT (-49.229802 -25.392531)
2014-05-19 19:23:40.000000,-25.392531,-49.229802,POINT (-49.229802 -25.392531)
2014-05-19 19:23:50.000000,-25.392531,-49.229802,POINT (-49.229802 -25.392531)
2014-05-19 19:24:00.000000,-25.392531,-49.229802,POINT (-49.229802 -25.392531)
2014-05-19 19:24:10.000000,-25.392531,-49.229802,POINT (-49.229802 -25.392531)
2014-05-19 19:24:20.000000,-25.392531,-49.229802,POINT (-49.229802 -25.392531)
2014-05-19 19:24:30.000000,-25.392531,-49.229802,POINT (-49.229802 -25.392531)
2014-05-19 19:24:40.000000,-25.392531,-49.229802,POINT (-49.229802 -25.392531)
2014-05-19 19:24:50.000000,-25.392531,-49.229802,POINT (-49.229802 -25.392531)
2014-05-19 19:25:00.000000,-25.392531,-49.229802,POINT (-49.229802 -25.392531)
2014-05-19 19:25:10.000000,-25.392531,-49.229802,POINT (-49.229802 -25.392531)
2014-05-19 19:25:20.000000,-25.392531,-49.229802,POINT (-49.229802 -25.392531)
2014-05-19 19:25:30.000000,-25.392531,-49.229802,POINT (-49.229802 -25.392531)
2014-05-19 19:25:40.000000,-25.392531,-49.229802,POINT (-49.229802 -25.392531)
2014-05-19 19:25:50.000000,-25.392531,-49.229802,POINT (-49.229802 -25.392531)
2014-05-19 19:26:00.000000,-25.392531,-49.229802,POINT (-49.229802 -25.392531)
2014-05-19 19:26:10.000000,-25.392531,-49.229802,POINT (-49.229802 -25.392531)
2014-05-19 19:26:20.000000,-25.392531,-49.229802,POINT (-49.229802 -25.392531)
2014-05-19 19:26:30.000000,-25.392531,-49.229802,POINT (-49.229802 -25.392531)
2014-05-19 19:26:40.000000,-25.392531,-49.229802,POINT (-49.229802 -25.392531)
2014-05-19 19:26:50.000000,-25.392531,-49.229802,POINT (-49.229802 -25.392531)
2014-05-19 19:27:00.000000,-25.392531,-49.229802,POINT (-49.229802 -25.392531)
2014-05-19 19:27:10.000000,-25.392531,-49.229802,POINT (-49.229802 -25.392531)
2014-05-19 19:27:20.000000,-25.392531,-49.229802,POINT (-49.229802 -25.392531)
2014-05-19 19:27:30.000000,-25.392531,-49.229802,POINT (-49.229802 -25.392531)
2014-05-19 19:27:40.000000,-25.392531,-49.229802,POINT (-49.229802 -25.392531)
2014-05-19 19:27:50.000000,-25.392531,-49.229802,POINT (-49.229802 -25.392531)
2014-05-19 19:28:00.000000,-25.392531,-49.229802,POINT (-49.229802 -25.392531)
2014-05-19 19:28:10.000000,-25.392531,-49.229802,POINT (-49.229802 -25.392531)
2014-05-19 19:28:20.000000,-25.392531,-49.229802,POINT (-49.229802 -25.392531)
2014-05-19 19:28:30.000000,-25.392531,-49.229802,POINT (-49.229802 -25.392531)
2014-05-19 19:28:40.000000,-25.392531,-49.229802,POINT (-49.229802 -25.392531)
2014-05-19 19:28:50.000000,-25.392531,-49.229802,POINT (-49.229802 -25.392531)
2014-05-19 19:29:00.000000,-25.392531,-49.229802,POINT (-49.229802 -25.392531)
2014-05-19 19:29:10.000000,-25.392531,-49.229802,POINT (-49.229802 -25.392531)
2014-05-19 19:29:20.000000,-25.392531,-49.229802,POINT (-49.229802 -25.392531)
2014-05-19 19:29:30.000000,-25.392531,-49.229802,POINT (-49.229802 -25.392531)
2014-05-19 19:29:40.000000,-25.392531,-49.229802,POINT (-49.229802 -25.392531)
2014-05-19 19:29:50.000000,-25.392531,-49.229802,POINT (-49.229802 -25.392531)
2014-05-19 19:30:00.000000,-25.392531,-49.229802,POINT (-49.229802 -25.392531)
2014-05-19 19:30:10.000000,-25.392531,-49.229802,POINT (-49.229802 -25.392531)
2014-05-19 19:30:20.000000,-25.392531,-49.229802,POINT (-49.229802 -25.392531)
2014-05-19 19:30:30.000000,-25.392531,-49.229802,POINT (-49.229802 -25.392531)
2014-05-19 19:30:40.000000,-25.392531,-49.229802,POINT (-49.229802 -25.392531)
2014-05-19 19:30:50.000000,-25.392531,-49.229802,POINT (-49.229802 -25.392531)
2014-05-19 19:31:00.000000,-25.392531,-49.229802,POINT (-49.229802 -25.392531)
2014-05-19 19:31:10.000000,-25.392531,-49.229802,POINT (-49.229802 -25.392531)
2014-05-19 19:31:20.000000,-25.392531,-49.229802,POINT (-49.229802 -25.392531)
2014-05-19 19:31:30.000000,-25.392531,-49.229802,POINT (-49.229802 -25.392531)
2014-05-19 19:31:40.000000,-25.392531,-49.229802,POINT (-49.229802 -25.392531)
2014-05-19 19:31:50.000000,-25.392531,-49.229802,POINT (-49.229802 -25.392531)
2014-05-19 19:32:00.000000,-25.392531,-49.229802,POINT (-49.229802 -25.392531)
2014-05-19 19:32:10.000000,-25.392531,-49.229802,POINT (-49.229802 -25.392531)
2014-05-19 19:32:20.000000,-25.392531,-49.229802,POINT (-49.229802 -25.392531)
2014-05-19 19:32:30.000000,-25.392531,-49.229802,POINT (-49.229802 -25.392531)
2014-05-19 19:32:40.000000,-25.392531,-49.229802,POINT (-49.229802 -25.392531)
2014-05-19 19:32:50.000000,-25.392531,-49.229802,POINT (-49.229802 -25.392531)
2014-05-19 19:33:00.000000,-25.392531,-49.229802,POINT (-49.229802 -25.392531)
2014-05-19 19:33:10.000000,-25.392531,-49.229802,POINT (-49.229802 -25.392531)
2014-05-19 19:33:20.000000,-25.392531,-49.229802,POINT (-49.229802 -25.392531)
2014-05-19 19:33:30.000000,-25.392531,-49.229802,POINT (-49.229802 -25.392531)
2014-05-19 19:33:40.000000,-25.392531,-49.229802,POINT (-49.229802 -25.392531)
2014-05-19 19:33:50.000000,-25.392531,-49.229802,POINT (-49.229802 -25.392531)
2014-05-19 19:34:00.000000,-25.392531,-49.229802,POINT (-49.229802 -25.392531)
2014-05-19 19:34:10.000000,-25.392531,-49.229802,POINT (-49.229802 -25.392531)
2014-05-19 19:34:20.000000,-25.392531,-49.229802,POINT (-49.229802 -25.392531)
2014-05-19 19:34:30.000000,-25.392531,-49.229802,POINT (-49.229802 -25.392531)
2014-05-19 19:34:40.000000,-25.392531,-49.229802,POINT (-49.229802 -25.392531)
2014-05-19 19:34:50.000000,-25.392531,-49.229802,POINT (-49.229802 -25.392531)
2014-05-19 19:35:00.000000,-25.392531,-49.229802,POINT (-49.229802 -25.392531)
2014-05-19 19:35:10.000000,-25.392531,-49.229802,POINT (-49.229802 -25.392531)
2014-05-19 19:35:20.000000,-25.392531,-49.229802,POINT (-49.229802 -25.392531)
2014-05-19 19:35:30.000000,-25.392531,-49.229802,POINT (-49.229802 -25.392531)
2014-05-19 19:35:40.000000,-25.392531,-49.229802,POINT (-49.229802 -25.392531)
2014-05-19 19:35:50.000000,-25.392531,-49.229802,POINT (-49.229802 -25.392531)
2014-05-19 19:36:00.000000,-25.392531,-49.229802,POINT (-49.229802 -25.392531)
2014-05-19 19:36:10.000000,-25.392531,-49.229802,POINT (-49.229802 -25.392531)
2014-05-19 19:36:20.000000,-25.392531,-49.229802,POINT (-49.229802 -25.392531)
2014-05-19 19:36:30.000000,-25.392531,-49.229802,POINT (-49.229802 -25.392531)
2014-05-19 19:36:40.000000,-25.392531,-49.229802,POINT (-49.229802 -25.392531)
2014-05-19 19:36:50.000000,-25.392531,-49.229802,POINT (-49.229802 -25.392531)
2014-05-19 19:37:00.000000,-25.392531,-49.229802,POINT (-49.229802 -25.392531)
2014-05-19 19:37:10.000000,-25.392531,-49.229802,POINT (-49.229802 -25.392531)
2014-05-19 19:37:20.000000,-25.392531,-49.229802,POINT (-49.229802 -25.392531)
2014-05-19 19:37:30.000000,-25.392531,-49.229802,POINT (-49.229802 -25.392531)
2014-05-19 19:37:40.000000,-25.392531,-49.229802,POINT (-49.229802 -25.392531)
2014-05-19 19:37:50.000000,-25.392531,-49.229802,POINT (-49.229802 -25.392531)
2014-05-19 19:38:00.000000,-25.392531,-49.229802,POINT (-49.229802 -25.392531)
2014-05-19 19:38:10.000000,-25.392531,-49.229802,POINT (-49.229802 -25.392531)
2014-05-19 19:38:20.000000,-25.392531,-49.229802,POINT (-49.229802 -25.392531)
2014-05-19 19:38:30.000000,-25.392531,-49.229802,POINT (-49.229802 -25.392531)
2014-05-19 19:38:40.000000,-25.392531,-49.229802,POINT (-49.229802 -25.392531)
2014-05-19 19:38:50.000000,-25.392531,-49.229802,POINT (-49.229802 -25.392531)
2014-05-19 19:39:00.000000,-25.392531,-49.229802,POINT (-49.229802 -25.392531)
2014-05-19 19:39:10.000000,-25.392531,-49.229802,POINT (-49.229802 -25.392531)
2014-05-19 19:39:20.000000,-25.392531,-49.229802,POINT (-49.229802 -25.392531)
2014-05-19 19:39:30.000000,-25.392531,-49.229802,POINT (-49.229802 -25.392531)
2014-05-19 19:39:40.000000,-25.392531,-49.229802,POINT (-49.229802 -25.392531)
2014-05-19 19:39:50.000000,-25.392531,-49.229802,POINT (-49.229802 -25.392531)
2014-05-19 19:40:00.000000,-25.392531,-49.229802,POINT (-49.229802 -25.392531)
2014-05-19 19:40:10.000000,-25.392531,-49.229802,POINT (-49.229802 -25.392531)
2014-05-19 19:40:20.000000,-25.392531,-49.229802,POINT (-49.229802 -25.392531)
2014-05-19 19:40:30.000000,-25.392531,-49.229802,POINT (-49.229802 -25.392531)
2014-05-19 19:40:40.000000,-25.392531,-49.229802,POINT (-49.229802 -25.392531)
2014-05-19 19:40:50.000000,-25.392531,-49.229802,POINT (-49.229802 -25.392531)
2014-05-19 19:41:00.000000,-25.392531,-49.229802,POINT (-49.229802 -25.392531)
2014-05-19 19:41:10.000000,-25.392531,-49.229802,POINT (-49.229802 -25.392531)
2014-05-19 19:41:20.000000,-25.392531,-49.229802,POINT (-49.229802 -25.392531)
2014-05-19 19:41:30.000000,-25.392531,-49.229802,POINT (-49.229802 -25.392531)
2014-05-19 19:41:40.000000,-25.392531,-49.229802,POINT (-49.229802 -25.392531)
2014-05-19 19:41:50.000000,-25.392531,-49.229802,POINT (-49.229802 -25.392531)
2014-05-19 19:42:00.000000,-25.392531,-49.229802,POINT (-49.229802 -25.392531)
2014-05-19 19:42:10.000000,-25.392531,-49.229802,POINT (-49.229802 -25.392531)
2014-05-19 19:42:20.000000,-25.392531,-49.229802,POINT (-49.229802 -25.392531)
2014-05-19 19:42:30.000000,-25.392531,-49.229802,POINT (-49.229802 -25.392531)
2014-05-19 19:42:40.000000,-25.392531,-49.229802,POINT (-49.229802 -25.392531)
2014-05-19 19:42:50.000000,-25.392531,-49.229802,POINT (-49.229802 -25.392531)
2014-05-19 19:43:00.000000,-25.392531,-49.229802,POINT (-49.229802 -25.392531)
2014-05-19 19:43:10.000000,-25.392531,-49.229802,POINT (-49.229802 -25.392531)
2014-05-19 19:43:20.000000,-25.392531,-49.229802,POINT (-49.229802 -25.392531)
2014-05-19 19:43:30.000000,-25.392531,-49.229802,POINT (-49.229802 -25.392531)
2014-05-19 19:43:40.000000,-25.392531,-49.229802,POINT (-49.229802 -25.392531)
2014-05-19 19:43:50.000000,-25.392531,-49.229802,POINT (-49.229802 -25.392531)
2014-05-19 19:44:00.000000,-25.392531,-49.229802,POINT (-49.229802 -25.392531)
2014-05-19 19:44:10.000000,-25.392531,-49.229802,POINT (-49.229802 -25.392531)
2014-05-19 19:44:20.000000,-25.392531,-49.229802,POINT (-49.229802 -25.392531)
2014-05-19 19:44:30.000000,-25.392531,-49.229802,POINT (-49.229802 -25.392531)
2014-05-19 19:44:40.000000,-25.392531,-49.229802,POINT (-49.229802 -25.392531)
2014-05-19 19:44:50.000000,-25.392531,-49.229802,POINT (-49.229802 -25.392531)
2014-05-19 19:45:00.000000,-25.392531,-49.229802,POINT (-49.229802 -25.392531)
2014-05-19 19:45:10.000000,-25.392531,-49.229802,POINT (-49.229802 -25.392531)
2014-05-19 19:45:20.000000,-25.392531,-49.229802,POINT (-49.229802 -25.392531)
2014-05-19 19:45:30.000000,-25.392531,-49.229802,POINT (-49.229802 -25.392531)
2014-05-19 19:45:40.000000,-25.392531,-49.229802,POINT (-49.229802 -25.392531)
2014-05-19 19:45:50.000000,-25.392531,-49.229802,POINT (-49.229802 -25.392531)
2014-05-19 19:46:00.000000,-25.392531,-49.229802,POINT (-49.229802 -25.392531)
2014-05-19 19:46:10.000000,-25.392531,-49.229802,POINT (-49.229802 -25.392531)
2014-05-19 19:46:20.000000,-25.392531,-49.229802,POINT (-49.229802 -25.392531)
2014-05-19 19:46:30.000000,-25.392531,-49.229802,POINT (-49.229802 -25.392531)
2014-05-19 19:46:40.000000,-25.392531,-49.229802,POINT (-49.229802 -25.392531)
2014-05-19 19:46:50.000000,-25.392531,-49.229802,POINT (-49.229802 -25.392531)
2014-05-19 19:47:00.000000,-25.392531,-49.229802,POINT (-49.229802 -25.392531)
2014-05-19 19:47:10.000000,-25.392531,-49.229802,POINT (-49.229802 -25.392531)
2014-05-19 19:47:20.000000,-25.392531,-49.229802,POINT (-49.229802 -25.392531)
2014-05-19 19:47:30.000000,-25.392531,-49.229802,POINT (-49.229802 -25.392531)
2014-05-19 19:47:40.000000,-25.392531,-49.229802,POINT (-49.229802 -25.392531)
2014-05-19 19:47:50.000000,-25.392531,-49.229802,POINT (-49.229802 -25.392531)
2014-05-19 19:48:00.000000,-25.392531,-49.229802,POINT (-49.229802 -25.392531)
2014-05-19 19:48:10.000000,-25.392531,-49.229802,POINT (-49.229802 -25.392531)
2014-05-19 19:48:20.000000,-25.392531,-49.229802,POINT (-49.229802 -25.392531)
2014-05-19 19:48:30.000000,-25.392531,-49.229802,POINT (-49.229802 -25.392531)
2014-05-19 19:48:40.000000,-25.392531,-49.229802,POINT (-49.229802 -25.392531)
2014-05-19 19:48:50.000000,-25.392531,-49.229802,POINT (-49.229802 -25.392531)
2014-05-19 19:49:00.000000,-25.392531,-49.229802,POINT (-49.229802 -25.392531)
2014-05-19 19:49:10.000000,-25.392531,-49.229802,POINT (-49.229802 -25.392531)
2014-05-19 19:49:20.000000,-25.392531,-49.229802,POINT (-49.229802 -25.392531)
2014-05-19 19:49:30.000000,-25.392531,-49.229802,POINT (-49.229802 -25.392531)
2014-05-19 19:49:40.000000,-25.392531,-49.229802,POINT (-49.229802 -25.392531)
2014-05-19 19:49:50.000000,-25.392531,-49.229802,POINT (-49.229802 -25.392531)
2014-05-19 19:50:00.000000,-25.392531,-49.229802,POINT (-49.229802 -25.392531)
2014-05-19 19:50:10.000000,-25.392531,-49.229802,POINT (-49.229802 -25.392531)
2014-05-19 19:50:20.000000,-25.392531,-49.229802,POINT (-49.229802 -25.392531)
2014-05-19 19:50:30.000000,-25.392531,-49.229802,POINT (-49.229802 -25.392531)
2014-05-19 19:50:40.000000,-25.392531,-49.229802,POINT (-49.229802 -25.392531)
2014-05-19 19:50:50.000000,-25.392531,-49.229802,POINT (-49.229802 -25.392531)
2014-05-19 19:51:00.000000,-25.392531,-49.229802,POINT (-49.229802 -25.392531)
2014-05-19 19:51:10.000000,-25.392531,-49.229802,POINT (-49.229802 -25.392531)
2014-05-19 19:51:20.000000,-25.392531,-49.229802,POINT (-49.229802 -25.392531)
2014-05-19 19:51:30.000000,-25.392531,-49.229802,POINT (-49.229802 -25.392531)
2014-05-19 19:51:40.000000,-25.392531,-49.229802,POINT (-49.229802 -25.392531)
2014-05-19 19:51:50.000000,-25.392531,-49.229802,POINT (-49.229802 -25.392531)
2014-05-19 19:52:00.000000,-25.392531,-49.229802,POINT (-49.229802 -25.392531)
2014-05-19 19:52:10.000000,-25.392531,-49.229802,POINT (-49.229802 -25.392531)
2014-05-19 19:52:20.000000,-25.392531,-49.229802,POINT (-49.229802 -25.392531)
2014-05-19 19:52:30.000000,-25.392531,-49.229802,POINT (-49.229802 -25.392531)
2014-05-19 19:52:40.000000,-25.392531,-49.229802,POINT (-49.229802 -25.392531)
2014-05-19 19:52:50.000000,-25.392531,-49.229802,POINT (-49.229802 -25.392531)
2014-05-19 19:53:00.000000,-25.392531,-49.229802,POINT (-49.229802 -25.392531)
2014-05-19 19:53:10.000000,-25.392531,-49.229802,POINT (-49.229802 -25.392531)
2014-05-19 19:53:20.000000,-25.392531,-49.229802,POINT (-49.229802 -25.392531)
2014-05-19 19:53:30.000000,-25.392531,-49.229802,POINT (-49.229802 -25.392531)
2014-05-19 19:53:40.000000,-25.392531,-49.229802,POINT (-49.229802 -25.392531)
2014-05-19 19:53:50.000000,-25.392531,-49.229802,POINT (-49.229802 -25.392531)
2014-05-19 19:54:00.000000,-25.392531,-49.229802,POINT (-49.229802 -25.392531)
2014-05-19 19:54:10.000000,-25.392531,-49.229802,POINT (-49.229802 -25.392531)
2014-05-19 19:54:20.000000,-25.392531,-49.229802,POINT (-49.229802 -25.392531)
2014-05-19 19:54:30.000000,-25.392531,-49.229802,POINT (-49.229802 -25.392531)
2014-05-19 19:54:40.000000,-25.392531,-49.229802,POINT (-49.229802 -25.392531)
2014-05-19 19:54:50.000000,-25.392531,-49.229802,POINT (-49.229802 -25.392531)
2014-05-19 19:55:00.000000,-25.392531,-49.229802,POINT (-49.229802 -25.392531)
2014-05-19 19:55:10.000000,-25.392531,-49.229802,POINT (-49.229802 -25.392531)
2014-05-19 19:55:20.000000,-25.392531,-49.229802,POINT (-49.229802 -25.392531)
2014-05-19 19:55:30.000000,-25.392531,-49.229802,POINT (-49.229802 -25.392531)
2014-05-19 19:55:40.000000,-25.392531,-49.229802,POINT (-49.229802 -25.392531)
2014-05-19 19:55:50.000000,-25.392531,-49.229802,POINT (-49.229802 -25.392531)
2014-05-19 19:56:00.000000,-25.392531,-49.229802,POINT (-49.229802 -25.392531)
2014-05-19 19:56:10.000000,-25.392531,-49.229802,POINT (-49.229802 -25.392531)
2014-05-19 19:56:20.000000,-25.392531,-49.229802,POINT (-49.229802 -25.392531)
2014-05-19 19:56:30.000000,-25.392531,-49.229802,POINT (-49.229802 -25.392531)
2014-05-19 19:56:40.000000,-25.392531,-49.229802,POINT (-49.229802 -25.392531)
2014-05-19 19:56:50.000000,-25.392531,-49.229802,POINT (-49.229802 -25.392531)
2014-05-19 19:57:00.000000,-25.392531,-49.229802,POINT (-49.229802 -25.392531)
2014-05-19 19:57:10.000000,-25.392531,-49.229802,POINT (-49.229802 -25.392531)
2014-05-19 19:57:20.000000,-25.392531,-49.229802,POINT (-49.229802 -25.392531)
2014-05-19 19:57:30.000000,-25.392531,-49.229802,POINT (-49.229802 -25.392531)
2014-05-19 19:57:40.000000,-25.392531,-49.229802,POINT (-49.229802 -25.392531)
2014-05-19 19:57:50.000000,-25.392531,-49.229802,POINT (-49.229802 -25.392531)
2014-05-19 19:58:00.000000,-25.392531,-49.229802,POINT (-49.229802 -25.392531)
2014-05-19 19:58:10.000000,-25.392531,-49.229802,POINT (-49.229802 -25.392531)
2014-05-19 19:58:20.000000,-25.392531,-49.229802,POINT (-49.229802 -25.392531)
2014-05-19 19:58:30.000000,-25.392531,-49.229802,POINT (-49.229802 -25.392531)
2014-05-19 19:58:40.000000,-25.392531,-49.229802,POINT (-49.229802 -25.392531)
2014-05-19 19:58:50.000000,-25.392531,-49.229802,POINT (-49.229802 -25.392531)
2014-05-19 19:59:00.000000,-25.392531,-49.229802,POINT (-49.229802 -25.392531)
2014-05-19 19:59:10.000000,-25.392531,-49.229802,POINT (-49.229802 -25.392531)
2014-05-19 19:59:20.000000,-25.392531,-49.229802,POINT (-49.229802 -25.392531)
2014-05-19 19:59:30.000000,-25.392531,-49.229802,POINT (-49.229802 -25.392531)
2014-05-19 19:59:40.000000,-25.392531,-49.229802,POINT (-49.229802 -25.392531)
2014-05-19 19:59:50.000000,-25.392531,-49.229802,POINT (-49.229802 -25.392531)
