timestamp,lat,lon,geometry
2014-05-27 08:00:00.000000,-25.4461018189,-49.274967317,POINT (-49.274967317 -25.4461018189)
2014-05-27 08:00:10.000000,-25.4461018189,-49.274967317,POINT (-49.274967317 -25.4461018189)
2014-05-27 08:00:20.000000,-25.4461018189,-49.274967317,POINT (-49.274967317 -25.4461018189)
2014-05-27 08:00:30.000000,-25.4461018189,-49.274967317,POINT (-49.274967317 -25.4461018189)
2014-05-27 08:00:40.000000,-25.4461018189,-49.274967317,POINT (-49.274967317 -25.4461018189)
2014-05-27 08:00:50.000000,-25.4461018189,-49.274967317,POINT (-49.274967317 -25.4461018189)
2014-05-27 08:01:00.000000,-25.4461018189,-49.274967317,POINT (-49.274967317 -25.4461018189)
2014-05-27 08:01:10.000000,-25.4461018189,-49.274967317,POINT (-49.274967317 -25.4461018189)
2014-05-27 08:01:20.000000,-25.4461018189,-49.274967317,POINT (-49.274967317 -25.4461018189)
2014-05-27 08:01:30.000000,-25.4461018189,-49.274967317,POINT (-49.274967317 -25.4461018189)
2014-05-27 08:01:40.000000,-25.4461018189,-49.274967317,POINT (-49.274967317 -25.4461018189)
2014-05-27 08:01:50.000000,-25.4461018189,-49.274967317,POINT (-49.274967317 -25.4461018189)
2014-05-27 08:02:00.000000,-25.4461018189,-49.274967317,POINT (-49.274967317 -25.4461018189)
2014-05-27 08:02:10.000000,-25.4461018189,-49.274967317,POINT (-49.274967317 -25.4461018189)
2014-05-27 08:02:20.000000,-25.4461018189,-49.274967317,POINT (-49.274967317 -25.4461018189)
2014-05-27 08:02:30.000000,-25.4461018189,-49.274967317,POINT (-49.274967317 -25.4461018189)
2014-05-27 08:02:40.000000,-25.4461018189,-49.274967317,POINT (-49.274967317 -25.4461018189)
2014-05-27 08:02:50.000000,-25.4461018189,-49.274967317,POINT (-49.274967317 -25.4461018189)
2014-05-27 08:03:00.000000,-25.4461018189,-49.274967317,POINT (-49.274967317 -25.4461018189)
2014-05-27 08:03:10.000000,-25.4461018189,-49.274967317,POINT (-49.274967317 -25.4461018189)
2014-05-27 08:03:20.000000,-25.4461018189,-49.274967317,POINT (-49.274967317 -25.4461018189)
2014-05-27 08:03:30.000000,-25.4461018189,-49.274967317,POINT (-49.274967317 -25.4461018189)
2014-05-27 08:03:40.000000,-25.4461018189,-49.274967317,POINT (-49.274967317 -25.4461018189)
2014-05-27 08:03:50.000000,-25.4461018189,-49.274967317,POINT (-49.274967317 -25.4461018189)
2014-05-27 08:04:00.000000,-25.4461018189,-49.274967317,POINT (-49.274967317 -25.4461018189)
2014-05-27 08:04:10.000000,-25.4461018189,-49.274967317,POINT (-49.274967317 -25.4461018189)
2014-05-27 08:04:20.000000,-25.4461018189,-49.274967317,POINT (-49.274967317 -25.4461018189)
2014-05-27 08:04:30.000000,-25.4461018189,-49.274967317,POINT (-49.274967317 -25.4461018189)
2014-05-27 08:04:40.000000,-25.4461018189,-49.274967317,POINT (-49.274967317 -25.4461018189)
2014-05-27 08:04:50.000000,-25.4461018189,-49.274967317,POINT (-49.274967317 -25.4461018189)
2014-05-27 08:05:00.000000,-25.4461018189,-49.274967317,POINT (-49.274967317 -25.4461018189)
2014-05-27 08:05:10.000000,-25.4461018189,-49.274967317,POINT (-49.274967317 -25.4461018189)
2014-05-27 08:05:20.000000,-25.4461018189,-49.274967317,POINT (-49.274967317 -25.4461018189)
2014-05-27 08:05:30.000000,-25.4461018189,-49.274967317,POINT (-49.274967317 -25.4461018189)
2014-05-27 08:05:40.000000,-25.4461018189,-49.274967317,POINT (-49.274967317 -25.4461018189)
2014-05-27 08:05:50.000000,-25.4461018189,-49.274967317,POINT (-49.274967317 -25.4461018189)
2014-05-27 08:06:00.000000,-25.4461018189,-49.274967317,POINT (-49.274967317 -25.4461018189)
2014-05-27 08:06:10.000000,-25.4461018189,-49.274967317,POINT (-49.274967317 -25.4461018189)
2014-05-27 08:06:20.000000,-25.4461018189,-49.274967317,POINT (-49.274967317 -25.4461018189)
2014-05-27 08:06:30.000000,-25.4461018189,-49.274967317,POINT (-49.274967317 -25.4461018189)
2014-05-27 08:06:40.000000,-25.4461018189,-49.274967317,POINT (-49.274967317 -25.4461018189)
2014-05-27 08:06:50.000000,-25.4461018189,-49.274967317,POINT (-49.274967317 -25.4461018189)
2014-05-27 08:07:00.000000,-25.4461018189,-49.274967317,POINT (-49.274967317 -25.4461018189)
2014-05-27 08:07:10.000000,-25.4461018189,-49.274967317,POINT (-49.274967317 -25.4461018189)
2014-05-27 08:07:20.000000,-25.4461018189,-49.274967317,POINT (-49.274967317 -25.4461018189)
2014-05-27 08:07:30.000000,-25.4461018189,-49.274967317,POINT (-49.274967317 -25.4461018189)
2014-05-27 08:07:40.000000,-25.4461018189,-49.274967317,POINT (-49.274967317 -25.4461018189)
2014-05-27 08:07:50.000000,-25.4461018189,-49.274967317,POINT (-49.274967317 -25.4461018189)
2014-05-27 08:08:00.000000,-25.4461018189,-49.274967317,POINT (-49.274967317 -25.4461018189)
2014-05-27 08:08:10.000000,-25.4461018189,-49.274967317,POINT (-49.274967317 -25.4461018189)
2014-05-27 08:08:20.000000,-25.4461018189,-49.274967317,POINT (-49.274967317 -25.4461018189)
2014-05-27 08:08:30.000000,-25.4461018189,-49.274967317,POINT (-49.274967317 -25.4461018189)
2014-05-27 08:08:40.000000,-25.4461018189,-49.274967317,POINT (-49.274967317 -25.4461018189)
2014-05-27 08:08:50.000000,-25.4461018189,-49.274967317,POINT (-49.274967317 -25.4461018189)
2014-05-27 08:09:00.000000,-25.4461018189,-49.274967317,POINT (-49.274967317 -25.4461018189)
2014-05-27 08:09:10.000000,-25.4461018189,-49.274967317,POINT (-49.274967317 -25.4461018189)
2014-05-27 08:09:20.000000,-25.4461018189,-49.274967317,POINT (-49.274967317 -25.4461018189)
2014-05-27 08:09:30.000000,-25.4461018189,-49.274967317,POINT (-49.274967317 -25.4461018189)
2014-05-27 08:09:40.000000,-25.4461018189,-49.274967317,POINT (-49.274967317 -25.4461018189)
2014-05-27 08:09:50.000000,-25.4461018189,-49.274967317,POINT (-49.274967317 -25.4461018189)
2014-05-27 08:10:00.000000,-25.4461018189,-49.274967317,POINT (-49.274967317 -25.4461018189)
2014-05-27 08:10:10.000000,-25.4461018189,-49.274967317,POINT (-49.274967317 -25.4461018189)
2014-05-27 08:10:20.000000,-25.4461018189,-49.274967317,POINT (-49.274967317 -25.4461018189)
2014-05-27 08:10:30.000000,-25.4461018189,-49.274967317,POINT (-49.274967317 -25.4461018189)
2014-05-27 08:10:40.000000,-25.4461018189,-49.274967317,POINT (-49.274967317 -25.4461018189)
2014-05-27 08:10:50.000000,-25.4461018189,-49.274967317,POINT (-49.274967317 -25.4461018189)
2014-05-27 08:11:00.000000,-25.4461018189,-49.274967317,POINT (-49.274967317 -25.4461018189)
2014-05-27 08:11:10.000000,-25.4461018189,-49.274967317,POINT (-49.274967317 -25.4461018189)
2014-05-27 08:11:20.000000,-25.4461018189,-49.274967317,POINT (-49.274967317 -25.4461018189)
2014-05-27 08:11:30.000000,-25.4461018189,-49.274967317,POINT (-49.274967317 -25.4461018189)
2014-05-27 08:11:40.000000,-25.4461018189,-49.274967317,POINT (-49.274967317 -25.4461018189)
2014-05-27 08:11:50.000000,-25.4461018189,-49.274967317,POINT (-49.274967317 -25.4461018189)
2014-05-27 08:12:00.000000,-25.4461018189,-49.274967317,POINT (-49.274967317 -25.4461018189)
2014-05-27 08:12:10.000000,-25.4461018189,-49.274967317,POINT (-49.274967317 -25.4461018189)
2014-05-27 08:12:20.000000,-25.4461018189,-49.274967317,POINT (-49.274967317 -25.4461018189)
2014-05-27 08:12:30.000000,-25.4461018189,-49.274967317,POINT (-49.274967317 -25.4461018189)
2014-05-27 08:12:40.000000,-25.4461018189,-49.274967317,POINT (-49.274967317 -25.4461018189)
2014-05-27 08:12:50.000000,-25.4461018189,-49.274967317,POINT (-49.274967317 -25.4461018189)
2014-05-27 08:13:00.000000,-25.4461018189,-49.274967317,POINT (-49.274967317 -25.4461018189)
2014-05-27 08:13:10.000000,-25.4461018189,-49.274967317,POINT (-49.274967317 -25.4461018189)
2014-05-27 08:13:20.000000,-25.4461018189,-49.274967317,POINT (-49.274967317 -25.4461018189)
2014-05-27 08:13:30.000000,-25.4461018189,-49.274967317,POINT (-49.274967317 -25.4461018189)
2014-05-27 08:13:40.000000,-25.4461018189,-49.274967317,POINT (-49.274967317 -25.4461018189)
2014-05-27 08:13:50.000000,-25.4461018189,-49.274967317,POINT (-49.274967317 -25.4461018189)
2014-05-27 08:14:00.000000,-25.4461018189,-49.274967317,POINT (-49.274967317 -25.4461018189)
2014-05-27 08:14:10.000000,-25.4461018189,-49.274967317,POINT (-49.274967317 -25.4461018189)
2014-05-27 08:14:20.000000,-25.4461018189,-49.274967317,POINT (-49.274967317 -25.4461018189)
2014-05-27 08:14:30.000000,-25.4461018189,-49.274967317,POINT (-49.274967317 -25.4461018189)
2014-05-27 08:14:40.000000,-25.4461018189,-49.274967317,POINT (-49.274967317 -25.4461018189)
2014-05-27 08:14:50.000000,-25.4461018189,-49.274967317,POINT (-49.274967317 -25.4461018189)
2014-05-27 08:15:00.000000,-25.4461018189,-49.274967317,POINT (-49.274967317 -25.4461018189)
2014-05-27 08:15:10.000000,-25.4461018189,-49.274967317,POINT (-49.274967317 -25.4461018189)
2014-05-27 08:15:20.000000,-25.4461018189,-49.274967317,POINT (-49.274967317 -25.4461018189)
2014-05-27 08:15:30.000000,-25.4461018189,-49.274967317,POINT (-49.274967317 -25.4461018189)
2014-05-27 08:15:40.000000,-25.4461018189,-49.274967317,POINT (-49.274967317 -25.4461018189)
2014-05-27 08:15:50.000000,-25.4461018189,-49.274967317,POINT (-49.274967317 -25.4461018189)
2014-05-27 08:16:00.000000,-25.4461018189,-49.274967317,POINT (-49.274967317 -25.4461018189)
2014-05-27 08:16:10.000000,-25.4461018189,-49.274967317,POINT (-49.274967317 -25.4461018189)
2014-05-27 08:16:20.000000,-25.4461018189,-49.274967317,POINT (-49.274967317 -25.4461018189)
2014-05-27 08:16:30.000000,-25.4461018189,-49.274967317,POINT (-49.274967317 -25.4461018189)
2014-05-27 08:16:40.000000,-25.4461018189,-49.274967317,POINT (-49.274967317 -25.4461018189)
2014-05-27 08:16:50.000000,-25.4461018189,-49.274967317,POINT (-49.274967317 -25.4461018189)
2014-05-27 08:17:00.000000,-25.4461018189,-49.274967317,POINT (-49.274967317 -25.4461018189)
2014-05-27 08:17:10.000000,-25.4461018189,-49.274967317,POINT (-49.274967317 -25.4461018189)
2014-05-27 08:17:20.000000,-25.4461018189,-49.274967317,POINT (-49.274967317 -25.4461018189)
2014-05-27 08:17:30.000000,-25.4461018189,-49.274967317,POINT (-49.274967317 -25.4461018189)
2014-05-27 08:17:40.000000,-25.4461018189,-49.274967317,POINT (-49.274967317 -25.4461018189)
2014-05-27 08:17:50.000000,-25.4461018189,-49.274967317,POINT (-49.274967317 -25.4461018189)
2014-05-27 08:18:00.000000,-25.4461018189,-49.274967317,POINT (-49.274967317 -25.4461018189)
2014-05-27 08:18:10.000000,-25.4461018189,-49.274967317,POINT (-49.274967317 -25.4461018189)
2014-05-27 08:18:20.000000,-25.4461018189,-49.274967317,POINT (-49.274967317 -25.4461018189)
2014-05-27 08:18:30.000000,-25.4461018189,-49.274967317,POINT (-49.274967317 -25.4461018189)
2014-05-27 08:18:40.000000,-25.4461018189,-49.274967317,POINT (-49.274967317 -25.4461018189)
2014-05-27 08:18:50.000000,-25.4461018189,-49.274967317,POINT (-49.274967317 -25.4461018189)
2014-05-27 08:19:00.000000,-25.4461018189,-49.274967317,POINT (-49.274967317 -25.4461018189)
2014-05-27 08:19:10.000000,-25.4461018189,-49.274967317,POINT (-49.274967317 -25.4461018189)
2014-05-27 08:19:20.000000,-25.4461018189,-49.274967317,POINT (-49.274967317 -25.4461018189)
2014-05-27 08:19:30.000000,-25.4461018189,-49.274967317,POINT (-49.274967317 -25.4461018189)
2014-05-27 08:19:40.000000,-25.4461018189,-49.274967317,POINT (-49.274967317 -25.4461018189)
2014-05-27 08:19:50.000000,-25.4461018189,-49.274967317,POINT (-49.274967317 -25.4461018189)
2014-05-27 08:20:00.000000,-25.4461018189,-49.274967317,POINT (-49.274967317 -25.4461018189)
2014-05-27 08:20:10.000000,-25.4461018189,-49.274967317,POINT (-49.274967317 -25.4461018189)
2014-05-27 08:20:20.000000,-25.4461018189,-49.274967317,POINT (-49.274967317 -25.4461018189)
2014-05-27 08:20:30.000000,-25.4461018189,-49.274967317,POINT (-49.274967317 -25.4461018189)
2014-05-27 08:20:40.000000,-25.4461018189,-49.274967317,POINT (-49.274967317 -25.4461018189)
2014-05-27 08:20:50.000000,-25.4461018189,-49.274967317,POINT (-49.274967317 -25.4461018189)
2014-05-27 08:21:00.000000,-25.4461018189,-49.274967317,POINT (-49.274967317 -25.4461018189)
2014-05-27 08:21:10.000000,-25.4461018189,-49.274967317,POINT (-49.274967317 -25.4461018189)
2014-05-27 08:21:20.000000,-25.4461018189,-49.274967317,POINT (-49.274967317 -25.4461018189)
2014-05-27 08:21:30.000000,-25.4461018189,-49.274967317,POINT (-49.274967317 -25.4461018189)
2014-05-27 08:21:40.000000,-25.4461018189,-49.274967317,POINT (-49.274967317 -25.4461018189)
2014-05-27 08:21:50.000000,-25.4461018189,-49.274967317,POINT (-49.274967317 -25.4461018189)
2014-05-27 08:22:00.000000,-25.4461018189,-49.274967317,POINT (-49.274967317 -25.4461018189)
2014-05-27 08:22:10.000000,-25.4461018189,-49.274967317,POINT (-49.274967317 -25.4461018189)
2014-05-27 08:22:20.000000,-25.4461018189,-49.274967317,POINT (-49.274967317 -25.4461018189)
2014-05-27 08:22:30.000000,-25.4461018189,-49.274967317,POINT (-49.274967317 -25.4461018189)
2014-05-27 08:22:40.000000,-25.4461018189,-49.274967317,POINT (-49.274967317 -25.4461018189)
2014-05-27 08:22:50.000000,-25.4461018189,-49.274967317,POINT (-49.274967317 -25.4461018189)
2014-05-27 08:23:00.000000,-25.4461018189,-49.274967317,POINT (-49.274967317 -25.4461018189)
2014-05-27 08:23:10.000000,-25.4461018189,-49.274967317,POINT (-49.274967317 -25.4461018189)
2014-05-27 08:23:20.000000,-25.4461018189,-49.274967317,POINT (-49.274967317 -25.4461018189)
2014-05-27 08:23:30.000000,-25.4461018189,-49.274967317,POINT (-49.274967317 -25.4461018189)
2014-05-27 08:23:40.000000,-25.4461018189,-49.274967317,POINT (-49.274967317 -25.4461018189)
2014-05-27 08:23:50.000000,-25.4461018189,-49.274967317,POINT (-49.274967317 -25.4461018189)
2014-05-27 08:24:00.000000,-25.4461018189,-49.274967317,POINT (-49.274967317 -25.4461018189)
2014-05-27 08:24:10.000000,-25.4461018189,-49.274967317,POINT (-49.274967317 -25.4461018189)
2014-05-27 08:24:20.000000,-25.4461018189,-49.274967317,POINT (-49.274967317 -25.4461018189)
2014-05-27 08:24:30.000000,-25.4461018189,-49.274967317,POINT (-49.274967317 -25.4461018189)
2014-05-27 08:24:40.000000,-25.4461018189,-49.274967317,POINT (-49.274967317 -25.4461018189)
2014-05-27 08:24:50.000000,-25.4461018189,-49.274967317,POINT (-49.274967317 -25.4461018189)
2014-05-27 08:25:00.000000,-25.4461018189,-49.274967317,POINT (-49.274967317 -25.4461018189)
2014-05-27 08:25:10.000000,-25.4461018189,-49.274967317,POINT (-49.274967317 -25.4461018189)
2014-05-27 08:25:20.000000,-25.4461018189,-49.274967317,POINT (-49.274967317 -25.4461018189)
2014-05-27 08:25:30.000000,-25.4461018189,-49.274967317,POINT (-49.274967317 -25.4461018189)
2014-05-27 08:25:40.000000,-25.4461018189,-49.274967317,POINT (-49.274967317 -25.4461018189)
2014-05-27 08:25:50.000000,-25.4461018189,-49.274967317,POINT (-49.274967317 -25.4461018189)
2014-05-27 08:26:00.000000,-25.4461018189,-49.274967317,POINT (-49.274967317 -25.4461018189)
2014-05-27 08:26:10.000000,-25.4461018189,-49.274967317,POINT (-49.274967317 -25.4461018189)
2014-05-27 08:26:20.000000,-25.4461018189,-49.274967317,POINT (-49.274967317 -25.4461018189)
2014-05-27 08:26:30.000000,-25.4461018189,-49.274967317,POINT (-49.274967317 -25.4461018189)
2014-05-27 08:26:40.000000,-25.4461018189,-49.274967317,POINT (-49.274967317 -25.4461018189)
2014-05-27 08:26:50.000000,-25.4461018189,-49.274967317,POINT (-49.274967317 -25.4461018189)
2014-05-27 08:27:00.000000,-25.4461018189,-49.274967317,POINT (-49.274967317 -25.4461018189)
2014-05-27 08:27:10.000000,-25.4461018189,-49.274967317,POINT (-49.274967317 -25.4461018189)
2014-05-27 08:27:20.000000,-25.4461018189,-49.274967317,POINT (-49.274967317 -25.4461018189)
2014-05-27 08:27:30.000000,-25.4461018189,-49.274967317,POINT (-49.274967317 -25.4461018189)
2014-05-27 08:27:40.000000,-25.4461018189,-49.274967317,POINT (-49.274967317 -25.4461018189)
2014-05-27 08:27:50.000000,-25.4461018189,-49.274967317,POINT (-49.274967317 -25.4461018189)
2014-05-27 08:28:00.000000,-25.4461018189,-49.274967317,POINT (-49.274967317 -25.4461018189)
2014-05-27 08:28:10.000000,-25.4461018189,-49.274967317,POINT (-49.274967317 -25.4461018189)
2014-05-27 08:28:20.000000,-25.4461018189,-49.274967317,POINT (-49.274967317 -25.4461018189)
2014-05-27 08:28:30.000000,-25.4461018189,-49.274967317,POINT (-49.274967317 -25.4461018189)
2014-05-27 08:28:40.000000,-25.4461018189,-49.274967317,POINT (-49.274967317 -25.4461018189)
2014-05-27 08:28:50.000000,-25.4461018189,-49.274967317,POINT (-49.274967317 -25.4461018189)
2014-05-27 08:29:00.000000,-25.4461018189,-49.274967317,POINT (-49.274967317 -25.4461018189)
2014-05-27 08:29:10.000000,-25.4461018189,-49.274967317,POINT (-49.274967317 -25.4461018189)
2014-05-27 08:29:20.000000,-25.4461018189,-49.274967317,POINT (-49.274967317 -25.4461018189)
2014-05-27 08:29:30.000000,-25.4461018189,-49.274967317,POINT (-49.274967317 -25.4461018189)
2014-05-27 08:29:40.000000,-25.4461018189,-49.274967317,POINT (-49.274967317 -25.4461018189)
2014-05-27 08:29:50.000000,-25.4461018189,-49.274967317,POINT (-49.274967317 -25.4461018189)
2014-05-27 08:30:00.000000,-25.4461018189,-49.274967317,POINT (-49.274967317 -25.4461018189)
2014-05-27 08:30:10.000000,-25.4461018189,-49.274967317,POINT (-49.274967317 -25.4461018189)
2014-05-27 08:30:20.000000,-25.4461018189,-49.274967317,POINT (-49.274967317 -25.4461018189)
2014-05-27 08:30:30.000000,-25.4461018189,-49.274967317,POINT (-49.274967317 -25.4461018189)
2014-05-27 08:30:40.000000,-25.4461018189,-49.274967317,POINT (-49.274967317 -25.4461018189)
2014-05-27 08:30:50.000000,-25.4461018189,-49.274967317,POINT (-49.274967317 -25.4461018189)
2014-05-27 08:31:00.000000,-25.4461018189,-49.274967317,POINT (-49.274967317 -25.4461018189)
2014-05-27 08:31:10.000000,-25.4461018189,-49.274967317,POINT (-49.274967317 -25.4461018189)
2014-05-27 08:31:20.000000,-25.4461018189,-49.274967317,POINT (-49.274967317 -25.4461018189)
2014-05-27 08:31:30.000000,-25.4461018189,-49.274967317,POINT (-49.274967317 -25.4461018189)
2014-05-27 08:31:40.000000,-25.4461018189,-49.274967317,POINT (-49.274967317 -25.4461018189)
2014-05-27 08:31:50.000000,-25.4461018189,-49.274967317,POINT (-49.274967317 -25.4461018189)
2014-05-27 08:32:00.000000,-25.4461018189,-49.274967317,POINT (-49.274967317 -25.4461018189)
2014-05-27 08:32:10.000000,-25.4461018189,-49.274967317,POINT (-49.274967317 -25.4461018189)
2014-05-27 08:32:20.000000,-25.4461018189,-49.274967317,POINT (-49.274967317 -25.4461018189)
2014-05-27 08:32:30.000000,-25.4461018189,-49.274967317,POINT (-49.274967317 -25.4461018189)
2014-05-27 08:32:40.000000,-25.4461018189,-49.274967317,POINT (-49.274967317 -25.4461018189)
2014-05-27 08:32:50.000000,-25.4461018189,-49.274967317,POINT (-49.274967317 -25.4461018189)
2014-05-27 08:33:00.000000,-25.4461018189,-49.274967317,POINT (-49.274967317 -25.4461018189)
2014-05-27 08:33:10.000000,-25.4461018189,-49.274967317,POINT (-49.274967317 -25.4461018189)
2014-05-27 08:33:20.000000,-25.4461018189,-49.274967317,POINT (-49.274967317 -25.4461018189)
2014-05-27 08:33:30.000000,-25.4461018189,-49.274967317,POINT (-49.274967317 -25.4461018189)
2014-05-27 08:33:40.000000,-25.4461018189,-49.274967317,POINT (-49.274967317 -25.4461018189)
2014-05-27 08:33:50.000000,-25.4461018189,-49.274967317,POINT (-49.274967317 -25.4461018189)
2014-05-27 08:34:00.000000,-25.4461018189,-49.274967317,POINT (-49.274967317 -25.4461018189)
2014-05-27 08:34:10.000000,-25.4461018189,-49.274967317,POINT (-49.274967317 -25.4461018189)
2014-05-27 08:34:20.000000,-25.4461018189,-49.274967317,POINT (-49.274967317 -25.4461018189)
2014-05-27 08:34:30.000000,-25.4461018189,-49.274967317,POINT (-49.274967317 -25.4461018189)
2014-05-27 08:34:40.000000,-25.4461018189,-49.274967317,POINT (-49.274967317 -25.4461018189)
2014-05-27 08:34:50.000000,-25.4461018189,-49.274967317,POINT (-49.274967317 -25.4461018189)
2014-05-27 08:35:00.000000,-25.4461018189,-49.274967317,POINT (-49.274967317 -25.4461018189)
2014-05-27 08:35:10.000000,-25.4461018189,-49.274967317,POINT (-49.274967317 -25.4461018189)
2014-05-27 08:35:20.000000,-25.4461018189,-49.274967317,POINT (-49.274967317 -25.4461018189)
2014-05-27 08:35:30.000000,-25.4461018189,-49.274967317,POINT (-49.274967317 -25.4461018189)
2014-05-27 08:35:40.576992,-25.4459215,-49.2744126,POINT (-49.2744126 -25.4459215)
2014-05-27 08:35:50.576992,-25.44518450416667,-49.27474910972222,POINT (-49.27474910972222 -25.44518450416667)
2014-05-27 08:36:00.576992,-25.444466344444447,-49.27507701805556,POINT (-49.27507701805556 -25.444466344444447)
2014-05-27 08:36:10.576992,-25.444416866666668,-49.27509957708333,POINT (-49.27509957708333 -25.444416866666668)
2014-05-27 08:36:20.576992,-25.444330380555556,-49.275139036111106,POINT (-49.275139036111106 -25.444330380555556)
2014-05-27 08:36:30.576992,-25.443605500694446,-49.27547002013889,POINT (-49.27547002013889 -25.443605500694446)
2014-05-27 08:36:40.576992,-25.4429358125,-49.27577580416667,POINT (-49.27577580416667 -25.4429358125)
2014-05-27 08:36:50.576992,-25.44288243125,-49.275800188194445,POINT (-49.275800188194445 -25.44288243125)
2014-05-27 08:37:00.576992,-25.442759033333335,-49.27585653888889,POINT (-49.27585653888889 -25.442759033333335)
2014-05-27 08:37:10.576992,-25.442066750000002,-49.276172618749996,POINT (-49.276172618749996 -25.442066750000002)
2014-05-27 08:37:20.576992,-25.441459668055558,-49.27644979583334,POINT (-49.27644979583334 -25.441459668055558)
2014-05-27 08:37:30.576992,-25.441389354861112,-49.276481885416665,POINT (-49.276481885416665 -25.441389354861112)
2014-05-27 08:37:40.576992,-25.441233275000002,-49.27655313333334,POINT (-49.27655313333334 -25.441233275000002)
2014-05-27 08:37:50.576992,-25.440641214583334,-49.27682343611111,POINT (-49.27682343611111 -25.440641214583334)
2014-05-27 08:38:00.576992,-25.440153813888887,-49.27705183611111,POINT (-49.27705183611111 -25.440153813888887)
2014-05-27 08:38:10.576992,-25.440107479166667,-49.277103645833336,POINT (-49.277103645833336 -25.440107479166667)
2014-05-27 08:38:20.576992,-25.4398957,-49.277225522222224,POINT (-49.277225522222224 -25.4398957)
2014-05-27 08:38:30.576992,-25.439094525,-49.27759701111111,POINT (-49.27759701111111 -25.439094525)
2014-05-27 08:38:40.576992,-25.4384819375,-49.2778866375,POINT (-49.2778866375 -25.4384819375)
2014-05-27 08:38:50.576992,-25.43844558958333,-49.277926128472224,POINT (-49.277926128472224 -25.43844558958333)
2014-05-27 08:39:00.576992,-25.438352866666666,-49.278026800000006,POINT (-49.278026800000006 -25.438352866666666)
2014-05-27 08:39:10.576992,-25.43811075,-49.2782896,POINT (-49.2782896 -25.43811075)
2014-05-27 08:39:20.576992,-25.437849780555553,-49.27857287222222,POINT (-49.27857287222222 -25.437849780555553)
2014-05-27 08:39:30.576992,-25.437545106944444,-49.27890360277778,POINT (-49.27890360277778 -25.437545106944444)
2014-05-27 08:39:40.576992,-25.43723,-49.27924566666667,POINT (-49.27924566666667 -25.43723)
2014-05-27 08:39:50.576992,-25.436893591666667,-49.27961086944445,POINT (-49.27961086944445 -25.436893591666667)
2014-05-27 08:40:00.576992,-25.436395333333333,-49.280151770833335,POINT (-49.280151770833335 -25.436395333333333)
2014-05-27 08:40:10.576992,-25.4356045,-49.28101028125,POINT (-49.28101028125 -25.4356045)
2014-05-27 08:40:20.576992,-25.434882013888892,-49.28165019722223,POINT (-49.28165019722223 -25.434882013888892)
2014-05-27 08:40:30.576992,-25.43426937152778,-49.28193880069445,POINT (-49.28193880069445 -25.43426937152778)
2014-05-27 08:40:40.576992,-25.433663583333335,-49.282224175,POINT (-49.282224175 -25.433663583333335)
2014-05-27 08:40:50.576992,-25.433067619444447,-49.28250492083333,POINT (-49.28250492083333 -25.433067619444447)
2014-05-27 08:41:00.576992,-25.432470944444447,-49.282786022222226,POINT (-49.282786022222226 -25.432470944444447)
2014-05-27 08:41:10.576992,-25.431873358333334,-49.28306757916666,POINT (-49.28306757916666 -25.431873358333334)
2014-05-27 08:41:20.576992,-25.431622076388887,-49.28340027777778,POINT (-49.28340027777778 -25.431622076388887)
2014-05-27 08:41:30.576992,-25.431768025694446,-49.28379163888889,POINT (-49.28379163888889 -25.431768025694446)
2014-05-27 08:41:40.576992,-25.431904375,-49.284157225,POINT (-49.284157225 -25.431904375)
2014-05-27 08:41:50.576992,-25.43203085763889,-49.284496320138885,POINT (-49.284496320138885 -25.43203085763889)
2014-05-27 08:42:00.576992,-25.432293031944443,-49.28519915972222,POINT (-49.28519915972222 -25.432293031944443)
2014-05-27 08:42:10.576992,-25.432680185416665,-49.28623702708333,POINT (-49.28623702708333 -25.432680185416665)
2014-05-27 08:42:20.576992,-25.432883644444445,-49.28678247777778,POINT (-49.28678247777778 -25.432883644444445)
2014-05-27 08:42:30.576992,-25.432935555555556,-49.28692168472222,POINT (-49.28692168472222 -25.432935555555556)
2014-05-27 08:42:40.576992,-25.43278175416667,-49.287400858333335,POINT (-49.287400858333335 -25.43278175416667)
2014-05-27 08:42:50.576992,-25.432476117361112,-49.288130959722224,POINT (-49.288130959722224 -25.432476117361112)
2014-05-27 08:43:00.576992,-25.432305933333335,-49.2884441,POINT (-49.2884441 -25.432305933333335)
2014-05-27 08:43:10.576992,-25.432225025,-49.288482425,POINT (-49.288482425 -25.432225025)
2014-05-27 08:43:20.576992,-25.432178808333333,-49.28858205138889,POINT (-49.28858205138889 -25.432178808333333)
2014-05-27 08:43:30.576992,-25.432152954166664,-49.28871765902778,POINT (-49.28871765902778 -25.432152954166664)
2014-05-27 08:43:40.576992,-25.4320117,-49.28908273333334,POINT (-49.28908273333334 -25.4320117)
2014-05-27 08:43:50.576992,-25.431810341666665,-49.28956732152778,POINT (-49.28956732152778 -25.431810341666665)
2014-05-27 08:44:00.576992,-25.43171412222222,-49.28987388888889,POINT (-49.28987388888889 -25.43171412222222)
2014-05-27 08:44:10.576992,-25.431666266666664,-49.29009856666667,POINT (-49.29009856666667 -25.431666266666664)
2014-05-27 08:44:20.576992,-25.431552399999998,-49.29051737777778,POINT (-49.29051737777778 -25.431552399999998)
2014-05-27 08:44:30.576992,-25.431411875,-49.29101458888889,POINT (-49.29101458888889 -25.431411875)
2014-05-27 08:44:40.576992,-25.4316411,-49.2915933625,POINT (-49.2915933625 -25.4316411)
2014-05-27 08:44:50.576992,-25.432000422222224,-49.29220083402778,POINT (-49.29220083402778 -25.432000422222224)
2014-05-27 08:45:00.576992,-25.431864222222224,-49.292449633333334,POINT (-49.292449633333334 -25.431864222222224)
2014-05-27 08:45:10.576992,-25.431577595833335,-49.29258955,POINT (-49.29258955 -25.431577595833335)
2014-05-27 08:45:20.576992,-25.431171425000002,-49.2927875875,POINT (-49.2927875875 -25.431171425000002)
2014-05-27 08:45:30.576992,-25.430734337500002,-49.29300065625,POINT (-49.29300065625 -25.430734337500002)
2014-05-27 08:45:40.576992,-25.430591416666665,-49.29307055833333,POINT (-49.29307055833333 -25.430591416666665)
2014-05-27 08:45:50.576992,-25.430512231944444,-49.293109440972216,POINT (-49.293109440972216 -25.430512231944444)
2014-05-27 08:46:00.576992,-25.430059238888887,-49.29356544583333,POINT (-49.29356544583333 -25.430059238888887)
2014-05-27 08:46:10.576992,-25.429539925,-49.29409545625,POINT (-49.29409545625 -25.429539925)
2014-05-27 08:46:20.576992,-25.429609944444444,-49.29449284444444,POINT (-49.29449284444444 -25.429609944444444)
2014-05-27 08:46:30.576992,-25.429762838888887,-49.29487158263889,POINT (-49.29487158263889 -25.429762838888887)
2014-05-27 08:46:40.576992,-25.430001716666666,-49.2954646375,POINT (-49.2954646375 -25.430001716666666)
2014-05-27 08:46:50.576992,-25.43024971388889,-49.29608042291667,POINT (-49.29608042291667 -25.43024971388889)
2014-05-27 08:47:00.576992,-25.430462247222223,-49.29660799722222,POINT (-49.29660799722222 -25.430462247222223)
2014-05-27 08:47:10.576992,-25.43067217291667,-49.297129085416664,POINT (-49.297129085416664 -25.43067217291667)
2014-05-27 08:47:20.576992,-25.430893376388887,-49.297678222222224,POINT (-49.297678222222224 -25.430893376388887)
2014-05-27 08:47:30.576992,-25.431115063194444,-49.29822856111111,POINT (-49.29822856111111 -25.431115063194444)
2014-05-27 08:47:40.576992,-25.4313707,-49.29886315,POINT (-49.29886315 -25.4313707)
2014-05-27 08:47:50.576992,-25.431626277777777,-49.299497593750004,POINT (-49.299497593750004 -25.431626277777777)
2014-05-27 08:48:00.576992,-25.431843655555554,-49.3000373375,POINT (-49.3000373375 -25.431843655555554)
2014-05-27 08:48:10.576992,-25.432061385416667,-49.300577895833335,POINT (-49.300577895833335 -25.432061385416667)
2014-05-27 08:48:20.576992,-25.432287330555557,-49.30113746111111,POINT (-49.30113746111111 -25.432287330555557)
2014-05-27 08:48:30.576992,-25.432512369444446,-49.301694956944445,POINT (-49.301694956944445 -25.432512369444446)
2014-05-27 08:48:40.576992,-25.432725083333334,-49.30222430833333,POINT (-49.30222430833333 -25.432725083333334)
2014-05-27 08:48:50.576992,-25.432920039583333,-49.302709452777776,POINT (-49.302709452777776 -25.432920039583333)
2014-05-27 08:49:00.576992,-25.432947566666666,-49.30277778888889,POINT (-49.30277778888889 -25.432947566666666)
2014-05-27 08:49:10.576992,-25.43299265625,-49.302889725,POINT (-49.302889725 -25.43299265625)
2014-05-27 08:49:20.576992,-25.433162634722223,-49.30331170555555,POINT (-49.30331170555555 -25.433162634722223)
2014-05-27 08:49:30.576992,-25.43331021597222,-49.30367809027778,POINT (-49.30367809027778 -25.43331021597222)
2014-05-27 08:49:40.576992,-25.433331558333332,-49.30373111666667,POINT (-49.30373111666667 -25.433331558333332)
2014-05-27 08:49:50.576992,-25.433417133333336,-49.303943591666666,POINT (-49.303943591666666 -25.433417133333336)
2014-05-27 08:50:00.576992,-25.433799166666667,-49.304891983333334,POINT (-49.304891983333334 -25.433799166666667)
2014-05-27 08:50:10.576992,-25.43415091875,-49.30576521875,POINT (-49.30576521875 -25.43415091875)
2014-05-27 08:50:20.576992,-25.434385583333334,-49.30634785,POINT (-49.30634785 -25.434385583333334)
2014-05-27 08:50:30.576992,-25.43459037986111,-49.30685630694445,POINT (-49.30685630694445 -25.43459037986111)
2014-05-27 08:50:40.576992,-25.434696787500002,-49.307120425,POINT (-49.307120425 -25.434696787500002)
2014-05-27 08:50:50.576992,-25.434784485416667,-49.30733811180556,POINT (-49.30733811180556 -25.434784485416667)
2014-05-27 08:51:00.576992,-25.434819008333335,-49.30742383611111,POINT (-49.30742383611111 -25.434819008333335)
2014-05-27 08:51:10.576992,-25.434867720833335,-49.30754477916667,POINT (-49.30754477916667 -25.434867720833335)
2014-05-27 08:51:20.576992,-25.434951569444447,-49.30775293055556,POINT (-49.30775293055556 -25.434951569444447)
2014-05-27 08:51:30.576992,-25.43502712847222,-49.30793995069445,POINT (-49.30793995069445 -25.43502712847222)
2014-05-27 08:51:40.576992,-25.435084666666665,-49.30808103333333,POINT (-49.30808103333333 -25.435084666666665)
2014-05-27 08:51:50.576992,-25.435061232638887,-49.30840492847222,POINT (-49.30840492847222 -25.435061232638887)
2014-05-27 08:52:00.576992,-25.434882331944443,-49.309079823611114,POINT (-49.309079823611114 -25.434882331944443)
2014-05-27 08:52:10.576992,-25.43472806875,-49.3095658875,POINT (-49.3095658875 -25.43472806875)
2014-05-27 08:52:20.576992,-25.434615780555557,-49.30973023888889,POINT (-49.30973023888889 -25.434615780555557)
2014-05-27 08:52:30.576992,-25.434507439583335,-49.30989140833333,POINT (-49.30989140833333 -25.434507439583335)
2014-05-27 08:52:40.576992,-25.4344050875,-49.310047749999995,POINT (-49.310047749999995 -25.4344050875)
2014-05-27 08:52:50.576992,-25.434304436111113,-49.31020066875,POINT (-49.31020066875 -25.434304436111113)
2014-05-27 08:53:00.576992,-25.43420608888889,-49.31034895,POINT (-49.31034895 -25.43420608888889)
2014-05-27 08:53:10.576992,-25.434079210416666,-49.31052752708333,POINT (-49.31052752708333 -25.434079210416666)
2014-05-27 08:53:20.576992,-25.433917748611112,-49.31074282638889,POINT (-49.31074282638889 -25.433917748611112)
2014-05-27 08:53:30.576992,-25.43378995,-49.3109139625,POINT (-49.3109139625 -25.43378995)
2014-05-27 08:53:40.576992,-25.4336987,-49.311037150000004,POINT (-49.311037150000004 -25.4336987)
2014-05-27 08:53:50.576992,-25.433642574305555,-49.31111272569444,POINT (-49.31111272569444 -25.433642574305555)
2014-05-27 08:54:00.576992,-25.433620623611112,-49.31114197638889,POINT (-49.31114197638889 -25.433620623611112)
2014-05-27 08:54:10.576992,-25.43278555,-49.31279555,POINT (-49.31279555 -25.43278555)
2014-05-27 08:54:20.576992,-25.4312416,-49.3158652,POINT (-49.3158652 -25.4312416)
2014-05-27 08:54:30.576992,-25.43046335347222,-49.31746850208333,POINT (-49.31746850208333 -25.43046335347222)
2014-05-27 08:54:40.576992,-25.430282729166667,-49.3179273375,POINT (-49.3179273375 -25.430282729166667)
2014-05-27 08:54:50.576992,-25.43014002847222,-49.318865413888894,POINT (-49.318865413888894 -25.43014002847222)
2014-05-27 08:55:00.576992,-25.43002378611111,-49.320137844444446,POINT (-49.320137844444446 -25.43002378611111)
2014-05-27 08:55:10.576992,-25.429969387499998,-49.3207723375,POINT (-49.3207723375 -25.429969387499998)
2014-05-27 08:55:20.576992,-25.429953469444445,-49.32100989166667,POINT (-49.32100989166667 -25.429953469444445)
2014-05-27 08:55:30.576992,-25.429971071527778,-49.32112570277778,POINT (-49.32112570277778 -25.429971071527778)
2014-05-27 08:55:40.576992,-25.430007216666667,-49.32117416666667,POINT (-49.32117416666667 -25.430007216666667)
2014-05-27 08:55:50.576992,-25.430041864583334,-49.32127986527778,POINT (-49.32127986527778 -25.430041864583334)
2014-05-27 08:56:00.576992,-25.430075779166668,-49.321413597222225,POINT (-49.321413597222225 -25.430075779166668)
2014-05-27 08:56:10.576992,-25.430147377083333,-49.32167695416667,POINT (-49.32167695416667 -25.430147377083333)
2014-05-27 08:56:20.576992,-25.430235230555557,-49.32199622777778,POINT (-49.32199622777778 -25.430235230555557)
2014-05-27 08:56:30.576992,-25.430430114583334,-49.32298970555556,POINT (-49.32298970555556 -25.430430114583334)
2014-05-27 08:56:40.576992,-25.4306653875,-49.3242376,POINT (-49.3242376 -25.4306653875)
2014-05-27 08:56:50.576992,-25.43071186527778,-49.32575331388889,POINT (-49.32575331388889 -25.43071186527778)
2014-05-27 08:57:00.576992,-25.430696555555556,-49.32735667777778,POINT (-49.32735667777778 -25.430696555555556)
2014-05-27 08:57:10.576992,-25.430654843750002,-49.32866003958333,POINT (-49.32866003958333 -25.430654843750002)
2014-05-27 08:57:20.576992,-25.430605720833334,-49.32987919027777,POINT (-49.32987919027777 -25.430605720833334)
2014-05-27 08:57:30.576992,-25.430569463194445,-49.33116586319444,POINT (-49.33116586319444 -25.430569463194445)
2014-05-27 08:57:40.576992,-25.430536258333333,-49.33246855833333,POINT (-49.33246855833333 -25.430536258333333)
2014-05-27 08:57:50.576992,-25.430470393055554,-49.332857439583336,POINT (-49.332857439583336 -25.430470393055554)
2014-05-27 08:58:00.576992,-25.430398102777776,-49.33306655416667,POINT (-49.33306655416667 -25.430398102777776)
2014-05-27 08:58:10.576992,-25.43031553125,-49.33412,POINT (-49.33412 -25.43031553125)
2014-05-27 08:58:20.576992,-25.43023132777778,-49.33530746666666,POINT (-49.33530746666666 -25.43023132777778)
2014-05-27 08:58:30.576992,-25.43022589166667,-49.33552426666667,POINT (-49.33552426666667 -25.43022589166667)
2014-05-27 08:58:40.576992,-25.43023015,-49.335621599999996,POINT (-49.335621599999996 -25.43023015)
2014-05-27 08:58:50.576992,-25.430537350694447,-49.33564030138889,POINT (-49.33564030138889 -25.430537350694447)
2014-05-27 08:59:00.576992,-25.43087168055556,-49.33565196111111,POINT (-49.33565196111111 -25.43087168055556)
2014-05-27 08:59:10.576992,-25.43080926041667,-49.33710222291667,POINT (-49.33710222291667 -25.43080926041667)
2014-05-27 08:59:20.576992,-25.43072384027778,-49.33863588194445,POINT (-49.33863588194445 -25.43072384027778)
2014-05-27 08:59:30.576992,-25.430801818750002,-49.338776708333334,POINT (-49.338776708333334 -25.430801818750002)
2014-05-27 08:59:40.576992,-25.4308844,-49.3388783,POINT (-49.3388783 -25.4308844)
2014-05-27 09:00:00.000000,-25.4317210104,-49.3395424626,POINT (-49.3395424626 -25.4317210104)
2014-05-27 09:00:10.000000,-25.4317210104,-49.3395424626,POINT (-49.3395424626 -25.4317210104)
2014-05-27 09:00:20.000000,-25.4317210104,-49.3395424626,POINT (-49.3395424626 -25.4317210104)
2014-05-27 09:00:30.000000,-25.4317210104,-49.3395424626,POINT (-49.3395424626 -25.4317210104)
2014-05-27 09:00:40.000000,-25.4317210104,-49.3395424626,POINT (-49.3395424626 -25.4317210104)
2014-05-27 09:00:50.000000,-25.4317210104,-49.3395424626,POINT (-49.3395424626 -25.4317210104)
2014-05-27 09:01:00.000000,-25.4317210104,-49.3395424626,POINT (-49.3395424626 -25.4317210104)
2014-05-27 09:01:10.000000,-25.4317210104,-49.3395424626,POINT (-49.3395424626 -25.4317210104)
2014-05-27 09:01:20.000000,-25.4317210104,-49.3395424626,POINT (-49.3395424626 -25.4317210104)
2014-05-27 09:01:30.000000,-25.4317210104,-49.3395424626,POINT (-49.3395424626 -25.4317210104)
2014-05-27 09:01:40.000000,-25.4317210104,-49.3395424626,POINT (-49.3395424626 -25.4317210104)
2014-05-27 09:01:50.000000,-25.4317210104,-49.3395424626,POINT (-49.3395424626 -25.4317210104)
2014-05-27 09:02:00.000000,-25.4317210104,-49.3395424626,POINT (-49.3395424626 -25.4317210104)
2014-05-27 09:02:10.000000,-25.4317210104,-49.3395424626,POINT (-49.3395424626 -25.4317210104)
2014-05-27 09:02:20.000000,-25.4317210104,-49.3395424626,POINT (-49.3395424626 -25.4317210104)
2014-05-27 09:02:30.000000,-25.4317210104,-49.3395424626,POINT (-49.3395424626 -25.4317210104)
2014-05-27 09:02:40.000000,-25.4317210104,-49.3395424626,POINT (-49.3395424626 -25.4317210104)
2014-05-27 09:02:50.000000,-25.4317210104,-49.3395424626,POINT (-49.3395424626 -25.4317210104)
2014-05-27 09:03:00.000000,-25.4317210104,-49.3395424626,POINT (-49.3395424626 -25.4317210104)
2014-05-27 09:03:10.000000,-25.4317210104,-49.3395424626,POINT (-49.3395424626 -25.4317210104)
2014-05-27 09:03:20.000000,-25.4317210104,-49.3395424626,POINT (-49.3395424626 -25.4317210104)
2014-05-27 09:03:30.000000,-25.4317210104,-49.3395424626,POINT (-49.3395424626 -25.4317210104)
2014-05-27 09:03:40.000000,-25.4317210104,-49.3395424626,POINT (-49.3395424626 -25.4317210104)
2014-05-27 09:03:50.000000,-25.4317210104,-49.3395424626,POINT (-49.3395424626 -25.4317210104)
2014-05-27 09:04:00.000000,-25.4317210104,-49.3395424626,POINT (-49.3395424626 -25.4317210104)
2014-05-27 09:04:10.000000,-25.4317210104,-49.3395424626,POINT (-49.3395424626 -25.4317210104)
2014-05-27 09:04:20.000000,-25.4317210104,-49.3395424626,POINT (-49.3395424626 -25.4317210104)
2014-05-27 09:04:30.000000,-25.4317210104,-49.3395424626,POINT (-49.3395424626 -25.4317210104)
2014-05-27 09:04:40.000000,-25.4317210104,-49.3395424626,POINT (-49.3395424626 -25.4317210104)
2014-05-27 09:04:50.000000,-25.4317210104,-49.3395424626,POINT (-49.3395424626 -25.4317210104)
2014-05-27 09:05:00.000000,-25.4317210104,-49.3395424626,POINT (-49.3395424626 -25.4317210104)
2014-05-27 09:05:10.000000,-25.4317210104,-49.3395424626,POINT (-49.3395424626 -25.4317210104)
2014-05-27 09:05:20.000000,-25.4317210104,-49.3395424626,POINT (-49.3395424626 -25.4317210104)
2014-05-27 09:05:30.000000,-25.4317210104,-49.3395424626,POINT (-49.3395424626 -25.4317210104)
2014-05-27 09:05:40.000000,-25.4317210104,-49.3395424626,POINT (-49.3395424626 -25.4317210104)
2014-05-27 09:05:50.000000,-25.4317210104,-49.3395424626,POINT (-49.3395424626 -25.4317210104)
2014-05-27 09:06:00.000000,-25.4317210104,-49.3395424626,POINT (-49.3395424626 -25.4317210104)
2014-05-27 09:06:10.000000,-25.4317210104,-49.3395424626,POINT (-49.3395424626 -25.4317210104)
2014-05-27 09:06:20.000000,-25.4317210104,-49.3395424626,POINT (-49.3395424626 -25.4317210104)
2014-05-27 09:06:30.000000,-25.4317210104,-49.3395424626,POINT (-49.3395424626 -25.4317210104)
2014-05-27 09:06:40.000000,-25.4317210104,-49.3395424626,POINT (-49.3395424626 -25.4317210104)
2014-05-27 09:06:50.000000,-25.4317210104,-49.3395424626,POINT (-49.3395424626 -25.4317210104)
2014-05-27 09:07:00.000000,-25.4317210104,-49.3395424626,POINT (-49.3395424626 -25.4317210104)
2014-05-27 09:07:10.000000,-25.4317210104,-49.3395424626,POINT (-49.3395424626 -25.4317210104)
2014-05-27 09:07:20.000000,-25.4317210104,-49.3395424626,POINT (-49.3395424626 -25.4317210104)
2014-05-27 09:07:30.000000,-25.4317210104,-49.3395424626,POINT (-49.3395424626 -25.4317210104)
2014-05-27 09:07:40.000000,-25.4317210104,-49.3395424626,POINT (-49.3395424626 -25.4317210104)
2014-05-27 09:07:50.000000,-25.4317210104,-49.3395424626,POINT (-49.3395424626 -25.4317210104)
2014-05-27 09:08:00.000000,-25.4317210104,-49.3395424626,POINT (-49.3395424626 -25.4317210104)
2014-05-27 09:08:10.000000,-25.4317210104,-49.3395424626,POINT (-49.3395424626 -25.4317210104)
2014-05-27 09:08:20.000000,-25.4317210104,-49.3395424626,POINT (-49.3395424626 -25.4317210104)
2014-05-27 09:08:30.000000,-25.4317210104,-49.3395424626,POINT (-49.3395424626 -25.4317210104)
2014-05-27 09:08:40.000000,-25.4317210104,-49.3395424626,POINT (-49.3395424626 -25.4317210104)
2014-05-27 09:08:50.000000,-25.4317210104,-49.3395424626,POINT (-49.3395424626 -25.4317210104)
2014-05-27 09:09:00.000000,-25.4317210104,-49.3395424626,POINT (-49.3395424626 -25.4317210104)
2014-05-27 09:09:10.000000,-25.4317210104,-49.3395424626,POINT (-49.3395424626 -25.4317210104)
2014-05-27 09:09:20.000000,-25.4317210104,-49.3395424626,POINT (-49.3395424626 -25.4317210104)
2014-05-27 09:09:30.000000,-25.4317210104,-49.3395424626,POINT (-49.3395424626 -25.4317210104)
2014-05-27 09:09:40.000000,-25.4317210104,-49.3395424626,POINT (-49.3395424626 -25.4317210104)
2014-05-27 09:09:50.000000,-25.4317210104,-49.3395424626,POINT (-49.3395424626 -25.4317210104)
2014-05-27 09:10:00.000000,-25.4317210104,-49.3395424626,POINT (-49.3395424626 -25.4317210104)
2014-05-27 09:10:10.000000,-25.4317210104,-49.3395424626,POINT (-49.3395424626 -25.4317210104)
2014-05-27 09:10:20.000000,-25.4317210104,-49.3395424626,POINT (-49.3395424626 -25.4317210104)
2014-05-27 09:10:30.000000,-25.4317210104,-49.3395424626,POINT (-49.3395424626 -25.4317210104)
2014-05-27 09:10:40.000000,-25.4317210104,-49.3395424626,POINT (-49.3395424626 -25.4317210104)
2014-05-27 09:10:50.000000,-25.4317210104,-49.3395424626,POINT (-49.3395424626 -25.4317210104)
2014-05-27 09:11:00.000000,-25.4317210104,-49.3395424626,POINT (-49.3395424626 -25.4317210104)
2014-05-27 09:11:10.000000,-25.4317210104,-49.3395424626,POINT (-49.3395424626 -25.4317210104)
2014-05-27 09:11:20.000000,-25.4317210104,-49.3395424626,POINT (-49.3395424626 -25.4317210104)
2014-05-27 09:11:30.000000,-25.4317210104,-49.3395424626,POINT (-49.3395424626 -25.4317210104)
2014-05-27 09:11:40.000000,-25.4317210104,-49.3395424626,POINT (-49.3395424626 -25.4317210104)
2014-05-27 09:11:50.000000,-25.4317210104,-49.3395424626,POINT (-49.3395424626 -25.4317210104)
2014-05-27 09:12:00.000000,-25.4317210104,-49.3395424626,POINT (-49.3395424626 -25.4317210104)
2014-05-27 09:12:10.000000,-25.4317210104,-49.3395424626,POINT (-49.3395424626 -25.4317210104)
2014-05-27 09:12:20.000000,-25.4317210104,-49.3395424626,POINT (-49.3395424626 -25.4317210104)
2014-05-27 09:12:30.000000,-25.4317210104,-49.3395424626,POINT (-49.3395424626 -25.4317210104)
2014-05-27 09:12:40.000000,-25.4317210104,-49.3395424626,POINT (-49.3395424626 -25.4317210104)
2014-05-27 09:12:50.000000,-25.4317210104,-49.3395424626,POINT (-49.3395424626 -25.4317210104)
2014-05-27 09:13:00.000000,-25.4317210104,-49.3395424626,POINT (-49.3395424626 -25.4317210104)
2014-05-27 09:13:10.000000,-25.4317210104,-49.3395424626,POINT (-49.3395424626 -25.4317210104)
2014-05-27 09:13:20.000000,-25.4317210104,-49.3395424626,POINT (-49.3395424626 -25.4317210104)
2014-05-27 09:13:30.000000,-25.4317210104,-49.3395424626,POINT (-49.3395424626 -25.4317210104)
2014-05-27 09:13:40.000000,-25.4317210104,-49.3395424626,POINT (-49.3395424626 -25.4317210104)
2014-05-27 09:13:50.000000,-25.4317210104,-49.3395424626,POINT (-49.3395424626 -25.4317210104)
2014-05-27 09:14:00.000000,-25.4317210104,-49.3395424626,POINT (-49.3395424626 -25.4317210104)
2014-05-27 09:14:10.000000,-25.4317210104,-49.3395424626,POINT (-49.3395424626 -25.4317210104)
2014-05-27 09:14:20.000000,-25.4317210104,-49.3395424626,POINT (-49.3395424626 -25.4317210104)
2014-05-27 09:14:30.000000,-25.4317210104,-49.3395424626,POINT (-49.3395424626 -25.4317210104)
2014-05-27 09:14:40.000000,-25.4317210104,-49.3395424626,POINT (-49.3395424626 -25.4317210104)
2014-05-27 09:14:50.000000,-25.4317210104,-49.3395424626,POINT (-49.3395424626 -25.4317210104)
2014-05-27 09:15:00.000000,-25.4317210104,-49.3395424626,POINT (-49.3395424626 -25.4317210104)
2014-05-27 09:15:10.000000,-25.4317210104,-49.3395424626,POINT (-49.3395424626 -25.4317210104)
2014-05-27 09:15:20.000000,-25.4317210104,-49.3395424626,POINT (-49.3395424626 -25.4317210104)
2014-05-27 09:15:30.000000,-25.4317210104,-49.3395424626,POINT (-49.3395424626 -25.4317210104)
2014-05-27 09:15:40.000000,-25.4317210104,-49.3395424626,POINT (-49.3395424626 -25.4317210104)
2014-05-27 09:15:50.000000,-25.4317210104,-49.3395424626,POINT (-49.3395424626 -25.4317210104)
2014-05-27 09:16:00.000000,-25.4317210104,-49.3395424626,POINT (-49.3395424626 -25.4317210104)
2014-05-27 09:16:10.000000,-25.4317210104,-49.3395424626,POINT (-49.3395424626 -25.4317210104)
2014-05-27 09:16:20.000000,-25.4317210104,-49.3395424626,POINT (-49.3395424626 -25.4317210104)
2014-05-27 09:16:30.000000,-25.4317210104,-49.3395424626,POINT (-49.3395424626 -25.4317210104)
2014-05-27 09:16:40.000000,-25.4317210104,-49.3395424626,POINT (-49.3395424626 -25.4317210104)
2014-05-27 09:16:50.000000,-25.4317210104,-49.3395424626,POINT (-49.3395424626 -25.4317210104)
2014-05-27 09:17:00.000000,-25.4317210104,-49.3395424626,POINT (-49.3395424626 -25.4317210104)
2014-05-27 09:17:10.000000,-25.4317210104,-49.3395424626,POINT (-49.3395424626 -25.4317210104)
2014-05-27 09:17:20.000000,-25.4317210104,-49.3395424626,POINT (-49.3395424626 -25.4317210104)
2014-05-27 09:17:30.000000,-25.4317210104,-49.3395424626,POINT (-49.3395424626 -25.4317210104)
2014-05-27 09:17:40.000000,-25.4317210104,-49.3395424626,POINT (-49.3395424626 -25.4317210104)
2014-05-27 09:17:50.000000,-25.4317210104,-49.3395424626,POINT (-49.3395424626 -25.4317210104)
2014-05-27 09:18:00.000000,-25.4317210104,-49.3395424626,POINT (-49.3395424626 -25.4317210104)
2014-05-27 09:18:10.000000,-25.4317210104,-49.3395424626,POINT (-49.3395424626 -25.4317210104)
2014-05-27 09:18:20.000000,-25.4317210104,-49.3395424626,POINT (-49.3395424626 -25.4317210104)
2014-05-27 09:18:30.000000,-25.4317210104,-49.3395424626,POINT (-49.3395424626 -25.4317210104)
2014-05-27 09:18:40.000000,-25.4317210104,-49.3395424626,POINT (-49.3395424626 -25.4317210104)
2014-05-27 09:18:50.000000,-25.4317210104,-49.3395424626,POINT (-49.3395424626 -25.4317210104)
2014-05-27 09:19:00.000000,-25.4317210104,-49.3395424626,POINT (-49.3395424626 -25.4317210104)
2014-05-27 09:19:10.000000,-25.4317210104,-49.3395424626,POINT (-49.3395424626 -25.4317210104)
2014-05-27 09:19:20.000000,-25.4317210104,-49.3395424626,POINT (-49.3395424626 -25.4317210104)
2014-05-27 09:19:30.000000,-25.4317210104,-49.3395424626,POINT (-49.3395424626 -25.4317210104)
2014-05-27 09:19:40.000000,-25.4317210104,-49.3395424626,POINT (-49.3395424626 -25.4317210104)
2014-05-27 09:19:50.000000,-25.4317210104,-49.3395424626,POINT (-49.3395424626 -25.4317210104)
2014-05-27 09:20:00.000000,-25.4317210104,-49.3395424626,POINT (-49.3395424626 -25.4317210104)
2014-05-27 09:20:10.000000,-25.4317210104,-49.3395424626,POINT (-49.3395424626 -25.4317210104)
2014-05-27 09:20:20.000000,-25.4317210104,-49.3395424626,POINT (-49.3395424626 -25.4317210104)
2014-05-27 09:20:30.000000,-25.4317210104,-49.3395424626,POINT (-49.3395424626 -25.4317210104)
2014-05-27 09:20:40.000000,-25.4317210104,-49.3395424626,POINT (-49.3395424626 -25.4317210104)
2014-05-27 09:20:50.000000,-25.4317210104,-49.3395424626,POINT (-49.3395424626 -25.4317210104)
2014-05-27 09:21:00.000000,-25.4317210104,-49.3395424626,POINT (-49.3395424626 -25.4317210104)
2014-05-27 09:21:10.000000,-25.4317210104,-49.3395424626,POINT (-49.3395424626 -25.4317210104)
2014-05-27 09:21:20.000000,-25.4317210104,-49.3395424626,POINT (-49.3395424626 -25.4317210104)
2014-05-27 09:21:30.000000,-25.4317210104,-49.3395424626,POINT (-49.3395424626 -25.4317210104)
2014-05-27 09:21:40.000000,-25.4317210104,-49.3395424626,POINT (-49.3395424626 -25.4317210104)
2014-05-27 09:21:50.000000,-25.4317210104,-49.3395424626,POINT (-49.3395424626 -25.4317210104)
2014-05-27 09:22:00.000000,-25.4317210104,-49.3395424626,POINT (-49.3395424626 -25.4317210104)
2014-05-27 09:22:10.000000,-25.4317210104,-49.3395424626,POINT (-49.3395424626 -25.4317210104)
2014-05-27 09:22:20.000000,-25.4317210104,-49.3395424626,POINT (-49.3395424626 -25.4317210104)
2014-05-27 09:22:30.000000,-25.4317210104,-49.3395424626,POINT (-49.3395424626 -25.4317210104)
2014-05-27 09:22:40.000000,-25.4317210104,-49.3395424626,POINT (-49.3395424626 -25.4317210104)
2014-05-27 09:22:50.000000,-25.4317210104,-49.3395424626,POINT (-49.3395424626 -25.4317210104)
2014-05-27 09:23:00.000000,-25.4317210104,-49.3395424626,POINT (-49.3395424626 -25.4317210104)
2014-05-27 09:23:10.000000,-25.4317210104,-49.3395424626,POINT (-49.3395424626 -25.4317210104)
2014-05-27 09:23:20.000000,-25.4317210104,-49.3395424626,POINT (-49.3395424626 -25.4317210104)
2014-05-27 09:23:30.000000,-25.4317210104,-49.3395424626,POINT (-49.3395424626 -25.4317210104)
2014-05-27 09:23:40.000000,-25.4317210104,-49.3395424626,POINT (-49.3395424626 -25.4317210104)
2014-05-27 09:23:50.000000,-25.4317210104,-49.3395424626,POINT (-49.3395424626 -25.4317210104)
2014-05-27 09:24:00.000000,-25.4317210104,-49.3395424626,POINT (-49.3395424626 -25.4317210104)
2014-05-27 09:24:10.000000,-25.4317210104,-49.3395424626,POINT (-49.3395424626 -25.4317210104)
2014-05-27 09:24:20.000000,-25.4317210104,-49.3395424626,POINT (-49.3395424626 -25.4317210104)
2014-05-27 09:24:30.000000,-25.4317210104,-49.3395424626,POINT (-49.3395424626 -25.4317210104)
2014-05-27 09:24:40.000000,-25.4317210104,-49.3395424626,POINT (-49.3395424626 -25.4317210104)
2014-05-27 09:24:50.000000,-25.4317210104,-49.3395424626,POINT (-49.3395424626 -25.4317210104)
2014-05-27 09:25:00.000000,-25.4317210104,-49.3395424626,POINT (-49.3395424626 -25.4317210104)
2014-05-27 09:25:10.000000,-25.4317210104,-49.3395424626,POINT (-49.3395424626 -25.4317210104)
2014-05-27 09:25:20.000000,-25.4317210104,-49.3395424626,POINT (-49.3395424626 -25.4317210104)
2014-05-27 09:25:30.000000,-25.4317210104,-49.3395424626,POINT (-49.3395424626 -25.4317210104)
2014-05-27 09:25:40.000000,-25.4317210104,-49.3395424626,POINT (-49.3395424626 -25.4317210104)
2014-05-27 09:25:50.000000,-25.4317210104,-49.3395424626,POINT (-49.3395424626 -25.4317210104)
2014-05-27 09:26:00.000000,-25.4317210104,-49.3395424626,POINT (-49.3395424626 -25.4317210104)
2014-05-27 09:26:10.000000,-25.4317210104,-49.3395424626,POINT (-49.3395424626 -25.4317210104)
2014-05-27 09:26:20.000000,-25.4317210104,-49.3395424626,POINT (-49.3395424626 -25.4317210104)
2014-05-27 09:26:30.000000,-25.4317210104,-49.3395424626,POINT (-49.3395424626 -25.4317210104)
2014-05-27 09:26:40.000000,-25.4317210104,-49.3395424626,POINT (-49.3395424626 -25.4317210104)
2014-05-27 09:26:50.000000,-25.4317210104,-49.3395424626,POINT (-49.3395424626 -25.4317210104)
2014-05-27 09:27:00.000000,-25.4317210104,-49.3395424626,POINT (-49.3395424626 -25.4317210104)
2014-05-27 09:27:10.000000,-25.4317210104,-49.3395424626,POINT (-49.3395424626 -25.4317210104)
2014-05-27 09:27:20.000000,-25.4317210104,-49.3395424626,POINT (-49.3395424626 -25.4317210104)
2014-05-27 09:27:30.000000,-25.4317210104,-49.3395424626,POINT (-49.3395424626 -25.4317210104)
2014-05-27 09:27:40.000000,-25.4317210104,-49.3395424626,POINT (-49.3395424626 -25.4317210104)
2014-05-27 09:27:50.000000,-25.4317210104,-49.3395424626,POINT (-49.3395424626 -25.4317210104)
2014-05-27 09:28:00.000000,-25.4317210104,-49.3395424626,POINT (-49.3395424626 -25.4317210104)
2014-05-27 09:28:10.000000,-25.4317210104,-49.3395424626,POINT (-49.3395424626 -25.4317210104)
2014-05-27 09:28:20.000000,-25.4317210104,-49.3395424626,POINT (-49.3395424626 -25.4317210104)
2014-05-27 09:28:30.000000,-25.4317210104,-49.3395424626,POINT (-49.3395424626 -25.4317210104)
2014-05-27 09:28:40.000000,-25.4317210104,-49.3395424626,POINT (-49.3395424626 -25.4317210104)
2014-05-27 09:28:50.000000,-25.4317210104,-49.3395424626,POINT (-49.3395424626 -25.4317210104)
2014-05-27 09:29:00.000000,-25.4317210104,-49.3395424626,POINT (-49.3395424626 -25.4317210104)
2014-05-27 09:29:10.000000,-25.4317210104,-49.3395424626,POINT (-49.3395424626 -25.4317210104)
2014-05-27 09:29:20.000000,-25.4317210104,-49.3395424626,POINT (-49.3395424626 -25.4317210104)
2014-05-27 09:29:30.000000,-25.4317210104,-49.3395424626,POINT (-49.3395424626 -25.4317210104)
2014-05-27 09:29:40.000000,-25.4317210104,-49.3395424626,POINT (-49.3395424626 -25.4317210104)
2014-05-27 09:29:50.000000,-25.4317210104,-49.3395424626,POINT (-49.3395424626 -25.4317210104)
2014-05-27 09:30:00.000000,-25.4317210104,-49.3395424626,POINT (-49.3395424626 -25.4317210104)
2014-05-27 09:30:10.000000,-25.4317210104,-49.3395424626,POINT (-49.3395424626 -25.4317210104)
2014-05-27 09:30:20.000000,-25.4317210104,-49.3395424626,POINT (-49.3395424626 -25.4317210104)
2014-05-27 09:30:30.000000,-25.4317210104,-49.3395424626,POINT (-49.3395424626 -25.4317210104)
2014-05-27 09:30:40.000000,-25.4317210104,-49.3395424626,POINT (-49.3395424626 -25.4317210104)
2014-05-27 09:30:50.000000,-25.4317210104,-49.3395424626,POINT (-49.3395424626 -25.4317210104)
2014-05-27 09:31:00.000000,-25.4317210104,-49.3395424626,POINT (-49.3395424626 -25.4317210104)
2014-05-27 09:31:10.000000,-25.4317210104,-49.3395424626,POINT (-49.3395424626 -25.4317210104)
2014-05-27 09:31:20.000000,-25.4317210104,-49.3395424626,POINT (-49.3395424626 -25.4317210104)
2014-05-27 09:31:30.000000,-25.4317210104,-49.3395424626,POINT (-49.3395424626 -25.4317210104)
2014-05-27 09:31:40.000000,-25.4317210104,-49.3395424626,POINT (-49.3395424626 -25.4317210104)
2014-05-27 09:31:50.000000,-25.4317210104,-49.3395424626,POINT (-49.3395424626 -25.4317210104)
2014-05-27 09:32:00.000000,-25.4317210104,-49.3395424626,POINT (-49.3395424626 -25.4317210104)
2014-05-27 09:32:10.000000,-25.4317210104,-49.3395424626,POINT (-49.3395424626 -25.4317210104)
2014-05-27 09:32:20.000000,-25.4317210104,-49.3395424626,POINT (-49.3395424626 -25.4317210104)
2014-05-27 09:32:30.000000,-25.4317210104,-49.3395424626,POINT (-49.3395424626 -25.4317210104)
2014-05-27 09:32:40.000000,-25.4317210104,-49.3395424626,POINT (-49.3395424626 -25.4317210104)
2014-05-27 09:32:50.000000,-25.4317210104,-49.3395424626,POINT (-49.3395424626 -25.4317210104)
2014-05-27 09:33:00.000000,-25.4317210104,-49.3395424626,POINT (-49.3395424626 -25.4317210104)
2014-05-27 09:33:10.000000,-25.4317210104,-49.3395424626,POINT (-49.3395424626 -25.4317210104)
2014-05-27 09:33:20.000000,-25.4317210104,-49.3395424626,POINT (-49.3395424626 -25.4317210104)
2014-05-27 09:33:30.000000,-25.4317210104,-49.3395424626,POINT (-49.3395424626 -25.4317210104)
2014-05-27 09:33:40.000000,-25.4317210104,-49.3395424626,POINT (-49.3395424626 -25.4317210104)
2014-05-27 09:33:50.000000,-25.4317210104,-49.3395424626,POINT (-49.3395424626 -25.4317210104)
2014-05-27 09:34:00.000000,-25.4317210104,-49.3395424626,POINT (-49.3395424626 -25.4317210104)
2014-05-27 09:34:10.000000,-25.4317210104,-49.3395424626,POINT (-49.3395424626 -25.4317210104)
2014-05-27 09:34:20.000000,-25.4317210104,-49.3395424626,POINT (-49.3395424626 -25.4317210104)
2014-05-27 09:34:30.000000,-25.4317210104,-49.3395424626,POINT (-49.3395424626 -25.4317210104)
2014-05-27 09:34:40.000000,-25.4317210104,-49.3395424626,POINT (-49.3395424626 -25.4317210104)
2014-05-27 09:34:50.000000,-25.4317210104,-49.3395424626,POINT (-49.3395424626 -25.4317210104)
2014-05-27 09:35:00.000000,-25.4317210104,-49.3395424626,POINT (-49.3395424626 -25.4317210104)
2014-05-27 09:35:10.000000,-25.4317210104,-49.3395424626,POINT (-49.3395424626 -25.4317210104)
2014-05-27 09:35:20.000000,-25.4317210104,-49.3395424626,POINT (-49.3395424626 -25.4317210104)
2014-05-27 09:35:30.000000,-25.4317210104,-49.3395424626,POINT (-49.3395424626 -25.4317210104)
2014-05-27 09:35:40.000000,-25.4317210104,-49.3395424626,POINT (-49.3395424626 -25.4317210104)
2014-05-27 09:35:50.000000,-25.4317210104,-49.3395424626,POINT (-49.3395424626 -25.4317210104)
2014-05-27 09:36:00.000000,-25.4317210104,-49.3395424626,POINT (-49.3395424626 -25.4317210104)
2014-05-27 09:36:10.000000,-25.4317210104,-49.3395424626,POINT (-49.3395424626 -25.4317210104)
2014-05-27 09:36:20.000000,-25.4317210104,-49.3395424626,POINT (-49.3395424626 -25.4317210104)
2014-05-27 09:36:30.000000,-25.4317210104,-49.3395424626,POINT (-49.3395424626 -25.4317210104)
2014-05-27 09:36:40.000000,-25.4317210104,-49.3395424626,POINT (-49.3395424626 -25.4317210104)
2014-05-27 09:36:50.000000,-25.4317210104,-49.3395424626,POINT (-49.3395424626 -25.4317210104)
2014-05-27 09:37:00.000000,-25.4317210104,-49.3395424626,POINT (-49.3395424626 -25.4317210104)
2014-05-27 09:37:10.000000,-25.4317210104,-49.3395424626,POINT (-49.3395424626 -25.4317210104)
2014-05-27 09:37:20.000000,-25.4317210104,-49.3395424626,POINT (-49.3395424626 -25.4317210104)
2014-05-27 09:37:30.000000,-25.4317210104,-49.3395424626,POINT (-49.3395424626 -25.4317210104)
2014-05-27 09:37:40.000000,-25.4317210104,-49.3395424626,POINT (-49.3395424626 -25.4317210104)
2014-05-27 09:37:50.000000,-25.4317210104,-49.3395424626,POINT (-49.3395424626 -25.4317210104)
2014-05-27 09:38:00.000000,-25.4317210104,-49.3395424626,POINT (-49.3395424626 -25.4317210104)
2014-05-27 09:38:10.000000,-25.4317210104,-49.3395424626,POINT (-49.3395424626 -25.4317210104)
2014-05-27 09:38:20.000000,-25.4317210104,-49.3395424626,POINT (-49.3395424626 -25.4317210104)
2014-05-27 09:38:30.000000,-25.4317210104,-49.3395424626,POINT (-49.3395424626 -25.4317210104)
2014-05-27 09:38:40.000000,-25.4317210104,-49.3395424626,POINT (-49.3395424626 -25.4317210104)
2014-05-27 09:38:50.000000,-25.4317210104,-49.3395424626,POINT (-49.3395424626 -25.4317210104)
2014-05-27 09:39:00.000000,-25.4317210104,-49.3395424626,POINT (-49.3395424626 -25.4317210104)
2014-05-27 09:39:10.000000,-25.4317210104,-49.3395424626,POINT (-49.3395424626 -25.4317210104)
2014-05-27 09:39:20.000000,-25.4317210104,-49.3395424626,POINT (-49.3395424626 -25.4317210104)
2014-05-27 09:39:30.000000,-25.4317210104,-49.3395424626,POINT (-49.3395424626 -25.4317210104)
2014-05-27 09:39:40.000000,-25.4317210104,-49.3395424626,POINT (-49.3395424626 -25.4317210104)
2014-05-27 09:39:50.000000,-25.4317210104,-49.3395424626,POINT (-49.3395424626 -25.4317210104)
2014-05-27 09:40:00.000000,-25.4317210104,-49.3395424626,POINT (-49.3395424626 -25.4317210104)
2014-05-27 09:40:10.000000,-25.4317210104,-49.3395424626,POINT (-49.3395424626 -25.4317210104)
2014-05-27 09:40:20.000000,-25.4317210104,-49.3395424626,POINT (-49.3395424626 -25.4317210104)
2014-05-27 09:40:30.000000,-25.4317210104,-49.3395424626,POINT (-49.3395424626 -25.4317210104)
2014-05-27 09:40:40.000000,-25.4317210104,-49.3395424626,POINT (-49.3395424626 -25.4317210104)
2014-05-27 09:40:50.000000,-25.4317210104,-49.3395424626,POINT (-49.3395424626 -25.4317210104)
2014-05-27 09:41:00.000000,-25.4317210104,-49.3395424626,POINT (-49.3395424626 -25.4317210104)
2014-05-27 09:41:10.000000,-25.4317210104,-49.3395424626,POINT (-49.3395424626 -25.4317210104)
2014-05-27 09:41:20.000000,-25.4317210104,-49.3395424626,POINT (-49.3395424626 -25.4317210104)
2014-05-27 09:41:30.000000,-25.4317210104,-49.3395424626,POINT (-49.3395424626 -25.4317210104)
2014-05-27 09:41:40.000000,-25.4317210104,-49.3395424626,POINT (-49.3395424626 -25.4317210104)
2014-05-27 09:41:50.000000,-25.4317210104,-49.3395424626,POINT (-49.3395424626 -25.4317210104)
2014-05-27 09:42:00.000000,-25.4317210104,-49.3395424626,POINT (-49.3395424626 -25.4317210104)
2014-05-27 09:42:10.000000,-25.4317210104,-49.3395424626,POINT (-49.3395424626 -25.4317210104)
2014-05-27 09:42:20.000000,-25.4317210104,-49.3395424626,POINT (-49.3395424626 -25.4317210104)
2014-05-27 09:42:30.000000,-25.4317210104,-49.3395424626,POINT (-49.3395424626 -25.4317210104)
2014-05-27 09:42:40.000000,-25.4317210104,-49.3395424626,POINT (-49.3395424626 -25.4317210104)
2014-05-27 09:42:50.000000,-25.4317210104,-49.3395424626,POINT (-49.3395424626 -25.4317210104)
2014-05-27 09:43:00.000000,-25.4317210104,-49.3395424626,POINT (-49.3395424626 -25.4317210104)
2014-05-27 09:43:10.000000,-25.4317210104,-49.3395424626,POINT (-49.3395424626 -25.4317210104)
2014-05-27 09:43:20.000000,-25.4317210104,-49.3395424626,POINT (-49.3395424626 -25.4317210104)
2014-05-27 09:43:30.000000,-25.4317210104,-49.3395424626,POINT (-49.3395424626 -25.4317210104)
2014-05-27 09:43:40.000000,-25.4317210104,-49.3395424626,POINT (-49.3395424626 -25.4317210104)
2014-05-27 09:43:50.000000,-25.4317210104,-49.3395424626,POINT (-49.3395424626 -25.4317210104)
2014-05-27 09:44:00.000000,-25.4317210104,-49.3395424626,POINT (-49.3395424626 -25.4317210104)
2014-05-27 09:44:10.000000,-25.4317210104,-49.3395424626,POINT (-49.3395424626 -25.4317210104)
2014-05-27 09:44:20.000000,-25.4317210104,-49.3395424626,POINT (-49.3395424626 -25.4317210104)
2014-05-27 09:44:30.000000,-25.4317210104,-49.3395424626,POINT (-49.3395424626 -25.4317210104)
2014-05-27 09:44:40.000000,-25.4317210104,-49.3395424626,POINT (-49.3395424626 -25.4317210104)
2014-05-27 09:44:50.000000,-25.4317210104,-49.3395424626,POINT (-49.3395424626 -25.4317210104)
2014-05-27 09:45:00.000000,-25.4317210104,-49.3395424626,POINT (-49.3395424626 -25.4317210104)
2014-05-27 09:45:10.000000,-25.4317210104,-49.3395424626,POINT (-49.3395424626 -25.4317210104)
2014-05-27 09:45:20.000000,-25.4317210104,-49.3395424626,POINT (-49.3395424626 -25.4317210104)
2014-05-27 09:45:30.000000,-25.4317210104,-49.3395424626,POINT (-49.3395424626 -25.4317210104)
2014-05-27 09:45:40.000000,-25.4317210104,-49.3395424626,POINT (-49.3395424626 -25.4317210104)
2014-05-27 09:45:50.000000,-25.4317210104,-49.3395424626,POINT (-49.3395424626 -25.4317210104)
2014-05-27 09:46:00.000000,-25.4317210104,-49.3395424626,POINT (-49.3395424626 -25.4317210104)
2014-05-27 09:46:10.000000,-25.4317210104,-49.3395424626,POINT (-49.3395424626 -25.4317210104)
2014-05-27 09:46:20.000000,-25.4317210104,-49.3395424626,POINT (-49.3395424626 -25.4317210104)
2014-05-27 09:46:30.000000,-25.4317210104,-49.3395424626,POINT (-49.3395424626 -25.4317210104)
2014-05-27 09:46:40.000000,-25.4317210104,-49.3395424626,POINT (-49.3395424626 -25.4317210104)
2014-05-27 09:46:50.000000,-25.4317210104,-49.3395424626,POINT (-49.3395424626 -25.4317210104)
2014-05-27 09:47:00.000000,-25.4317210104,-49.3395424626,POINT (-49.3395424626 -25.4317210104)
2014-05-27 09:47:10.000000,-25.4317210104,-49.3395424626,POINT (-49.3395424626 -25.4317210104)
2014-05-27 09:47:20.000000,-25.4317210104,-49.3395424626,POINT (-49.3395424626 -25.4317210104)
2014-05-27 09:47:30.000000,-25.4317210104,-49.3395424626,POINT (-49.3395424626 -25.4317210104)
2014-05-27 09:47:40.000000,-25.4317210104,-49.3395424626,POINT (-49.3395424626 -25.4317210104)
2014-05-27 09:47:50.000000,-25.4317210104,-49.3395424626,POINT (-49.3395424626 -25.4317210104)
2014-05-27 09:48:00.000000,-25.4317210104,-49.3395424626,POINT (-49.3395424626 -25.4317210104)
2014-05-27 09:48:10.000000,-25.4317210104,-49.3395424626,POINT (-49.3395424626 -25.4317210104)
2014-05-27 09:48:20.000000,-25.4317210104,-49.3395424626,POINT (-49.3395424626 -25.4317210104)
2014-05-27 09:48:30.000000,-25.4317210104,-49.3395424626,POINT (-49.3395424626 -25.4317210104)
2014-05-27 09:48:40.000000,-25.4317210104,-49.3395424626,POINT (-49.3395424626 -25.4317210104)
2014-05-27 09:48:50.000000,-25.4317210104,-49.3395424626,POINT (-49.3395424626 -25.4317210104)
2014-05-27 09:49:00.000000,-25.4317210104,-49.3395424626,POINT (-49.3395424626 -25.4317210104)
2014-05-27 09:49:10.000000,-25.4317210104,-49.3395424626,POINT (-49.3395424626 -25.4317210104)
2014-05-27 09:49:20.000000,-25.4317210104,-49.3395424626,POINT (-49.3395424626 -25.4317210104)
2014-05-27 09:49:30.000000,-25.4317210104,-49.3395424626,POINT (-49.3395424626 -25.4317210104)
2014-05-27 09:49:40.000000,-25.4317210104,-49.3395424626,POINT (-49.3395424626 -25.4317210104)
2014-05-27 09:49:50.000000,-25.4317210104,-49.3395424626,POINT (-49.3395424626 -25.4317210104)
2014-05-27 09:50:00.000000,-25.4317210104,-49.3395424626,POINT (-49.3395424626 -25.4317210104)
2014-05-27 09:50:10.000000,-25.4317210104,-49.3395424626,POINT (-49.3395424626 -25.4317210104)
2014-05-27 09:50:20.000000,-25.4317210104,-49.3395424626,POINT (-49.3395424626 -25.4317210104)
2014-05-27 09:50:30.000000,-25.4317210104,-49.3395424626,POINT (-49.3395424626 -25.4317210104)
2014-05-27 09:50:40.000000,-25.4317210104,-49.3395424626,POINT (-49.3395424626 -25.4317210104)
2014-05-27 09:50:50.000000,-25.4317210104,-49.3395424626,POINT (-49.3395424626 -25.4317210104)
2014-05-27 09:51:00.000000,-25.4317210104,-49.3395424626,POINT (-49.3395424626 -25.4317210104)
2014-05-27 09:51:10.000000,-25.4317210104,-49.3395424626,POINT (-49.3395424626 -25.4317210104)
2014-05-27 09:51:20.000000,-25.4317210104,-49.3395424626,POINT (-49.3395424626 -25.4317210104)
2014-05-27 09:51:30.000000,-25.4317210104,-49.3395424626,POINT (-49.3395424626 -25.4317210104)
2014-05-27 09:51:40.000000,-25.4317210104,-49.3395424626,POINT (-49.3395424626 -25.4317210104)
2014-05-27 09:51:50.000000,-25.4317210104,-49.3395424626,POINT (-49.3395424626 -25.4317210104)
2014-05-27 09:52:00.000000,-25.4317210104,-49.3395424626,POINT (-49.3395424626 -25.4317210104)
2014-05-27 09:52:10.000000,-25.4317210104,-49.3395424626,POINT (-49.3395424626 -25.4317210104)
2014-05-27 09:52:20.000000,-25.4317210104,-49.3395424626,POINT (-49.3395424626 -25.4317210104)
2014-05-27 09:52:30.000000,-25.4317210104,-49.3395424626,POINT (-49.3395424626 -25.4317210104)
2014-05-27 09:52:40.000000,-25.4317210104,-49.3395424626,POINT (-49.3395424626 -25.4317210104)
2014-05-27 09:52:50.000000,-25.4317210104,-49.3395424626,POINT (-49.3395424626 -25.4317210104)
2014-05-27 09:53:00.000000,-25.4317210104,-49.3395424626,POINT (-49.3395424626 -25.4317210104)
2014-05-27 09:53:10.000000,-25.4317210104,-49.3395424626,POINT (-49.3395424626 -25.4317210104)
2014-05-27 09:53:20.000000,-25.4317210104,-49.3395424626,POINT (-49.3395424626 -25.4317210104)
2014-05-27 09:53:30.000000,-25.4317210104,-49.3395424626,POINT (-49.3395424626 -25.4317210104)
2014-05-27 09:53:40.000000,-25.4317210104,-49.3395424626,POINT (-49.3395424626 -25.4317210104)
2014-05-27 09:53:50.000000,-25.4317210104,-49.3395424626,POINT (-49.3395424626 -25.4317210104)
2014-05-27 09:54:00.000000,-25.4317210104,-49.3395424626,POINT (-49.3395424626 -25.4317210104)
2014-05-27 09:54:10.000000,-25.4317210104,-49.3395424626,POINT (-49.3395424626 -25.4317210104)
2014-05-27 09:54:20.000000,-25.4317210104,-49.3395424626,POINT (-49.3395424626 -25.4317210104)
2014-05-27 09:54:30.000000,-25.4317210104,-49.3395424626,POINT (-49.3395424626 -25.4317210104)
2014-05-27 09:54:40.000000,-25.4317210104,-49.3395424626,POINT (-49.3395424626 -25.4317210104)
2014-05-27 09:54:50.000000,-25.4317210104,-49.3395424626,POINT (-49.3395424626 -25.4317210104)
2014-05-27 09:55:00.000000,-25.4317210104,-49.3395424626,POINT (-49.3395424626 -25.4317210104)
2014-05-27 09:55:10.000000,-25.4317210104,-49.3395424626,POINT (-49.3395424626 -25.4317210104)
2014-05-27 09:55:20.000000,-25.4317210104,-49.3395424626,POINT (-49.3395424626 -25.4317210104)
2014-05-27 09:55:30.000000,-25.4317210104,-49.3395424626,POINT (-49.3395424626 -25.4317210104)
2014-05-27 09:55:40.000000,-25.4317210104,-49.3395424626,POINT (-49.3395424626 -25.4317210104)
2014-05-27 09:55:50.000000,-25.4317210104,-49.3395424626,POINT (-49.3395424626 -25.4317210104)
2014-05-27 09:56:00.000000,-25.4317210104,-49.3395424626,POINT (-49.3395424626 -25.4317210104)
2014-05-27 09:56:10.000000,-25.4317210104,-49.3395424626,POINT (-49.3395424626 -25.4317210104)
2014-05-27 09:56:20.000000,-25.4317210104,-49.3395424626,POINT (-49.3395424626 -25.4317210104)
2014-05-27 09:56:30.000000,-25.4317210104,-49.3395424626,POINT (-49.3395424626 -25.4317210104)
2014-05-27 09:56:40.000000,-25.4317210104,-49.3395424626,POINT (-49.3395424626 -25.4317210104)
2014-05-27 09:56:50.000000,-25.4317210104,-49.3395424626,POINT (-49.3395424626 -25.4317210104)
2014-05-27 09:57:00.000000,-25.4317210104,-49.3395424626,POINT (-49.3395424626 -25.4317210104)
2014-05-27 09:57:10.000000,-25.4317210104,-49.3395424626,POINT (-49.3395424626 -25.4317210104)
2014-05-27 09:57:20.000000,-25.4317210104,-49.3395424626,POINT (-49.3395424626 -25.4317210104)
2014-05-27 09:57:30.000000,-25.4317210104,-49.3395424626,POINT (-49.3395424626 -25.4317210104)
2014-05-27 09:57:40.000000,-25.4317210104,-49.3395424626,POINT (-49.3395424626 -25.4317210104)
2014-05-27 09:57:50.000000,-25.4317210104,-49.3395424626,POINT (-49.3395424626 -25.4317210104)
2014-05-27 09:58:00.000000,-25.4317210104,-49.3395424626,POINT (-49.3395424626 -25.4317210104)
2014-05-27 09:58:10.000000,-25.4317210104,-49.3395424626,POINT (-49.3395424626 -25.4317210104)
2014-05-27 09:58:20.000000,-25.4317210104,-49.3395424626,POINT (-49.3395424626 -25.4317210104)
2014-05-27 09:58:30.000000,-25.4317210104,-49.3395424626,POINT (-49.3395424626 -25.4317210104)
2014-05-27 09:58:40.000000,-25.4317210104,-49.3395424626,POINT (-49.3395424626 -25.4317210104)
2014-05-27 09:58:50.000000,-25.4317210104,-49.3395424626,POINT (-49.3395424626 -25.4317210104)
2014-05-27 09:59:00.000000,-25.4317210104,-49.3395424626,POINT (-49.3395424626 -25.4317210104)
2014-05-27 09:59:10.000000,-25.4317210104,-49.3395424626,POINT (-49.3395424626 -25.4317210104)
2014-05-27 09:59:20.000000,-25.4317210104,-49.3395424626,POINT (-49.3395424626 -25.4317210104)
2014-05-27 09:59:30.000000,-25.4317210104,-49.3395424626,POINT (-49.3395424626 -25.4317210104)
2014-05-27 09:59:40.000000,-25.4317210104,-49.3395424626,POINT (-49.3395424626 -25.4317210104)
2014-05-27 09:59:50.000000,-25.4317210104,-49.3395424626,POINT (-49.3395424626 -25.4317210104)
2014-05-27 10:00:00.000000,-25.4317210104,-49.3395424626,POINT (-49.3395424626 -25.4317210104)
2014-05-27 10:00:10.000000,-25.4317210104,-49.3395424626,POINT (-49.3395424626 -25.4317210104)
2014-05-27 10:00:20.000000,-25.4317210104,-49.3395424626,POINT (-49.3395424626 -25.4317210104)
2014-05-27 10:00:30.000000,-25.4317210104,-49.3395424626,POINT (-49.3395424626 -25.4317210104)
2014-05-27 10:00:40.000000,-25.4317210104,-49.3395424626,POINT (-49.3395424626 -25.4317210104)
2014-05-27 10:00:50.000000,-25.4317210104,-49.3395424626,POINT (-49.3395424626 -25.4317210104)
2014-05-27 10:01:00.000000,-25.4317210104,-49.3395424626,POINT (-49.3395424626 -25.4317210104)
2014-05-27 10:01:10.000000,-25.4317210104,-49.3395424626,POINT (-49.3395424626 -25.4317210104)
2014-05-27 10:01:20.000000,-25.4317210104,-49.3395424626,POINT (-49.3395424626 -25.4317210104)
2014-05-27 10:01:30.000000,-25.4317210104,-49.3395424626,POINT (-49.3395424626 -25.4317210104)
2014-05-27 10:01:40.000000,-25.4317210104,-49.3395424626,POINT (-49.3395424626 -25.4317210104)
2014-05-27 10:01:50.000000,-25.4317210104,-49.3395424626,POINT (-49.3395424626 -25.4317210104)
2014-05-27 10:02:00.000000,-25.4317210104,-49.3395424626,POINT (-49.3395424626 -25.4317210104)
2014-05-27 10:02:10.000000,-25.4317210104,-49.3395424626,POINT (-49.3395424626 -25.4317210104)
2014-05-27 10:02:20.000000,-25.4317210104,-49.3395424626,POINT (-49.3395424626 -25.4317210104)
2014-05-27 10:02:30.000000,-25.4317210104,-49.3395424626,POINT (-49.3395424626 -25.4317210104)
2014-05-27 10:02:40.000000,-25.4317210104,-49.3395424626,POINT (-49.3395424626 -25.4317210104)
2014-05-27 10:02:50.000000,-25.4317210104,-49.3395424626,POINT (-49.3395424626 -25.4317210104)
2014-05-27 10:03:00.000000,-25.4317210104,-49.3395424626,POINT (-49.3395424626 -25.4317210104)
2014-05-27 10:03:10.000000,-25.4317210104,-49.3395424626,POINT (-49.3395424626 -25.4317210104)
2014-05-27 10:03:20.000000,-25.4317210104,-49.3395424626,POINT (-49.3395424626 -25.4317210104)
2014-05-27 10:03:30.000000,-25.4317210104,-49.3395424626,POINT (-49.3395424626 -25.4317210104)
2014-05-27 10:03:40.000000,-25.4317210104,-49.3395424626,POINT (-49.3395424626 -25.4317210104)
2014-05-27 10:03:50.000000,-25.4317210104,-49.3395424626,POINT (-49.3395424626 -25.4317210104)
2014-05-27 10:04:00.000000,-25.4317210104,-49.3395424626,POINT (-49.3395424626 -25.4317210104)
2014-05-27 10:04:10.000000,-25.4317210104,-49.3395424626,POINT (-49.3395424626 -25.4317210104)
2014-05-27 10:04:20.000000,-25.4317210104,-49.3395424626,POINT (-49.3395424626 -25.4317210104)
2014-05-27 10:04:30.000000,-25.4317210104,-49.3395424626,POINT (-49.3395424626 -25.4317210104)
2014-05-27 10:04:40.000000,-25.4317210104,-49.3395424626,POINT (-49.3395424626 -25.4317210104)
2014-05-27 10:04:50.000000,-25.4317210104,-49.3395424626,POINT (-49.3395424626 -25.4317210104)
2014-05-27 10:05:00.000000,-25.4317210104,-49.3395424626,POINT (-49.3395424626 -25.4317210104)
2014-05-27 10:05:10.000000,-25.4317210104,-49.3395424626,POINT (-49.3395424626 -25.4317210104)
2014-05-27 10:05:20.000000,-25.4317210104,-49.3395424626,POINT (-49.3395424626 -25.4317210104)
2014-05-27 10:05:30.000000,-25.4317210104,-49.3395424626,POINT (-49.3395424626 -25.4317210104)
2014-05-27 10:05:40.000000,-25.4317210104,-49.3395424626,POINT (-49.3395424626 -25.4317210104)
2014-05-27 10:05:50.000000,-25.4317210104,-49.3395424626,POINT (-49.3395424626 -25.4317210104)
2014-05-27 10:06:00.000000,-25.4317210104,-49.3395424626,POINT (-49.3395424626 -25.4317210104)
2014-05-27 10:06:10.000000,-25.4317210104,-49.3395424626,POINT (-49.3395424626 -25.4317210104)
2014-05-27 10:06:20.000000,-25.4317210104,-49.3395424626,POINT (-49.3395424626 -25.4317210104)
2014-05-27 10:06:30.000000,-25.4317210104,-49.3395424626,POINT (-49.3395424626 -25.4317210104)
2014-05-27 10:06:40.000000,-25.4317210104,-49.3395424626,POINT (-49.3395424626 -25.4317210104)
2014-05-27 10:06:50.000000,-25.4317210104,-49.3395424626,POINT (-49.3395424626 -25.4317210104)
2014-05-27 10:07:00.000000,-25.4317210104,-49.3395424626,POINT (-49.3395424626 -25.4317210104)
2014-05-27 10:07:10.000000,-25.4317210104,-49.3395424626,POINT (-49.3395424626 -25.4317210104)
2014-05-27 10:07:20.000000,-25.4317210104,-49.3395424626,POINT (-49.3395424626 -25.4317210104)
2014-05-27 10:07:30.000000,-25.4317210104,-49.3395424626,POINT (-49.3395424626 -25.4317210104)
2014-05-27 10:07:40.000000,-25.4317210104,-49.3395424626,POINT (-49.3395424626 -25.4317210104)
2014-05-27 10:07:50.000000,-25.4317210104,-49.3395424626,POINT (-49.3395424626 -25.4317210104)
2014-05-27 10:08:00.000000,-25.4317210104,-49.3395424626,POINT (-49.3395424626 -25.4317210104)
2014-05-27 10:08:10.000000,-25.4317210104,-49.3395424626,POINT (-49.3395424626 -25.4317210104)
2014-05-27 10:08:20.000000,-25.4317210104,-49.3395424626,POINT (-49.3395424626 -25.4317210104)
2014-05-27 10:08:30.000000,-25.4317210104,-49.3395424626,POINT (-49.3395424626 -25.4317210104)
2014-05-27 10:08:40.000000,-25.4317210104,-49.3395424626,POINT (-49.3395424626 -25.4317210104)
2014-05-27 10:08:50.000000,-25.4317210104,-49.3395424626,POINT (-49.3395424626 -25.4317210104)
2014-05-27 10:09:00.000000,-25.4317210104,-49.3395424626,POINT (-49.3395424626 -25.4317210104)
2014-05-27 10:09:10.000000,-25.4317210104,-49.3395424626,POINT (-49.3395424626 -25.4317210104)
2014-05-27 10:09:20.000000,-25.4317210104,-49.3395424626,POINT (-49.3395424626 -25.4317210104)
2014-05-27 10:09:30.000000,-25.4317210104,-49.3395424626,POINT (-49.3395424626 -25.4317210104)
2014-05-27 10:09:40.000000,-25.4317210104,-49.3395424626,POINT (-49.3395424626 -25.4317210104)
2014-05-27 10:09:50.000000,-25.4317210104,-49.3395424626,POINT (-49.3395424626 -25.4317210104)
2014-05-27 10:10:00.000000,-25.4317210104,-49.3395424626,POINT (-49.3395424626 -25.4317210104)
2014-05-27 10:10:10.000000,-25.4317210104,-49.3395424626,POINT (-49.3395424626 -25.4317210104)
2014-05-27 10:10:20.000000,-25.4317210104,-49.3395424626,POINT (-49.3395424626 -25.4317210104)
2014-05-27 10:10:30.000000,-25.4317210104,-49.3395424626,POINT (-49.3395424626 -25.4317210104)
2014-05-27 10:10:40.000000,-25.4317210104,-49.3395424626,POINT (-49.3395424626 -25.4317210104)
2014-05-27 10:10:50.000000,-25.4317210104,-49.3395424626,POINT (-49.3395424626 -25.4317210104)
2014-05-27 10:11:00.000000,-25.4317210104,-49.3395424626,POINT (-49.3395424626 -25.4317210104)
2014-05-27 10:11:10.000000,-25.4317210104,-49.3395424626,POINT (-49.3395424626 -25.4317210104)
2014-05-27 10:11:20.000000,-25.4317210104,-49.3395424626,POINT (-49.3395424626 -25.4317210104)
2014-05-27 10:11:30.000000,-25.4317210104,-49.3395424626,POINT (-49.3395424626 -25.4317210104)
2014-05-27 10:11:40.000000,-25.4317210104,-49.3395424626,POINT (-49.3395424626 -25.4317210104)
2014-05-27 10:11:50.000000,-25.4317210104,-49.3395424626,POINT (-49.3395424626 -25.4317210104)
2014-05-27 10:12:00.000000,-25.4317210104,-49.3395424626,POINT (-49.3395424626 -25.4317210104)
2014-05-27 10:12:10.000000,-25.4317210104,-49.3395424626,POINT (-49.3395424626 -25.4317210104)
2014-05-27 10:12:20.000000,-25.4317210104,-49.3395424626,POINT (-49.3395424626 -25.4317210104)
2014-05-27 10:12:30.000000,-25.4317210104,-49.3395424626,POINT (-49.3395424626 -25.4317210104)
2014-05-27 10:12:40.000000,-25.4317210104,-49.3395424626,POINT (-49.3395424626 -25.4317210104)
2014-05-27 10:12:50.000000,-25.4317210104,-49.3395424626,POINT (-49.3395424626 -25.4317210104)
2014-05-27 10:13:00.000000,-25.4317210104,-49.3395424626,POINT (-49.3395424626 -25.4317210104)
2014-05-27 10:13:10.000000,-25.4317210104,-49.3395424626,POINT (-49.3395424626 -25.4317210104)
2014-05-27 10:13:20.000000,-25.4317210104,-49.3395424626,POINT (-49.3395424626 -25.4317210104)
2014-05-27 10:13:30.000000,-25.4317210104,-49.3395424626,POINT (-49.3395424626 -25.4317210104)
2014-05-27 10:13:40.000000,-25.4317210104,-49.3395424626,POINT (-49.3395424626 -25.4317210104)
2014-05-27 10:13:50.000000,-25.4317210104,-49.3395424626,POINT (-49.3395424626 -25.4317210104)
2014-05-27 10:14:00.000000,-25.4317210104,-49.3395424626,POINT (-49.3395424626 -25.4317210104)
2014-05-27 10:14:10.000000,-25.4317210104,-49.3395424626,POINT (-49.3395424626 -25.4317210104)
2014-05-27 10:14:20.000000,-25.4317210104,-49.3395424626,POINT (-49.3395424626 -25.4317210104)
2014-05-27 10:14:30.000000,-25.4317210104,-49.3395424626,POINT (-49.3395424626 -25.4317210104)
2014-05-27 10:14:40.000000,-25.4317210104,-49.3395424626,POINT (-49.3395424626 -25.4317210104)
2014-05-27 10:14:50.000000,-25.4317210104,-49.3395424626,POINT (-49.3395424626 -25.4317210104)
2014-05-27 10:15:00.000000,-25.4317210104,-49.3395424626,POINT (-49.3395424626 -25.4317210104)
2014-05-27 10:15:10.000000,-25.4317210104,-49.3395424626,POINT (-49.3395424626 -25.4317210104)
2014-05-27 10:15:20.000000,-25.4317210104,-49.3395424626,POINT (-49.3395424626 -25.4317210104)
2014-05-27 10:15:30.000000,-25.4317210104,-49.3395424626,POINT (-49.3395424626 -25.4317210104)
2014-05-27 10:15:40.000000,-25.4317210104,-49.3395424626,POINT (-49.3395424626 -25.4317210104)
2014-05-27 10:15:50.000000,-25.4317210104,-49.3395424626,POINT (-49.3395424626 -25.4317210104)
2014-05-27 10:16:00.000000,-25.4317210104,-49.3395424626,POINT (-49.3395424626 -25.4317210104)
2014-05-27 10:16:10.000000,-25.4317210104,-49.3395424626,POINT (-49.3395424626 -25.4317210104)
2014-05-27 10:16:20.000000,-25.4317210104,-49.3395424626,POINT (-49.3395424626 -25.4317210104)
2014-05-27 10:16:30.000000,-25.4317210104,-49.3395424626,POINT (-49.3395424626 -25.4317210104)
2014-05-27 10:16:40.000000,-25.4317210104,-49.3395424626,POINT (-49.3395424626 -25.4317210104)
2014-05-27 10:16:50.000000,-25.4317210104,-49.3395424626,POINT (-49.3395424626 -25.4317210104)
2014-05-27 10:17:00.000000,-25.4317210104,-49.3395424626,POINT (-49.3395424626 -25.4317210104)
2014-05-27 10:17:10.000000,-25.4317210104,-49.3395424626,POINT (-49.3395424626 -25.4317210104)
2014-05-27 10:17:20.000000,-25.4317210104,-49.3395424626,POINT (-49.3395424626 -25.4317210104)
2014-05-27 10:17:30.000000,-25.4317210104,-49.3395424626,POINT (-49.3395424626 -25.4317210104)
2014-05-27 10:17:40.000000,-25.4317210104,-49.3395424626,POINT (-49.3395424626 -25.4317210104)
2014-05-27 10:17:50.000000,-25.4317210104,-49.3395424626,POINT (-49.3395424626 -25.4317210104)
2014-05-27 10:18:00.000000,-25.4317210104,-49.3395424626,POINT (-49.3395424626 -25.4317210104)
2014-05-27 10:18:10.000000,-25.4317210104,-49.3395424626,POINT (-49.3395424626 -25.4317210104)
2014-05-27 10:18:20.000000,-25.4317210104,-49.3395424626,POINT (-49.3395424626 -25.4317210104)
2014-05-27 10:18:30.000000,-25.4317210104,-49.3395424626,POINT (-49.3395424626 -25.4317210104)
2014-05-27 10:18:40.000000,-25.4317210104,-49.3395424626,POINT (-49.3395424626 -25.4317210104)
2014-05-27 10:18:50.000000,-25.4317210104,-49.3395424626,POINT (-49.3395424626 -25.4317210104)
2014-05-27 10:19:00.000000,-25.4317210104,-49.3395424626,POINT (-49.3395424626 -25.4317210104)
2014-05-27 10:19:10.000000,-25.4317210104,-49.3395424626,POINT (-49.3395424626 -25.4317210104)
2014-05-27 10:19:20.000000,-25.4317210104,-49.3395424626,POINT (-49.3395424626 -25.4317210104)
2014-05-27 10:19:30.000000,-25.4317210104,-49.3395424626,POINT (-49.3395424626 -25.4317210104)
2014-05-27 10:19:40.000000,-25.4317210104,-49.3395424626,POINT (-49.3395424626 -25.4317210104)
2014-05-27 10:19:50.000000,-25.4317210104,-49.3395424626,POINT (-49.3395424626 -25.4317210104)
2014-05-27 10:20:00.000000,-25.4317210104,-49.3395424626,POINT (-49.3395424626 -25.4317210104)
2014-05-27 10:20:10.000000,-25.4317210104,-49.3395424626,POINT (-49.3395424626 -25.4317210104)
2014-05-27 10:20:20.000000,-25.4317210104,-49.3395424626,POINT (-49.3395424626 -25.4317210104)
2014-05-27 10:20:30.000000,-25.4317210104,-49.3395424626,POINT (-49.3395424626 -25.4317210104)
2014-05-27 10:20:40.000000,-25.4317210104,-49.3395424626,POINT (-49.3395424626 -25.4317210104)
2014-05-27 10:20:50.000000,-25.4317210104,-49.3395424626,POINT (-49.3395424626 -25.4317210104)
2014-05-27 10:21:00.000000,-25.4317210104,-49.3395424626,POINT (-49.3395424626 -25.4317210104)
2014-05-27 10:21:10.000000,-25.4317210104,-49.3395424626,POINT (-49.3395424626 -25.4317210104)
2014-05-27 10:21:20.000000,-25.4317210104,-49.3395424626,POINT (-49.3395424626 -25.4317210104)
2014-05-27 10:21:30.000000,-25.4317210104,-49.3395424626,POINT (-49.3395424626 -25.4317210104)
2014-05-27 10:21:40.000000,-25.4317210104,-49.3395424626,POINT (-49.3395424626 -25.4317210104)
2014-05-27 10:21:50.000000,-25.4317210104,-49.3395424626,POINT (-49.3395424626 -25.4317210104)
2014-05-27 10:22:00.000000,-25.4317210104,-49.3395424626,POINT (-49.3395424626 -25.4317210104)
2014-05-27 10:22:10.000000,-25.4317210104,-49.3395424626,POINT (-49.3395424626 -25.4317210104)
2014-05-27 10:22:20.000000,-25.4317210104,-49.3395424626,POINT (-49.3395424626 -25.4317210104)
2014-05-27 10:22:30.000000,-25.4317210104,-49.3395424626,POINT (-49.3395424626 -25.4317210104)
2014-05-27 10:22:40.000000,-25.4317210104,-49.3395424626,POINT (-49.3395424626 -25.4317210104)
2014-05-27 10:22:50.000000,-25.4317210104,-49.3395424626,POINT (-49.3395424626 -25.4317210104)
2014-05-27 10:23:00.000000,-25.4317210104,-49.3395424626,POINT (-49.3395424626 -25.4317210104)
2014-05-27 10:23:10.000000,-25.4317210104,-49.3395424626,POINT (-49.3395424626 -25.4317210104)
2014-05-27 10:23:20.000000,-25.4317210104,-49.3395424626,POINT (-49.3395424626 -25.4317210104)
2014-05-27 10:23:30.000000,-25.4317210104,-49.3395424626,POINT (-49.3395424626 -25.4317210104)
2014-05-27 10:23:40.000000,-25.4317210104,-49.3395424626,POINT (-49.3395424626 -25.4317210104)
2014-05-27 10:23:50.000000,-25.4317210104,-49.3395424626,POINT (-49.3395424626 -25.4317210104)
2014-05-27 10:24:00.000000,-25.4317210104,-49.3395424626,POINT (-49.3395424626 -25.4317210104)
2014-05-27 10:24:10.000000,-25.4317210104,-49.3395424626,POINT (-49.3395424626 -25.4317210104)
2014-05-27 10:24:20.000000,-25.4317210104,-49.3395424626,POINT (-49.3395424626 -25.4317210104)
2014-05-27 10:24:30.000000,-25.4317210104,-49.3395424626,POINT (-49.3395424626 -25.4317210104)
2014-05-27 10:24:40.000000,-25.4317210104,-49.3395424626,POINT (-49.3395424626 -25.4317210104)
2014-05-27 10:24:50.000000,-25.4317210104,-49.3395424626,POINT (-49.3395424626 -25.4317210104)
2014-05-27 10:25:00.000000,-25.4317210104,-49.3395424626,POINT (-49.3395424626 -25.4317210104)
2014-05-27 10:25:10.000000,-25.4317210104,-49.3395424626,POINT (-49.3395424626 -25.4317210104)
2014-05-27 10:25:20.000000,-25.4317210104,-49.3395424626,POINT (-49.3395424626 -25.4317210104)
2014-05-27 10:25:30.000000,-25.4317210104,-49.3395424626,POINT (-49.3395424626 -25.4317210104)
2014-05-27 10:25:40.000000,-25.4317210104,-49.3395424626,POINT (-49.3395424626 -25.4317210104)
2014-05-27 10:25:50.000000,-25.4317210104,-49.3395424626,POINT (-49.3395424626 -25.4317210104)
2014-05-27 10:26:00.000000,-25.4317210104,-49.3395424626,POINT (-49.3395424626 -25.4317210104)
2014-05-27 10:26:10.000000,-25.4317210104,-49.3395424626,POINT (-49.3395424626 -25.4317210104)
2014-05-27 10:26:20.000000,-25.4317210104,-49.3395424626,POINT (-49.3395424626 -25.4317210104)
2014-05-27 10:26:30.000000,-25.4317210104,-49.3395424626,POINT (-49.3395424626 -25.4317210104)
2014-05-27 10:26:40.000000,-25.4317210104,-49.3395424626,POINT (-49.3395424626 -25.4317210104)
2014-05-27 10:26:50.000000,-25.4317210104,-49.3395424626,POINT (-49.3395424626 -25.4317210104)
2014-05-27 10:27:00.000000,-25.4317210104,-49.3395424626,POINT (-49.3395424626 -25.4317210104)
2014-05-27 10:27:10.000000,-25.4317210104,-49.3395424626,POINT (-49.3395424626 -25.4317210104)
2014-05-27 10:27:20.000000,-25.4317210104,-49.3395424626,POINT (-49.3395424626 -25.4317210104)
2014-05-27 10:27:30.000000,-25.4317210104,-49.3395424626,POINT (-49.3395424626 -25.4317210104)
2014-05-27 10:27:40.000000,-25.4317210104,-49.3395424626,POINT (-49.3395424626 -25.4317210104)
2014-05-27 10:27:50.000000,-25.4317210104,-49.3395424626,POINT (-49.3395424626 -25.4317210104)
2014-05-27 10:28:00.000000,-25.4317210104,-49.3395424626,POINT (-49.3395424626 -25.4317210104)
2014-05-27 10:28:10.000000,-25.4317210104,-49.3395424626,POINT (-49.3395424626 -25.4317210104)
2014-05-27 10:28:20.000000,-25.4317210104,-49.3395424626,POINT (-49.3395424626 -25.4317210104)
2014-05-27 10:28:30.000000,-25.4317210104,-49.3395424626,POINT (-49.3395424626 -25.4317210104)
2014-05-27 10:28:40.000000,-25.4317210104,-49.3395424626,POINT (-49.3395424626 -25.4317210104)
2014-05-27 10:28:50.000000,-25.4317210104,-49.3395424626,POINT (-49.3395424626 -25.4317210104)
2014-05-27 10:29:00.000000,-25.4317210104,-49.3395424626,POINT (-49.3395424626 -25.4317210104)
2014-05-27 10:29:10.000000,-25.4317210104,-49.3395424626,POINT (-49.3395424626 -25.4317210104)
2014-05-27 10:29:20.000000,-25.4317210104,-49.3395424626,POINT (-49.3395424626 -25.4317210104)
2014-05-27 10:29:30.000000,-25.4317210104,-49.3395424626,POINT (-49.3395424626 -25.4317210104)
2014-05-27 10:29:40.000000,-25.4317210104,-49.3395424626,POINT (-49.3395424626 -25.4317210104)
2014-05-27 10:29:50.000000,-25.4317210104,-49.3395424626,POINT (-49.3395424626 -25.4317210104)
2014-05-27 10:30:00.000000,-25.4317210104,-49.3395424626,POINT (-49.3395424626 -25.4317210104)
2014-05-27 10:30:10.000000,-25.4317210104,-49.3395424626,POINT (-49.3395424626 -25.4317210104)
2014-05-27 10:30:20.000000,-25.4317210104,-49.3395424626,POINT (-49.3395424626 -25.4317210104)
2014-05-27 10:30:30.000000,-25.4317210104,-49.3395424626,POINT (-49.3395424626 -25.4317210104)
2014-05-27 10:30:40.000000,-25.4317210104,-49.3395424626,POINT (-49.3395424626 -25.4317210104)
2014-05-27 10:30:50.000000,-25.4317210104,-49.3395424626,POINT (-49.3395424626 -25.4317210104)
2014-05-27 10:31:00.000000,-25.4317210104,-49.3395424626,POINT (-49.3395424626 -25.4317210104)
2014-05-27 10:31:10.000000,-25.4317210104,-49.3395424626,POINT (-49.3395424626 -25.4317210104)
2014-05-27 10:31:20.000000,-25.4317210104,-49.3395424626,POINT (-49.3395424626 -25.4317210104)
2014-05-27 10:31:30.000000,-25.4317210104,-49.3395424626,POINT (-49.3395424626 -25.4317210104)
2014-05-27 10:31:40.000000,-25.4317210104,-49.3395424626,POINT (-49.3395424626 -25.4317210104)
2014-05-27 10:31:50.000000,-25.4317210104,-49.3395424626,POINT (-49.3395424626 -25.4317210104)
2014-05-27 10:32:00.000000,-25.4317210104,-49.3395424626,POINT (-49.3395424626 -25.4317210104)
2014-05-27 10:32:10.000000,-25.4317210104,-49.3395424626,POINT (-49.3395424626 -25.4317210104)
2014-05-27 10:32:20.000000,-25.4317210104,-49.3395424626,POINT (-49.3395424626 -25.4317210104)
2014-05-27 10:32:30.000000,-25.4317210104,-49.3395424626,POINT (-49.3395424626 -25.4317210104)
2014-05-27 10:32:40.000000,-25.4317210104,-49.3395424626,POINT (-49.3395424626 -25.4317210104)
2014-05-27 10:32:50.000000,-25.4317210104,-49.3395424626,POINT (-49.3395424626 -25.4317210104)
2014-05-27 10:33:00.000000,-25.4317210104,-49.3395424626,POINT (-49.3395424626 -25.4317210104)
2014-05-27 10:33:10.000000,-25.4317210104,-49.3395424626,POINT (-49.3395424626 -25.4317210104)
2014-05-27 10:33:20.000000,-25.4317210104,-49.3395424626,POINT (-49.3395424626 -25.4317210104)
2014-05-27 10:33:30.000000,-25.4317210104,-49.3395424626,POINT (-49.3395424626 -25.4317210104)
2014-05-27 10:33:40.000000,-25.4317210104,-49.3395424626,POINT (-49.3395424626 -25.4317210104)
2014-05-27 10:33:50.000000,-25.4317210104,-49.3395424626,POINT (-49.3395424626 -25.4317210104)
2014-05-27 10:34:00.000000,-25.4317210104,-49.3395424626,POINT (-49.3395424626 -25.4317210104)
2014-05-27 10:34:10.000000,-25.4317210104,-49.3395424626,POINT (-49.3395424626 -25.4317210104)
2014-05-27 10:34:20.000000,-25.4317210104,-49.3395424626,POINT (-49.3395424626 -25.4317210104)
2014-05-27 10:34:30.000000,-25.4317210104,-49.3395424626,POINT (-49.3395424626 -25.4317210104)
2014-05-27 10:34:40.000000,-25.4317210104,-49.3395424626,POINT (-49.3395424626 -25.4317210104)
2014-05-27 10:34:50.000000,-25.4317210104,-49.3395424626,POINT (-49.3395424626 -25.4317210104)
2014-05-27 10:35:00.000000,-25.4317210104,-49.3395424626,POINT (-49.3395424626 -25.4317210104)
2014-05-27 10:35:10.000000,-25.4317210104,-49.3395424626,POINT (-49.3395424626 -25.4317210104)
2014-05-27 10:35:20.000000,-25.4317210104,-49.3395424626,POINT (-49.3395424626 -25.4317210104)
2014-05-27 10:35:30.000000,-25.4317210104,-49.3395424626,POINT (-49.3395424626 -25.4317210104)
2014-05-27 10:35:40.000000,-25.4317210104,-49.3395424626,POINT (-49.3395424626 -25.4317210104)
2014-05-27 10:35:50.000000,-25.4317210104,-49.3395424626,POINT (-49.3395424626 -25.4317210104)
2014-05-27 10:36:00.000000,-25.4317210104,-49.3395424626,POINT (-49.3395424626 -25.4317210104)
2014-05-27 10:36:10.000000,-25.4317210104,-49.3395424626,POINT (-49.3395424626 -25.4317210104)
2014-05-27 10:36:20.000000,-25.4317210104,-49.3395424626,POINT (-49.3395424626 -25.4317210104)
2014-05-27 10:36:30.000000,-25.4317210104,-49.3395424626,POINT (-49.3395424626 -25.4317210104)
2014-05-27 10:36:40.000000,-25.4317210104,-49.3395424626,POINT (-49.3395424626 -25.4317210104)
2014-05-27 10:36:50.000000,-25.4317210104,-49.3395424626,POINT (-49.3395424626 -25.4317210104)
2014-05-27 10:37:00.000000,-25.4317210104,-49.3395424626,POINT (-49.3395424626 -25.4317210104)
2014-05-27 10:37:10.000000,-25.4317210104,-49.3395424626,POINT (-49.3395424626 -25.4317210104)
2014-05-27 10:37:20.000000,-25.4317210104,-49.3395424626,POINT (-49.3395424626 -25.4317210104)
2014-05-27 10:37:30.000000,-25.4317210104,-49.3395424626,POINT (-49.3395424626 -25.4317210104)
2014-05-27 10:37:40.000000,-25.4317210104,-49.3395424626,POINT (-49.3395424626 -25.4317210104)
2014-05-27 10:37:50.000000,-25.4317210104,-49.3395424626,POINT (-49.3395424626 -25.4317210104)
2014-05-27 10:38:00.000000,-25.4317210104,-49.3395424626,POINT (-49.3395424626 -25.4317210104)
2014-05-27 10:38:10.000000,-25.4317210104,-49.3395424626,POINT (-49.3395424626 -25.4317210104)
2014-05-27 10:38:20.000000,-25.4317210104,-49.3395424626,POINT (-49.3395424626 -25.4317210104)
2014-05-27 10:38:30.000000,-25.4317210104,-49.3395424626,POINT (-49.3395424626 -25.4317210104)
2014-05-27 10:38:40.000000,-25.4317210104,-49.3395424626,POINT (-49.3395424626 -25.4317210104)
2014-05-27 10:38:50.000000,-25.4317210104,-49.3395424626,POINT (-49.3395424626 -25.4317210104)
2014-05-27 10:39:00.000000,-25.4317210104,-49.3395424626,POINT (-49.3395424626 -25.4317210104)
2014-05-27 10:39:10.000000,-25.4317210104,-49.3395424626,POINT (-49.3395424626 -25.4317210104)
2014-05-27 10:39:20.000000,-25.4317210104,-49.3395424626,POINT (-49.3395424626 -25.4317210104)
2014-05-27 10:39:30.000000,-25.4317210104,-49.3395424626,POINT (-49.3395424626 -25.4317210104)
2014-05-27 10:39:40.000000,-25.4317210104,-49.3395424626,POINT (-49.3395424626 -25.4317210104)
2014-05-27 10:39:50.000000,-25.4317210104,-49.3395424626,POINT (-49.3395424626 -25.4317210104)
2014-05-27 10:40:00.000000,-25.4317210104,-49.3395424626,POINT (-49.3395424626 -25.4317210104)
2014-05-27 10:40:10.000000,-25.4317210104,-49.3395424626,POINT (-49.3395424626 -25.4317210104)
2014-05-27 10:40:20.000000,-25.4317210104,-49.3395424626,POINT (-49.3395424626 -25.4317210104)
2014-05-27 10:40:30.000000,-25.4317210104,-49.3395424626,POINT (-49.3395424626 -25.4317210104)
2014-05-27 10:40:40.000000,-25.4317210104,-49.3395424626,POINT (-49.3395424626 -25.4317210104)
2014-05-27 10:40:50.000000,-25.4317210104,-49.3395424626,POINT (-49.3395424626 -25.4317210104)
2014-05-27 10:41:00.000000,-25.4317210104,-49.3395424626,POINT (-49.3395424626 -25.4317210104)
2014-05-27 10:41:10.000000,-25.4317210104,-49.3395424626,POINT (-49.3395424626 -25.4317210104)
2014-05-27 10:41:20.000000,-25.4317210104,-49.3395424626,POINT (-49.3395424626 -25.4317210104)
2014-05-27 10:41:30.000000,-25.4317210104,-49.3395424626,POINT (-49.3395424626 -25.4317210104)
2014-05-27 10:41:40.000000,-25.4317210104,-49.3395424626,POINT (-49.3395424626 -25.4317210104)
2014-05-27 10:41:50.000000,-25.4317210104,-49.3395424626,POINT (-49.3395424626 -25.4317210104)
2014-05-27 10:42:00.000000,-25.4317210104,-49.3395424626,POINT (-49.3395424626 -25.4317210104)
2014-05-27 10:42:10.000000,-25.4317210104,-49.3395424626,POINT (-49.3395424626 -25.4317210104)
2014-05-27 10:42:20.000000,-25.4317210104,-49.3395424626,POINT (-49.3395424626 -25.4317210104)
2014-05-27 10:42:30.000000,-25.4317210104,-49.3395424626,POINT (-49.3395424626 -25.4317210104)
2014-05-27 10:42:40.000000,-25.4317210104,-49.3395424626,POINT (-49.3395424626 -25.4317210104)
2014-05-27 10:42:50.000000,-25.4317210104,-49.3395424626,POINT (-49.3395424626 -25.4317210104)
2014-05-27 10:43:00.000000,-25.4317210104,-49.3395424626,POINT (-49.3395424626 -25.4317210104)
2014-05-27 10:43:10.000000,-25.4317210104,-49.3395424626,POINT (-49.3395424626 -25.4317210104)
2014-05-27 10:43:20.000000,-25.4317210104,-49.3395424626,POINT (-49.3395424626 -25.4317210104)
2014-05-27 10:43:30.000000,-25.4317210104,-49.3395424626,POINT (-49.3395424626 -25.4317210104)
2014-05-27 10:43:40.000000,-25.4317210104,-49.3395424626,POINT (-49.3395424626 -25.4317210104)
2014-05-27 10:43:50.000000,-25.4317210104,-49.3395424626,POINT (-49.3395424626 -25.4317210104)
2014-05-27 10:44:00.000000,-25.4317210104,-49.3395424626,POINT (-49.3395424626 -25.4317210104)
2014-05-27 10:44:10.000000,-25.4317210104,-49.3395424626,POINT (-49.3395424626 -25.4317210104)
2014-05-27 10:44:20.000000,-25.4317210104,-49.3395424626,POINT (-49.3395424626 -25.4317210104)
2014-05-27 10:44:30.000000,-25.4317210104,-49.3395424626,POINT (-49.3395424626 -25.4317210104)
2014-05-27 10:44:40.000000,-25.4317210104,-49.3395424626,POINT (-49.3395424626 -25.4317210104)
2014-05-27 10:44:50.000000,-25.4317210104,-49.3395424626,POINT (-49.3395424626 -25.4317210104)
2014-05-27 10:45:00.000000,-25.4317210104,-49.3395424626,POINT (-49.3395424626 -25.4317210104)
2014-05-27 10:45:10.000000,-25.4317210104,-49.3395424626,POINT (-49.3395424626 -25.4317210104)
2014-05-27 10:45:20.000000,-25.4317210104,-49.3395424626,POINT (-49.3395424626 -25.4317210104)
2014-05-27 10:45:30.000000,-25.4317210104,-49.3395424626,POINT (-49.3395424626 -25.4317210104)
2014-05-27 10:45:40.000000,-25.4317210104,-49.3395424626,POINT (-49.3395424626 -25.4317210104)
2014-05-27 10:45:50.000000,-25.4317210104,-49.3395424626,POINT (-49.3395424626 -25.4317210104)
2014-05-27 10:46:00.000000,-25.4317210104,-49.3395424626,POINT (-49.3395424626 -25.4317210104)
2014-05-27 10:46:10.000000,-25.4317210104,-49.3395424626,POINT (-49.3395424626 -25.4317210104)
2014-05-27 10:46:20.000000,-25.4317210104,-49.3395424626,POINT (-49.3395424626 -25.4317210104)
2014-05-27 10:46:30.000000,-25.4317210104,-49.3395424626,POINT (-49.3395424626 -25.4317210104)
2014-05-27 10:46:40.000000,-25.4317210104,-49.3395424626,POINT (-49.3395424626 -25.4317210104)
2014-05-27 10:46:50.000000,-25.4317210104,-49.3395424626,POINT (-49.3395424626 -25.4317210104)
2014-05-27 10:47:00.000000,-25.4317210104,-49.3395424626,POINT (-49.3395424626 -25.4317210104)
2014-05-27 10:47:10.000000,-25.4317210104,-49.3395424626,POINT (-49.3395424626 -25.4317210104)
2014-05-27 10:47:20.000000,-25.4317210104,-49.3395424626,POINT (-49.3395424626 -25.4317210104)
2014-05-27 10:47:30.000000,-25.4317210104,-49.3395424626,POINT (-49.3395424626 -25.4317210104)
2014-05-27 10:47:40.000000,-25.4317210104,-49.3395424626,POINT (-49.3395424626 -25.4317210104)
2014-05-27 10:47:50.000000,-25.4317210104,-49.3395424626,POINT (-49.3395424626 -25.4317210104)
2014-05-27 10:48:00.000000,-25.4317210104,-49.3395424626,POINT (-49.3395424626 -25.4317210104)
2014-05-27 10:48:10.000000,-25.4317210104,-49.3395424626,POINT (-49.3395424626 -25.4317210104)
2014-05-27 10:48:20.000000,-25.4317210104,-49.3395424626,POINT (-49.3395424626 -25.4317210104)
2014-05-27 10:48:30.000000,-25.4317210104,-49.3395424626,POINT (-49.3395424626 -25.4317210104)
2014-05-27 10:48:40.000000,-25.4317210104,-49.3395424626,POINT (-49.3395424626 -25.4317210104)
2014-05-27 10:48:50.000000,-25.4317210104,-49.3395424626,POINT (-49.3395424626 -25.4317210104)
2014-05-27 10:49:00.000000,-25.4317210104,-49.3395424626,POINT (-49.3395424626 -25.4317210104)
2014-05-27 10:49:10.000000,-25.4317210104,-49.3395424626,POINT (-49.3395424626 -25.4317210104)
2014-05-27 10:49:20.000000,-25.4317210104,-49.3395424626,POINT (-49.3395424626 -25.4317210104)
2014-05-27 10:49:30.000000,-25.4317210104,-49.3395424626,POINT (-49.3395424626 -25.4317210104)
2014-05-27 10:49:40.000000,-25.4317210104,-49.3395424626,POINT (-49.3395424626 -25.4317210104)
2014-05-27 10:49:50.000000,-25.4317210104,-49.3395424626,POINT (-49.3395424626 -25.4317210104)
2014-05-27 10:50:00.000000,-25.4317210104,-49.3395424626,POINT (-49.3395424626 -25.4317210104)
2014-05-27 10:50:10.000000,-25.4317210104,-49.3395424626,POINT (-49.3395424626 -25.4317210104)
2014-05-27 10:50:20.000000,-25.4317210104,-49.3395424626,POINT (-49.3395424626 -25.4317210104)
2014-05-27 10:50:30.000000,-25.4317210104,-49.3395424626,POINT (-49.3395424626 -25.4317210104)
2014-05-27 10:50:40.000000,-25.4317210104,-49.3395424626,POINT (-49.3395424626 -25.4317210104)
2014-05-27 10:50:50.000000,-25.4317210104,-49.3395424626,POINT (-49.3395424626 -25.4317210104)
2014-05-27 10:51:00.000000,-25.4317210104,-49.3395424626,POINT (-49.3395424626 -25.4317210104)
2014-05-27 10:51:10.000000,-25.4317210104,-49.3395424626,POINT (-49.3395424626 -25.4317210104)
2014-05-27 10:51:20.000000,-25.4317210104,-49.3395424626,POINT (-49.3395424626 -25.4317210104)
2014-05-27 10:51:30.000000,-25.4317210104,-49.3395424626,POINT (-49.3395424626 -25.4317210104)
2014-05-27 10:51:40.000000,-25.4317210104,-49.3395424626,POINT (-49.3395424626 -25.4317210104)
2014-05-27 10:51:50.000000,-25.4317210104,-49.3395424626,POINT (-49.3395424626 -25.4317210104)
2014-05-27 10:52:00.000000,-25.4317210104,-49.3395424626,POINT (-49.3395424626 -25.4317210104)
2014-05-27 10:52:10.000000,-25.4317210104,-49.3395424626,POINT (-49.3395424626 -25.4317210104)
2014-05-27 10:52:20.000000,-25.4317210104,-49.3395424626,POINT (-49.3395424626 -25.4317210104)
2014-05-27 10:52:30.000000,-25.4317210104,-49.3395424626,POINT (-49.3395424626 -25.4317210104)
2014-05-27 10:52:40.000000,-25.4317210104,-49.3395424626,POINT (-49.3395424626 -25.4317210104)
2014-05-27 10:52:50.000000,-25.4317210104,-49.3395424626,POINT (-49.3395424626 -25.4317210104)
2014-05-27 10:53:00.000000,-25.4317210104,-49.3395424626,POINT (-49.3395424626 -25.4317210104)
2014-05-27 10:53:10.000000,-25.4317210104,-49.3395424626,POINT (-49.3395424626 -25.4317210104)
2014-05-27 10:53:20.000000,-25.4317210104,-49.3395424626,POINT (-49.3395424626 -25.4317210104)
2014-05-27 10:53:30.000000,-25.4317210104,-49.3395424626,POINT (-49.3395424626 -25.4317210104)
2014-05-27 10:53:40.000000,-25.4317210104,-49.3395424626,POINT (-49.3395424626 -25.4317210104)
2014-05-27 10:53:50.000000,-25.4317210104,-49.3395424626,POINT (-49.3395424626 -25.4317210104)
2014-05-27 10:54:00.000000,-25.4317210104,-49.3395424626,POINT (-49.3395424626 -25.4317210104)
2014-05-27 10:54:10.000000,-25.4317210104,-49.3395424626,POINT (-49.3395424626 -25.4317210104)
2014-05-27 10:54:20.000000,-25.4317210104,-49.3395424626,POINT (-49.3395424626 -25.4317210104)
2014-05-27 10:54:30.000000,-25.4317210104,-49.3395424626,POINT (-49.3395424626 -25.4317210104)
2014-05-27 10:54:40.000000,-25.4317210104,-49.3395424626,POINT (-49.3395424626 -25.4317210104)
2014-05-27 10:54:50.000000,-25.4317210104,-49.3395424626,POINT (-49.3395424626 -25.4317210104)
2014-05-27 10:55:00.000000,-25.4317210104,-49.3395424626,POINT (-49.3395424626 -25.4317210104)
2014-05-27 10:55:10.000000,-25.4317210104,-49.3395424626,POINT (-49.3395424626 -25.4317210104)
2014-05-27 10:55:20.000000,-25.4317210104,-49.3395424626,POINT (-49.3395424626 -25.4317210104)
2014-05-27 10:55:30.000000,-25.4317210104,-49.3395424626,POINT (-49.3395424626 -25.4317210104)
2014-05-27 10:55:40.000000,-25.4317210104,-49.3395424626,POINT (-49.3395424626 -25.4317210104)
2014-05-27 10:55:50.000000,-25.4317210104,-49.3395424626,POINT (-49.3395424626 -25.4317210104)
2014-05-27 10:56:00.000000,-25.4317210104,-49.3395424626,POINT (-49.3395424626 -25.4317210104)
2014-05-27 10:56:10.000000,-25.4317210104,-49.3395424626,POINT (-49.3395424626 -25.4317210104)
2014-05-27 10:56:20.000000,-25.4317210104,-49.3395424626,POINT (-49.3395424626 -25.4317210104)
2014-05-27 10:56:30.000000,-25.4317210104,-49.3395424626,POINT (-49.3395424626 -25.4317210104)
2014-05-27 10:56:40.000000,-25.4317210104,-49.3395424626,POINT (-49.3395424626 -25.4317210104)
2014-05-27 10:56:50.000000,-25.4317210104,-49.3395424626,POINT (-49.3395424626 -25.4317210104)
2014-05-27 10:57:00.000000,-25.4317210104,-49.3395424626,POINT (-49.3395424626 -25.4317210104)
2014-05-27 10:57:10.000000,-25.4317210104,-49.3395424626,POINT (-49.3395424626 -25.4317210104)
2014-05-27 10:57:20.000000,-25.4317210104,-49.3395424626,POINT (-49.3395424626 -25.4317210104)
2014-05-27 10:57:30.000000,-25.4317210104,-49.3395424626,POINT (-49.3395424626 -25.4317210104)
2014-05-27 10:57:40.000000,-25.4317210104,-49.3395424626,POINT (-49.3395424626 -25.4317210104)
2014-05-27 10:57:50.000000,-25.4317210104,-49.3395424626,POINT (-49.3395424626 -25.4317210104)
2014-05-27 10:58:00.000000,-25.4317210104,-49.3395424626,POINT (-49.3395424626 -25.4317210104)
2014-05-27 10:58:10.000000,-25.4317210104,-49.3395424626,POINT (-49.3395424626 -25.4317210104)
2014-05-27 10:58:20.000000,-25.4317210104,-49.3395424626,POINT (-49.3395424626 -25.4317210104)
2014-05-27 10:58:30.000000,-25.4317210104,-49.3395424626,POINT (-49.3395424626 -25.4317210104)
2014-05-27 10:58:40.000000,-25.4317210104,-49.3395424626,POINT (-49.3395424626 -25.4317210104)
2014-05-27 10:58:50.000000,-25.4317210104,-49.3395424626,POINT (-49.3395424626 -25.4317210104)
2014-05-27 10:59:00.000000,-25.4317210104,-49.3395424626,POINT (-49.3395424626 -25.4317210104)
2014-05-27 10:59:10.000000,-25.4317210104,-49.3395424626,POINT (-49.3395424626 -25.4317210104)
2014-05-27 10:59:20.000000,-25.4317210104,-49.3395424626,POINT (-49.3395424626 -25.4317210104)
2014-05-27 10:59:30.000000,-25.4317210104,-49.3395424626,POINT (-49.3395424626 -25.4317210104)
2014-05-27 10:59:40.000000,-25.4317210104,-49.3395424626,POINT (-49.3395424626 -25.4317210104)
2014-05-27 10:59:50.000000,-25.4317210104,-49.3395424626,POINT (-49.3395424626 -25.4317210104)
2014-05-27 11:00:00.000000,-25.4317210104,-49.3395424626,POINT (-49.3395424626 -25.4317210104)
2014-05-27 11:00:10.000000,-25.4317210104,-49.3395424626,POINT (-49.3395424626 -25.4317210104)
2014-05-27 11:00:20.000000,-25.4317210104,-49.3395424626,POINT (-49.3395424626 -25.4317210104)
2014-05-27 11:00:30.000000,-25.4317210104,-49.3395424626,POINT (-49.3395424626 -25.4317210104)
2014-05-27 11:00:40.000000,-25.4317210104,-49.3395424626,POINT (-49.3395424626 -25.4317210104)
2014-05-27 11:00:50.000000,-25.4317210104,-49.3395424626,POINT (-49.3395424626 -25.4317210104)
2014-05-27 11:01:00.000000,-25.4317210104,-49.3395424626,POINT (-49.3395424626 -25.4317210104)
2014-05-27 11:01:10.000000,-25.4317210104,-49.3395424626,POINT (-49.3395424626 -25.4317210104)
2014-05-27 11:01:20.000000,-25.4317210104,-49.3395424626,POINT (-49.3395424626 -25.4317210104)
2014-05-27 11:01:30.000000,-25.4317210104,-49.3395424626,POINT (-49.3395424626 -25.4317210104)
2014-05-27 11:01:40.000000,-25.4317210104,-49.3395424626,POINT (-49.3395424626 -25.4317210104)
2014-05-27 11:01:50.000000,-25.4317210104,-49.3395424626,POINT (-49.3395424626 -25.4317210104)
2014-05-27 11:02:00.000000,-25.4317210104,-49.3395424626,POINT (-49.3395424626 -25.4317210104)
2014-05-27 11:02:10.000000,-25.4317210104,-49.3395424626,POINT (-49.3395424626 -25.4317210104)
2014-05-27 11:02:20.000000,-25.4317210104,-49.3395424626,POINT (-49.3395424626 -25.4317210104)
2014-05-27 11:02:30.000000,-25.4317210104,-49.3395424626,POINT (-49.3395424626 -25.4317210104)
2014-05-27 11:02:40.000000,-25.4317210104,-49.3395424626,POINT (-49.3395424626 -25.4317210104)
2014-05-27 11:02:50.000000,-25.4317210104,-49.3395424626,POINT (-49.3395424626 -25.4317210104)
2014-05-27 11:03:00.000000,-25.4317210104,-49.3395424626,POINT (-49.3395424626 -25.4317210104)
2014-05-27 11:03:10.000000,-25.4317210104,-49.3395424626,POINT (-49.3395424626 -25.4317210104)
2014-05-27 11:03:20.000000,-25.4317210104,-49.3395424626,POINT (-49.3395424626 -25.4317210104)
2014-05-27 11:03:30.000000,-25.4317210104,-49.3395424626,POINT (-49.3395424626 -25.4317210104)
2014-05-27 11:03:40.000000,-25.4317210104,-49.3395424626,POINT (-49.3395424626 -25.4317210104)
2014-05-27 11:03:50.000000,-25.4317210104,-49.3395424626,POINT (-49.3395424626 -25.4317210104)
2014-05-27 11:04:00.000000,-25.4317210104,-49.3395424626,POINT (-49.3395424626 -25.4317210104)
2014-05-27 11:04:10.000000,-25.4317210104,-49.3395424626,POINT (-49.3395424626 -25.4317210104)
2014-05-27 11:04:20.000000,-25.4317210104,-49.3395424626,POINT (-49.3395424626 -25.4317210104)
2014-05-27 11:04:30.000000,-25.4317210104,-49.3395424626,POINT (-49.3395424626 -25.4317210104)
2014-05-27 11:04:40.000000,-25.4317210104,-49.3395424626,POINT (-49.3395424626 -25.4317210104)
2014-05-27 11:04:50.000000,-25.4317210104,-49.3395424626,POINT (-49.3395424626 -25.4317210104)
2014-05-27 11:05:00.000000,-25.4317210104,-49.3395424626,POINT (-49.3395424626 -25.4317210104)
2014-05-27 11:05:10.000000,-25.4317210104,-49.3395424626,POINT (-49.3395424626 -25.4317210104)
2014-05-27 11:05:20.000000,-25.4317210104,-49.3395424626,POINT (-49.3395424626 -25.4317210104)
2014-05-27 11:05:30.000000,-25.4317210104,-49.3395424626,POINT (-49.3395424626 -25.4317210104)
2014-05-27 11:05:40.000000,-25.4317210104,-49.3395424626,POINT (-49.3395424626 -25.4317210104)
2014-05-27 11:05:50.000000,-25.4317210104,-49.3395424626,POINT (-49.3395424626 -25.4317210104)
2014-05-27 11:06:00.000000,-25.4317210104,-49.3395424626,POINT (-49.3395424626 -25.4317210104)
2014-05-27 11:06:10.000000,-25.4317210104,-49.3395424626,POINT (-49.3395424626 -25.4317210104)
2014-05-27 11:06:20.000000,-25.4317210104,-49.3395424626,POINT (-49.3395424626 -25.4317210104)
2014-05-27 11:06:30.000000,-25.4317210104,-49.3395424626,POINT (-49.3395424626 -25.4317210104)
2014-05-27 11:06:40.000000,-25.4317210104,-49.3395424626,POINT (-49.3395424626 -25.4317210104)
2014-05-27 11:06:50.000000,-25.4317210104,-49.3395424626,POINT (-49.3395424626 -25.4317210104)
2014-05-27 11:07:00.000000,-25.4317210104,-49.3395424626,POINT (-49.3395424626 -25.4317210104)
2014-05-27 11:07:10.000000,-25.4317210104,-49.3395424626,POINT (-49.3395424626 -25.4317210104)
2014-05-27 11:07:20.000000,-25.4317210104,-49.3395424626,POINT (-49.3395424626 -25.4317210104)
2014-05-27 11:07:30.000000,-25.4317210104,-49.3395424626,POINT (-49.3395424626 -25.4317210104)
2014-05-27 11:07:40.000000,-25.4317210104,-49.3395424626,POINT (-49.3395424626 -25.4317210104)
2014-05-27 11:07:50.000000,-25.4317210104,-49.3395424626,POINT (-49.3395424626 -25.4317210104)
2014-05-27 11:08:00.000000,-25.4317210104,-49.3395424626,POINT (-49.3395424626 -25.4317210104)
2014-05-27 11:08:10.000000,-25.4317210104,-49.3395424626,POINT (-49.3395424626 -25.4317210104)
2014-05-27 11:08:20.000000,-25.4317210104,-49.3395424626,POINT (-49.3395424626 -25.4317210104)
2014-05-27 11:08:30.000000,-25.4317210104,-49.3395424626,POINT (-49.3395424626 -25.4317210104)
2014-05-27 11:08:40.000000,-25.4317210104,-49.3395424626,POINT (-49.3395424626 -25.4317210104)
2014-05-27 11:08:50.000000,-25.4317210104,-49.3395424626,POINT (-49.3395424626 -25.4317210104)
2014-05-27 11:09:00.000000,-25.4317210104,-49.3395424626,POINT (-49.3395424626 -25.4317210104)
2014-05-27 11:09:10.000000,-25.4317210104,-49.3395424626,POINT (-49.3395424626 -25.4317210104)
2014-05-27 11:09:20.000000,-25.4317210104,-49.3395424626,POINT (-49.3395424626 -25.4317210104)
2014-05-27 11:09:30.000000,-25.4317210104,-49.3395424626,POINT (-49.3395424626 -25.4317210104)
2014-05-27 11:09:40.000000,-25.4317210104,-49.3395424626,POINT (-49.3395424626 -25.4317210104)
2014-05-27 11:09:50.000000,-25.4317210104,-49.3395424626,POINT (-49.3395424626 -25.4317210104)
2014-05-27 11:10:00.000000,-25.4317210104,-49.3395424626,POINT (-49.3395424626 -25.4317210104)
2014-05-27 11:10:10.000000,-25.4317210104,-49.3395424626,POINT (-49.3395424626 -25.4317210104)
2014-05-27 11:10:20.000000,-25.4317210104,-49.3395424626,POINT (-49.3395424626 -25.4317210104)
2014-05-27 11:10:30.000000,-25.4317210104,-49.3395424626,POINT (-49.3395424626 -25.4317210104)
2014-05-27 11:10:40.000000,-25.4317210104,-49.3395424626,POINT (-49.3395424626 -25.4317210104)
2014-05-27 11:10:50.000000,-25.4317210104,-49.3395424626,POINT (-49.3395424626 -25.4317210104)
2014-05-27 11:11:00.000000,-25.4317210104,-49.3395424626,POINT (-49.3395424626 -25.4317210104)
2014-05-27 11:11:10.000000,-25.4317210104,-49.3395424626,POINT (-49.3395424626 -25.4317210104)
2014-05-27 11:11:20.000000,-25.4317210104,-49.3395424626,POINT (-49.3395424626 -25.4317210104)
2014-05-27 11:11:30.000000,-25.4317210104,-49.3395424626,POINT (-49.3395424626 -25.4317210104)
2014-05-27 11:11:40.000000,-25.4317210104,-49.3395424626,POINT (-49.3395424626 -25.4317210104)
2014-05-27 11:11:50.000000,-25.4317210104,-49.3395424626,POINT (-49.3395424626 -25.4317210104)
2014-05-27 11:12:00.000000,-25.4317210104,-49.3395424626,POINT (-49.3395424626 -25.4317210104)
2014-05-27 11:12:10.000000,-25.4317210104,-49.3395424626,POINT (-49.3395424626 -25.4317210104)
2014-05-27 11:12:20.000000,-25.4317210104,-49.3395424626,POINT (-49.3395424626 -25.4317210104)
2014-05-27 11:12:30.000000,-25.4317210104,-49.3395424626,POINT (-49.3395424626 -25.4317210104)
2014-05-27 11:12:40.000000,-25.4317210104,-49.3395424626,POINT (-49.3395424626 -25.4317210104)
2014-05-27 11:12:50.000000,-25.4317210104,-49.3395424626,POINT (-49.3395424626 -25.4317210104)
2014-05-27 11:13:00.000000,-25.4317210104,-49.3395424626,POINT (-49.3395424626 -25.4317210104)
2014-05-27 11:13:10.000000,-25.4317210104,-49.3395424626,POINT (-49.3395424626 -25.4317210104)
2014-05-27 11:13:20.000000,-25.4317210104,-49.3395424626,POINT (-49.3395424626 -25.4317210104)
2014-05-27 11:13:30.000000,-25.4317210104,-49.3395424626,POINT (-49.3395424626 -25.4317210104)
2014-05-27 11:13:40.000000,-25.4317210104,-49.3395424626,POINT (-49.3395424626 -25.4317210104)
2014-05-27 11:13:50.000000,-25.4317210104,-49.3395424626,POINT (-49.3395424626 -25.4317210104)
2014-05-27 11:14:00.000000,-25.4317210104,-49.3395424626,POINT (-49.3395424626 -25.4317210104)
2014-05-27 11:14:10.000000,-25.4317210104,-49.3395424626,POINT (-49.3395424626 -25.4317210104)
2014-05-27 11:14:20.000000,-25.4317210104,-49.3395424626,POINT (-49.3395424626 -25.4317210104)
2014-05-27 11:14:30.000000,-25.4317210104,-49.3395424626,POINT (-49.3395424626 -25.4317210104)
2014-05-27 11:14:40.000000,-25.4317210104,-49.3395424626,POINT (-49.3395424626 -25.4317210104)
2014-05-27 11:14:50.000000,-25.4317210104,-49.3395424626,POINT (-49.3395424626 -25.4317210104)
2014-05-27 11:15:00.000000,-25.4317210104,-49.3395424626,POINT (-49.3395424626 -25.4317210104)
2014-05-27 11:15:10.000000,-25.4317210104,-49.3395424626,POINT (-49.3395424626 -25.4317210104)
2014-05-27 11:15:20.000000,-25.4317210104,-49.3395424626,POINT (-49.3395424626 -25.4317210104)
2014-05-27 11:15:30.000000,-25.4317210104,-49.3395424626,POINT (-49.3395424626 -25.4317210104)
2014-05-27 11:15:40.000000,-25.4317210104,-49.3395424626,POINT (-49.3395424626 -25.4317210104)
2014-05-27 11:15:50.000000,-25.4317210104,-49.3395424626,POINT (-49.3395424626 -25.4317210104)
2014-05-27 11:16:00.000000,-25.4317210104,-49.3395424626,POINT (-49.3395424626 -25.4317210104)
2014-05-27 11:16:10.000000,-25.4317210104,-49.3395424626,POINT (-49.3395424626 -25.4317210104)
2014-05-27 11:16:20.000000,-25.4317210104,-49.3395424626,POINT (-49.3395424626 -25.4317210104)
2014-05-27 11:16:30.000000,-25.4317210104,-49.3395424626,POINT (-49.3395424626 -25.4317210104)
2014-05-27 11:16:40.000000,-25.4317210104,-49.3395424626,POINT (-49.3395424626 -25.4317210104)
2014-05-27 11:16:50.000000,-25.4317210104,-49.3395424626,POINT (-49.3395424626 -25.4317210104)
2014-05-27 11:17:00.000000,-25.4317210104,-49.3395424626,POINT (-49.3395424626 -25.4317210104)
2014-05-27 11:17:10.000000,-25.4317210104,-49.3395424626,POINT (-49.3395424626 -25.4317210104)
2014-05-27 11:17:20.000000,-25.4317210104,-49.3395424626,POINT (-49.3395424626 -25.4317210104)
2014-05-27 11:17:30.000000,-25.4317210104,-49.3395424626,POINT (-49.3395424626 -25.4317210104)
2014-05-27 11:17:40.000000,-25.4317210104,-49.3395424626,POINT (-49.3395424626 -25.4317210104)
2014-05-27 11:17:50.000000,-25.4317210104,-49.3395424626,POINT (-49.3395424626 -25.4317210104)
2014-05-27 11:18:00.000000,-25.4317210104,-49.3395424626,POINT (-49.3395424626 -25.4317210104)
2014-05-27 11:18:10.000000,-25.4317210104,-49.3395424626,POINT (-49.3395424626 -25.4317210104)
2014-05-27 11:18:20.000000,-25.4317210104,-49.3395424626,POINT (-49.3395424626 -25.4317210104)
2014-05-27 11:18:30.000000,-25.4317210104,-49.3395424626,POINT (-49.3395424626 -25.4317210104)
2014-05-27 11:18:40.000000,-25.4317210104,-49.3395424626,POINT (-49.3395424626 -25.4317210104)
2014-05-27 11:18:50.000000,-25.4317210104,-49.3395424626,POINT (-49.3395424626 -25.4317210104)
2014-05-27 11:19:00.000000,-25.4317210104,-49.3395424626,POINT (-49.3395424626 -25.4317210104)
2014-05-27 11:19:10.000000,-25.4317210104,-49.3395424626,POINT (-49.3395424626 -25.4317210104)
2014-05-27 11:19:20.000000,-25.4317210104,-49.3395424626,POINT (-49.3395424626 -25.4317210104)
2014-05-27 11:19:30.000000,-25.4317210104,-49.3395424626,POINT (-49.3395424626 -25.4317210104)
2014-05-27 11:19:40.000000,-25.4317210104,-49.3395424626,POINT (-49.3395424626 -25.4317210104)
2014-05-27 11:19:50.000000,-25.4317210104,-49.3395424626,POINT (-49.3395424626 -25.4317210104)
2014-05-27 11:20:00.000000,-25.4317210104,-49.3395424626,POINT (-49.3395424626 -25.4317210104)
2014-05-27 11:20:10.000000,-25.4317210104,-49.3395424626,POINT (-49.3395424626 -25.4317210104)
2014-05-27 11:20:20.000000,-25.4317210104,-49.3395424626,POINT (-49.3395424626 -25.4317210104)
2014-05-27 11:20:30.000000,-25.4317210104,-49.3395424626,POINT (-49.3395424626 -25.4317210104)
2014-05-27 11:20:40.000000,-25.4317210104,-49.3395424626,POINT (-49.3395424626 -25.4317210104)
2014-05-27 11:20:50.000000,-25.4317210104,-49.3395424626,POINT (-49.3395424626 -25.4317210104)
2014-05-27 11:21:00.000000,-25.4317210104,-49.3395424626,POINT (-49.3395424626 -25.4317210104)
2014-05-27 11:21:10.000000,-25.4317210104,-49.3395424626,POINT (-49.3395424626 -25.4317210104)
2014-05-27 11:21:20.000000,-25.4317210104,-49.3395424626,POINT (-49.3395424626 -25.4317210104)
2014-05-27 11:21:30.000000,-25.4317210104,-49.3395424626,POINT (-49.3395424626 -25.4317210104)
2014-05-27 11:21:40.000000,-25.4317210104,-49.3395424626,POINT (-49.3395424626 -25.4317210104)
2014-05-27 11:21:50.000000,-25.4317210104,-49.3395424626,POINT (-49.3395424626 -25.4317210104)
2014-05-27 11:22:00.000000,-25.4317210104,-49.3395424626,POINT (-49.3395424626 -25.4317210104)
2014-05-27 11:22:10.000000,-25.4317210104,-49.3395424626,POINT (-49.3395424626 -25.4317210104)
2014-05-27 11:22:20.000000,-25.4317210104,-49.3395424626,POINT (-49.3395424626 -25.4317210104)
2014-05-27 11:22:30.000000,-25.4317210104,-49.3395424626,POINT (-49.3395424626 -25.4317210104)
2014-05-27 11:22:40.000000,-25.4317210104,-49.3395424626,POINT (-49.3395424626 -25.4317210104)
2014-05-27 11:22:50.000000,-25.4317210104,-49.3395424626,POINT (-49.3395424626 -25.4317210104)
2014-05-27 11:23:00.000000,-25.4317210104,-49.3395424626,POINT (-49.3395424626 -25.4317210104)
2014-05-27 11:23:10.000000,-25.4317210104,-49.3395424626,POINT (-49.3395424626 -25.4317210104)
2014-05-27 11:23:20.000000,-25.4317210104,-49.3395424626,POINT (-49.3395424626 -25.4317210104)
2014-05-27 11:23:30.000000,-25.4317210104,-49.3395424626,POINT (-49.3395424626 -25.4317210104)
2014-05-27 11:23:40.000000,-25.4317210104,-49.3395424626,POINT (-49.3395424626 -25.4317210104)
2014-05-27 11:23:50.000000,-25.4317210104,-49.3395424626,POINT (-49.3395424626 -25.4317210104)
2014-05-27 11:24:00.000000,-25.4317210104,-49.3395424626,POINT (-49.3395424626 -25.4317210104)
2014-05-27 11:24:10.000000,-25.4317210104,-49.3395424626,POINT (-49.3395424626 -25.4317210104)
2014-05-27 11:24:20.000000,-25.4317210104,-49.3395424626,POINT (-49.3395424626 -25.4317210104)
2014-05-27 11:24:30.000000,-25.4317210104,-49.3395424626,POINT (-49.3395424626 -25.4317210104)
2014-05-27 11:24:40.000000,-25.4317210104,-49.3395424626,POINT (-49.3395424626 -25.4317210104)
2014-05-27 11:24:50.000000,-25.4317210104,-49.3395424626,POINT (-49.3395424626 -25.4317210104)
2014-05-27 11:25:00.000000,-25.4317210104,-49.3395424626,POINT (-49.3395424626 -25.4317210104)
2014-05-27 11:25:10.000000,-25.4317210104,-49.3395424626,POINT (-49.3395424626 -25.4317210104)
2014-05-27 11:25:20.000000,-25.4317210104,-49.3395424626,POINT (-49.3395424626 -25.4317210104)
2014-05-27 11:25:30.000000,-25.4317210104,-49.3395424626,POINT (-49.3395424626 -25.4317210104)
2014-05-27 11:25:40.000000,-25.4317210104,-49.3395424626,POINT (-49.3395424626 -25.4317210104)
2014-05-27 11:25:50.000000,-25.4317210104,-49.3395424626,POINT (-49.3395424626 -25.4317210104)
2014-05-27 11:26:00.000000,-25.4317210104,-49.3395424626,POINT (-49.3395424626 -25.4317210104)
2014-05-27 11:26:10.000000,-25.4317210104,-49.3395424626,POINT (-49.3395424626 -25.4317210104)
2014-05-27 11:26:20.000000,-25.4317210104,-49.3395424626,POINT (-49.3395424626 -25.4317210104)
2014-05-27 11:26:30.000000,-25.4317210104,-49.3395424626,POINT (-49.3395424626 -25.4317210104)
2014-05-27 11:26:40.000000,-25.4317210104,-49.3395424626,POINT (-49.3395424626 -25.4317210104)
2014-05-27 11:26:50.000000,-25.4317210104,-49.3395424626,POINT (-49.3395424626 -25.4317210104)
2014-05-27 11:27:00.000000,-25.4317210104,-49.3395424626,POINT (-49.3395424626 -25.4317210104)
2014-05-27 11:27:10.000000,-25.4317210104,-49.3395424626,POINT (-49.3395424626 -25.4317210104)
2014-05-27 11:27:20.000000,-25.4317210104,-49.3395424626,POINT (-49.3395424626 -25.4317210104)
2014-05-27 11:27:30.000000,-25.4317210104,-49.3395424626,POINT (-49.3395424626 -25.4317210104)
2014-05-27 11:27:40.000000,-25.4317210104,-49.3395424626,POINT (-49.3395424626 -25.4317210104)
2014-05-27 11:27:50.000000,-25.4317210104,-49.3395424626,POINT (-49.3395424626 -25.4317210104)
2014-05-27 11:28:00.000000,-25.4317210104,-49.3395424626,POINT (-49.3395424626 -25.4317210104)
2014-05-27 11:28:10.000000,-25.4317210104,-49.3395424626,POINT (-49.3395424626 -25.4317210104)
2014-05-27 11:28:20.000000,-25.4317210104,-49.3395424626,POINT (-49.3395424626 -25.4317210104)
2014-05-27 11:28:30.000000,-25.4317210104,-49.3395424626,POINT (-49.3395424626 -25.4317210104)
2014-05-27 11:28:40.000000,-25.4317210104,-49.3395424626,POINT (-49.3395424626 -25.4317210104)
2014-05-27 11:28:50.000000,-25.4317210104,-49.3395424626,POINT (-49.3395424626 -25.4317210104)
2014-05-27 11:29:00.000000,-25.4317210104,-49.3395424626,POINT (-49.3395424626 -25.4317210104)
2014-05-27 11:29:10.000000,-25.4317210104,-49.3395424626,POINT (-49.3395424626 -25.4317210104)
2014-05-27 11:29:20.000000,-25.4317210104,-49.3395424626,POINT (-49.3395424626 -25.4317210104)
2014-05-27 11:29:30.000000,-25.4317210104,-49.3395424626,POINT (-49.3395424626 -25.4317210104)
2014-05-27 11:29:40.000000,-25.4317210104,-49.3395424626,POINT (-49.3395424626 -25.4317210104)
2014-05-27 11:29:50.000000,-25.4317210104,-49.3395424626,POINT (-49.3395424626 -25.4317210104)
2014-05-27 11:30:00.000000,-25.4317210104,-49.3395424626,POINT (-49.3395424626 -25.4317210104)
2014-05-27 11:30:10.000000,-25.4317210104,-49.3395424626,POINT (-49.3395424626 -25.4317210104)
2014-05-27 11:30:20.000000,-25.4317210104,-49.3395424626,POINT (-49.3395424626 -25.4317210104)
2014-05-27 11:30:30.000000,-25.4317210104,-49.3395424626,POINT (-49.3395424626 -25.4317210104)
2014-05-27 11:30:40.000000,-25.4317210104,-49.3395424626,POINT (-49.3395424626 -25.4317210104)
2014-05-27 11:30:50.000000,-25.4317210104,-49.3395424626,POINT (-49.3395424626 -25.4317210104)
2014-05-27 11:31:00.000000,-25.4317210104,-49.3395424626,POINT (-49.3395424626 -25.4317210104)
2014-05-27 11:31:10.000000,-25.4317210104,-49.3395424626,POINT (-49.3395424626 -25.4317210104)
2014-05-27 11:31:20.000000,-25.4317210104,-49.3395424626,POINT (-49.3395424626 -25.4317210104)
2014-05-27 11:31:30.000000,-25.4317210104,-49.3395424626,POINT (-49.3395424626 -25.4317210104)
2014-05-27 11:31:40.000000,-25.4317210104,-49.3395424626,POINT (-49.3395424626 -25.4317210104)
2014-05-27 11:31:50.000000,-25.4317210104,-49.3395424626,POINT (-49.3395424626 -25.4317210104)
2014-05-27 11:32:00.000000,-25.4317210104,-49.3395424626,POINT (-49.3395424626 -25.4317210104)
2014-05-27 11:32:10.000000,-25.4317210104,-49.3395424626,POINT (-49.3395424626 -25.4317210104)
2014-05-27 11:32:20.000000,-25.4317210104,-49.3395424626,POINT (-49.3395424626 -25.4317210104)
2014-05-27 11:32:30.000000,-25.4317210104,-49.3395424626,POINT (-49.3395424626 -25.4317210104)
2014-05-27 11:32:40.000000,-25.4317210104,-49.3395424626,POINT (-49.3395424626 -25.4317210104)
2014-05-27 11:32:50.000000,-25.4317210104,-49.3395424626,POINT (-49.3395424626 -25.4317210104)
2014-05-27 11:33:00.000000,-25.4317210104,-49.3395424626,POINT (-49.3395424626 -25.4317210104)
2014-05-27 11:33:10.000000,-25.4317210104,-49.3395424626,POINT (-49.3395424626 -25.4317210104)
2014-05-27 11:33:20.000000,-25.4317210104,-49.3395424626,POINT (-49.3395424626 -25.4317210104)
2014-05-27 11:33:30.000000,-25.4317210104,-49.3395424626,POINT (-49.3395424626 -25.4317210104)
2014-05-27 11:33:40.000000,-25.4317210104,-49.3395424626,POINT (-49.3395424626 -25.4317210104)
2014-05-27 11:33:50.000000,-25.4317210104,-49.3395424626,POINT (-49.3395424626 -25.4317210104)
2014-05-27 11:34:00.000000,-25.4317210104,-49.3395424626,POINT (-49.3395424626 -25.4317210104)
2014-05-27 11:34:10.000000,-25.4317210104,-49.3395424626,POINT (-49.3395424626 -25.4317210104)
2014-05-27 11:34:20.000000,-25.4317210104,-49.3395424626,POINT (-49.3395424626 -25.4317210104)
2014-05-27 11:34:30.000000,-25.4317210104,-49.3395424626,POINT (-49.3395424626 -25.4317210104)
2014-05-27 11:34:40.000000,-25.4317210104,-49.3395424626,POINT (-49.3395424626 -25.4317210104)
2014-05-27 11:34:50.000000,-25.4317210104,-49.3395424626,POINT (-49.3395424626 -25.4317210104)
2014-05-27 11:35:00.000000,-25.4317210104,-49.3395424626,POINT (-49.3395424626 -25.4317210104)
2014-05-27 11:35:10.000000,-25.4317210104,-49.3395424626,POINT (-49.3395424626 -25.4317210104)
2014-05-27 11:35:20.000000,-25.4317210104,-49.3395424626,POINT (-49.3395424626 -25.4317210104)
2014-05-27 11:35:30.000000,-25.4317210104,-49.3395424626,POINT (-49.3395424626 -25.4317210104)
2014-05-27 11:35:40.000000,-25.4317210104,-49.3395424626,POINT (-49.3395424626 -25.4317210104)
2014-05-27 11:35:50.000000,-25.4317210104,-49.3395424626,POINT (-49.3395424626 -25.4317210104)
2014-05-27 11:36:00.000000,-25.4317210104,-49.3395424626,POINT (-49.3395424626 -25.4317210104)
2014-05-27 11:36:10.000000,-25.4317210104,-49.3395424626,POINT (-49.3395424626 -25.4317210104)
2014-05-27 11:36:20.000000,-25.4317210104,-49.3395424626,POINT (-49.3395424626 -25.4317210104)
2014-05-27 11:36:30.000000,-25.4317210104,-49.3395424626,POINT (-49.3395424626 -25.4317210104)
2014-05-27 11:36:40.000000,-25.4317210104,-49.3395424626,POINT (-49.3395424626 -25.4317210104)
2014-05-27 11:36:50.000000,-25.4317210104,-49.3395424626,POINT (-49.3395424626 -25.4317210104)
2014-05-27 11:37:00.000000,-25.4317210104,-49.3395424626,POINT (-49.3395424626 -25.4317210104)
2014-05-27 11:37:10.000000,-25.4317210104,-49.3395424626,POINT (-49.3395424626 -25.4317210104)
2014-05-27 11:37:20.000000,-25.4317210104,-49.3395424626,POINT (-49.3395424626 -25.4317210104)
2014-05-27 11:37:30.000000,-25.4317210104,-49.3395424626,POINT (-49.3395424626 -25.4317210104)
2014-05-27 11:37:40.000000,-25.4317210104,-49.3395424626,POINT (-49.3395424626 -25.4317210104)
2014-05-27 11:37:50.000000,-25.4317210104,-49.3395424626,POINT (-49.3395424626 -25.4317210104)
2014-05-27 11:38:00.000000,-25.4317210104,-49.3395424626,POINT (-49.3395424626 -25.4317210104)
2014-05-27 11:38:10.000000,-25.4317210104,-49.3395424626,POINT (-49.3395424626 -25.4317210104)
2014-05-27 11:38:20.000000,-25.4317210104,-49.3395424626,POINT (-49.3395424626 -25.4317210104)
2014-05-27 11:38:30.000000,-25.4317210104,-49.3395424626,POINT (-49.3395424626 -25.4317210104)
2014-05-27 11:38:40.000000,-25.4317210104,-49.3395424626,POINT (-49.3395424626 -25.4317210104)
2014-05-27 11:38:50.000000,-25.4317210104,-49.3395424626,POINT (-49.3395424626 -25.4317210104)
2014-05-27 11:39:00.000000,-25.4317210104,-49.3395424626,POINT (-49.3395424626 -25.4317210104)
2014-05-27 11:39:10.000000,-25.4317210104,-49.3395424626,POINT (-49.3395424626 -25.4317210104)
2014-05-27 11:39:20.000000,-25.4317210104,-49.3395424626,POINT (-49.3395424626 -25.4317210104)
2014-05-27 11:39:30.000000,-25.4317210104,-49.3395424626,POINT (-49.3395424626 -25.4317210104)
2014-05-27 11:39:40.000000,-25.4317210104,-49.3395424626,POINT (-49.3395424626 -25.4317210104)
2014-05-27 11:39:50.000000,-25.4317210104,-49.3395424626,POINT (-49.3395424626 -25.4317210104)
2014-05-27 11:40:00.000000,-25.4317210104,-49.3395424626,POINT (-49.3395424626 -25.4317210104)
2014-05-27 11:40:10.000000,-25.4317210104,-49.3395424626,POINT (-49.3395424626 -25.4317210104)
2014-05-27 11:40:20.000000,-25.4317210104,-49.3395424626,POINT (-49.3395424626 -25.4317210104)
2014-05-27 11:40:30.000000,-25.4317210104,-49.3395424626,POINT (-49.3395424626 -25.4317210104)
2014-05-27 11:40:40.000000,-25.4317210104,-49.3395424626,POINT (-49.3395424626 -25.4317210104)
2014-05-27 11:40:50.000000,-25.4317210104,-49.3395424626,POINT (-49.3395424626 -25.4317210104)
2014-05-27 11:41:00.000000,-25.4317210104,-49.3395424626,POINT (-49.3395424626 -25.4317210104)
2014-05-27 11:41:10.000000,-25.4317210104,-49.3395424626,POINT (-49.3395424626 -25.4317210104)
2014-05-27 11:41:20.000000,-25.4317210104,-49.3395424626,POINT (-49.3395424626 -25.4317210104)
2014-05-27 11:41:30.000000,-25.4317210104,-49.3395424626,POINT (-49.3395424626 -25.4317210104)
2014-05-27 11:41:40.000000,-25.4317210104,-49.3395424626,POINT (-49.3395424626 -25.4317210104)
2014-05-27 11:41:50.000000,-25.4317210104,-49.3395424626,POINT (-49.3395424626 -25.4317210104)
2014-05-27 11:42:00.000000,-25.4317210104,-49.3395424626,POINT (-49.3395424626 -25.4317210104)
2014-05-27 11:42:10.000000,-25.4317210104,-49.3395424626,POINT (-49.3395424626 -25.4317210104)
2014-05-27 11:42:20.000000,-25.4317210104,-49.3395424626,POINT (-49.3395424626 -25.4317210104)
2014-05-27 11:42:30.000000,-25.4317210104,-49.3395424626,POINT (-49.3395424626 -25.4317210104)
2014-05-27 11:42:40.000000,-25.4317210104,-49.3395424626,POINT (-49.3395424626 -25.4317210104)
2014-05-27 11:42:50.000000,-25.4317210104,-49.3395424626,POINT (-49.3395424626 -25.4317210104)
2014-05-27 11:43:00.000000,-25.4317210104,-49.3395424626,POINT (-49.3395424626 -25.4317210104)
2014-05-27 11:43:10.000000,-25.4317210104,-49.3395424626,POINT (-49.3395424626 -25.4317210104)
2014-05-27 11:43:20.000000,-25.4317210104,-49.3395424626,POINT (-49.3395424626 -25.4317210104)
2014-05-27 11:43:30.000000,-25.4317210104,-49.3395424626,POINT (-49.3395424626 -25.4317210104)
2014-05-27 11:43:40.000000,-25.4317210104,-49.3395424626,POINT (-49.3395424626 -25.4317210104)
2014-05-27 11:43:50.000000,-25.4317210104,-49.3395424626,POINT (-49.3395424626 -25.4317210104)
2014-05-27 11:44:00.000000,-25.4317210104,-49.3395424626,POINT (-49.3395424626 -25.4317210104)
2014-05-27 11:44:10.000000,-25.4317210104,-49.3395424626,POINT (-49.3395424626 -25.4317210104)
2014-05-27 11:44:20.000000,-25.4317210104,-49.3395424626,POINT (-49.3395424626 -25.4317210104)
2014-05-27 11:44:30.000000,-25.4317210104,-49.3395424626,POINT (-49.3395424626 -25.4317210104)
2014-05-27 11:44:40.000000,-25.4317210104,-49.3395424626,POINT (-49.3395424626 -25.4317210104)
2014-05-27 11:44:50.000000,-25.4317210104,-49.3395424626,POINT (-49.3395424626 -25.4317210104)
2014-05-27 11:45:00.000000,-25.4317210104,-49.3395424626,POINT (-49.3395424626 -25.4317210104)
2014-05-27 11:45:10.000000,-25.4317210104,-49.3395424626,POINT (-49.3395424626 -25.4317210104)
2014-05-27 11:45:20.000000,-25.4317210104,-49.3395424626,POINT (-49.3395424626 -25.4317210104)
2014-05-27 11:45:30.000000,-25.4317210104,-49.3395424626,POINT (-49.3395424626 -25.4317210104)
2014-05-27 11:45:40.000000,-25.4317210104,-49.3395424626,POINT (-49.3395424626 -25.4317210104)
2014-05-27 11:45:50.000000,-25.4317210104,-49.3395424626,POINT (-49.3395424626 -25.4317210104)
2014-05-27 11:46:00.000000,-25.4317210104,-49.3395424626,POINT (-49.3395424626 -25.4317210104)
2014-05-27 11:46:10.000000,-25.4317210104,-49.3395424626,POINT (-49.3395424626 -25.4317210104)
2014-05-27 11:46:20.000000,-25.4317210104,-49.3395424626,POINT (-49.3395424626 -25.4317210104)
2014-05-27 11:46:30.000000,-25.4317210104,-49.3395424626,POINT (-49.3395424626 -25.4317210104)
2014-05-27 11:46:40.000000,-25.4317210104,-49.3395424626,POINT (-49.3395424626 -25.4317210104)
2014-05-27 11:46:50.000000,-25.4317210104,-49.3395424626,POINT (-49.3395424626 -25.4317210104)
2014-05-27 11:47:00.000000,-25.4317210104,-49.3395424626,POINT (-49.3395424626 -25.4317210104)
2014-05-27 11:47:10.000000,-25.4317210104,-49.3395424626,POINT (-49.3395424626 -25.4317210104)
2014-05-27 11:47:20.000000,-25.4317210104,-49.3395424626,POINT (-49.3395424626 -25.4317210104)
2014-05-27 11:47:30.000000,-25.4317210104,-49.3395424626,POINT (-49.3395424626 -25.4317210104)
2014-05-27 11:47:40.000000,-25.4317210104,-49.3395424626,POINT (-49.3395424626 -25.4317210104)
2014-05-27 11:47:50.000000,-25.4317210104,-49.3395424626,POINT (-49.3395424626 -25.4317210104)
2014-05-27 11:48:00.000000,-25.4317210104,-49.3395424626,POINT (-49.3395424626 -25.4317210104)
2014-05-27 11:48:10.000000,-25.4317210104,-49.3395424626,POINT (-49.3395424626 -25.4317210104)
2014-05-27 11:48:20.000000,-25.4317210104,-49.3395424626,POINT (-49.3395424626 -25.4317210104)
2014-05-27 11:48:30.000000,-25.4317210104,-49.3395424626,POINT (-49.3395424626 -25.4317210104)
2014-05-27 11:48:40.000000,-25.4317210104,-49.3395424626,POINT (-49.3395424626 -25.4317210104)
2014-05-27 11:48:50.000000,-25.4317210104,-49.3395424626,POINT (-49.3395424626 -25.4317210104)
2014-05-27 11:49:00.000000,-25.4317210104,-49.3395424626,POINT (-49.3395424626 -25.4317210104)
2014-05-27 11:49:10.000000,-25.4317210104,-49.3395424626,POINT (-49.3395424626 -25.4317210104)
2014-05-27 11:49:20.000000,-25.4317210104,-49.3395424626,POINT (-49.3395424626 -25.4317210104)
2014-05-27 11:49:30.000000,-25.4317210104,-49.3395424626,POINT (-49.3395424626 -25.4317210104)
2014-05-27 11:49:40.000000,-25.4317210104,-49.3395424626,POINT (-49.3395424626 -25.4317210104)
2014-05-27 11:49:50.000000,-25.4317210104,-49.3395424626,POINT (-49.3395424626 -25.4317210104)
2014-05-27 11:50:00.000000,-25.4317210104,-49.3395424626,POINT (-49.3395424626 -25.4317210104)
2014-05-27 11:50:10.000000,-25.4317210104,-49.3395424626,POINT (-49.3395424626 -25.4317210104)
2014-05-27 11:50:20.000000,-25.4317210104,-49.3395424626,POINT (-49.3395424626 -25.4317210104)
2014-05-27 11:50:30.000000,-25.4317210104,-49.3395424626,POINT (-49.3395424626 -25.4317210104)
2014-05-27 11:50:40.000000,-25.4317210104,-49.3395424626,POINT (-49.3395424626 -25.4317210104)
2014-05-27 11:50:50.000000,-25.4317210104,-49.3395424626,POINT (-49.3395424626 -25.4317210104)
2014-05-27 11:51:00.000000,-25.4317210104,-49.3395424626,POINT (-49.3395424626 -25.4317210104)
2014-05-27 11:51:10.000000,-25.4317210104,-49.3395424626,POINT (-49.3395424626 -25.4317210104)
2014-05-27 11:51:20.000000,-25.4317210104,-49.3395424626,POINT (-49.3395424626 -25.4317210104)
2014-05-27 11:51:30.000000,-25.4317210104,-49.3395424626,POINT (-49.3395424626 -25.4317210104)
2014-05-27 11:51:40.000000,-25.4317210104,-49.3395424626,POINT (-49.3395424626 -25.4317210104)
2014-05-27 11:51:50.000000,-25.4317210104,-49.3395424626,POINT (-49.3395424626 -25.4317210104)
2014-05-27 11:52:00.000000,-25.4317210104,-49.3395424626,POINT (-49.3395424626 -25.4317210104)
2014-05-27 11:52:10.000000,-25.4317210104,-49.3395424626,POINT (-49.3395424626 -25.4317210104)
2014-05-27 11:52:20.000000,-25.4317210104,-49.3395424626,POINT (-49.3395424626 -25.4317210104)
2014-05-27 11:52:30.000000,-25.4317210104,-49.3395424626,POINT (-49.3395424626 -25.4317210104)
2014-05-27 11:52:40.000000,-25.4317210104,-49.3395424626,POINT (-49.3395424626 -25.4317210104)
2014-05-27 11:52:50.000000,-25.4317210104,-49.3395424626,POINT (-49.3395424626 -25.4317210104)
2014-05-27 11:53:00.000000,-25.4317210104,-49.3395424626,POINT (-49.3395424626 -25.4317210104)
2014-05-27 11:53:10.000000,-25.4317210104,-49.3395424626,POINT (-49.3395424626 -25.4317210104)
2014-05-27 11:53:20.000000,-25.4317210104,-49.3395424626,POINT (-49.3395424626 -25.4317210104)
2014-05-27 11:53:30.000000,-25.4317210104,-49.3395424626,POINT (-49.3395424626 -25.4317210104)
2014-05-27 11:53:40.000000,-25.4317210104,-49.3395424626,POINT (-49.3395424626 -25.4317210104)
2014-05-27 11:53:50.000000,-25.4317210104,-49.3395424626,POINT (-49.3395424626 -25.4317210104)
2014-05-27 11:54:00.000000,-25.4317210104,-49.3395424626,POINT (-49.3395424626 -25.4317210104)
2014-05-27 11:54:10.000000,-25.4317210104,-49.3395424626,POINT (-49.3395424626 -25.4317210104)
2014-05-27 11:54:20.000000,-25.4317210104,-49.3395424626,POINT (-49.3395424626 -25.4317210104)
2014-05-27 11:54:30.000000,-25.4317210104,-49.3395424626,POINT (-49.3395424626 -25.4317210104)
2014-05-27 11:54:40.000000,-25.4317210104,-49.3395424626,POINT (-49.3395424626 -25.4317210104)
2014-05-27 11:54:50.000000,-25.4317210104,-49.3395424626,POINT (-49.3395424626 -25.4317210104)
2014-05-27 11:55:00.000000,-25.4317210104,-49.3395424626,POINT (-49.3395424626 -25.4317210104)
2014-05-27 11:55:10.000000,-25.4317210104,-49.3395424626,POINT (-49.3395424626 -25.4317210104)
2014-05-27 11:55:20.000000,-25.4317210104,-49.3395424626,POINT (-49.3395424626 -25.4317210104)
2014-05-27 11:55:30.000000,-25.4317210104,-49.3395424626,POINT (-49.3395424626 -25.4317210104)
2014-05-27 11:55:40.000000,-25.4317210104,-49.3395424626,POINT (-49.3395424626 -25.4317210104)
2014-05-27 11:55:50.000000,-25.4317210104,-49.3395424626,POINT (-49.3395424626 -25.4317210104)
2014-05-27 11:56:00.000000,-25.4317210104,-49.3395424626,POINT (-49.3395424626 -25.4317210104)
2014-05-27 11:56:10.000000,-25.4317210104,-49.3395424626,POINT (-49.3395424626 -25.4317210104)
2014-05-27 11:56:20.000000,-25.4317210104,-49.3395424626,POINT (-49.3395424626 -25.4317210104)
2014-05-27 11:56:30.000000,-25.4317210104,-49.3395424626,POINT (-49.3395424626 -25.4317210104)
2014-05-27 11:56:40.000000,-25.4317210104,-49.3395424626,POINT (-49.3395424626 -25.4317210104)
2014-05-27 11:56:50.000000,-25.4317210104,-49.3395424626,POINT (-49.3395424626 -25.4317210104)
2014-05-27 11:57:00.000000,-25.4317210104,-49.3395424626,POINT (-49.3395424626 -25.4317210104)
2014-05-27 11:57:10.000000,-25.4317210104,-49.3395424626,POINT (-49.3395424626 -25.4317210104)
2014-05-27 11:57:20.000000,-25.4317210104,-49.3395424626,POINT (-49.3395424626 -25.4317210104)
2014-05-27 11:57:30.000000,-25.4317210104,-49.3395424626,POINT (-49.3395424626 -25.4317210104)
2014-05-27 11:57:40.000000,-25.4317210104,-49.3395424626,POINT (-49.3395424626 -25.4317210104)
2014-05-27 11:57:50.000000,-25.4317210104,-49.3395424626,POINT (-49.3395424626 -25.4317210104)
2014-05-27 11:58:00.000000,-25.4317210104,-49.3395424626,POINT (-49.3395424626 -25.4317210104)
2014-05-27 11:58:10.000000,-25.4317210104,-49.3395424626,POINT (-49.3395424626 -25.4317210104)
2014-05-27 11:58:20.000000,-25.4317210104,-49.3395424626,POINT (-49.3395424626 -25.4317210104)
2014-05-27 11:58:30.000000,-25.4317210104,-49.3395424626,POINT (-49.3395424626 -25.4317210104)
2014-05-27 11:58:40.000000,-25.4317210104,-49.3395424626,POINT (-49.3395424626 -25.4317210104)
2014-05-27 11:58:50.000000,-25.4317210104,-49.3395424626,POINT (-49.3395424626 -25.4317210104)
2014-05-27 11:59:00.000000,-25.4317210104,-49.3395424626,POINT (-49.3395424626 -25.4317210104)
2014-05-27 11:59:10.000000,-25.4317210104,-49.3395424626,POINT (-49.3395424626 -25.4317210104)
2014-05-27 11:59:20.000000,-25.4317210104,-49.3395424626,POINT (-49.3395424626 -25.4317210104)
2014-05-27 11:59:30.000000,-25.4317210104,-49.3395424626,POINT (-49.3395424626 -25.4317210104)
2014-05-27 11:59:40.000000,-25.4317210104,-49.3395424626,POINT (-49.3395424626 -25.4317210104)
2014-05-27 11:59:50.000000,-25.4317210104,-49.3395424626,POINT (-49.3395424626 -25.4317210104)
2014-05-27 12:00:00.000000,-25.4317210104,-49.3395424626,POINT (-49.3395424626 -25.4317210104)
2014-05-27 12:00:10.000000,-25.4317210104,-49.3395424626,POINT (-49.3395424626 -25.4317210104)
2014-05-27 12:00:20.000000,-25.4317210104,-49.3395424626,POINT (-49.3395424626 -25.4317210104)
2014-05-27 12:00:30.000000,-25.4317210104,-49.3395424626,POINT (-49.3395424626 -25.4317210104)
2014-05-27 12:00:40.000000,-25.4317210104,-49.3395424626,POINT (-49.3395424626 -25.4317210104)
2014-05-27 12:00:50.000000,-25.4317210104,-49.3395424626,POINT (-49.3395424626 -25.4317210104)
2014-05-27 12:01:00.000000,-25.4317210104,-49.3395424626,POINT (-49.3395424626 -25.4317210104)
2014-05-27 12:01:10.000000,-25.4317210104,-49.3395424626,POINT (-49.3395424626 -25.4317210104)
2014-05-27 12:01:20.000000,-25.4317210104,-49.3395424626,POINT (-49.3395424626 -25.4317210104)
2014-05-27 12:01:30.000000,-25.4317210104,-49.3395424626,POINT (-49.3395424626 -25.4317210104)
2014-05-27 12:01:40.000000,-25.4317210104,-49.3395424626,POINT (-49.3395424626 -25.4317210104)
2014-05-27 12:01:50.000000,-25.4317210104,-49.3395424626,POINT (-49.3395424626 -25.4317210104)
2014-05-27 12:02:00.000000,-25.4317210104,-49.3395424626,POINT (-49.3395424626 -25.4317210104)
2014-05-27 12:02:10.000000,-25.4317210104,-49.3395424626,POINT (-49.3395424626 -25.4317210104)
2014-05-27 12:02:20.000000,-25.4317210104,-49.3395424626,POINT (-49.3395424626 -25.4317210104)
2014-05-27 12:02:30.000000,-25.4317210104,-49.3395424626,POINT (-49.3395424626 -25.4317210104)
2014-05-27 12:02:40.000000,-25.4317210104,-49.3395424626,POINT (-49.3395424626 -25.4317210104)
2014-05-27 12:02:50.000000,-25.4317210104,-49.3395424626,POINT (-49.3395424626 -25.4317210104)
2014-05-27 12:03:00.000000,-25.4317210104,-49.3395424626,POINT (-49.3395424626 -25.4317210104)
2014-05-27 12:03:10.000000,-25.4317210104,-49.3395424626,POINT (-49.3395424626 -25.4317210104)
2014-05-27 12:03:20.000000,-25.4317210104,-49.3395424626,POINT (-49.3395424626 -25.4317210104)
2014-05-27 12:03:30.000000,-25.4317210104,-49.3395424626,POINT (-49.3395424626 -25.4317210104)
2014-05-27 12:03:40.000000,-25.4317210104,-49.3395424626,POINT (-49.3395424626 -25.4317210104)
2014-05-27 12:03:50.000000,-25.4317210104,-49.3395424626,POINT (-49.3395424626 -25.4317210104)
2014-05-27 12:04:00.000000,-25.4317210104,-49.3395424626,POINT (-49.3395424626 -25.4317210104)
2014-05-27 12:04:10.000000,-25.4317210104,-49.3395424626,POINT (-49.3395424626 -25.4317210104)
2014-05-27 12:04:20.000000,-25.4317210104,-49.3395424626,POINT (-49.3395424626 -25.4317210104)
2014-05-27 12:04:30.000000,-25.4317210104,-49.3395424626,POINT (-49.3395424626 -25.4317210104)
2014-05-27 12:04:40.000000,-25.4317210104,-49.3395424626,POINT (-49.3395424626 -25.4317210104)
2014-05-27 12:04:50.000000,-25.4317210104,-49.3395424626,POINT (-49.3395424626 -25.4317210104)
2014-05-27 12:05:00.000000,-25.4317210104,-49.3395424626,POINT (-49.3395424626 -25.4317210104)
2014-05-27 12:05:10.000000,-25.4317210104,-49.3395424626,POINT (-49.3395424626 -25.4317210104)
2014-05-27 12:05:20.000000,-25.4317210104,-49.3395424626,POINT (-49.3395424626 -25.4317210104)
2014-05-27 12:05:30.000000,-25.4317210104,-49.3395424626,POINT (-49.3395424626 -25.4317210104)
2014-05-27 12:05:40.000000,-25.4317210104,-49.3395424626,POINT (-49.3395424626 -25.4317210104)
2014-05-27 12:05:50.000000,-25.4317210104,-49.3395424626,POINT (-49.3395424626 -25.4317210104)
2014-05-27 12:06:00.000000,-25.4317210104,-49.3395424626,POINT (-49.3395424626 -25.4317210104)
2014-05-27 12:06:10.000000,-25.4317210104,-49.3395424626,POINT (-49.3395424626 -25.4317210104)
2014-05-27 12:06:20.000000,-25.4317210104,-49.3395424626,POINT (-49.3395424626 -25.4317210104)
2014-05-27 12:06:30.000000,-25.4317210104,-49.3395424626,POINT (-49.3395424626 -25.4317210104)
2014-05-27 12:06:40.000000,-25.4317210104,-49.3395424626,POINT (-49.3395424626 -25.4317210104)
2014-05-27 12:06:50.000000,-25.4317210104,-49.3395424626,POINT (-49.3395424626 -25.4317210104)
2014-05-27 12:07:00.000000,-25.4317210104,-49.3395424626,POINT (-49.3395424626 -25.4317210104)
2014-05-27 12:07:10.000000,-25.4317210104,-49.3395424626,POINT (-49.3395424626 -25.4317210104)
2014-05-27 12:07:20.000000,-25.4317210104,-49.3395424626,POINT (-49.3395424626 -25.4317210104)
2014-05-27 12:07:30.000000,-25.4317210104,-49.3395424626,POINT (-49.3395424626 -25.4317210104)
2014-05-27 12:07:40.000000,-25.4317210104,-49.3395424626,POINT (-49.3395424626 -25.4317210104)
2014-05-27 12:07:50.000000,-25.4317210104,-49.3395424626,POINT (-49.3395424626 -25.4317210104)
2014-05-27 12:08:00.000000,-25.4317210104,-49.3395424626,POINT (-49.3395424626 -25.4317210104)
2014-05-27 12:08:10.000000,-25.4317210104,-49.3395424626,POINT (-49.3395424626 -25.4317210104)
2014-05-27 12:08:20.000000,-25.4317210104,-49.3395424626,POINT (-49.3395424626 -25.4317210104)
2014-05-27 12:08:30.000000,-25.4317210104,-49.3395424626,POINT (-49.3395424626 -25.4317210104)
2014-05-27 12:08:40.000000,-25.4317210104,-49.3395424626,POINT (-49.3395424626 -25.4317210104)
2014-05-27 12:08:50.000000,-25.4317210104,-49.3395424626,POINT (-49.3395424626 -25.4317210104)
2014-05-27 12:09:00.000000,-25.4317210104,-49.3395424626,POINT (-49.3395424626 -25.4317210104)
2014-05-27 12:09:10.000000,-25.4317210104,-49.3395424626,POINT (-49.3395424626 -25.4317210104)
2014-05-27 12:09:20.000000,-25.4317210104,-49.3395424626,POINT (-49.3395424626 -25.4317210104)
2014-05-27 12:09:30.000000,-25.4317210104,-49.3395424626,POINT (-49.3395424626 -25.4317210104)
2014-05-27 12:09:40.000000,-25.4317210104,-49.3395424626,POINT (-49.3395424626 -25.4317210104)
2014-05-27 12:09:50.000000,-25.4317210104,-49.3395424626,POINT (-49.3395424626 -25.4317210104)
2014-05-27 12:10:00.000000,-25.4317210104,-49.3395424626,POINT (-49.3395424626 -25.4317210104)
2014-05-27 12:10:10.000000,-25.4317210104,-49.3395424626,POINT (-49.3395424626 -25.4317210104)
2014-05-27 12:10:20.000000,-25.4317210104,-49.3395424626,POINT (-49.3395424626 -25.4317210104)
2014-05-27 12:10:30.000000,-25.4317210104,-49.3395424626,POINT (-49.3395424626 -25.4317210104)
2014-05-27 12:10:40.000000,-25.4317210104,-49.3395424626,POINT (-49.3395424626 -25.4317210104)
2014-05-27 12:10:50.000000,-25.4317210104,-49.3395424626,POINT (-49.3395424626 -25.4317210104)
2014-05-27 12:11:00.000000,-25.4317210104,-49.3395424626,POINT (-49.3395424626 -25.4317210104)
2014-05-27 12:11:10.000000,-25.4317210104,-49.3395424626,POINT (-49.3395424626 -25.4317210104)
2014-05-27 12:11:20.000000,-25.4317210104,-49.3395424626,POINT (-49.3395424626 -25.4317210104)
2014-05-27 12:11:30.000000,-25.4317210104,-49.3395424626,POINT (-49.3395424626 -25.4317210104)
2014-05-27 12:11:40.000000,-25.4317210104,-49.3395424626,POINT (-49.3395424626 -25.4317210104)
2014-05-27 12:11:50.000000,-25.4317210104,-49.3395424626,POINT (-49.3395424626 -25.4317210104)
2014-05-27 12:12:00.000000,-25.4317210104,-49.3395424626,POINT (-49.3395424626 -25.4317210104)
2014-05-27 12:12:10.000000,-25.4317210104,-49.3395424626,POINT (-49.3395424626 -25.4317210104)
2014-05-27 12:12:20.000000,-25.4317210104,-49.3395424626,POINT (-49.3395424626 -25.4317210104)
2014-05-27 12:12:30.000000,-25.4317210104,-49.3395424626,POINT (-49.3395424626 -25.4317210104)
2014-05-27 12:12:40.000000,-25.4317210104,-49.3395424626,POINT (-49.3395424626 -25.4317210104)
2014-05-27 12:12:50.000000,-25.4317210104,-49.3395424626,POINT (-49.3395424626 -25.4317210104)
2014-05-27 12:13:00.000000,-25.4317210104,-49.3395424626,POINT (-49.3395424626 -25.4317210104)
2014-05-27 12:13:10.000000,-25.4317210104,-49.3395424626,POINT (-49.3395424626 -25.4317210104)
2014-05-27 12:13:20.000000,-25.4317210104,-49.3395424626,POINT (-49.3395424626 -25.4317210104)
2014-05-27 12:13:30.000000,-25.4317210104,-49.3395424626,POINT (-49.3395424626 -25.4317210104)
2014-05-27 12:13:40.000000,-25.4317210104,-49.3395424626,POINT (-49.3395424626 -25.4317210104)
2014-05-27 12:13:50.000000,-25.4317210104,-49.3395424626,POINT (-49.3395424626 -25.4317210104)
2014-05-27 12:14:00.000000,-25.4317210104,-49.3395424626,POINT (-49.3395424626 -25.4317210104)
2014-05-27 12:14:10.000000,-25.4317210104,-49.3395424626,POINT (-49.3395424626 -25.4317210104)
2014-05-27 12:14:20.000000,-25.4317210104,-49.3395424626,POINT (-49.3395424626 -25.4317210104)
2014-05-27 12:14:30.000000,-25.4317210104,-49.3395424626,POINT (-49.3395424626 -25.4317210104)
2014-05-27 12:14:40.000000,-25.4317210104,-49.3395424626,POINT (-49.3395424626 -25.4317210104)
2014-05-27 12:14:50.000000,-25.4317210104,-49.3395424626,POINT (-49.3395424626 -25.4317210104)
2014-05-27 12:15:00.000000,-25.4317210104,-49.3395424626,POINT (-49.3395424626 -25.4317210104)
2014-05-27 12:15:10.000000,-25.4317210104,-49.3395424626,POINT (-49.3395424626 -25.4317210104)
2014-05-27 12:15:20.000000,-25.4317210104,-49.3395424626,POINT (-49.3395424626 -25.4317210104)
2014-05-27 12:15:30.000000,-25.4317210104,-49.3395424626,POINT (-49.3395424626 -25.4317210104)
2014-05-27 12:15:40.000000,-25.4317210104,-49.3395424626,POINT (-49.3395424626 -25.4317210104)
2014-05-27 12:15:50.000000,-25.4317210104,-49.3395424626,POINT (-49.3395424626 -25.4317210104)
2014-05-27 12:16:00.000000,-25.4317210104,-49.3395424626,POINT (-49.3395424626 -25.4317210104)
2014-05-27 12:16:10.000000,-25.4317210104,-49.3395424626,POINT (-49.3395424626 -25.4317210104)
2014-05-27 12:16:20.000000,-25.4317210104,-49.3395424626,POINT (-49.3395424626 -25.4317210104)
2014-05-27 12:16:30.000000,-25.4317210104,-49.3395424626,POINT (-49.3395424626 -25.4317210104)
2014-05-27 12:16:40.000000,-25.4317210104,-49.3395424626,POINT (-49.3395424626 -25.4317210104)
2014-05-27 12:16:50.000000,-25.4317210104,-49.3395424626,POINT (-49.3395424626 -25.4317210104)
2014-05-27 12:17:00.000000,-25.4317210104,-49.3395424626,POINT (-49.3395424626 -25.4317210104)
2014-05-27 12:17:10.000000,-25.4317210104,-49.3395424626,POINT (-49.3395424626 -25.4317210104)
2014-05-27 12:17:20.000000,-25.4317210104,-49.3395424626,POINT (-49.3395424626 -25.4317210104)
2014-05-27 12:17:30.000000,-25.4317210104,-49.3395424626,POINT (-49.3395424626 -25.4317210104)
2014-05-27 12:17:40.000000,-25.4317210104,-49.3395424626,POINT (-49.3395424626 -25.4317210104)
2014-05-27 12:17:50.000000,-25.4317210104,-49.3395424626,POINT (-49.3395424626 -25.4317210104)
2014-05-27 12:18:00.000000,-25.4317210104,-49.3395424626,POINT (-49.3395424626 -25.4317210104)
2014-05-27 12:18:10.000000,-25.4317210104,-49.3395424626,POINT (-49.3395424626 -25.4317210104)
2014-05-27 12:18:20.000000,-25.4317210104,-49.3395424626,POINT (-49.3395424626 -25.4317210104)
2014-05-27 12:18:30.000000,-25.4317210104,-49.3395424626,POINT (-49.3395424626 -25.4317210104)
2014-05-27 12:18:40.000000,-25.4317210104,-49.3395424626,POINT (-49.3395424626 -25.4317210104)
2014-05-27 12:18:50.000000,-25.4317210104,-49.3395424626,POINT (-49.3395424626 -25.4317210104)
2014-05-27 12:19:00.000000,-25.4317210104,-49.3395424626,POINT (-49.3395424626 -25.4317210104)
2014-05-27 12:19:10.000000,-25.4317210104,-49.3395424626,POINT (-49.3395424626 -25.4317210104)
2014-05-27 12:19:20.000000,-25.4317210104,-49.3395424626,POINT (-49.3395424626 -25.4317210104)
2014-05-27 12:19:30.000000,-25.4317210104,-49.3395424626,POINT (-49.3395424626 -25.4317210104)
2014-05-27 12:19:40.000000,-25.4317210104,-49.3395424626,POINT (-49.3395424626 -25.4317210104)
2014-05-27 12:19:50.000000,-25.4317210104,-49.3395424626,POINT (-49.3395424626 -25.4317210104)
2014-05-27 12:20:00.000000,-25.4317210104,-49.3395424626,POINT (-49.3395424626 -25.4317210104)
2014-05-27 12:20:10.000000,-25.4317210104,-49.3395424626,POINT (-49.3395424626 -25.4317210104)
2014-05-27 12:20:20.000000,-25.4317210104,-49.3395424626,POINT (-49.3395424626 -25.4317210104)
2014-05-27 12:20:30.000000,-25.4317210104,-49.3395424626,POINT (-49.3395424626 -25.4317210104)
2014-05-27 12:20:40.000000,-25.4317210104,-49.3395424626,POINT (-49.3395424626 -25.4317210104)
2014-05-27 12:20:50.000000,-25.4317210104,-49.3395424626,POINT (-49.3395424626 -25.4317210104)
2014-05-27 12:21:00.000000,-25.4317210104,-49.3395424626,POINT (-49.3395424626 -25.4317210104)
2014-05-27 12:21:10.000000,-25.4317210104,-49.3395424626,POINT (-49.3395424626 -25.4317210104)
2014-05-27 12:21:20.000000,-25.4317210104,-49.3395424626,POINT (-49.3395424626 -25.4317210104)
2014-05-27 12:21:30.000000,-25.4317210104,-49.3395424626,POINT (-49.3395424626 -25.4317210104)
2014-05-27 12:21:40.000000,-25.4317210104,-49.3395424626,POINT (-49.3395424626 -25.4317210104)
2014-05-27 12:21:50.000000,-25.4317210104,-49.3395424626,POINT (-49.3395424626 -25.4317210104)
2014-05-27 12:22:00.000000,-25.4317210104,-49.3395424626,POINT (-49.3395424626 -25.4317210104)
2014-05-27 12:22:10.000000,-25.4317210104,-49.3395424626,POINT (-49.3395424626 -25.4317210104)
2014-05-27 12:22:20.000000,-25.4317210104,-49.3395424626,POINT (-49.3395424626 -25.4317210104)
2014-05-27 12:22:30.000000,-25.4317210104,-49.3395424626,POINT (-49.3395424626 -25.4317210104)
2014-05-27 12:22:40.000000,-25.4317210104,-49.3395424626,POINT (-49.3395424626 -25.4317210104)
2014-05-27 12:22:50.000000,-25.4317210104,-49.3395424626,POINT (-49.3395424626 -25.4317210104)
2014-05-27 12:23:00.000000,-25.4317210104,-49.3395424626,POINT (-49.3395424626 -25.4317210104)
2014-05-27 12:23:10.000000,-25.4317210104,-49.3395424626,POINT (-49.3395424626 -25.4317210104)
2014-05-27 12:23:20.000000,-25.4317210104,-49.3395424626,POINT (-49.3395424626 -25.4317210104)
2014-05-27 12:23:30.000000,-25.4317210104,-49.3395424626,POINT (-49.3395424626 -25.4317210104)
2014-05-27 12:23:40.000000,-25.4317210104,-49.3395424626,POINT (-49.3395424626 -25.4317210104)
2014-05-27 12:23:50.000000,-25.4317210104,-49.3395424626,POINT (-49.3395424626 -25.4317210104)
2014-05-27 12:24:00.000000,-25.4317210104,-49.3395424626,POINT (-49.3395424626 -25.4317210104)
2014-05-27 12:24:10.000000,-25.4317210104,-49.3395424626,POINT (-49.3395424626 -25.4317210104)
2014-05-27 12:24:20.000000,-25.4317210104,-49.3395424626,POINT (-49.3395424626 -25.4317210104)
2014-05-27 12:24:30.000000,-25.4317210104,-49.3395424626,POINT (-49.3395424626 -25.4317210104)
2014-05-27 12:24:40.000000,-25.4317210104,-49.3395424626,POINT (-49.3395424626 -25.4317210104)
2014-05-27 12:24:50.000000,-25.4317210104,-49.3395424626,POINT (-49.3395424626 -25.4317210104)
2014-05-27 12:25:00.000000,-25.4317210104,-49.3395424626,POINT (-49.3395424626 -25.4317210104)
2014-05-27 12:25:10.000000,-25.4317210104,-49.3395424626,POINT (-49.3395424626 -25.4317210104)
2014-05-27 12:25:20.000000,-25.4317210104,-49.3395424626,POINT (-49.3395424626 -25.4317210104)
2014-05-27 12:25:30.000000,-25.4317210104,-49.3395424626,POINT (-49.3395424626 -25.4317210104)
2014-05-27 12:25:40.000000,-25.4317210104,-49.3395424626,POINT (-49.3395424626 -25.4317210104)
2014-05-27 12:25:50.000000,-25.4317210104,-49.3395424626,POINT (-49.3395424626 -25.4317210104)
2014-05-27 12:26:00.000000,-25.4317210104,-49.3395424626,POINT (-49.3395424626 -25.4317210104)
2014-05-27 12:26:10.000000,-25.4317210104,-49.3395424626,POINT (-49.3395424626 -25.4317210104)
2014-05-27 12:26:20.000000,-25.4317210104,-49.3395424626,POINT (-49.3395424626 -25.4317210104)
2014-05-27 12:26:30.000000,-25.4317210104,-49.3395424626,POINT (-49.3395424626 -25.4317210104)
2014-05-27 12:26:40.000000,-25.4317210104,-49.3395424626,POINT (-49.3395424626 -25.4317210104)
2014-05-27 12:26:50.000000,-25.4317210104,-49.3395424626,POINT (-49.3395424626 -25.4317210104)
2014-05-27 12:27:00.000000,-25.4317210104,-49.3395424626,POINT (-49.3395424626 -25.4317210104)
2014-05-27 12:27:10.000000,-25.4317210104,-49.3395424626,POINT (-49.3395424626 -25.4317210104)
2014-05-27 12:27:20.000000,-25.4317210104,-49.3395424626,POINT (-49.3395424626 -25.4317210104)
2014-05-27 12:27:30.000000,-25.4317210104,-49.3395424626,POINT (-49.3395424626 -25.4317210104)
2014-05-27 12:27:40.000000,-25.4317210104,-49.3395424626,POINT (-49.3395424626 -25.4317210104)
2014-05-27 12:27:50.000000,-25.4317210104,-49.3395424626,POINT (-49.3395424626 -25.4317210104)
2014-05-27 12:28:00.000000,-25.4317210104,-49.3395424626,POINT (-49.3395424626 -25.4317210104)
2014-05-27 12:28:10.000000,-25.4317210104,-49.3395424626,POINT (-49.3395424626 -25.4317210104)
2014-05-27 12:28:20.000000,-25.4317210104,-49.3395424626,POINT (-49.3395424626 -25.4317210104)
2014-05-27 12:28:30.000000,-25.4317210104,-49.3395424626,POINT (-49.3395424626 -25.4317210104)
2014-05-27 12:28:40.000000,-25.4317210104,-49.3395424626,POINT (-49.3395424626 -25.4317210104)
2014-05-27 12:28:50.000000,-25.4317210104,-49.3395424626,POINT (-49.3395424626 -25.4317210104)
2014-05-27 12:29:00.000000,-25.4317210104,-49.3395424626,POINT (-49.3395424626 -25.4317210104)
2014-05-27 12:29:10.000000,-25.4317210104,-49.3395424626,POINT (-49.3395424626 -25.4317210104)
2014-05-27 12:29:20.000000,-25.4317210104,-49.3395424626,POINT (-49.3395424626 -25.4317210104)
2014-05-27 12:29:30.000000,-25.4317210104,-49.3395424626,POINT (-49.3395424626 -25.4317210104)
2014-05-27 12:29:40.000000,-25.4317210104,-49.3395424626,POINT (-49.3395424626 -25.4317210104)
2014-05-27 12:29:50.000000,-25.4317210104,-49.3395424626,POINT (-49.3395424626 -25.4317210104)
2014-05-27 12:30:00.000000,-25.4317210104,-49.3395424626,POINT (-49.3395424626 -25.4317210104)
2014-05-27 12:30:10.000000,-25.4317210104,-49.3395424626,POINT (-49.3395424626 -25.4317210104)
2014-05-27 12:30:20.000000,-25.4317210104,-49.3395424626,POINT (-49.3395424626 -25.4317210104)
2014-05-27 12:30:30.000000,-25.4317210104,-49.3395424626,POINT (-49.3395424626 -25.4317210104)
2014-05-27 12:30:40.000000,-25.4317210104,-49.3395424626,POINT (-49.3395424626 -25.4317210104)
2014-05-27 12:30:50.000000,-25.4317210104,-49.3395424626,POINT (-49.3395424626 -25.4317210104)
2014-05-27 12:31:00.000000,-25.4317210104,-49.3395424626,POINT (-49.3395424626 -25.4317210104)
2014-05-27 12:31:10.000000,-25.4317210104,-49.3395424626,POINT (-49.3395424626 -25.4317210104)
2014-05-27 12:31:20.000000,-25.4317210104,-49.3395424626,POINT (-49.3395424626 -25.4317210104)
2014-05-27 12:31:30.000000,-25.4317210104,-49.3395424626,POINT (-49.3395424626 -25.4317210104)
2014-05-27 12:31:40.000000,-25.4317210104,-49.3395424626,POINT (-49.3395424626 -25.4317210104)
2014-05-27 12:31:50.000000,-25.4317210104,-49.3395424626,POINT (-49.3395424626 -25.4317210104)
2014-05-27 12:32:00.000000,-25.4317210104,-49.3395424626,POINT (-49.3395424626 -25.4317210104)
2014-05-27 12:32:10.000000,-25.4317210104,-49.3395424626,POINT (-49.3395424626 -25.4317210104)
2014-05-27 12:32:20.000000,-25.4317210104,-49.3395424626,POINT (-49.3395424626 -25.4317210104)
2014-05-27 12:32:30.000000,-25.4317210104,-49.3395424626,POINT (-49.3395424626 -25.4317210104)
2014-05-27 12:32:40.000000,-25.4317210104,-49.3395424626,POINT (-49.3395424626 -25.4317210104)
2014-05-27 12:32:50.000000,-25.4317210104,-49.3395424626,POINT (-49.3395424626 -25.4317210104)
2014-05-27 12:33:00.000000,-25.4317210104,-49.3395424626,POINT (-49.3395424626 -25.4317210104)
2014-05-27 12:33:10.000000,-25.4317210104,-49.3395424626,POINT (-49.3395424626 -25.4317210104)
2014-05-27 12:33:20.000000,-25.4317210104,-49.3395424626,POINT (-49.3395424626 -25.4317210104)
2014-05-27 12:33:30.000000,-25.4317210104,-49.3395424626,POINT (-49.3395424626 -25.4317210104)
2014-05-27 12:33:40.000000,-25.4317210104,-49.3395424626,POINT (-49.3395424626 -25.4317210104)
2014-05-27 12:33:50.000000,-25.4317210104,-49.3395424626,POINT (-49.3395424626 -25.4317210104)
2014-05-27 12:34:00.000000,-25.4317210104,-49.3395424626,POINT (-49.3395424626 -25.4317210104)
2014-05-27 12:34:10.000000,-25.4317210104,-49.3395424626,POINT (-49.3395424626 -25.4317210104)
2014-05-27 12:34:20.000000,-25.4317210104,-49.3395424626,POINT (-49.3395424626 -25.4317210104)
2014-05-27 12:34:30.000000,-25.4317210104,-49.3395424626,POINT (-49.3395424626 -25.4317210104)
2014-05-27 12:34:40.000000,-25.4317210104,-49.3395424626,POINT (-49.3395424626 -25.4317210104)
2014-05-27 12:34:50.000000,-25.4317210104,-49.3395424626,POINT (-49.3395424626 -25.4317210104)
2014-05-27 12:35:00.000000,-25.4317210104,-49.3395424626,POINT (-49.3395424626 -25.4317210104)
2014-05-27 12:35:10.000000,-25.4317210104,-49.3395424626,POINT (-49.3395424626 -25.4317210104)
2014-05-27 12:35:20.000000,-25.4317210104,-49.3395424626,POINT (-49.3395424626 -25.4317210104)
2014-05-27 12:35:30.000000,-25.4317210104,-49.3395424626,POINT (-49.3395424626 -25.4317210104)
2014-05-27 12:35:40.000000,-25.4317210104,-49.3395424626,POINT (-49.3395424626 -25.4317210104)
2014-05-27 12:35:50.000000,-25.4317210104,-49.3395424626,POINT (-49.3395424626 -25.4317210104)
2014-05-27 12:36:00.000000,-25.4317210104,-49.3395424626,POINT (-49.3395424626 -25.4317210104)
2014-05-27 12:36:10.000000,-25.4317210104,-49.3395424626,POINT (-49.3395424626 -25.4317210104)
2014-05-27 12:36:20.000000,-25.4317210104,-49.3395424626,POINT (-49.3395424626 -25.4317210104)
2014-05-27 12:36:30.000000,-25.4317210104,-49.3395424626,POINT (-49.3395424626 -25.4317210104)
2014-05-27 12:36:40.000000,-25.4317210104,-49.3395424626,POINT (-49.3395424626 -25.4317210104)
2014-05-27 12:36:50.000000,-25.4317210104,-49.3395424626,POINT (-49.3395424626 -25.4317210104)
2014-05-27 12:37:00.000000,-25.4317210104,-49.3395424626,POINT (-49.3395424626 -25.4317210104)
2014-05-27 12:37:10.000000,-25.4317210104,-49.3395424626,POINT (-49.3395424626 -25.4317210104)
2014-05-27 12:37:20.000000,-25.4317210104,-49.3395424626,POINT (-49.3395424626 -25.4317210104)
2014-05-27 12:37:30.000000,-25.4317210104,-49.3395424626,POINT (-49.3395424626 -25.4317210104)
2014-05-27 12:37:40.000000,-25.4317210104,-49.3395424626,POINT (-49.3395424626 -25.4317210104)
2014-05-27 12:37:50.000000,-25.4317210104,-49.3395424626,POINT (-49.3395424626 -25.4317210104)
2014-05-27 12:38:00.000000,-25.4317210104,-49.3395424626,POINT (-49.3395424626 -25.4317210104)
2014-05-27 12:38:10.000000,-25.4317210104,-49.3395424626,POINT (-49.3395424626 -25.4317210104)
2014-05-27 12:38:20.000000,-25.4317210104,-49.3395424626,POINT (-49.3395424626 -25.4317210104)
2014-05-27 12:38:30.000000,-25.4317210104,-49.3395424626,POINT (-49.3395424626 -25.4317210104)
2014-05-27 12:38:40.000000,-25.4317210104,-49.3395424626,POINT (-49.3395424626 -25.4317210104)
2014-05-27 12:38:50.000000,-25.4317210104,-49.3395424626,POINT (-49.3395424626 -25.4317210104)
2014-05-27 12:39:00.000000,-25.4317210104,-49.3395424626,POINT (-49.3395424626 -25.4317210104)
2014-05-27 12:39:10.000000,-25.4317210104,-49.3395424626,POINT (-49.3395424626 -25.4317210104)
2014-05-27 12:39:20.000000,-25.4317210104,-49.3395424626,POINT (-49.3395424626 -25.4317210104)
2014-05-27 12:39:30.000000,-25.4317210104,-49.3395424626,POINT (-49.3395424626 -25.4317210104)
2014-05-27 12:39:40.000000,-25.4317210104,-49.3395424626,POINT (-49.3395424626 -25.4317210104)
2014-05-27 12:39:50.000000,-25.4317210104,-49.3395424626,POINT (-49.3395424626 -25.4317210104)
2014-05-27 12:40:00.000000,-25.4317210104,-49.3395424626,POINT (-49.3395424626 -25.4317210104)
2014-05-27 12:40:10.000000,-25.4317210104,-49.3395424626,POINT (-49.3395424626 -25.4317210104)
2014-05-27 12:40:20.000000,-25.4317210104,-49.3395424626,POINT (-49.3395424626 -25.4317210104)
2014-05-27 12:40:30.000000,-25.4317210104,-49.3395424626,POINT (-49.3395424626 -25.4317210104)
2014-05-27 12:40:40.000000,-25.4317210104,-49.3395424626,POINT (-49.3395424626 -25.4317210104)
2014-05-27 12:40:50.000000,-25.4317210104,-49.3395424626,POINT (-49.3395424626 -25.4317210104)
2014-05-27 12:41:00.000000,-25.4317210104,-49.3395424626,POINT (-49.3395424626 -25.4317210104)
2014-05-27 12:41:10.000000,-25.4317210104,-49.3395424626,POINT (-49.3395424626 -25.4317210104)
2014-05-27 12:41:20.000000,-25.4317210104,-49.3395424626,POINT (-49.3395424626 -25.4317210104)
2014-05-27 12:41:30.000000,-25.4317210104,-49.3395424626,POINT (-49.3395424626 -25.4317210104)
2014-05-27 12:41:40.000000,-25.4317210104,-49.3395424626,POINT (-49.3395424626 -25.4317210104)
2014-05-27 12:41:50.000000,-25.4317210104,-49.3395424626,POINT (-49.3395424626 -25.4317210104)
2014-05-27 12:42:00.000000,-25.4317210104,-49.3395424626,POINT (-49.3395424626 -25.4317210104)
2014-05-27 12:42:10.000000,-25.4317210104,-49.3395424626,POINT (-49.3395424626 -25.4317210104)
2014-05-27 12:42:20.000000,-25.4317210104,-49.3395424626,POINT (-49.3395424626 -25.4317210104)
2014-05-27 12:42:30.000000,-25.4317210104,-49.3395424626,POINT (-49.3395424626 -25.4317210104)
2014-05-27 12:42:40.000000,-25.4317210104,-49.3395424626,POINT (-49.3395424626 -25.4317210104)
2014-05-27 12:42:50.000000,-25.4317210104,-49.3395424626,POINT (-49.3395424626 -25.4317210104)
2014-05-27 12:43:00.000000,-25.4317210104,-49.3395424626,POINT (-49.3395424626 -25.4317210104)
2014-05-27 12:43:10.000000,-25.4317210104,-49.3395424626,POINT (-49.3395424626 -25.4317210104)
2014-05-27 12:43:20.000000,-25.4317210104,-49.3395424626,POINT (-49.3395424626 -25.4317210104)
2014-05-27 12:43:30.000000,-25.4317210104,-49.3395424626,POINT (-49.3395424626 -25.4317210104)
2014-05-27 12:43:40.000000,-25.4317210104,-49.3395424626,POINT (-49.3395424626 -25.4317210104)
2014-05-27 12:43:50.000000,-25.4317210104,-49.3395424626,POINT (-49.3395424626 -25.4317210104)
2014-05-27 12:44:00.000000,-25.4317210104,-49.3395424626,POINT (-49.3395424626 -25.4317210104)
2014-05-27 12:44:10.000000,-25.4317210104,-49.3395424626,POINT (-49.3395424626 -25.4317210104)
2014-05-27 12:44:20.000000,-25.4317210104,-49.3395424626,POINT (-49.3395424626 -25.4317210104)
2014-05-27 12:44:30.000000,-25.4317210104,-49.3395424626,POINT (-49.3395424626 -25.4317210104)
2014-05-27 12:44:40.000000,-25.4317210104,-49.3395424626,POINT (-49.3395424626 -25.4317210104)
2014-05-27 12:44:50.000000,-25.4317210104,-49.3395424626,POINT (-49.3395424626 -25.4317210104)
2014-05-27 12:45:00.000000,-25.4317210104,-49.3395424626,POINT (-49.3395424626 -25.4317210104)
2014-05-27 12:45:10.000000,-25.4317210104,-49.3395424626,POINT (-49.3395424626 -25.4317210104)
2014-05-27 12:45:20.000000,-25.4317210104,-49.3395424626,POINT (-49.3395424626 -25.4317210104)
2014-05-27 12:45:30.000000,-25.4317210104,-49.3395424626,POINT (-49.3395424626 -25.4317210104)
2014-05-27 12:45:40.000000,-25.4317210104,-49.3395424626,POINT (-49.3395424626 -25.4317210104)
2014-05-27 12:45:50.000000,-25.4317210104,-49.3395424626,POINT (-49.3395424626 -25.4317210104)
2014-05-27 12:46:00.000000,-25.4317210104,-49.3395424626,POINT (-49.3395424626 -25.4317210104)
2014-05-27 12:46:10.000000,-25.4317210104,-49.3395424626,POINT (-49.3395424626 -25.4317210104)
2014-05-27 12:46:20.000000,-25.4317210104,-49.3395424626,POINT (-49.3395424626 -25.4317210104)
2014-05-27 12:46:30.000000,-25.4317210104,-49.3395424626,POINT (-49.3395424626 -25.4317210104)
2014-05-27 12:46:40.000000,-25.4317210104,-49.3395424626,POINT (-49.3395424626 -25.4317210104)
2014-05-27 12:46:50.000000,-25.4317210104,-49.3395424626,POINT (-49.3395424626 -25.4317210104)
2014-05-27 12:47:00.000000,-25.4317210104,-49.3395424626,POINT (-49.3395424626 -25.4317210104)
2014-05-27 12:47:10.000000,-25.4317210104,-49.3395424626,POINT (-49.3395424626 -25.4317210104)
2014-05-27 12:47:20.000000,-25.4317210104,-49.3395424626,POINT (-49.3395424626 -25.4317210104)
2014-05-27 12:47:30.000000,-25.4317210104,-49.3395424626,POINT (-49.3395424626 -25.4317210104)
2014-05-27 12:47:40.000000,-25.4317210104,-49.3395424626,POINT (-49.3395424626 -25.4317210104)
2014-05-27 12:47:50.000000,-25.4317210104,-49.3395424626,POINT (-49.3395424626 -25.4317210104)
2014-05-27 12:48:00.000000,-25.4317210104,-49.3395424626,POINT (-49.3395424626 -25.4317210104)
2014-05-27 12:48:10.000000,-25.4317210104,-49.3395424626,POINT (-49.3395424626 -25.4317210104)
2014-05-27 12:48:20.000000,-25.4317210104,-49.3395424626,POINT (-49.3395424626 -25.4317210104)
2014-05-27 12:48:30.000000,-25.4317210104,-49.3395424626,POINT (-49.3395424626 -25.4317210104)
2014-05-27 12:48:40.000000,-25.4317210104,-49.3395424626,POINT (-49.3395424626 -25.4317210104)
2014-05-27 12:48:50.000000,-25.4317210104,-49.3395424626,POINT (-49.3395424626 -25.4317210104)
2014-05-27 12:49:00.000000,-25.4317210104,-49.3395424626,POINT (-49.3395424626 -25.4317210104)
2014-05-27 12:49:10.000000,-25.4317210104,-49.3395424626,POINT (-49.3395424626 -25.4317210104)
2014-05-27 12:49:20.000000,-25.4317210104,-49.3395424626,POINT (-49.3395424626 -25.4317210104)
2014-05-27 12:49:30.000000,-25.4317210104,-49.3395424626,POINT (-49.3395424626 -25.4317210104)
2014-05-27 12:49:40.000000,-25.4317210104,-49.3395424626,POINT (-49.3395424626 -25.4317210104)
2014-05-27 12:49:50.000000,-25.4317210104,-49.3395424626,POINT (-49.3395424626 -25.4317210104)
2014-05-27 12:50:00.000000,-25.4317210104,-49.3395424626,POINT (-49.3395424626 -25.4317210104)
2014-05-27 12:50:10.000000,-25.4317210104,-49.3395424626,POINT (-49.3395424626 -25.4317210104)
2014-05-27 12:50:20.000000,-25.4317210104,-49.3395424626,POINT (-49.3395424626 -25.4317210104)
2014-05-27 12:50:30.000000,-25.4317210104,-49.3395424626,POINT (-49.3395424626 -25.4317210104)
2014-05-27 12:50:40.000000,-25.4317210104,-49.3395424626,POINT (-49.3395424626 -25.4317210104)
2014-05-27 12:50:50.000000,-25.4317210104,-49.3395424626,POINT (-49.3395424626 -25.4317210104)
2014-05-27 12:51:00.000000,-25.4317210104,-49.3395424626,POINT (-49.3395424626 -25.4317210104)
2014-05-27 12:51:10.000000,-25.4317210104,-49.3395424626,POINT (-49.3395424626 -25.4317210104)
2014-05-27 12:51:20.000000,-25.4317210104,-49.3395424626,POINT (-49.3395424626 -25.4317210104)
2014-05-27 12:51:30.000000,-25.4317210104,-49.3395424626,POINT (-49.3395424626 -25.4317210104)
2014-05-27 12:51:40.000000,-25.4317210104,-49.3395424626,POINT (-49.3395424626 -25.4317210104)
2014-05-27 12:51:51.287479,-25.4308844,-49.3388783,POINT (-49.3388783 -25.4308844)
2014-05-27 12:52:01.287479,-25.43382679361702,-49.33986239574468,POINT (-49.33986239574468 -25.43382679361702)
2014-05-27 12:52:11.287479,-25.436454212765955,-49.340738829787234,POINT (-49.340738829787234 -25.436454212765955)
2014-05-27 12:52:21.287479,-25.436771819148934,-49.340825744680856,POINT (-49.340825744680856 -25.436771819148934)
2014-05-27 12:52:31.287479,-25.437055085106383,-49.340900965957445,POINT (-49.340900965957445 -25.437055085106383)
2014-05-27 12:52:41.287479,-25.437229606382978,-49.34093915744681,POINT (-49.34093915744681 -25.437229606382978)
2014-05-27 12:52:51.287479,-25.437511017021276,-49.34105289148936,POINT (-49.34105289148936 -25.437511017021276)
2014-05-27 12:53:01.287479,-25.43798245319149,-49.341300923404255,POINT (-49.341300923404255 -25.43798245319149)
2014-05-27 12:53:11.287479,-25.43824085106383,-49.34145655531915,POINT (-49.34145655531915 -25.43824085106383)
2014-05-27 12:53:21.287479,-25.43826845744681,-49.341512087234044,POINT (-49.341512087234044 -25.43826845744681)
2014-05-27 12:53:31.287479,-25.438308829787236,-49.341730991489364,POINT (-49.341730991489364 -25.438308829787236)
2014-05-27 12:53:41.287479,-25.43835771276596,-49.34205881063829,POINT (-49.34205881063829 -25.43835771276596)
2014-05-27 12:53:51.287479,-25.438741280851065,-49.34251209361702,POINT (-49.34251209361702 -25.438741280851065)
2014-05-27 12:54:01.287479,-25.43925500425532,-49.343014168085105,POINT (-49.343014168085105 -25.43925500425532)
2014-05-27 12:54:11.287479,-25.4397362,-49.344185561702126,POINT (-49.344185561702126 -25.4397362)
2014-05-27 12:54:21.287479,-25.4402112,-49.34548444468085,POINT (-49.34548444468085 -25.4402112)
2014-05-27 12:54:31.287479,-25.440235,-49.34576664680851,POINT (-49.34576664680851 -25.440235)
2014-05-27 12:54:41.287479,-25.440225778723406,-49.3459949,POINT (-49.3459949 -25.440225778723406)
2014-05-27 12:54:51.287479,-25.440053012765958,-49.3460899,POINT (-49.3460899 -25.440053012765958)
2014-05-27 12:55:01.287479,-25.439842374468085,-49.34621376170213,POINT (-49.34621376170213 -25.439842374468085)
2014-05-27 12:55:11.287479,-25.43948024680851,-49.34645307021277,POINT (-49.34645307021277 -25.43948024680851)
2014-05-27 12:55:21.287479,-25.43916964255319,-49.34667476170213,POINT (-49.34667476170213 -25.43916964255319)
2014-05-27 12:55:31.287479,-25.438968525531916,-49.34685901702128,POINT (-49.34685901702128 -25.438968525531916)
2014-05-27 12:55:41.287479,-25.43881941276596,-49.34699564468085,POINT (-49.34699564468085 -25.43881941276596)
2014-05-27 12:55:51.287479,-25.438736487234042,-49.34707165531915,POINT (-49.34707165531915 -25.438736487234042)
2014-05-27 12:56:01.287479,-25.43859276595745,-49.34720202765958,POINT (-49.34720202765958 -25.43859276595745)
2014-05-27 12:56:11.287479,-25.438401276595744,-49.34737511276596,POINT (-49.34737511276596 -25.438401276595744)
2014-05-27 12:56:21.287479,-25.438233406382977,-49.3475067106383,POINT (-49.3475067106383 -25.438233406382977)
2014-05-27 12:56:31.287479,-25.438076651063827,-49.347618785106384,POINT (-49.347618785106384 -25.438076651063827)
2014-05-27 12:56:41.287479,-25.437920278723404,-49.3477257106383,POINT (-49.3477257106383 -25.437920278723404)
2014-05-27 12:56:51.287479,-25.43776400212766,-49.347831348936175,POINT (-49.347831348936175 -25.43776400212766)
2014-05-27 12:57:01.287479,-25.437680689361702,-49.34788765957447,POINT (-49.34788765957447 -25.437680689361702)
2014-05-27 12:57:11.287479,-25.437558763829788,-49.34789507234043,POINT (-49.34789507234043 -25.437558763829788)
2014-05-27 12:57:21.287479,-25.436357859574468,-49.34683188085106,POINT (-49.34683188085106 -25.436357859574468)
2014-05-27 12:57:31.287479,-25.435288487234043,-49.34585154042553,POINT (-49.34585154042553 -25.435288487234043)
2014-05-27 12:57:41.287479,-25.43490965744681,-49.3453061680851,POINT (-49.3453061680851 -25.43490965744681)
2014-05-27 12:57:51.287479,-25.434639834042553,-49.344904131914895,POINT (-49.344904131914895 -25.434639834042553)
2014-05-27 12:58:01.287479,-25.434650312765957,-49.34487067446808,POINT (-49.34487067446808 -25.434650312765957)
2014-05-27 12:58:11.287479,-25.434657068085105,-49.344749174468085,POINT (-49.344749174468085 -25.434657068085105)
2014-05-27 12:58:21.287479,-25.434658238297875,-49.3444956106383,POINT (-49.3444956106383 -25.434658238297875)
2014-05-27 12:58:31.287479,-25.434441948936172,-49.3443581893617,POINT (-49.3443581893617 -25.434441948936172)
2014-05-27 12:58:41.287479,-25.434024927659575,-49.34432797659574,POINT (-49.34432797659574 -25.434024927659575)
2014-05-27 12:58:51.287479,-25.433625676595746,-49.344308555319145,POINT (-49.344308555319145 -25.433625676595746)
2014-05-27 12:59:01.287479,-25.433236421276597,-49.344295204255324,POINT (-49.344295204255324 -25.433236421276597)
2014-05-27 12:59:11.287479,-25.433162080851066,-49.34368436382979,POINT (-49.34368436382979 -25.433162080851066)
2014-05-27 12:59:21.287479,-25.43318718723404,-49.3428848425532,POINT (-49.3428848425532 -25.43318718723404)
2014-05-27 12:59:31.287479,-25.433197034042553,-49.34243704042553,POINT (-49.34243704042553 -25.433197034042553)
2014-05-27 12:59:41.287479,-25.4332048,-49.3420372,POINT (-49.3420372 -25.4332048)
2014-05-27 13:00:00.000000,-25.4304909982,-49.3386950601,POINT (-49.3386950601 -25.4304909982)
2014-05-27 13:00:10.000000,-25.4304909982,-49.3386950601,POINT (-49.3386950601 -25.4304909982)
2014-05-27 13:00:20.000000,-25.4304909982,-49.3386950601,POINT (-49.3386950601 -25.4304909982)
2014-05-27 13:00:30.000000,-25.4304909982,-49.3386950601,POINT (-49.3386950601 -25.4304909982)
2014-05-27 13:00:40.000000,-25.4304909982,-49.3386950601,POINT (-49.3386950601 -25.4304909982)
2014-05-27 13:00:50.000000,-25.4304909982,-49.3386950601,POINT (-49.3386950601 -25.4304909982)
2014-05-27 13:01:00.000000,-25.4304909982,-49.3386950601,POINT (-49.3386950601 -25.4304909982)
2014-05-27 13:01:10.000000,-25.4304909982,-49.3386950601,POINT (-49.3386950601 -25.4304909982)
2014-05-27 13:01:20.000000,-25.4304909982,-49.3386950601,POINT (-49.3386950601 -25.4304909982)
2014-05-27 13:01:30.000000,-25.4304909982,-49.3386950601,POINT (-49.3386950601 -25.4304909982)
2014-05-27 13:01:40.000000,-25.4304909982,-49.3386950601,POINT (-49.3386950601 -25.4304909982)
2014-05-27 13:01:50.000000,-25.4304909982,-49.3386950601,POINT (-49.3386950601 -25.4304909982)
2014-05-27 13:02:00.000000,-25.4304909982,-49.3386950601,POINT (-49.3386950601 -25.4304909982)
2014-05-27 13:02:10.000000,-25.4304909982,-49.3386950601,POINT (-49.3386950601 -25.4304909982)
2014-05-27 13:02:20.000000,-25.4304909982,-49.3386950601,POINT (-49.3386950601 -25.4304909982)
2014-05-27 13:02:30.000000,-25.4304909982,-49.3386950601,POINT (-49.3386950601 -25.4304909982)
2014-05-27 13:02:40.000000,-25.4304909982,-49.3386950601,POINT (-49.3386950601 -25.4304909982)
2014-05-27 13:02:50.000000,-25.4304909982,-49.3386950601,POINT (-49.3386950601 -25.4304909982)
2014-05-27 13:03:00.000000,-25.4304909982,-49.3386950601,POINT (-49.3386950601 -25.4304909982)
2014-05-27 13:03:10.000000,-25.4304909982,-49.3386950601,POINT (-49.3386950601 -25.4304909982)
2014-05-27 13:03:20.000000,-25.4304909982,-49.3386950601,POINT (-49.3386950601 -25.4304909982)
2014-05-27 13:03:30.000000,-25.4304909982,-49.3386950601,POINT (-49.3386950601 -25.4304909982)
2014-05-27 13:03:40.000000,-25.4304909982,-49.3386950601,POINT (-49.3386950601 -25.4304909982)
2014-05-27 13:03:50.000000,-25.4304909982,-49.3386950601,POINT (-49.3386950601 -25.4304909982)
2014-05-27 13:04:00.000000,-25.4304909982,-49.3386950601,POINT (-49.3386950601 -25.4304909982)
2014-05-27 13:04:10.000000,-25.4304909982,-49.3386950601,POINT (-49.3386950601 -25.4304909982)
2014-05-27 13:04:20.000000,-25.4304909982,-49.3386950601,POINT (-49.3386950601 -25.4304909982)
2014-05-27 13:04:30.000000,-25.4304909982,-49.3386950601,POINT (-49.3386950601 -25.4304909982)
2014-05-27 13:04:40.000000,-25.4304909982,-49.3386950601,POINT (-49.3386950601 -25.4304909982)
2014-05-27 13:04:50.000000,-25.4304909982,-49.3386950601,POINT (-49.3386950601 -25.4304909982)
2014-05-27 13:05:00.000000,-25.4304909982,-49.3386950601,POINT (-49.3386950601 -25.4304909982)
2014-05-27 13:05:10.000000,-25.4304909982,-49.3386950601,POINT (-49.3386950601 -25.4304909982)
2014-05-27 13:05:20.000000,-25.4304909982,-49.3386950601,POINT (-49.3386950601 -25.4304909982)
2014-05-27 13:05:30.000000,-25.4304909982,-49.3386950601,POINT (-49.3386950601 -25.4304909982)
2014-05-27 13:05:40.000000,-25.4304909982,-49.3386950601,POINT (-49.3386950601 -25.4304909982)
2014-05-27 13:05:50.000000,-25.4304909982,-49.3386950601,POINT (-49.3386950601 -25.4304909982)
2014-05-27 13:06:00.000000,-25.4304909982,-49.3386950601,POINT (-49.3386950601 -25.4304909982)
2014-05-27 13:06:10.000000,-25.4304909982,-49.3386950601,POINT (-49.3386950601 -25.4304909982)
2014-05-27 13:06:20.000000,-25.4304909982,-49.3386950601,POINT (-49.3386950601 -25.4304909982)
2014-05-27 13:06:30.000000,-25.4304909982,-49.3386950601,POINT (-49.3386950601 -25.4304909982)
2014-05-27 13:06:40.000000,-25.4304909982,-49.3386950601,POINT (-49.3386950601 -25.4304909982)
2014-05-27 13:06:50.000000,-25.4304909982,-49.3386950601,POINT (-49.3386950601 -25.4304909982)
2014-05-27 13:07:00.000000,-25.4304909982,-49.3386950601,POINT (-49.3386950601 -25.4304909982)
2014-05-27 13:07:10.000000,-25.4304909982,-49.3386950601,POINT (-49.3386950601 -25.4304909982)
2014-05-27 13:07:20.000000,-25.4304909982,-49.3386950601,POINT (-49.3386950601 -25.4304909982)
2014-05-27 13:07:30.000000,-25.4304909982,-49.3386950601,POINT (-49.3386950601 -25.4304909982)
2014-05-27 13:07:40.000000,-25.4304909982,-49.3386950601,POINT (-49.3386950601 -25.4304909982)
2014-05-27 13:07:50.000000,-25.4304909982,-49.3386950601,POINT (-49.3386950601 -25.4304909982)
2014-05-27 13:08:00.000000,-25.4304909982,-49.3386950601,POINT (-49.3386950601 -25.4304909982)
2014-05-27 13:08:10.000000,-25.4304909982,-49.3386950601,POINT (-49.3386950601 -25.4304909982)
2014-05-27 13:08:20.000000,-25.4304909982,-49.3386950601,POINT (-49.3386950601 -25.4304909982)
2014-05-27 13:08:30.000000,-25.4304909982,-49.3386950601,POINT (-49.3386950601 -25.4304909982)
2014-05-27 13:08:40.000000,-25.4304909982,-49.3386950601,POINT (-49.3386950601 -25.4304909982)
2014-05-27 13:08:50.000000,-25.4304909982,-49.3386950601,POINT (-49.3386950601 -25.4304909982)
2014-05-27 13:09:00.000000,-25.4304909982,-49.3386950601,POINT (-49.3386950601 -25.4304909982)
2014-05-27 13:09:10.000000,-25.4304909982,-49.3386950601,POINT (-49.3386950601 -25.4304909982)
2014-05-27 13:09:20.000000,-25.4304909982,-49.3386950601,POINT (-49.3386950601 -25.4304909982)
2014-05-27 13:09:30.000000,-25.4304909982,-49.3386950601,POINT (-49.3386950601 -25.4304909982)
2014-05-27 13:09:40.000000,-25.4304909982,-49.3386950601,POINT (-49.3386950601 -25.4304909982)
2014-05-27 13:09:50.000000,-25.4304909982,-49.3386950601,POINT (-49.3386950601 -25.4304909982)
2014-05-27 13:10:00.000000,-25.4304909982,-49.3386950601,POINT (-49.3386950601 -25.4304909982)
2014-05-27 13:10:10.000000,-25.4304909982,-49.3386950601,POINT (-49.3386950601 -25.4304909982)
2014-05-27 13:10:20.000000,-25.4304909982,-49.3386950601,POINT (-49.3386950601 -25.4304909982)
2014-05-27 13:10:30.000000,-25.4304909982,-49.3386950601,POINT (-49.3386950601 -25.4304909982)
2014-05-27 13:10:40.000000,-25.4304909982,-49.3386950601,POINT (-49.3386950601 -25.4304909982)
2014-05-27 13:10:50.000000,-25.4304909982,-49.3386950601,POINT (-49.3386950601 -25.4304909982)
2014-05-27 13:11:00.000000,-25.4304909982,-49.3386950601,POINT (-49.3386950601 -25.4304909982)
2014-05-27 13:11:10.000000,-25.4304909982,-49.3386950601,POINT (-49.3386950601 -25.4304909982)
2014-05-27 13:11:20.000000,-25.4304909982,-49.3386950601,POINT (-49.3386950601 -25.4304909982)
2014-05-27 13:11:30.000000,-25.4304909982,-49.3386950601,POINT (-49.3386950601 -25.4304909982)
2014-05-27 13:11:40.000000,-25.4304909982,-49.3386950601,POINT (-49.3386950601 -25.4304909982)
2014-05-27 13:11:50.000000,-25.4304909982,-49.3386950601,POINT (-49.3386950601 -25.4304909982)
2014-05-27 13:12:00.000000,-25.4304909982,-49.3386950601,POINT (-49.3386950601 -25.4304909982)
2014-05-27 13:12:10.000000,-25.4304909982,-49.3386950601,POINT (-49.3386950601 -25.4304909982)
2014-05-27 13:12:20.000000,-25.4304909982,-49.3386950601,POINT (-49.3386950601 -25.4304909982)
2014-05-27 13:12:30.000000,-25.4304909982,-49.3386950601,POINT (-49.3386950601 -25.4304909982)
2014-05-27 13:12:40.000000,-25.4304909982,-49.3386950601,POINT (-49.3386950601 -25.4304909982)
2014-05-27 13:12:50.000000,-25.4304909982,-49.3386950601,POINT (-49.3386950601 -25.4304909982)
2014-05-27 13:13:00.000000,-25.4304909982,-49.3386950601,POINT (-49.3386950601 -25.4304909982)
2014-05-27 13:13:10.000000,-25.4304909982,-49.3386950601,POINT (-49.3386950601 -25.4304909982)
2014-05-27 13:13:20.000000,-25.4304909982,-49.3386950601,POINT (-49.3386950601 -25.4304909982)
2014-05-27 13:13:30.000000,-25.4304909982,-49.3386950601,POINT (-49.3386950601 -25.4304909982)
2014-05-27 13:13:40.000000,-25.4304909982,-49.3386950601,POINT (-49.3386950601 -25.4304909982)
2014-05-27 13:13:50.000000,-25.4304909982,-49.3386950601,POINT (-49.3386950601 -25.4304909982)
2014-05-27 13:14:00.000000,-25.4304909982,-49.3386950601,POINT (-49.3386950601 -25.4304909982)
2014-05-27 13:14:10.000000,-25.4304909982,-49.3386950601,POINT (-49.3386950601 -25.4304909982)
2014-05-27 13:14:20.000000,-25.4304909982,-49.3386950601,POINT (-49.3386950601 -25.4304909982)
2014-05-27 13:14:30.000000,-25.4304909982,-49.3386950601,POINT (-49.3386950601 -25.4304909982)
2014-05-27 13:14:40.000000,-25.4304909982,-49.3386950601,POINT (-49.3386950601 -25.4304909982)
2014-05-27 13:14:50.000000,-25.4304909982,-49.3386950601,POINT (-49.3386950601 -25.4304909982)
2014-05-27 13:15:00.000000,-25.4304909982,-49.3386950601,POINT (-49.3386950601 -25.4304909982)
2014-05-27 13:15:10.000000,-25.4304909982,-49.3386950601,POINT (-49.3386950601 -25.4304909982)
2014-05-27 13:15:20.000000,-25.4304909982,-49.3386950601,POINT (-49.3386950601 -25.4304909982)
2014-05-27 13:15:30.000000,-25.4304909982,-49.3386950601,POINT (-49.3386950601 -25.4304909982)
2014-05-27 13:15:40.000000,-25.4304909982,-49.3386950601,POINT (-49.3386950601 -25.4304909982)
2014-05-27 13:15:50.000000,-25.4304909982,-49.3386950601,POINT (-49.3386950601 -25.4304909982)
2014-05-27 13:16:00.000000,-25.4304909982,-49.3386950601,POINT (-49.3386950601 -25.4304909982)
2014-05-27 13:16:10.000000,-25.4304909982,-49.3386950601,POINT (-49.3386950601 -25.4304909982)
2014-05-27 13:16:20.000000,-25.4304909982,-49.3386950601,POINT (-49.3386950601 -25.4304909982)
2014-05-27 13:16:30.000000,-25.4304909982,-49.3386950601,POINT (-49.3386950601 -25.4304909982)
2014-05-27 13:16:40.000000,-25.4304909982,-49.3386950601,POINT (-49.3386950601 -25.4304909982)
2014-05-27 13:16:50.000000,-25.4304909982,-49.3386950601,POINT (-49.3386950601 -25.4304909982)
2014-05-27 13:17:00.000000,-25.4304909982,-49.3386950601,POINT (-49.3386950601 -25.4304909982)
2014-05-27 13:17:10.000000,-25.4304909982,-49.3386950601,POINT (-49.3386950601 -25.4304909982)
2014-05-27 13:17:20.000000,-25.4304909982,-49.3386950601,POINT (-49.3386950601 -25.4304909982)
2014-05-27 13:17:30.000000,-25.4304909982,-49.3386950601,POINT (-49.3386950601 -25.4304909982)
2014-05-27 13:17:40.000000,-25.4304909982,-49.3386950601,POINT (-49.3386950601 -25.4304909982)
2014-05-27 13:17:50.000000,-25.4304909982,-49.3386950601,POINT (-49.3386950601 -25.4304909982)
2014-05-27 13:18:00.000000,-25.4304909982,-49.3386950601,POINT (-49.3386950601 -25.4304909982)
2014-05-27 13:18:10.000000,-25.4304909982,-49.3386950601,POINT (-49.3386950601 -25.4304909982)
2014-05-27 13:18:20.000000,-25.4304909982,-49.3386950601,POINT (-49.3386950601 -25.4304909982)
2014-05-27 13:18:30.000000,-25.4304909982,-49.3386950601,POINT (-49.3386950601 -25.4304909982)
2014-05-27 13:18:40.000000,-25.4304909982,-49.3386950601,POINT (-49.3386950601 -25.4304909982)
2014-05-27 13:18:50.000000,-25.4304909982,-49.3386950601,POINT (-49.3386950601 -25.4304909982)
2014-05-27 13:19:00.000000,-25.4304909982,-49.3386950601,POINT (-49.3386950601 -25.4304909982)
2014-05-27 13:19:10.000000,-25.4304909982,-49.3386950601,POINT (-49.3386950601 -25.4304909982)
2014-05-27 13:19:20.000000,-25.4304909982,-49.3386950601,POINT (-49.3386950601 -25.4304909982)
2014-05-27 13:19:30.000000,-25.4304909982,-49.3386950601,POINT (-49.3386950601 -25.4304909982)
2014-05-27 13:19:40.000000,-25.4304909982,-49.3386950601,POINT (-49.3386950601 -25.4304909982)
2014-05-27 13:19:50.000000,-25.4304909982,-49.3386950601,POINT (-49.3386950601 -25.4304909982)
2014-05-27 13:20:00.000000,-25.4304909982,-49.3386950601,POINT (-49.3386950601 -25.4304909982)
2014-05-27 13:20:10.000000,-25.4304909982,-49.3386950601,POINT (-49.3386950601 -25.4304909982)
2014-05-27 13:20:20.000000,-25.4304909982,-49.3386950601,POINT (-49.3386950601 -25.4304909982)
2014-05-27 13:20:30.000000,-25.4304909982,-49.3386950601,POINT (-49.3386950601 -25.4304909982)
2014-05-27 13:20:40.000000,-25.4304909982,-49.3386950601,POINT (-49.3386950601 -25.4304909982)
2014-05-27 13:20:50.000000,-25.4304909982,-49.3386950601,POINT (-49.3386950601 -25.4304909982)
2014-05-27 13:21:00.000000,-25.4304909982,-49.3386950601,POINT (-49.3386950601 -25.4304909982)
2014-05-27 13:21:10.000000,-25.4304909982,-49.3386950601,POINT (-49.3386950601 -25.4304909982)
2014-05-27 13:21:20.000000,-25.4304909982,-49.3386950601,POINT (-49.3386950601 -25.4304909982)
2014-05-27 13:21:30.000000,-25.4304909982,-49.3386950601,POINT (-49.3386950601 -25.4304909982)
2014-05-27 13:21:40.000000,-25.4304909982,-49.3386950601,POINT (-49.3386950601 -25.4304909982)
2014-05-27 13:21:50.000000,-25.4304909982,-49.3386950601,POINT (-49.3386950601 -25.4304909982)
2014-05-27 13:22:00.000000,-25.4304909982,-49.3386950601,POINT (-49.3386950601 -25.4304909982)
2014-05-27 13:22:10.000000,-25.4304909982,-49.3386950601,POINT (-49.3386950601 -25.4304909982)
2014-05-27 13:22:20.000000,-25.4304909982,-49.3386950601,POINT (-49.3386950601 -25.4304909982)
2014-05-27 13:22:30.000000,-25.4304909982,-49.3386950601,POINT (-49.3386950601 -25.4304909982)
2014-05-27 13:22:40.000000,-25.4304909982,-49.3386950601,POINT (-49.3386950601 -25.4304909982)
2014-05-27 13:22:50.000000,-25.4304909982,-49.3386950601,POINT (-49.3386950601 -25.4304909982)
2014-05-27 13:23:00.000000,-25.4304909982,-49.3386950601,POINT (-49.3386950601 -25.4304909982)
2014-05-27 13:23:10.000000,-25.4304909982,-49.3386950601,POINT (-49.3386950601 -25.4304909982)
2014-05-27 13:23:20.000000,-25.4304909982,-49.3386950601,POINT (-49.3386950601 -25.4304909982)
2014-05-27 13:23:30.000000,-25.4304909982,-49.3386950601,POINT (-49.3386950601 -25.4304909982)
2014-05-27 13:23:40.000000,-25.4304909982,-49.3386950601,POINT (-49.3386950601 -25.4304909982)
2014-05-27 13:23:50.000000,-25.4304909982,-49.3386950601,POINT (-49.3386950601 -25.4304909982)
2014-05-27 13:24:00.000000,-25.4304909982,-49.3386950601,POINT (-49.3386950601 -25.4304909982)
2014-05-27 13:24:10.000000,-25.4304909982,-49.3386950601,POINT (-49.3386950601 -25.4304909982)
2014-05-27 13:24:20.000000,-25.4304909982,-49.3386950601,POINT (-49.3386950601 -25.4304909982)
2014-05-27 13:24:30.000000,-25.4304909982,-49.3386950601,POINT (-49.3386950601 -25.4304909982)
2014-05-27 13:24:40.000000,-25.4304909982,-49.3386950601,POINT (-49.3386950601 -25.4304909982)
2014-05-27 13:24:50.000000,-25.4304909982,-49.3386950601,POINT (-49.3386950601 -25.4304909982)
2014-05-27 13:25:00.000000,-25.4304909982,-49.3386950601,POINT (-49.3386950601 -25.4304909982)
2014-05-27 13:25:10.000000,-25.4304909982,-49.3386950601,POINT (-49.3386950601 -25.4304909982)
2014-05-27 13:25:20.000000,-25.4304909982,-49.3386950601,POINT (-49.3386950601 -25.4304909982)
2014-05-27 13:25:30.000000,-25.4304909982,-49.3386950601,POINT (-49.3386950601 -25.4304909982)
2014-05-27 13:25:40.000000,-25.4304909982,-49.3386950601,POINT (-49.3386950601 -25.4304909982)
2014-05-27 13:25:50.000000,-25.4304909982,-49.3386950601,POINT (-49.3386950601 -25.4304909982)
2014-05-27 13:26:00.000000,-25.4304909982,-49.3386950601,POINT (-49.3386950601 -25.4304909982)
2014-05-27 13:26:10.000000,-25.4304909982,-49.3386950601,POINT (-49.3386950601 -25.4304909982)
2014-05-27 13:26:20.000000,-25.4304909982,-49.3386950601,POINT (-49.3386950601 -25.4304909982)
2014-05-27 13:26:30.000000,-25.4304909982,-49.3386950601,POINT (-49.3386950601 -25.4304909982)
2014-05-27 13:26:40.000000,-25.4304909982,-49.3386950601,POINT (-49.3386950601 -25.4304909982)
2014-05-27 13:26:50.000000,-25.4304909982,-49.3386950601,POINT (-49.3386950601 -25.4304909982)
2014-05-27 13:27:00.000000,-25.4304909982,-49.3386950601,POINT (-49.3386950601 -25.4304909982)
2014-05-27 13:27:10.000000,-25.4304909982,-49.3386950601,POINT (-49.3386950601 -25.4304909982)
2014-05-27 13:27:20.000000,-25.4304909982,-49.3386950601,POINT (-49.3386950601 -25.4304909982)
2014-05-27 13:27:30.000000,-25.4304909982,-49.3386950601,POINT (-49.3386950601 -25.4304909982)
2014-05-27 13:27:40.000000,-25.4304909982,-49.3386950601,POINT (-49.3386950601 -25.4304909982)
2014-05-27 13:27:50.000000,-25.4304909982,-49.3386950601,POINT (-49.3386950601 -25.4304909982)
2014-05-27 13:28:00.000000,-25.4304909982,-49.3386950601,POINT (-49.3386950601 -25.4304909982)
2014-05-27 13:28:10.000000,-25.4304909982,-49.3386950601,POINT (-49.3386950601 -25.4304909982)
2014-05-27 13:28:20.000000,-25.4304909982,-49.3386950601,POINT (-49.3386950601 -25.4304909982)
2014-05-27 13:28:30.000000,-25.4304909982,-49.3386950601,POINT (-49.3386950601 -25.4304909982)
2014-05-27 13:28:40.000000,-25.4304909982,-49.3386950601,POINT (-49.3386950601 -25.4304909982)
2014-05-27 13:28:50.000000,-25.4304909982,-49.3386950601,POINT (-49.3386950601 -25.4304909982)
2014-05-27 13:29:00.000000,-25.4304909982,-49.3386950601,POINT (-49.3386950601 -25.4304909982)
2014-05-27 13:29:10.000000,-25.4304909982,-49.3386950601,POINT (-49.3386950601 -25.4304909982)
2014-05-27 13:29:20.000000,-25.4304909982,-49.3386950601,POINT (-49.3386950601 -25.4304909982)
2014-05-27 13:29:30.000000,-25.4304909982,-49.3386950601,POINT (-49.3386950601 -25.4304909982)
2014-05-27 13:29:40.000000,-25.4304909982,-49.3386950601,POINT (-49.3386950601 -25.4304909982)
2014-05-27 13:29:50.000000,-25.4304909982,-49.3386950601,POINT (-49.3386950601 -25.4304909982)
2014-05-27 13:30:00.000000,-25.4304909982,-49.3386950601,POINT (-49.3386950601 -25.4304909982)
2014-05-27 13:30:10.000000,-25.4304909982,-49.3386950601,POINT (-49.3386950601 -25.4304909982)
2014-05-27 13:30:20.000000,-25.4304909982,-49.3386950601,POINT (-49.3386950601 -25.4304909982)
2014-05-27 13:30:30.000000,-25.4304909982,-49.3386950601,POINT (-49.3386950601 -25.4304909982)
2014-05-27 13:30:40.000000,-25.4304909982,-49.3386950601,POINT (-49.3386950601 -25.4304909982)
2014-05-27 13:30:50.000000,-25.4304909982,-49.3386950601,POINT (-49.3386950601 -25.4304909982)
2014-05-27 13:31:00.000000,-25.4304909982,-49.3386950601,POINT (-49.3386950601 -25.4304909982)
2014-05-27 13:31:10.000000,-25.4304909982,-49.3386950601,POINT (-49.3386950601 -25.4304909982)
2014-05-27 13:31:20.000000,-25.4304909982,-49.3386950601,POINT (-49.3386950601 -25.4304909982)
2014-05-27 13:31:30.000000,-25.4304909982,-49.3386950601,POINT (-49.3386950601 -25.4304909982)
2014-05-27 13:31:40.000000,-25.4304909982,-49.3386950601,POINT (-49.3386950601 -25.4304909982)
2014-05-27 13:31:50.000000,-25.4304909982,-49.3386950601,POINT (-49.3386950601 -25.4304909982)
2014-05-27 13:32:00.000000,-25.4304909982,-49.3386950601,POINT (-49.3386950601 -25.4304909982)
2014-05-27 13:32:10.000000,-25.4304909982,-49.3386950601,POINT (-49.3386950601 -25.4304909982)
2014-05-27 13:32:20.000000,-25.4304909982,-49.3386950601,POINT (-49.3386950601 -25.4304909982)
2014-05-27 13:32:30.000000,-25.4304909982,-49.3386950601,POINT (-49.3386950601 -25.4304909982)
2014-05-27 13:32:40.000000,-25.4304909982,-49.3386950601,POINT (-49.3386950601 -25.4304909982)
2014-05-27 13:32:50.000000,-25.4304909982,-49.3386950601,POINT (-49.3386950601 -25.4304909982)
2014-05-27 13:33:00.000000,-25.4304909982,-49.3386950601,POINT (-49.3386950601 -25.4304909982)
2014-05-27 13:33:10.000000,-25.4304909982,-49.3386950601,POINT (-49.3386950601 -25.4304909982)
2014-05-27 13:33:20.000000,-25.4304909982,-49.3386950601,POINT (-49.3386950601 -25.4304909982)
2014-05-27 13:33:30.000000,-25.4304909982,-49.3386950601,POINT (-49.3386950601 -25.4304909982)
2014-05-27 13:33:40.000000,-25.4304909982,-49.3386950601,POINT (-49.3386950601 -25.4304909982)
2014-05-27 13:33:50.000000,-25.4304909982,-49.3386950601,POINT (-49.3386950601 -25.4304909982)
2014-05-27 13:34:00.000000,-25.4304909982,-49.3386950601,POINT (-49.3386950601 -25.4304909982)
2014-05-27 13:34:10.000000,-25.4304909982,-49.3386950601,POINT (-49.3386950601 -25.4304909982)
2014-05-27 13:34:20.000000,-25.4304909982,-49.3386950601,POINT (-49.3386950601 -25.4304909982)
2014-05-27 13:34:30.000000,-25.4304909982,-49.3386950601,POINT (-49.3386950601 -25.4304909982)
2014-05-27 13:34:40.000000,-25.4304909982,-49.3386950601,POINT (-49.3386950601 -25.4304909982)
2014-05-27 13:34:50.000000,-25.4304909982,-49.3386950601,POINT (-49.3386950601 -25.4304909982)
2014-05-27 13:35:00.000000,-25.4304909982,-49.3386950601,POINT (-49.3386950601 -25.4304909982)
2014-05-27 13:35:10.000000,-25.4304909982,-49.3386950601,POINT (-49.3386950601 -25.4304909982)
2014-05-27 13:35:20.000000,-25.4304909982,-49.3386950601,POINT (-49.3386950601 -25.4304909982)
2014-05-27 13:35:30.000000,-25.4304909982,-49.3386950601,POINT (-49.3386950601 -25.4304909982)
2014-05-27 13:35:40.000000,-25.4304909982,-49.3386950601,POINT (-49.3386950601 -25.4304909982)
2014-05-27 13:35:50.000000,-25.4304909982,-49.3386950601,POINT (-49.3386950601 -25.4304909982)
2014-05-27 13:36:00.000000,-25.4304909982,-49.3386950601,POINT (-49.3386950601 -25.4304909982)
2014-05-27 13:36:10.000000,-25.4304909982,-49.3386950601,POINT (-49.3386950601 -25.4304909982)
2014-05-27 13:36:20.000000,-25.4304909982,-49.3386950601,POINT (-49.3386950601 -25.4304909982)
2014-05-27 13:36:30.000000,-25.4304909982,-49.3386950601,POINT (-49.3386950601 -25.4304909982)
2014-05-27 13:36:40.000000,-25.4304909982,-49.3386950601,POINT (-49.3386950601 -25.4304909982)
2014-05-27 13:36:50.000000,-25.4304909982,-49.3386950601,POINT (-49.3386950601 -25.4304909982)
2014-05-27 13:37:00.000000,-25.4304909982,-49.3386950601,POINT (-49.3386950601 -25.4304909982)
2014-05-27 13:37:10.000000,-25.4304909982,-49.3386950601,POINT (-49.3386950601 -25.4304909982)
2014-05-27 13:37:20.000000,-25.4304909982,-49.3386950601,POINT (-49.3386950601 -25.4304909982)
2014-05-27 13:37:30.000000,-25.4304909982,-49.3386950601,POINT (-49.3386950601 -25.4304909982)
2014-05-27 13:37:40.000000,-25.4304909982,-49.3386950601,POINT (-49.3386950601 -25.4304909982)
2014-05-27 13:37:50.000000,-25.4304909982,-49.3386950601,POINT (-49.3386950601 -25.4304909982)
2014-05-27 13:38:00.000000,-25.4304909982,-49.3386950601,POINT (-49.3386950601 -25.4304909982)
2014-05-27 13:38:10.000000,-25.4304909982,-49.3386950601,POINT (-49.3386950601 -25.4304909982)
2014-05-27 13:38:20.000000,-25.4304909982,-49.3386950601,POINT (-49.3386950601 -25.4304909982)
2014-05-27 13:38:30.000000,-25.4304909982,-49.3386950601,POINT (-49.3386950601 -25.4304909982)
2014-05-27 13:38:40.000000,-25.4304909982,-49.3386950601,POINT (-49.3386950601 -25.4304909982)
2014-05-27 13:38:50.000000,-25.4304909982,-49.3386950601,POINT (-49.3386950601 -25.4304909982)
2014-05-27 13:39:00.000000,-25.4304909982,-49.3386950601,POINT (-49.3386950601 -25.4304909982)
2014-05-27 13:39:10.000000,-25.4304909982,-49.3386950601,POINT (-49.3386950601 -25.4304909982)
2014-05-27 13:39:20.000000,-25.4304909982,-49.3386950601,POINT (-49.3386950601 -25.4304909982)
2014-05-27 13:39:30.000000,-25.4304909982,-49.3386950601,POINT (-49.3386950601 -25.4304909982)
2014-05-27 13:39:40.000000,-25.4304909982,-49.3386950601,POINT (-49.3386950601 -25.4304909982)
2014-05-27 13:39:50.000000,-25.4304909982,-49.3386950601,POINT (-49.3386950601 -25.4304909982)
2014-05-27 13:40:00.000000,-25.4304909982,-49.3386950601,POINT (-49.3386950601 -25.4304909982)
2014-05-27 13:40:10.000000,-25.4304909982,-49.3386950601,POINT (-49.3386950601 -25.4304909982)
2014-05-27 13:40:20.000000,-25.4304909982,-49.3386950601,POINT (-49.3386950601 -25.4304909982)
2014-05-27 13:40:30.000000,-25.4304909982,-49.3386950601,POINT (-49.3386950601 -25.4304909982)
2014-05-27 13:40:40.000000,-25.4304909982,-49.3386950601,POINT (-49.3386950601 -25.4304909982)
2014-05-27 13:40:50.000000,-25.4304909982,-49.3386950601,POINT (-49.3386950601 -25.4304909982)
2014-05-27 13:41:00.000000,-25.4304909982,-49.3386950601,POINT (-49.3386950601 -25.4304909982)
2014-05-27 13:41:10.000000,-25.4304909982,-49.3386950601,POINT (-49.3386950601 -25.4304909982)
2014-05-27 13:41:20.000000,-25.4304909982,-49.3386950601,POINT (-49.3386950601 -25.4304909982)
2014-05-27 13:41:30.000000,-25.4304909982,-49.3386950601,POINT (-49.3386950601 -25.4304909982)
2014-05-27 13:41:40.000000,-25.4304909982,-49.3386950601,POINT (-49.3386950601 -25.4304909982)
2014-05-27 13:41:50.000000,-25.4304909982,-49.3386950601,POINT (-49.3386950601 -25.4304909982)
2014-05-27 13:42:00.000000,-25.4304909982,-49.3386950601,POINT (-49.3386950601 -25.4304909982)
2014-05-27 13:42:10.000000,-25.4304909982,-49.3386950601,POINT (-49.3386950601 -25.4304909982)
2014-05-27 13:42:20.000000,-25.4304909982,-49.3386950601,POINT (-49.3386950601 -25.4304909982)
2014-05-27 13:42:30.000000,-25.4304909982,-49.3386950601,POINT (-49.3386950601 -25.4304909982)
2014-05-27 13:42:40.000000,-25.4304909982,-49.3386950601,POINT (-49.3386950601 -25.4304909982)
2014-05-27 13:42:50.000000,-25.4304909982,-49.3386950601,POINT (-49.3386950601 -25.4304909982)
2014-05-27 13:43:00.000000,-25.4304909982,-49.3386950601,POINT (-49.3386950601 -25.4304909982)
2014-05-27 13:43:10.000000,-25.4304909982,-49.3386950601,POINT (-49.3386950601 -25.4304909982)
2014-05-27 13:43:20.000000,-25.4304909982,-49.3386950601,POINT (-49.3386950601 -25.4304909982)
2014-05-27 13:43:30.000000,-25.4304909982,-49.3386950601,POINT (-49.3386950601 -25.4304909982)
2014-05-27 13:43:40.000000,-25.4304909982,-49.3386950601,POINT (-49.3386950601 -25.4304909982)
2014-05-27 13:43:50.000000,-25.4304909982,-49.3386950601,POINT (-49.3386950601 -25.4304909982)
2014-05-27 13:44:00.000000,-25.4304909982,-49.3386950601,POINT (-49.3386950601 -25.4304909982)
2014-05-27 13:44:10.000000,-25.4304909982,-49.3386950601,POINT (-49.3386950601 -25.4304909982)
2014-05-27 13:44:20.000000,-25.4304909982,-49.3386950601,POINT (-49.3386950601 -25.4304909982)
2014-05-27 13:44:30.000000,-25.4304909982,-49.3386950601,POINT (-49.3386950601 -25.4304909982)
2014-05-27 13:44:40.000000,-25.4304909982,-49.3386950601,POINT (-49.3386950601 -25.4304909982)
2014-05-27 13:44:50.000000,-25.4304909982,-49.3386950601,POINT (-49.3386950601 -25.4304909982)
2014-05-27 13:45:00.000000,-25.4304909982,-49.3386950601,POINT (-49.3386950601 -25.4304909982)
2014-05-27 13:45:10.000000,-25.4304909982,-49.3386950601,POINT (-49.3386950601 -25.4304909982)
2014-05-27 13:45:20.000000,-25.4304909982,-49.3386950601,POINT (-49.3386950601 -25.4304909982)
2014-05-27 13:45:30.000000,-25.4304909982,-49.3386950601,POINT (-49.3386950601 -25.4304909982)
2014-05-27 13:45:40.000000,-25.4304909982,-49.3386950601,POINT (-49.3386950601 -25.4304909982)
2014-05-27 13:45:50.000000,-25.4304909982,-49.3386950601,POINT (-49.3386950601 -25.4304909982)
2014-05-27 13:46:00.000000,-25.4304909982,-49.3386950601,POINT (-49.3386950601 -25.4304909982)
2014-05-27 13:46:10.000000,-25.4304909982,-49.3386950601,POINT (-49.3386950601 -25.4304909982)
2014-05-27 13:46:20.000000,-25.4304909982,-49.3386950601,POINT (-49.3386950601 -25.4304909982)
2014-05-27 13:46:30.000000,-25.4304909982,-49.3386950601,POINT (-49.3386950601 -25.4304909982)
2014-05-27 13:46:40.000000,-25.4304909982,-49.3386950601,POINT (-49.3386950601 -25.4304909982)
2014-05-27 13:46:50.000000,-25.4304909982,-49.3386950601,POINT (-49.3386950601 -25.4304909982)
2014-05-27 13:47:00.000000,-25.4304909982,-49.3386950601,POINT (-49.3386950601 -25.4304909982)
2014-05-27 13:47:10.000000,-25.4304909982,-49.3386950601,POINT (-49.3386950601 -25.4304909982)
2014-05-27 13:47:20.000000,-25.4304909982,-49.3386950601,POINT (-49.3386950601 -25.4304909982)
2014-05-27 13:47:30.000000,-25.4304909982,-49.3386950601,POINT (-49.3386950601 -25.4304909982)
2014-05-27 13:47:40.000000,-25.4304909982,-49.3386950601,POINT (-49.3386950601 -25.4304909982)
2014-05-27 13:47:50.000000,-25.4304909982,-49.3386950601,POINT (-49.3386950601 -25.4304909982)
2014-05-27 13:48:00.000000,-25.4304909982,-49.3386950601,POINT (-49.3386950601 -25.4304909982)
2014-05-27 13:48:10.000000,-25.4304909982,-49.3386950601,POINT (-49.3386950601 -25.4304909982)
2014-05-27 13:48:20.000000,-25.4304909982,-49.3386950601,POINT (-49.3386950601 -25.4304909982)
2014-05-27 13:48:30.000000,-25.4304909982,-49.3386950601,POINT (-49.3386950601 -25.4304909982)
2014-05-27 13:48:40.000000,-25.4304909982,-49.3386950601,POINT (-49.3386950601 -25.4304909982)
2014-05-27 13:48:50.000000,-25.4304909982,-49.3386950601,POINT (-49.3386950601 -25.4304909982)
2014-05-27 13:49:00.000000,-25.4304909982,-49.3386950601,POINT (-49.3386950601 -25.4304909982)
2014-05-27 13:49:10.000000,-25.4304909982,-49.3386950601,POINT (-49.3386950601 -25.4304909982)
2014-05-27 13:49:20.000000,-25.4304909982,-49.3386950601,POINT (-49.3386950601 -25.4304909982)
2014-05-27 13:49:30.000000,-25.4304909982,-49.3386950601,POINT (-49.3386950601 -25.4304909982)
2014-05-27 13:49:40.000000,-25.4304909982,-49.3386950601,POINT (-49.3386950601 -25.4304909982)
2014-05-27 13:49:50.000000,-25.4304909982,-49.3386950601,POINT (-49.3386950601 -25.4304909982)
2014-05-27 13:50:00.000000,-25.4304909982,-49.3386950601,POINT (-49.3386950601 -25.4304909982)
2014-05-27 13:50:10.000000,-25.4304909982,-49.3386950601,POINT (-49.3386950601 -25.4304909982)
2014-05-27 13:50:20.000000,-25.4304909982,-49.3386950601,POINT (-49.3386950601 -25.4304909982)
2014-05-27 13:50:30.000000,-25.4304909982,-49.3386950601,POINT (-49.3386950601 -25.4304909982)
2014-05-27 13:50:40.000000,-25.4304909982,-49.3386950601,POINT (-49.3386950601 -25.4304909982)
2014-05-27 13:50:50.000000,-25.4304909982,-49.3386950601,POINT (-49.3386950601 -25.4304909982)
2014-05-27 13:51:00.000000,-25.4304909982,-49.3386950601,POINT (-49.3386950601 -25.4304909982)
2014-05-27 13:51:10.000000,-25.4304909982,-49.3386950601,POINT (-49.3386950601 -25.4304909982)
2014-05-27 13:51:20.000000,-25.4304909982,-49.3386950601,POINT (-49.3386950601 -25.4304909982)
2014-05-27 13:51:30.000000,-25.4304909982,-49.3386950601,POINT (-49.3386950601 -25.4304909982)
2014-05-27 13:51:40.000000,-25.4304909982,-49.3386950601,POINT (-49.3386950601 -25.4304909982)
2014-05-27 13:51:50.000000,-25.4304909982,-49.3386950601,POINT (-49.3386950601 -25.4304909982)
2014-05-27 13:52:00.000000,-25.4304909982,-49.3386950601,POINT (-49.3386950601 -25.4304909982)
2014-05-27 13:52:10.000000,-25.4304909982,-49.3386950601,POINT (-49.3386950601 -25.4304909982)
2014-05-27 13:52:20.000000,-25.4304909982,-49.3386950601,POINT (-49.3386950601 -25.4304909982)
2014-05-27 13:52:30.000000,-25.4304909982,-49.3386950601,POINT (-49.3386950601 -25.4304909982)
2014-05-27 13:52:40.000000,-25.4304909982,-49.3386950601,POINT (-49.3386950601 -25.4304909982)
2014-05-27 13:52:50.000000,-25.4304909982,-49.3386950601,POINT (-49.3386950601 -25.4304909982)
2014-05-27 13:53:00.000000,-25.4304909982,-49.3386950601,POINT (-49.3386950601 -25.4304909982)
2014-05-27 13:53:10.000000,-25.4304909982,-49.3386950601,POINT (-49.3386950601 -25.4304909982)
2014-05-27 13:53:20.000000,-25.4304909982,-49.3386950601,POINT (-49.3386950601 -25.4304909982)
2014-05-27 13:53:30.000000,-25.4304909982,-49.3386950601,POINT (-49.3386950601 -25.4304909982)
2014-05-27 13:53:40.000000,-25.4304909982,-49.3386950601,POINT (-49.3386950601 -25.4304909982)
2014-05-27 13:53:50.000000,-25.4304909982,-49.3386950601,POINT (-49.3386950601 -25.4304909982)
2014-05-27 13:54:00.000000,-25.4304909982,-49.3386950601,POINT (-49.3386950601 -25.4304909982)
2014-05-27 13:54:10.000000,-25.4304909982,-49.3386950601,POINT (-49.3386950601 -25.4304909982)
2014-05-27 13:54:20.000000,-25.4304909982,-49.3386950601,POINT (-49.3386950601 -25.4304909982)
2014-05-27 13:54:30.000000,-25.4304909982,-49.3386950601,POINT (-49.3386950601 -25.4304909982)
2014-05-27 13:54:40.000000,-25.4304909982,-49.3386950601,POINT (-49.3386950601 -25.4304909982)
2014-05-27 13:54:50.000000,-25.4304909982,-49.3386950601,POINT (-49.3386950601 -25.4304909982)
2014-05-27 13:55:00.000000,-25.4304909982,-49.3386950601,POINT (-49.3386950601 -25.4304909982)
2014-05-27 13:55:10.000000,-25.4304909982,-49.3386950601,POINT (-49.3386950601 -25.4304909982)
2014-05-27 13:55:20.000000,-25.4304909982,-49.3386950601,POINT (-49.3386950601 -25.4304909982)
2014-05-27 13:55:30.000000,-25.4304909982,-49.3386950601,POINT (-49.3386950601 -25.4304909982)
2014-05-27 13:55:40.000000,-25.4304909982,-49.3386950601,POINT (-49.3386950601 -25.4304909982)
2014-05-27 13:55:50.000000,-25.4304909982,-49.3386950601,POINT (-49.3386950601 -25.4304909982)
2014-05-27 13:56:00.000000,-25.4304909982,-49.3386950601,POINT (-49.3386950601 -25.4304909982)
2014-05-27 13:56:10.000000,-25.4304909982,-49.3386950601,POINT (-49.3386950601 -25.4304909982)
2014-05-27 13:56:20.000000,-25.4304909982,-49.3386950601,POINT (-49.3386950601 -25.4304909982)
2014-05-27 13:56:30.000000,-25.4304909982,-49.3386950601,POINT (-49.3386950601 -25.4304909982)
2014-05-27 13:56:40.000000,-25.4304909982,-49.3386950601,POINT (-49.3386950601 -25.4304909982)
2014-05-27 13:56:50.000000,-25.4304909982,-49.3386950601,POINT (-49.3386950601 -25.4304909982)
2014-05-27 13:57:00.000000,-25.4304909982,-49.3386950601,POINT (-49.3386950601 -25.4304909982)
2014-05-27 13:57:10.000000,-25.4304909982,-49.3386950601,POINT (-49.3386950601 -25.4304909982)
2014-05-27 13:57:20.000000,-25.4304909982,-49.3386950601,POINT (-49.3386950601 -25.4304909982)
2014-05-27 13:57:30.000000,-25.4304909982,-49.3386950601,POINT (-49.3386950601 -25.4304909982)
2014-05-27 13:57:40.000000,-25.4304909982,-49.3386950601,POINT (-49.3386950601 -25.4304909982)
2014-05-27 13:57:50.000000,-25.4304909982,-49.3386950601,POINT (-49.3386950601 -25.4304909982)
2014-05-27 13:58:00.000000,-25.4304909982,-49.3386950601,POINT (-49.3386950601 -25.4304909982)
2014-05-27 13:58:10.000000,-25.4304909982,-49.3386950601,POINT (-49.3386950601 -25.4304909982)
2014-05-27 13:58:20.000000,-25.4304909982,-49.3386950601,POINT (-49.3386950601 -25.4304909982)
2014-05-27 13:58:30.000000,-25.4304909982,-49.3386950601,POINT (-49.3386950601 -25.4304909982)
2014-05-27 13:58:40.000000,-25.4304909982,-49.3386950601,POINT (-49.3386950601 -25.4304909982)
2014-05-27 13:58:50.000000,-25.4304909982,-49.3386950601,POINT (-49.3386950601 -25.4304909982)
2014-05-27 13:59:00.000000,-25.4304909982,-49.3386950601,POINT (-49.3386950601 -25.4304909982)
2014-05-27 13:59:10.000000,-25.4304909982,-49.3386950601,POINT (-49.3386950601 -25.4304909982)
2014-05-27 13:59:20.000000,-25.4304909982,-49.3386950601,POINT (-49.3386950601 -25.4304909982)
2014-05-27 13:59:30.000000,-25.4304909982,-49.3386950601,POINT (-49.3386950601 -25.4304909982)
2014-05-27 13:59:40.000000,-25.4304909982,-49.3386950601,POINT (-49.3386950601 -25.4304909982)
2014-05-27 13:59:50.000000,-25.4304909982,-49.3386950601,POINT (-49.3386950601 -25.4304909982)
