timestamp,lat,lon,geometry
2014-06-07 10:00:00.000000,-25.4580987509,-49.309496985,POINT (-49.309496985 -25.4580987509)
2014-06-07 10:00:10.000000,-25.4580987509,-49.309496985,POINT (-49.309496985 -25.4580987509)
2014-06-07 10:00:20.000000,-25.4580987509,-49.309496985,POINT (-49.309496985 -25.4580987509)
2014-06-07 10:00:30.000000,-25.4580987509,-49.309496985,POINT (-49.309496985 -25.4580987509)
2014-06-07 10:00:40.000000,-25.4580987509,-49.309496985,POINT (-49.309496985 -25.4580987509)
2014-06-07 10:00:50.000000,-25.4580987509,-49.309496985,POINT (-49.309496985 -25.4580987509)
2014-06-07 10:01:00.000000,-25.4580987509,-49.309496985,POINT (-49.309496985 -25.4580987509)
2014-06-07 10:01:10.000000,-25.4580987509,-49.309496985,POINT (-49.309496985 -25.4580987509)
2014-06-07 10:01:20.000000,-25.4580987509,-49.309496985,POINT (-49.309496985 -25.4580987509)
2014-06-07 10:01:30.000000,-25.4580987509,-49.309496985,POINT (-49.309496985 -25.4580987509)
2014-06-07 10:01:40.000000,-25.4580987509,-49.309496985,POINT (-49.309496985 -25.4580987509)
2014-06-07 10:01:50.000000,-25.4580987509,-49.309496985,POINT (-49.309496985 -25.4580987509)
2014-06-07 10:02:00.000000,-25.4580987509,-49.309496985,POINT (-49.309496985 -25.4580987509)
2014-06-07 10:02:10.000000,-25.4580987509,-49.309496985,POINT (-49.309496985 -25.4580987509)
2014-06-07 10:02:20.000000,-25.4580987509,-49.309496985,POINT (-49.309496985 -25.4580987509)
2014-06-07 10:02:30.000000,-25.4580987509,-49.309496985,POINT (-49.309496985 -25.4580987509)
2014-06-07 10:02:40.000000,-25.4580987509,-49.309496985,POINT (-49.309496985 -25.4580987509)
2014-06-07 10:02:50.000000,-25.4580987509,-49.309496985,POINT (-49.309496985 -25.4580987509)
2014-06-07 10:03:00.000000,-25.4580987509,-49.309496985,POINT (-49.309496985 -25.4580987509)
2014-06-07 10:03:10.000000,-25.4580987509,-49.309496985,POINT (-49.309496985 -25.4580987509)
2014-06-07 10:03:20.000000,-25.4580987509,-49.309496985,POINT (-49.309496985 -25.4580987509)
2014-06-07 10:03:30.000000,-25.4580987509,-49.309496985,POINT (-49.309496985 -25.4580987509)
2014-06-07 10:03:40.000000,-25.4580987509,-49.309496985,POINT (-49.309496985 -25.4580987509)
2014-06-07 10:03:50.000000,-25.4580987509,-49.309496985,POINT (-49.309496985 -25.4580987509)
2014-06-07 10:04:00.000000,-25.4580987509,-49.309496985,POINT (-49.309496985 -25.4580987509)
2014-06-07 10:04:10.000000,-25.4580987509,-49.309496985,POINT (-49.309496985 -25.4580987509)
2014-06-07 10:04:20.000000,-25.4580987509,-49.309496985,POINT (-49.309496985 -25.4580987509)
2014-06-07 10:04:30.000000,-25.4580987509,-49.309496985,POINT (-49.309496985 -25.4580987509)
2014-06-07 10:04:40.000000,-25.4580987509,-49.309496985,POINT (-49.309496985 -25.4580987509)
2014-06-07 10:04:50.000000,-25.4580987509,-49.309496985,POINT (-49.309496985 -25.4580987509)
2014-06-07 10:05:00.000000,-25.4580987509,-49.309496985,POINT (-49.309496985 -25.4580987509)
2014-06-07 10:05:10.000000,-25.4580987509,-49.309496985,POINT (-49.309496985 -25.4580987509)
2014-06-07 10:05:20.000000,-25.4580987509,-49.309496985,POINT (-49.309496985 -25.4580987509)
2014-06-07 10:05:30.000000,-25.4580987509,-49.309496985,POINT (-49.309496985 -25.4580987509)
2014-06-07 10:05:40.000000,-25.4580987509,-49.309496985,POINT (-49.309496985 -25.4580987509)
2014-06-07 10:05:50.000000,-25.4580987509,-49.309496985,POINT (-49.309496985 -25.4580987509)
2014-06-07 10:06:00.000000,-25.4580987509,-49.309496985,POINT (-49.309496985 -25.4580987509)
2014-06-07 10:06:10.000000,-25.4580987509,-49.309496985,POINT (-49.309496985 -25.4580987509)
2014-06-07 10:06:20.000000,-25.4580987509,-49.309496985,POINT (-49.309496985 -25.4580987509)
2014-06-07 10:06:30.000000,-25.4580987509,-49.309496985,POINT (-49.309496985 -25.4580987509)
2014-06-07 10:06:40.000000,-25.4580987509,-49.309496985,POINT (-49.309496985 -25.4580987509)
2014-06-07 10:06:50.000000,-25.4580987509,-49.309496985,POINT (-49.309496985 -25.4580987509)
2014-06-07 10:07:00.000000,-25.4580987509,-49.309496985,POINT (-49.309496985 -25.4580987509)
2014-06-07 10:07:10.000000,-25.4580987509,-49.309496985,POINT (-49.309496985 -25.4580987509)
2014-06-07 10:07:20.000000,-25.4580987509,-49.309496985,POINT (-49.309496985 -25.4580987509)
2014-06-07 10:07:30.000000,-25.4580987509,-49.309496985,POINT (-49.309496985 -25.4580987509)
2014-06-07 10:07:40.000000,-25.4580987509,-49.309496985,POINT (-49.309496985 -25.4580987509)
2014-06-07 10:07:50.000000,-25.4580987509,-49.309496985,POINT (-49.309496985 -25.4580987509)
2014-06-07 10:08:00.000000,-25.4580987509,-49.309496985,POINT (-49.309496985 -25.4580987509)
2014-06-07 10:08:10.000000,-25.4580987509,-49.309496985,POINT (-49.309496985 -25.4580987509)
2014-06-07 10:08:20.000000,-25.4580987509,-49.309496985,POINT (-49.309496985 -25.4580987509)
2014-06-07 10:08:30.000000,-25.4580987509,-49.309496985,POINT (-49.309496985 -25.4580987509)
2014-06-07 10:08:40.000000,-25.4580987509,-49.309496985,POINT (-49.309496985 -25.4580987509)
2014-06-07 10:08:50.000000,-25.4580987509,-49.309496985,POINT (-49.309496985 -25.4580987509)
2014-06-07 10:09:00.000000,-25.4580987509,-49.309496985,POINT (-49.309496985 -25.4580987509)
2014-06-07 10:09:10.000000,-25.4580987509,-49.309496985,POINT (-49.309496985 -25.4580987509)
2014-06-07 10:09:20.000000,-25.4580987509,-49.309496985,POINT (-49.309496985 -25.4580987509)
2014-06-07 10:09:30.000000,-25.4580987509,-49.309496985,POINT (-49.309496985 -25.4580987509)
2014-06-07 10:09:40.000000,-25.4580987509,-49.309496985,POINT (-49.309496985 -25.4580987509)
2014-06-07 10:09:50.000000,-25.4580987509,-49.309496985,POINT (-49.309496985 -25.4580987509)
2014-06-07 10:10:00.000000,-25.4580987509,-49.309496985,POINT (-49.309496985 -25.4580987509)
2014-06-07 10:10:10.000000,-25.4580987509,-49.309496985,POINT (-49.309496985 -25.4580987509)
2014-06-07 10:10:20.000000,-25.4580987509,-49.309496985,POINT (-49.309496985 -25.4580987509)
2014-06-07 10:10:30.000000,-25.4580987509,-49.309496985,POINT (-49.309496985 -25.4580987509)
2014-06-07 10:10:40.000000,-25.4580987509,-49.309496985,POINT (-49.309496985 -25.4580987509)
2014-06-07 10:10:50.000000,-25.4580987509,-49.309496985,POINT (-49.309496985 -25.4580987509)
2014-06-07 10:11:00.000000,-25.4580987509,-49.309496985,POINT (-49.309496985 -25.4580987509)
2014-06-07 10:11:10.000000,-25.4580987509,-49.309496985,POINT (-49.309496985 -25.4580987509)
2014-06-07 10:11:20.000000,-25.4580987509,-49.309496985,POINT (-49.309496985 -25.4580987509)
2014-06-07 10:11:30.000000,-25.4580987509,-49.309496985,POINT (-49.309496985 -25.4580987509)
2014-06-07 10:11:40.000000,-25.4580987509,-49.309496985,POINT (-49.309496985 -25.4580987509)
2014-06-07 10:11:50.000000,-25.4580987509,-49.309496985,POINT (-49.309496985 -25.4580987509)
2014-06-07 10:12:00.000000,-25.4580987509,-49.309496985,POINT (-49.309496985 -25.4580987509)
2014-06-07 10:12:10.000000,-25.4580987509,-49.309496985,POINT (-49.309496985 -25.4580987509)
2014-06-07 10:12:20.000000,-25.4580987509,-49.309496985,POINT (-49.309496985 -25.4580987509)
2014-06-07 10:12:30.000000,-25.4580987509,-49.309496985,POINT (-49.309496985 -25.4580987509)
2014-06-07 10:12:40.000000,-25.4580987509,-49.309496985,POINT (-49.309496985 -25.4580987509)
2014-06-07 10:12:50.000000,-25.4580987509,-49.309496985,POINT (-49.309496985 -25.4580987509)
2014-06-07 10:13:00.000000,-25.4580987509,-49.309496985,POINT (-49.309496985 -25.4580987509)
2014-06-07 10:13:10.000000,-25.4580987509,-49.309496985,POINT (-49.309496985 -25.4580987509)
2014-06-07 10:13:20.000000,-25.4580987509,-49.309496985,POINT (-49.309496985 -25.4580987509)
2014-06-07 10:13:30.000000,-25.4580987509,-49.309496985,POINT (-49.309496985 -25.4580987509)
2014-06-07 10:13:40.000000,-25.4580987509,-49.309496985,POINT (-49.309496985 -25.4580987509)
2014-06-07 10:13:50.000000,-25.4580987509,-49.309496985,POINT (-49.309496985 -25.4580987509)
2014-06-07 10:14:00.000000,-25.4580987509,-49.309496985,POINT (-49.309496985 -25.4580987509)
2014-06-07 10:14:10.000000,-25.4580987509,-49.309496985,POINT (-49.309496985 -25.4580987509)
2014-06-07 10:14:20.000000,-25.4580987509,-49.309496985,POINT (-49.309496985 -25.4580987509)
2014-06-07 10:14:30.000000,-25.4580987509,-49.309496985,POINT (-49.309496985 -25.4580987509)
2014-06-07 10:14:40.000000,-25.4580987509,-49.309496985,POINT (-49.309496985 -25.4580987509)
2014-06-07 10:14:50.000000,-25.4580987509,-49.309496985,POINT (-49.309496985 -25.4580987509)
2014-06-07 10:15:00.000000,-25.4580987509,-49.309496985,POINT (-49.309496985 -25.4580987509)
2014-06-07 10:15:10.000000,-25.4580987509,-49.309496985,POINT (-49.309496985 -25.4580987509)
2014-06-07 10:15:20.000000,-25.4580987509,-49.309496985,POINT (-49.309496985 -25.4580987509)
2014-06-07 10:15:30.000000,-25.4580987509,-49.309496985,POINT (-49.309496985 -25.4580987509)
2014-06-07 10:15:40.000000,-25.4580987509,-49.309496985,POINT (-49.309496985 -25.4580987509)
2014-06-07 10:15:50.000000,-25.4580987509,-49.309496985,POINT (-49.309496985 -25.4580987509)
2014-06-07 10:16:00.000000,-25.4580987509,-49.309496985,POINT (-49.309496985 -25.4580987509)
2014-06-07 10:16:10.000000,-25.4580987509,-49.309496985,POINT (-49.309496985 -25.4580987509)
2014-06-07 10:16:20.000000,-25.4580987509,-49.309496985,POINT (-49.309496985 -25.4580987509)
2014-06-07 10:16:30.000000,-25.4580987509,-49.309496985,POINT (-49.309496985 -25.4580987509)
2014-06-07 10:16:40.000000,-25.4580987509,-49.309496985,POINT (-49.309496985 -25.4580987509)
2014-06-07 10:16:50.000000,-25.4580987509,-49.309496985,POINT (-49.309496985 -25.4580987509)
2014-06-07 10:17:00.000000,-25.4580987509,-49.309496985,POINT (-49.309496985 -25.4580987509)
2014-06-07 10:17:10.000000,-25.4580987509,-49.309496985,POINT (-49.309496985 -25.4580987509)
2014-06-07 10:17:20.000000,-25.4580987509,-49.309496985,POINT (-49.309496985 -25.4580987509)
2014-06-07 10:17:30.000000,-25.4580987509,-49.309496985,POINT (-49.309496985 -25.4580987509)
2014-06-07 10:17:40.000000,-25.4580987509,-49.309496985,POINT (-49.309496985 -25.4580987509)
2014-06-07 10:17:50.000000,-25.4580987509,-49.309496985,POINT (-49.309496985 -25.4580987509)
2014-06-07 10:18:00.000000,-25.4580987509,-49.309496985,POINT (-49.309496985 -25.4580987509)
2014-06-07 10:18:10.000000,-25.4580987509,-49.309496985,POINT (-49.309496985 -25.4580987509)
2014-06-07 10:18:20.000000,-25.4580987509,-49.309496985,POINT (-49.309496985 -25.4580987509)
2014-06-07 10:18:30.000000,-25.4580987509,-49.309496985,POINT (-49.309496985 -25.4580987509)
2014-06-07 10:18:40.000000,-25.4580987509,-49.309496985,POINT (-49.309496985 -25.4580987509)
2014-06-07 10:18:50.000000,-25.4580987509,-49.309496985,POINT (-49.309496985 -25.4580987509)
2014-06-07 10:19:00.000000,-25.4580987509,-49.309496985,POINT (-49.309496985 -25.4580987509)
2014-06-07 10:19:10.000000,-25.4580987509,-49.309496985,POINT (-49.309496985 -25.4580987509)
2014-06-07 10:19:20.000000,-25.4580987509,-49.309496985,POINT (-49.309496985 -25.4580987509)
2014-06-07 10:19:30.000000,-25.4580987509,-49.309496985,POINT (-49.309496985 -25.4580987509)
2014-06-07 10:19:40.000000,-25.4580987509,-49.309496985,POINT (-49.309496985 -25.4580987509)
2014-06-07 10:19:50.000000,-25.4580987509,-49.309496985,POINT (-49.309496985 -25.4580987509)
2014-06-07 10:20:00.000000,-25.4580987509,-49.309496985,POINT (-49.309496985 -25.4580987509)
2014-06-07 10:20:10.000000,-25.4580987509,-49.309496985,POINT (-49.309496985 -25.4580987509)
2014-06-07 10:20:20.000000,-25.4580987509,-49.309496985,POINT (-49.309496985 -25.4580987509)
2014-06-07 10:20:30.000000,-25.4580987509,-49.309496985,POINT (-49.309496985 -25.4580987509)
2014-06-07 10:20:40.000000,-25.4580987509,-49.309496985,POINT (-49.309496985 -25.4580987509)
2014-06-07 10:20:50.000000,-25.4580987509,-49.309496985,POINT (-49.309496985 -25.4580987509)
2014-06-07 10:21:00.000000,-25.4580987509,-49.309496985,POINT (-49.309496985 -25.4580987509)
2014-06-07 10:21:10.000000,-25.4580987509,-49.309496985,POINT (-49.309496985 -25.4580987509)
2014-06-07 10:21:20.000000,-25.4580987509,-49.309496985,POINT (-49.309496985 -25.4580987509)
2014-06-07 10:21:30.000000,-25.4580987509,-49.309496985,POINT (-49.309496985 -25.4580987509)
2014-06-07 10:21:40.000000,-25.4580987509,-49.309496985,POINT (-49.309496985 -25.4580987509)
2014-06-07 10:21:50.000000,-25.4580987509,-49.309496985,POINT (-49.309496985 -25.4580987509)
2014-06-07 10:22:00.000000,-25.4580987509,-49.309496985,POINT (-49.309496985 -25.4580987509)
2014-06-07 10:22:10.000000,-25.4580987509,-49.309496985,POINT (-49.309496985 -25.4580987509)
2014-06-07 10:22:20.000000,-25.4580987509,-49.309496985,POINT (-49.309496985 -25.4580987509)
2014-06-07 10:22:30.000000,-25.4580987509,-49.309496985,POINT (-49.309496985 -25.4580987509)
2014-06-07 10:22:40.000000,-25.4580987509,-49.309496985,POINT (-49.309496985 -25.4580987509)
2014-06-07 10:22:50.000000,-25.4580987509,-49.309496985,POINT (-49.309496985 -25.4580987509)
2014-06-07 10:23:00.000000,-25.4580987509,-49.309496985,POINT (-49.309496985 -25.4580987509)
2014-06-07 10:23:10.000000,-25.4580987509,-49.309496985,POINT (-49.309496985 -25.4580987509)
2014-06-07 10:23:20.000000,-25.4580987509,-49.309496985,POINT (-49.309496985 -25.4580987509)
2014-06-07 10:23:30.000000,-25.4580987509,-49.309496985,POINT (-49.309496985 -25.4580987509)
2014-06-07 10:23:40.000000,-25.4580987509,-49.309496985,POINT (-49.309496985 -25.4580987509)
2014-06-07 10:23:50.000000,-25.4580987509,-49.309496985,POINT (-49.309496985 -25.4580987509)
2014-06-07 10:24:00.000000,-25.4580987509,-49.309496985,POINT (-49.309496985 -25.4580987509)
2014-06-07 10:24:10.000000,-25.4580987509,-49.309496985,POINT (-49.309496985 -25.4580987509)
2014-06-07 10:24:20.000000,-25.4580987509,-49.309496985,POINT (-49.309496985 -25.4580987509)
2014-06-07 10:24:30.000000,-25.4580987509,-49.309496985,POINT (-49.309496985 -25.4580987509)
2014-06-07 10:24:40.000000,-25.4580987509,-49.309496985,POINT (-49.309496985 -25.4580987509)
2014-06-07 10:24:50.000000,-25.4580987509,-49.309496985,POINT (-49.309496985 -25.4580987509)
2014-06-07 10:25:00.000000,-25.4580987509,-49.309496985,POINT (-49.309496985 -25.4580987509)
2014-06-07 10:25:10.000000,-25.4580987509,-49.309496985,POINT (-49.309496985 -25.4580987509)
2014-06-07 10:25:20.000000,-25.4580987509,-49.309496985,POINT (-49.309496985 -25.4580987509)
2014-06-07 10:25:30.000000,-25.4580987509,-49.309496985,POINT (-49.309496985 -25.4580987509)
2014-06-07 10:25:40.000000,-25.4580987509,-49.309496985,POINT (-49.309496985 -25.4580987509)
2014-06-07 10:25:50.000000,-25.4580987509,-49.309496985,POINT (-49.309496985 -25.4580987509)
2014-06-07 10:26:00.000000,-25.4580987509,-49.309496985,POINT (-49.309496985 -25.4580987509)
2014-06-07 10:26:10.000000,-25.4580987509,-49.309496985,POINT (-49.309496985 -25.4580987509)
2014-06-07 10:26:20.000000,-25.4580987509,-49.309496985,POINT (-49.309496985 -25.4580987509)
2014-06-07 10:26:30.000000,-25.4580987509,-49.309496985,POINT (-49.309496985 -25.4580987509)
2014-06-07 10:26:40.000000,-25.4580987509,-49.309496985,POINT (-49.309496985 -25.4580987509)
2014-06-07 10:26:50.000000,-25.4580987509,-49.309496985,POINT (-49.309496985 -25.4580987509)
2014-06-07 10:27:00.000000,-25.4580987509,-49.309496985,POINT (-49.309496985 -25.4580987509)
2014-06-07 10:27:10.000000,-25.4580987509,-49.309496985,POINT (-49.309496985 -25.4580987509)
2014-06-07 10:27:20.000000,-25.4580987509,-49.309496985,POINT (-49.309496985 -25.4580987509)
2014-06-07 10:27:30.000000,-25.4580987509,-49.309496985,POINT (-49.309496985 -25.4580987509)
2014-06-07 10:27:40.000000,-25.4580987509,-49.309496985,POINT (-49.309496985 -25.4580987509)
2014-06-07 10:27:50.000000,-25.4580987509,-49.309496985,POINT (-49.309496985 -25.4580987509)
2014-06-07 10:28:00.000000,-25.4580987509,-49.309496985,POINT (-49.309496985 -25.4580987509)
2014-06-07 10:28:10.000000,-25.4580987509,-49.309496985,POINT (-49.309496985 -25.4580987509)
2014-06-07 10:28:20.000000,-25.4580987509,-49.309496985,POINT (-49.309496985 -25.4580987509)
2014-06-07 10:28:30.000000,-25.4580987509,-49.309496985,POINT (-49.309496985 -25.4580987509)
2014-06-07 10:28:40.000000,-25.4580987509,-49.309496985,POINT (-49.309496985 -25.4580987509)
2014-06-07 10:28:50.000000,-25.4580987509,-49.309496985,POINT (-49.309496985 -25.4580987509)
2014-06-07 10:29:00.000000,-25.4580987509,-49.309496985,POINT (-49.309496985 -25.4580987509)
2014-06-07 10:29:10.000000,-25.4580987509,-49.309496985,POINT (-49.309496985 -25.4580987509)
2014-06-07 10:29:20.000000,-25.4580987509,-49.309496985,POINT (-49.309496985 -25.4580987509)
2014-06-07 10:29:30.000000,-25.4580987509,-49.309496985,POINT (-49.309496985 -25.4580987509)
2014-06-07 10:29:40.000000,-25.4580987509,-49.309496985,POINT (-49.309496985 -25.4580987509)
2014-06-07 10:29:50.000000,-25.4580987509,-49.309496985,POINT (-49.309496985 -25.4580987509)
2014-06-07 10:30:00.000000,-25.4580987509,-49.309496985,POINT (-49.309496985 -25.4580987509)
2014-06-07 10:30:10.000000,-25.4580987509,-49.309496985,POINT (-49.309496985 -25.4580987509)
2014-06-07 10:30:20.000000,-25.4580987509,-49.309496985,POINT (-49.309496985 -25.4580987509)
2014-06-07 10:30:30.000000,-25.4580987509,-49.309496985,POINT (-49.309496985 -25.4580987509)
2014-06-07 10:30:40.000000,-25.4580987509,-49.309496985,POINT (-49.309496985 -25.4580987509)
2014-06-07 10:30:50.000000,-25.4580987509,-49.309496985,POINT (-49.309496985 -25.4580987509)
2014-06-07 10:31:00.000000,-25.4580987509,-49.309496985,POINT (-49.309496985 -25.4580987509)
2014-06-07 10:31:10.000000,-25.4580987509,-49.309496985,POINT (-49.309496985 -25.4580987509)
2014-06-07 10:31:20.000000,-25.4580987509,-49.309496985,POINT (-49.309496985 -25.4580987509)
2014-06-07 10:31:30.000000,-25.4580987509,-49.309496985,POINT (-49.309496985 -25.4580987509)
2014-06-07 10:31:40.000000,-25.4580987509,-49.309496985,POINT (-49.309496985 -25.4580987509)
2014-06-07 10:31:50.000000,-25.4580987509,-49.309496985,POINT (-49.309496985 -25.4580987509)
2014-06-07 10:32:00.000000,-25.4580987509,-49.309496985,POINT (-49.309496985 -25.4580987509)
2014-06-07 10:32:10.000000,-25.4580987509,-49.309496985,POINT (-49.309496985 -25.4580987509)
2014-06-07 10:32:20.000000,-25.4580987509,-49.309496985,POINT (-49.309496985 -25.4580987509)
2014-06-07 10:32:30.000000,-25.4580987509,-49.309496985,POINT (-49.309496985 -25.4580987509)
2014-06-07 10:32:40.000000,-25.4580987509,-49.309496985,POINT (-49.309496985 -25.4580987509)
2014-06-07 10:32:50.000000,-25.4580987509,-49.309496985,POINT (-49.309496985 -25.4580987509)
2014-06-07 10:33:00.000000,-25.4580987509,-49.309496985,POINT (-49.309496985 -25.4580987509)
2014-06-07 10:33:10.000000,-25.4580987509,-49.309496985,POINT (-49.309496985 -25.4580987509)
2014-06-07 10:33:20.000000,-25.4580987509,-49.309496985,POINT (-49.309496985 -25.4580987509)
2014-06-07 10:33:30.000000,-25.4580987509,-49.309496985,POINT (-49.309496985 -25.4580987509)
2014-06-07 10:33:40.000000,-25.4580987509,-49.309496985,POINT (-49.309496985 -25.4580987509)
2014-06-07 10:33:50.000000,-25.4580987509,-49.309496985,POINT (-49.309496985 -25.4580987509)
2014-06-07 10:34:00.000000,-25.4580987509,-49.309496985,POINT (-49.309496985 -25.4580987509)
2014-06-07 10:34:10.000000,-25.4580987509,-49.309496985,POINT (-49.309496985 -25.4580987509)
2014-06-07 10:34:20.000000,-25.4580987509,-49.309496985,POINT (-49.309496985 -25.4580987509)
2014-06-07 10:34:30.000000,-25.4580987509,-49.309496985,POINT (-49.309496985 -25.4580987509)
2014-06-07 10:34:40.000000,-25.4580987509,-49.309496985,POINT (-49.309496985 -25.4580987509)
2014-06-07 10:34:50.000000,-25.4580987509,-49.309496985,POINT (-49.309496985 -25.4580987509)
2014-06-07 10:35:00.000000,-25.4580987509,-49.309496985,POINT (-49.309496985 -25.4580987509)
2014-06-07 10:35:10.000000,-25.4580987509,-49.309496985,POINT (-49.309496985 -25.4580987509)
2014-06-07 10:35:20.000000,-25.4580987509,-49.309496985,POINT (-49.309496985 -25.4580987509)
2014-06-07 10:35:30.000000,-25.4580987509,-49.309496985,POINT (-49.309496985 -25.4580987509)
2014-06-07 10:35:40.000000,-25.4580987509,-49.309496985,POINT (-49.309496985 -25.4580987509)
2014-06-07 10:35:50.000000,-25.4580987509,-49.309496985,POINT (-49.309496985 -25.4580987509)
2014-06-07 10:36:00.000000,-25.4580987509,-49.309496985,POINT (-49.309496985 -25.4580987509)
2014-06-07 10:36:10.000000,-25.4580987509,-49.309496985,POINT (-49.309496985 -25.4580987509)
2014-06-07 10:36:20.000000,-25.4580987509,-49.309496985,POINT (-49.309496985 -25.4580987509)
2014-06-07 10:36:30.000000,-25.4580987509,-49.309496985,POINT (-49.309496985 -25.4580987509)
2014-06-07 10:36:40.000000,-25.4580987509,-49.309496985,POINT (-49.309496985 -25.4580987509)
2014-06-07 10:36:50.000000,-25.4580987509,-49.309496985,POINT (-49.309496985 -25.4580987509)
2014-06-07 10:37:00.000000,-25.4580987509,-49.309496985,POINT (-49.309496985 -25.4580987509)
2014-06-07 10:37:10.000000,-25.4580987509,-49.309496985,POINT (-49.309496985 -25.4580987509)
2014-06-07 10:37:20.000000,-25.4580987509,-49.309496985,POINT (-49.309496985 -25.4580987509)
2014-06-07 10:37:30.000000,-25.4580987509,-49.309496985,POINT (-49.309496985 -25.4580987509)
2014-06-07 10:37:40.000000,-25.4580987509,-49.309496985,POINT (-49.309496985 -25.4580987509)
2014-06-07 10:37:50.000000,-25.4580987509,-49.309496985,POINT (-49.309496985 -25.4580987509)
2014-06-07 10:38:00.000000,-25.4580987509,-49.309496985,POINT (-49.309496985 -25.4580987509)
2014-06-07 10:38:10.000000,-25.4580987509,-49.309496985,POINT (-49.309496985 -25.4580987509)
2014-06-07 10:38:20.000000,-25.4580987509,-49.309496985,POINT (-49.309496985 -25.4580987509)
2014-06-07 10:38:30.000000,-25.4580987509,-49.309496985,POINT (-49.309496985 -25.4580987509)
2014-06-07 10:38:40.000000,-25.4580987509,-49.309496985,POINT (-49.309496985 -25.4580987509)
2014-06-07 10:38:50.000000,-25.4580987509,-49.309496985,POINT (-49.309496985 -25.4580987509)
2014-06-07 10:39:00.000000,-25.4580987509,-49.309496985,POINT (-49.309496985 -25.4580987509)
2014-06-07 10:39:10.000000,-25.4580987509,-49.309496985,POINT (-49.309496985 -25.4580987509)
2014-06-07 10:39:20.000000,-25.4580987509,-49.309496985,POINT (-49.309496985 -25.4580987509)
2014-06-07 10:39:30.000000,-25.4580987509,-49.309496985,POINT (-49.309496985 -25.4580987509)
2014-06-07 10:39:40.000000,-25.4580987509,-49.309496985,POINT (-49.309496985 -25.4580987509)
2014-06-07 10:39:50.000000,-25.4580987509,-49.309496985,POINT (-49.309496985 -25.4580987509)
2014-06-07 10:40:00.000000,-25.4580987509,-49.309496985,POINT (-49.309496985 -25.4580987509)
2014-06-07 10:40:10.000000,-25.4580987509,-49.309496985,POINT (-49.309496985 -25.4580987509)
2014-06-07 10:40:20.000000,-25.4580987509,-49.309496985,POINT (-49.309496985 -25.4580987509)
2014-06-07 10:40:30.000000,-25.4580987509,-49.309496985,POINT (-49.309496985 -25.4580987509)
2014-06-07 10:40:40.000000,-25.4580987509,-49.309496985,POINT (-49.309496985 -25.4580987509)
2014-06-07 10:40:50.000000,-25.4580987509,-49.309496985,POINT (-49.309496985 -25.4580987509)
2014-06-07 10:41:00.000000,-25.4580987509,-49.309496985,POINT (-49.309496985 -25.4580987509)
2014-06-07 10:41:10.000000,-25.4580987509,-49.309496985,POINT (-49.309496985 -25.4580987509)
2014-06-07 10:41:20.000000,-25.4580987509,-49.309496985,POINT (-49.309496985 -25.4580987509)
2014-06-07 10:41:30.000000,-25.4580987509,-49.309496985,POINT (-49.309496985 -25.4580987509)
2014-06-07 10:41:40.000000,-25.4580987509,-49.309496985,POINT (-49.309496985 -25.4580987509)
2014-06-07 10:41:50.000000,-25.4580987509,-49.309496985,POINT (-49.309496985 -25.4580987509)
2014-06-07 10:42:00.000000,-25.4580987509,-49.309496985,POINT (-49.309496985 -25.4580987509)
2014-06-07 10:42:10.000000,-25.4580987509,-49.309496985,POINT (-49.309496985 -25.4580987509)
2014-06-07 10:42:20.000000,-25.4580987509,-49.309496985,POINT (-49.309496985 -25.4580987509)
2014-06-07 10:42:30.000000,-25.4580987509,-49.309496985,POINT (-49.309496985 -25.4580987509)
2014-06-07 10:42:40.000000,-25.4580987509,-49.309496985,POINT (-49.309496985 -25.4580987509)
2014-06-07 10:42:50.000000,-25.4580987509,-49.309496985,POINT (-49.309496985 -25.4580987509)
2014-06-07 10:43:00.000000,-25.4580987509,-49.309496985,POINT (-49.309496985 -25.4580987509)
2014-06-07 10:43:10.000000,-25.4580987509,-49.309496985,POINT (-49.309496985 -25.4580987509)
2014-06-07 10:43:20.000000,-25.4580987509,-49.309496985,POINT (-49.309496985 -25.4580987509)
2014-06-07 10:43:30.000000,-25.4580987509,-49.309496985,POINT (-49.309496985 -25.4580987509)
2014-06-07 10:43:40.000000,-25.4580987509,-49.309496985,POINT (-49.309496985 -25.4580987509)
2014-06-07 10:43:50.000000,-25.4580987509,-49.309496985,POINT (-49.309496985 -25.4580987509)
2014-06-07 10:44:00.000000,-25.4580987509,-49.309496985,POINT (-49.309496985 -25.4580987509)
2014-06-07 10:44:10.000000,-25.4580987509,-49.309496985,POINT (-49.309496985 -25.4580987509)
2014-06-07 10:44:20.000000,-25.4580987509,-49.309496985,POINT (-49.309496985 -25.4580987509)
2014-06-07 10:44:30.000000,-25.4580987509,-49.309496985,POINT (-49.309496985 -25.4580987509)
2014-06-07 10:44:40.000000,-25.4580987509,-49.309496985,POINT (-49.309496985 -25.4580987509)
2014-06-07 10:44:50.000000,-25.4580987509,-49.309496985,POINT (-49.309496985 -25.4580987509)
2014-06-07 10:45:00.000000,-25.4580987509,-49.309496985,POINT (-49.309496985 -25.4580987509)
2014-06-07 10:45:10.000000,-25.4580987509,-49.309496985,POINT (-49.309496985 -25.4580987509)
2014-06-07 10:45:20.000000,-25.4580987509,-49.309496985,POINT (-49.309496985 -25.4580987509)
2014-06-07 10:45:30.000000,-25.4580987509,-49.309496985,POINT (-49.309496985 -25.4580987509)
2014-06-07 10:45:40.000000,-25.4580987509,-49.309496985,POINT (-49.309496985 -25.4580987509)
2014-06-07 10:45:50.000000,-25.4580987509,-49.309496985,POINT (-49.309496985 -25.4580987509)
2014-06-07 10:46:00.000000,-25.4580987509,-49.309496985,POINT (-49.309496985 -25.4580987509)
2014-06-07 10:46:10.000000,-25.4580987509,-49.309496985,POINT (-49.309496985 -25.4580987509)
2014-06-07 10:46:20.000000,-25.4580987509,-49.309496985,POINT (-49.309496985 -25.4580987509)
2014-06-07 10:46:30.000000,-25.4580987509,-49.309496985,POINT (-49.309496985 -25.4580987509)
2014-06-07 10:46:40.000000,-25.4580987509,-49.309496985,POINT (-49.309496985 -25.4580987509)
2014-06-07 10:46:50.000000,-25.4580987509,-49.309496985,POINT (-49.309496985 -25.4580987509)
2014-06-07 10:47:00.000000,-25.4580987509,-49.309496985,POINT (-49.309496985 -25.4580987509)
2014-06-07 10:47:10.000000,-25.4580987509,-49.309496985,POINT (-49.309496985 -25.4580987509)
2014-06-07 10:47:20.000000,-25.4580987509,-49.309496985,POINT (-49.309496985 -25.4580987509)
2014-06-07 10:47:30.000000,-25.4580987509,-49.309496985,POINT (-49.309496985 -25.4580987509)
2014-06-07 10:47:40.000000,-25.4580987509,-49.309496985,POINT (-49.309496985 -25.4580987509)
2014-06-07 10:47:50.000000,-25.4580987509,-49.309496985,POINT (-49.309496985 -25.4580987509)
2014-06-07 10:48:00.000000,-25.4580987509,-49.309496985,POINT (-49.309496985 -25.4580987509)
2014-06-07 10:48:10.000000,-25.4580987509,-49.309496985,POINT (-49.309496985 -25.4580987509)
2014-06-07 10:48:20.000000,-25.4580987509,-49.309496985,POINT (-49.309496985 -25.4580987509)
2014-06-07 10:48:30.000000,-25.4580987509,-49.309496985,POINT (-49.309496985 -25.4580987509)
2014-06-07 10:48:40.000000,-25.4580987509,-49.309496985,POINT (-49.309496985 -25.4580987509)
2014-06-07 10:48:50.000000,-25.4580987509,-49.309496985,POINT (-49.309496985 -25.4580987509)
2014-06-07 10:49:00.000000,-25.4580987509,-49.309496985,POINT (-49.309496985 -25.4580987509)
2014-06-07 10:49:10.000000,-25.4580987509,-49.309496985,POINT (-49.309496985 -25.4580987509)
2014-06-07 10:49:20.000000,-25.4580987509,-49.309496985,POINT (-49.309496985 -25.4580987509)
2014-06-07 10:49:30.000000,-25.4580987509,-49.309496985,POINT (-49.309496985 -25.4580987509)
2014-06-07 10:49:40.000000,-25.4580987509,-49.309496985,POINT (-49.309496985 -25.4580987509)
2014-06-07 10:49:50.000000,-25.4580987509,-49.309496985,POINT (-49.309496985 -25.4580987509)
2014-06-07 10:50:00.000000,-25.4580987509,-49.309496985,POINT (-49.309496985 -25.4580987509)
2014-06-07 10:50:10.000000,-25.4580987509,-49.309496985,POINT (-49.309496985 -25.4580987509)
2014-06-07 10:50:20.000000,-25.4580987509,-49.309496985,POINT (-49.309496985 -25.4580987509)
2014-06-07 10:50:30.000000,-25.4580987509,-49.309496985,POINT (-49.309496985 -25.4580987509)
2014-06-07 10:50:40.000000,-25.4580987509,-49.309496985,POINT (-49.309496985 -25.4580987509)
2014-06-07 10:50:50.000000,-25.4580987509,-49.309496985,POINT (-49.309496985 -25.4580987509)
2014-06-07 10:51:00.000000,-25.4580987509,-49.309496985,POINT (-49.309496985 -25.4580987509)
2014-06-07 10:51:10.000000,-25.4580987509,-49.309496985,POINT (-49.309496985 -25.4580987509)
2014-06-07 10:51:20.000000,-25.4580987509,-49.309496985,POINT (-49.309496985 -25.4580987509)
2014-06-07 10:51:30.000000,-25.4580987509,-49.309496985,POINT (-49.309496985 -25.4580987509)
2014-06-07 10:51:40.000000,-25.4580987509,-49.309496985,POINT (-49.309496985 -25.4580987509)
2014-06-07 10:51:50.000000,-25.4580987509,-49.309496985,POINT (-49.309496985 -25.4580987509)
2014-06-07 10:52:00.000000,-25.4580987509,-49.309496985,POINT (-49.309496985 -25.4580987509)
2014-06-07 10:52:10.000000,-25.4580987509,-49.309496985,POINT (-49.309496985 -25.4580987509)
2014-06-07 10:52:20.000000,-25.4580987509,-49.309496985,POINT (-49.309496985 -25.4580987509)
2014-06-07 10:52:30.000000,-25.4580987509,-49.309496985,POINT (-49.309496985 -25.4580987509)
2014-06-07 10:52:40.000000,-25.4580987509,-49.309496985,POINT (-49.309496985 -25.4580987509)
2014-06-07 10:52:50.000000,-25.4580987509,-49.309496985,POINT (-49.309496985 -25.4580987509)
2014-06-07 10:53:00.000000,-25.4580987509,-49.309496985,POINT (-49.309496985 -25.4580987509)
2014-06-07 10:53:10.000000,-25.4580987509,-49.309496985,POINT (-49.309496985 -25.4580987509)
2014-06-07 10:53:20.000000,-25.4580987509,-49.309496985,POINT (-49.309496985 -25.4580987509)
2014-06-07 10:53:30.000000,-25.4580987509,-49.309496985,POINT (-49.309496985 -25.4580987509)
2014-06-07 10:53:40.000000,-25.4580987509,-49.309496985,POINT (-49.309496985 -25.4580987509)
2014-06-07 10:53:50.000000,-25.4580987509,-49.309496985,POINT (-49.309496985 -25.4580987509)
2014-06-07 10:54:00.000000,-25.4580987509,-49.309496985,POINT (-49.309496985 -25.4580987509)
2014-06-07 10:54:10.000000,-25.4580987509,-49.309496985,POINT (-49.309496985 -25.4580987509)
2014-06-07 10:54:20.000000,-25.4580987509,-49.309496985,POINT (-49.309496985 -25.4580987509)
2014-06-07 10:54:30.000000,-25.4580987509,-49.309496985,POINT (-49.309496985 -25.4580987509)
2014-06-07 10:54:40.000000,-25.4580987509,-49.309496985,POINT (-49.309496985 -25.4580987509)
2014-06-07 10:54:50.000000,-25.4580987509,-49.309496985,POINT (-49.309496985 -25.4580987509)
2014-06-07 10:55:00.000000,-25.4580987509,-49.309496985,POINT (-49.309496985 -25.4580987509)
2014-06-07 10:55:10.000000,-25.4580987509,-49.309496985,POINT (-49.309496985 -25.4580987509)
2014-06-07 10:55:20.000000,-25.4580987509,-49.309496985,POINT (-49.309496985 -25.4580987509)
2014-06-07 10:55:30.000000,-25.4580987509,-49.309496985,POINT (-49.309496985 -25.4580987509)
2014-06-07 10:55:40.000000,-25.4580987509,-49.309496985,POINT (-49.309496985 -25.4580987509)
2014-06-07 10:55:50.000000,-25.4580987509,-49.309496985,POINT (-49.309496985 -25.4580987509)
2014-06-07 10:56:00.000000,-25.4580987509,-49.309496985,POINT (-49.309496985 -25.4580987509)
2014-06-07 10:56:10.000000,-25.4580987509,-49.309496985,POINT (-49.309496985 -25.4580987509)
2014-06-07 10:56:20.000000,-25.4580987509,-49.309496985,POINT (-49.309496985 -25.4580987509)
2014-06-07 10:56:30.000000,-25.4580987509,-49.309496985,POINT (-49.309496985 -25.4580987509)
2014-06-07 10:56:40.000000,-25.4580987509,-49.309496985,POINT (-49.309496985 -25.4580987509)
2014-06-07 10:56:50.000000,-25.4580987509,-49.309496985,POINT (-49.309496985 -25.4580987509)
2014-06-07 10:57:00.000000,-25.4580987509,-49.309496985,POINT (-49.309496985 -25.4580987509)
2014-06-07 10:57:10.000000,-25.4580987509,-49.309496985,POINT (-49.309496985 -25.4580987509)
2014-06-07 10:57:20.000000,-25.4580987509,-49.309496985,POINT (-49.309496985 -25.4580987509)
2014-06-07 10:57:30.000000,-25.4580987509,-49.309496985,POINT (-49.309496985 -25.4580987509)
2014-06-07 10:57:40.000000,-25.4580987509,-49.309496985,POINT (-49.309496985 -25.4580987509)
2014-06-07 10:57:50.000000,-25.4580987509,-49.309496985,POINT (-49.309496985 -25.4580987509)
2014-06-07 10:58:00.000000,-25.4580987509,-49.309496985,POINT (-49.309496985 -25.4580987509)
2014-06-07 10:58:10.000000,-25.4580987509,-49.309496985,POINT (-49.309496985 -25.4580987509)
2014-06-07 10:58:20.000000,-25.4580987509,-49.309496985,POINT (-49.309496985 -25.4580987509)
2014-06-07 10:58:30.000000,-25.4580987509,-49.309496985,POINT (-49.309496985 -25.4580987509)
2014-06-07 10:58:40.000000,-25.4580987509,-49.309496985,POINT (-49.309496985 -25.4580987509)
2014-06-07 10:58:50.000000,-25.4580987509,-49.309496985,POINT (-49.309496985 -25.4580987509)
2014-06-07 10:59:00.000000,-25.4580987509,-49.309496985,POINT (-49.309496985 -25.4580987509)
2014-06-07 10:59:10.000000,-25.4580987509,-49.309496985,POINT (-49.309496985 -25.4580987509)
2014-06-07 10:59:20.000000,-25.4580987509,-49.309496985,POINT (-49.309496985 -25.4580987509)
2014-06-07 10:59:30.000000,-25.4580987509,-49.309496985,POINT (-49.309496985 -25.4580987509)
2014-06-07 10:59:40.000000,-25.4580987509,-49.309496985,POINT (-49.309496985 -25.4580987509)
2014-06-07 10:59:50.000000,-25.4580987509,-49.309496985,POINT (-49.309496985 -25.4580987509)
2014-06-07 11:00:00.000000,-25.4580987509,-49.309496985,POINT (-49.309496985 -25.4580987509)
2014-06-07 11:00:10.000000,-25.4580987509,-49.309496985,POINT (-49.309496985 -25.4580987509)
2014-06-07 11:00:20.000000,-25.4580987509,-49.309496985,POINT (-49.309496985 -25.4580987509)
2014-06-07 11:00:30.000000,-25.4580987509,-49.309496985,POINT (-49.309496985 -25.4580987509)
2014-06-07 11:00:40.000000,-25.4580987509,-49.309496985,POINT (-49.309496985 -25.4580987509)
2014-06-07 11:00:50.000000,-25.4580987509,-49.309496985,POINT (-49.309496985 -25.4580987509)
2014-06-07 11:01:00.000000,-25.4580987509,-49.309496985,POINT (-49.309496985 -25.4580987509)
2014-06-07 11:01:10.000000,-25.4580987509,-49.309496985,POINT (-49.309496985 -25.4580987509)
2014-06-07 11:01:20.000000,-25.4580987509,-49.309496985,POINT (-49.309496985 -25.4580987509)
2014-06-07 11:01:30.000000,-25.4580987509,-49.309496985,POINT (-49.309496985 -25.4580987509)
2014-06-07 11:01:40.000000,-25.4580987509,-49.309496985,POINT (-49.309496985 -25.4580987509)
2014-06-07 11:01:50.000000,-25.4580987509,-49.309496985,POINT (-49.309496985 -25.4580987509)
2014-06-07 11:02:00.000000,-25.4580987509,-49.309496985,POINT (-49.309496985 -25.4580987509)
2014-06-07 11:02:10.000000,-25.4580987509,-49.309496985,POINT (-49.309496985 -25.4580987509)
2014-06-07 11:02:20.000000,-25.4580987509,-49.309496985,POINT (-49.309496985 -25.4580987509)
2014-06-07 11:02:30.000000,-25.4580987509,-49.309496985,POINT (-49.309496985 -25.4580987509)
2014-06-07 11:02:40.000000,-25.4580987509,-49.309496985,POINT (-49.309496985 -25.4580987509)
2014-06-07 11:02:50.000000,-25.4580987509,-49.309496985,POINT (-49.309496985 -25.4580987509)
2014-06-07 11:03:00.000000,-25.4580987509,-49.309496985,POINT (-49.309496985 -25.4580987509)
2014-06-07 11:03:10.000000,-25.4580987509,-49.309496985,POINT (-49.309496985 -25.4580987509)
2014-06-07 11:03:20.000000,-25.4580987509,-49.309496985,POINT (-49.309496985 -25.4580987509)
2014-06-07 11:03:30.000000,-25.4580987509,-49.309496985,POINT (-49.309496985 -25.4580987509)
2014-06-07 11:03:40.000000,-25.4580987509,-49.309496985,POINT (-49.309496985 -25.4580987509)
2014-06-07 11:03:50.000000,-25.4580987509,-49.309496985,POINT (-49.309496985 -25.4580987509)
2014-06-07 11:04:00.000000,-25.4580987509,-49.309496985,POINT (-49.309496985 -25.4580987509)
2014-06-07 11:04:10.000000,-25.4580987509,-49.309496985,POINT (-49.309496985 -25.4580987509)
2014-06-07 11:04:20.000000,-25.4580987509,-49.309496985,POINT (-49.309496985 -25.4580987509)
2014-06-07 11:04:30.000000,-25.4580987509,-49.309496985,POINT (-49.309496985 -25.4580987509)
2014-06-07 11:04:40.000000,-25.4580987509,-49.309496985,POINT (-49.309496985 -25.4580987509)
2014-06-07 11:04:50.000000,-25.4580987509,-49.309496985,POINT (-49.309496985 -25.4580987509)
2014-06-07 11:05:00.000000,-25.4580987509,-49.309496985,POINT (-49.309496985 -25.4580987509)
2014-06-07 11:05:10.000000,-25.4580987509,-49.309496985,POINT (-49.309496985 -25.4580987509)
2014-06-07 11:05:20.000000,-25.4580987509,-49.309496985,POINT (-49.309496985 -25.4580987509)
2014-06-07 11:05:30.000000,-25.4580987509,-49.309496985,POINT (-49.309496985 -25.4580987509)
2014-06-07 11:05:40.000000,-25.4580987509,-49.309496985,POINT (-49.309496985 -25.4580987509)
2014-06-07 11:05:50.000000,-25.4580987509,-49.309496985,POINT (-49.309496985 -25.4580987509)
2014-06-07 11:06:00.000000,-25.4580987509,-49.309496985,POINT (-49.309496985 -25.4580987509)
2014-06-07 11:06:10.000000,-25.4580987509,-49.309496985,POINT (-49.309496985 -25.4580987509)
2014-06-07 11:06:20.000000,-25.4580987509,-49.309496985,POINT (-49.309496985 -25.4580987509)
2014-06-07 11:06:30.000000,-25.4580987509,-49.309496985,POINT (-49.309496985 -25.4580987509)
2014-06-07 11:06:40.000000,-25.4580987509,-49.309496985,POINT (-49.309496985 -25.4580987509)
2014-06-07 11:06:50.000000,-25.4580987509,-49.309496985,POINT (-49.309496985 -25.4580987509)
2014-06-07 11:07:00.000000,-25.4580987509,-49.309496985,POINT (-49.309496985 -25.4580987509)
2014-06-07 11:07:10.000000,-25.4580987509,-49.309496985,POINT (-49.309496985 -25.4580987509)
2014-06-07 11:07:20.000000,-25.4580987509,-49.309496985,POINT (-49.309496985 -25.4580987509)
2014-06-07 11:07:30.000000,-25.4580987509,-49.309496985,POINT (-49.309496985 -25.4580987509)
2014-06-07 11:07:40.000000,-25.4580987509,-49.309496985,POINT (-49.309496985 -25.4580987509)
2014-06-07 11:07:50.000000,-25.4580987509,-49.309496985,POINT (-49.309496985 -25.4580987509)
2014-06-07 11:08:00.000000,-25.4580987509,-49.309496985,POINT (-49.309496985 -25.4580987509)
2014-06-07 11:08:10.000000,-25.4580987509,-49.309496985,POINT (-49.309496985 -25.4580987509)
2014-06-07 11:08:20.000000,-25.4580987509,-49.309496985,POINT (-49.309496985 -25.4580987509)
2014-06-07 11:08:30.000000,-25.4580987509,-49.309496985,POINT (-49.309496985 -25.4580987509)
2014-06-07 11:08:40.000000,-25.4580987509,-49.309496985,POINT (-49.309496985 -25.4580987509)
2014-06-07 11:08:50.000000,-25.4580987509,-49.309496985,POINT (-49.309496985 -25.4580987509)
2014-06-07 11:09:00.000000,-25.4580987509,-49.309496985,POINT (-49.309496985 -25.4580987509)
2014-06-07 11:09:10.000000,-25.4580987509,-49.309496985,POINT (-49.309496985 -25.4580987509)
2014-06-07 11:09:20.000000,-25.4580987509,-49.309496985,POINT (-49.309496985 -25.4580987509)
2014-06-07 11:09:30.000000,-25.4580987509,-49.309496985,POINT (-49.309496985 -25.4580987509)
2014-06-07 11:09:40.000000,-25.4580987509,-49.309496985,POINT (-49.309496985 -25.4580987509)
2014-06-07 11:09:50.000000,-25.4580987509,-49.309496985,POINT (-49.309496985 -25.4580987509)
2014-06-07 11:10:00.000000,-25.4580987509,-49.309496985,POINT (-49.309496985 -25.4580987509)
2014-06-07 11:10:10.000000,-25.4580987509,-49.309496985,POINT (-49.309496985 -25.4580987509)
2014-06-07 11:10:20.000000,-25.4580987509,-49.309496985,POINT (-49.309496985 -25.4580987509)
2014-06-07 11:10:30.000000,-25.4580987509,-49.309496985,POINT (-49.309496985 -25.4580987509)
2014-06-07 11:10:40.000000,-25.4580987509,-49.309496985,POINT (-49.309496985 -25.4580987509)
2014-06-07 11:10:50.000000,-25.4580987509,-49.309496985,POINT (-49.309496985 -25.4580987509)
2014-06-07 11:11:00.000000,-25.4580987509,-49.309496985,POINT (-49.309496985 -25.4580987509)
2014-06-07 11:11:10.000000,-25.4580987509,-49.309496985,POINT (-49.309496985 -25.4580987509)
2014-06-07 11:11:20.000000,-25.4580987509,-49.309496985,POINT (-49.309496985 -25.4580987509)
2014-06-07 11:11:30.000000,-25.4580987509,-49.309496985,POINT (-49.309496985 -25.4580987509)
2014-06-07 11:11:40.000000,-25.4580987509,-49.309496985,POINT (-49.309496985 -25.4580987509)
2014-06-07 11:11:50.000000,-25.4580987509,-49.309496985,POINT (-49.309496985 -25.4580987509)
2014-06-07 11:12:00.000000,-25.4580987509,-49.309496985,POINT (-49.309496985 -25.4580987509)
2014-06-07 11:12:10.000000,-25.4580987509,-49.309496985,POINT (-49.309496985 -25.4580987509)
2014-06-07 11:12:20.000000,-25.4580987509,-49.309496985,POINT (-49.309496985 -25.4580987509)
2014-06-07 11:12:30.000000,-25.4580987509,-49.309496985,POINT (-49.309496985 -25.4580987509)
2014-06-07 11:12:40.000000,-25.4580987509,-49.309496985,POINT (-49.309496985 -25.4580987509)
2014-06-07 11:12:50.000000,-25.4580987509,-49.309496985,POINT (-49.309496985 -25.4580987509)
2014-06-07 11:13:00.000000,-25.4580987509,-49.309496985,POINT (-49.309496985 -25.4580987509)
2014-06-07 11:13:10.000000,-25.4580987509,-49.309496985,POINT (-49.309496985 -25.4580987509)
2014-06-07 11:13:20.000000,-25.4580987509,-49.309496985,POINT (-49.309496985 -25.4580987509)
2014-06-07 11:13:30.000000,-25.4580987509,-49.309496985,POINT (-49.309496985 -25.4580987509)
2014-06-07 11:13:40.000000,-25.4580987509,-49.309496985,POINT (-49.309496985 -25.4580987509)
2014-06-07 11:13:50.000000,-25.4580987509,-49.309496985,POINT (-49.309496985 -25.4580987509)
2014-06-07 11:14:00.000000,-25.4580987509,-49.309496985,POINT (-49.309496985 -25.4580987509)
2014-06-07 11:14:10.000000,-25.4580987509,-49.309496985,POINT (-49.309496985 -25.4580987509)
2014-06-07 11:14:20.000000,-25.4580987509,-49.309496985,POINT (-49.309496985 -25.4580987509)
2014-06-07 11:14:30.000000,-25.4580987509,-49.309496985,POINT (-49.309496985 -25.4580987509)
2014-06-07 11:14:40.000000,-25.4580987509,-49.309496985,POINT (-49.309496985 -25.4580987509)
2014-06-07 11:14:50.000000,-25.4580987509,-49.309496985,POINT (-49.309496985 -25.4580987509)
2014-06-07 11:15:00.000000,-25.4580987509,-49.309496985,POINT (-49.309496985 -25.4580987509)
2014-06-07 11:15:10.000000,-25.4580987509,-49.309496985,POINT (-49.309496985 -25.4580987509)
2014-06-07 11:15:20.000000,-25.4580987509,-49.309496985,POINT (-49.309496985 -25.4580987509)
2014-06-07 11:15:30.000000,-25.4580987509,-49.309496985,POINT (-49.309496985 -25.4580987509)
2014-06-07 11:15:40.000000,-25.4580987509,-49.309496985,POINT (-49.309496985 -25.4580987509)
2014-06-07 11:15:50.000000,-25.4580987509,-49.309496985,POINT (-49.309496985 -25.4580987509)
2014-06-07 11:16:00.000000,-25.4580987509,-49.309496985,POINT (-49.309496985 -25.4580987509)
2014-06-07 11:16:10.000000,-25.4580987509,-49.309496985,POINT (-49.309496985 -25.4580987509)
2014-06-07 11:16:20.000000,-25.4580987509,-49.309496985,POINT (-49.309496985 -25.4580987509)
2014-06-07 11:16:30.000000,-25.4580987509,-49.309496985,POINT (-49.309496985 -25.4580987509)
2014-06-07 11:16:40.000000,-25.4580987509,-49.309496985,POINT (-49.309496985 -25.4580987509)
2014-06-07 11:16:50.000000,-25.4580987509,-49.309496985,POINT (-49.309496985 -25.4580987509)
2014-06-07 11:17:00.000000,-25.4580987509,-49.309496985,POINT (-49.309496985 -25.4580987509)
2014-06-07 11:17:10.000000,-25.4580987509,-49.309496985,POINT (-49.309496985 -25.4580987509)
2014-06-07 11:17:20.000000,-25.4580987509,-49.309496985,POINT (-49.309496985 -25.4580987509)
2014-06-07 11:17:30.000000,-25.4580987509,-49.309496985,POINT (-49.309496985 -25.4580987509)
2014-06-07 11:17:40.000000,-25.4580987509,-49.309496985,POINT (-49.309496985 -25.4580987509)
2014-06-07 11:17:50.000000,-25.4580987509,-49.309496985,POINT (-49.309496985 -25.4580987509)
2014-06-07 11:18:00.000000,-25.4580987509,-49.309496985,POINT (-49.309496985 -25.4580987509)
2014-06-07 11:18:10.000000,-25.4580987509,-49.309496985,POINT (-49.309496985 -25.4580987509)
2014-06-07 11:18:20.000000,-25.4580987509,-49.309496985,POINT (-49.309496985 -25.4580987509)
2014-06-07 11:18:30.000000,-25.4580987509,-49.309496985,POINT (-49.309496985 -25.4580987509)
2014-06-07 11:18:40.000000,-25.4580987509,-49.309496985,POINT (-49.309496985 -25.4580987509)
2014-06-07 11:18:50.000000,-25.4580987509,-49.309496985,POINT (-49.309496985 -25.4580987509)
2014-06-07 11:19:00.000000,-25.4580987509,-49.309496985,POINT (-49.309496985 -25.4580987509)
2014-06-07 11:19:10.000000,-25.4580987509,-49.309496985,POINT (-49.309496985 -25.4580987509)
2014-06-07 11:19:20.000000,-25.4580987509,-49.309496985,POINT (-49.309496985 -25.4580987509)
2014-06-07 11:19:30.000000,-25.4580987509,-49.309496985,POINT (-49.309496985 -25.4580987509)
2014-06-07 11:19:40.000000,-25.4580987509,-49.309496985,POINT (-49.309496985 -25.4580987509)
2014-06-07 11:19:50.000000,-25.4580987509,-49.309496985,POINT (-49.309496985 -25.4580987509)
2014-06-07 11:20:00.000000,-25.4580987509,-49.309496985,POINT (-49.309496985 -25.4580987509)
2014-06-07 11:20:10.000000,-25.4580987509,-49.309496985,POINT (-49.309496985 -25.4580987509)
2014-06-07 11:20:20.000000,-25.4580987509,-49.309496985,POINT (-49.309496985 -25.4580987509)
2014-06-07 11:20:30.000000,-25.4580987509,-49.309496985,POINT (-49.309496985 -25.4580987509)
2014-06-07 11:20:40.000000,-25.4580987509,-49.309496985,POINT (-49.309496985 -25.4580987509)
2014-06-07 11:20:50.000000,-25.4580987509,-49.309496985,POINT (-49.309496985 -25.4580987509)
2014-06-07 11:21:00.000000,-25.4580987509,-49.309496985,POINT (-49.309496985 -25.4580987509)
2014-06-07 11:21:10.000000,-25.4580987509,-49.309496985,POINT (-49.309496985 -25.4580987509)
2014-06-07 11:21:20.000000,-25.4580987509,-49.309496985,POINT (-49.309496985 -25.4580987509)
2014-06-07 11:21:30.000000,-25.4580987509,-49.309496985,POINT (-49.309496985 -25.4580987509)
2014-06-07 11:21:40.000000,-25.4580987509,-49.309496985,POINT (-49.309496985 -25.4580987509)
2014-06-07 11:21:50.000000,-25.4580987509,-49.309496985,POINT (-49.309496985 -25.4580987509)
2014-06-07 11:22:00.000000,-25.4580987509,-49.309496985,POINT (-49.309496985 -25.4580987509)
2014-06-07 11:22:10.000000,-25.4580987509,-49.309496985,POINT (-49.309496985 -25.4580987509)
2014-06-07 11:22:20.000000,-25.4580987509,-49.309496985,POINT (-49.309496985 -25.4580987509)
2014-06-07 11:22:30.000000,-25.4580987509,-49.309496985,POINT (-49.309496985 -25.4580987509)
2014-06-07 11:22:40.000000,-25.4580987509,-49.309496985,POINT (-49.309496985 -25.4580987509)
2014-06-07 11:22:50.000000,-25.4580987509,-49.309496985,POINT (-49.309496985 -25.4580987509)
2014-06-07 11:23:00.000000,-25.4580987509,-49.309496985,POINT (-49.309496985 -25.4580987509)
2014-06-07 11:23:10.000000,-25.4580987509,-49.309496985,POINT (-49.309496985 -25.4580987509)
2014-06-07 11:23:20.000000,-25.4580987509,-49.309496985,POINT (-49.309496985 -25.4580987509)
2014-06-07 11:23:30.000000,-25.4580987509,-49.309496985,POINT (-49.309496985 -25.4580987509)
2014-06-07 11:23:40.000000,-25.4580987509,-49.309496985,POINT (-49.309496985 -25.4580987509)
2014-06-07 11:23:50.000000,-25.4580987509,-49.309496985,POINT (-49.309496985 -25.4580987509)
2014-06-07 11:24:00.000000,-25.4580987509,-49.309496985,POINT (-49.309496985 -25.4580987509)
2014-06-07 11:24:10.000000,-25.4580987509,-49.309496985,POINT (-49.309496985 -25.4580987509)
2014-06-07 11:24:20.000000,-25.4580987509,-49.309496985,POINT (-49.309496985 -25.4580987509)
2014-06-07 11:24:30.000000,-25.4580987509,-49.309496985,POINT (-49.309496985 -25.4580987509)
2014-06-07 11:24:40.000000,-25.4580987509,-49.309496985,POINT (-49.309496985 -25.4580987509)
2014-06-07 11:24:50.000000,-25.4580987509,-49.309496985,POINT (-49.309496985 -25.4580987509)
2014-06-07 11:25:00.000000,-25.4580987509,-49.309496985,POINT (-49.309496985 -25.4580987509)
2014-06-07 11:25:10.000000,-25.4580987509,-49.309496985,POINT (-49.309496985 -25.4580987509)
2014-06-07 11:25:20.000000,-25.4580987509,-49.309496985,POINT (-49.309496985 -25.4580987509)
2014-06-07 11:25:30.000000,-25.4580987509,-49.309496985,POINT (-49.309496985 -25.4580987509)
2014-06-07 11:25:40.000000,-25.4580987509,-49.309496985,POINT (-49.309496985 -25.4580987509)
2014-06-07 11:25:50.000000,-25.4580987509,-49.309496985,POINT (-49.309496985 -25.4580987509)
2014-06-07 11:26:00.000000,-25.4580987509,-49.309496985,POINT (-49.309496985 -25.4580987509)
2014-06-07 11:26:10.000000,-25.4580987509,-49.309496985,POINT (-49.309496985 -25.4580987509)
2014-06-07 11:26:20.000000,-25.4580987509,-49.309496985,POINT (-49.309496985 -25.4580987509)
2014-06-07 11:26:30.000000,-25.4580987509,-49.309496985,POINT (-49.309496985 -25.4580987509)
2014-06-07 11:26:40.000000,-25.4580987509,-49.309496985,POINT (-49.309496985 -25.4580987509)
2014-06-07 11:26:50.000000,-25.4580987509,-49.309496985,POINT (-49.309496985 -25.4580987509)
2014-06-07 11:27:00.000000,-25.4580987509,-49.309496985,POINT (-49.309496985 -25.4580987509)
2014-06-07 11:27:10.000000,-25.4580987509,-49.309496985,POINT (-49.309496985 -25.4580987509)
2014-06-07 11:27:20.000000,-25.4580987509,-49.309496985,POINT (-49.309496985 -25.4580987509)
2014-06-07 11:27:30.000000,-25.4580987509,-49.309496985,POINT (-49.309496985 -25.4580987509)
2014-06-07 11:27:40.000000,-25.4580987509,-49.309496985,POINT (-49.309496985 -25.4580987509)
2014-06-07 11:27:50.000000,-25.4580987509,-49.309496985,POINT (-49.309496985 -25.4580987509)
2014-06-07 11:28:00.000000,-25.4580987509,-49.309496985,POINT (-49.309496985 -25.4580987509)
2014-06-07 11:28:10.000000,-25.4580987509,-49.309496985,POINT (-49.309496985 -25.4580987509)
2014-06-07 11:28:20.000000,-25.4580987509,-49.309496985,POINT (-49.309496985 -25.4580987509)
2014-06-07 11:28:30.000000,-25.4580987509,-49.309496985,POINT (-49.309496985 -25.4580987509)
2014-06-07 11:28:40.000000,-25.4580987509,-49.309496985,POINT (-49.309496985 -25.4580987509)
2014-06-07 11:28:50.000000,-25.4580987509,-49.309496985,POINT (-49.309496985 -25.4580987509)
2014-06-07 11:29:00.000000,-25.4580987509,-49.309496985,POINT (-49.309496985 -25.4580987509)
2014-06-07 11:29:10.000000,-25.4580987509,-49.309496985,POINT (-49.309496985 -25.4580987509)
2014-06-07 11:29:20.000000,-25.4580987509,-49.309496985,POINT (-49.309496985 -25.4580987509)
2014-06-07 11:29:30.000000,-25.4580987509,-49.309496985,POINT (-49.309496985 -25.4580987509)
2014-06-07 11:29:40.000000,-25.4580987509,-49.309496985,POINT (-49.309496985 -25.4580987509)
2014-06-07 11:29:50.000000,-25.4580987509,-49.309496985,POINT (-49.309496985 -25.4580987509)
2014-06-07 11:30:00.000000,-25.4580987509,-49.309496985,POINT (-49.309496985 -25.4580987509)
2014-06-07 11:30:10.000000,-25.4580987509,-49.309496985,POINT (-49.309496985 -25.4580987509)
2014-06-07 11:30:20.000000,-25.4580987509,-49.309496985,POINT (-49.309496985 -25.4580987509)
2014-06-07 11:30:30.000000,-25.4580987509,-49.309496985,POINT (-49.309496985 -25.4580987509)
2014-06-07 11:30:40.000000,-25.4580987509,-49.309496985,POINT (-49.309496985 -25.4580987509)
2014-06-07 11:30:50.000000,-25.4580987509,-49.309496985,POINT (-49.309496985 -25.4580987509)
2014-06-07 11:31:00.000000,-25.4580987509,-49.309496985,POINT (-49.309496985 -25.4580987509)
2014-06-07 11:31:10.000000,-25.4580987509,-49.309496985,POINT (-49.309496985 -25.4580987509)
2014-06-07 11:31:20.000000,-25.4580987509,-49.309496985,POINT (-49.309496985 -25.4580987509)
2014-06-07 11:31:30.000000,-25.4580987509,-49.309496985,POINT (-49.309496985 -25.4580987509)
2014-06-07 11:31:40.000000,-25.4580987509,-49.309496985,POINT (-49.309496985 -25.4580987509)
2014-06-07 11:31:50.000000,-25.4580987509,-49.309496985,POINT (-49.309496985 -25.4580987509)
2014-06-07 11:32:00.000000,-25.4580987509,-49.309496985,POINT (-49.309496985 -25.4580987509)
2014-06-07 11:32:10.000000,-25.4580987509,-49.309496985,POINT (-49.309496985 -25.4580987509)
2014-06-07 11:32:20.000000,-25.4580987509,-49.309496985,POINT (-49.309496985 -25.4580987509)
2014-06-07 11:32:30.000000,-25.4580987509,-49.309496985,POINT (-49.309496985 -25.4580987509)
2014-06-07 11:32:40.000000,-25.4580987509,-49.309496985,POINT (-49.309496985 -25.4580987509)
2014-06-07 11:32:50.000000,-25.4580987509,-49.309496985,POINT (-49.309496985 -25.4580987509)
2014-06-07 11:33:00.000000,-25.4580987509,-49.309496985,POINT (-49.309496985 -25.4580987509)
2014-06-07 11:33:10.000000,-25.4580987509,-49.309496985,POINT (-49.309496985 -25.4580987509)
2014-06-07 11:33:20.000000,-25.4580987509,-49.309496985,POINT (-49.309496985 -25.4580987509)
2014-06-07 11:33:30.000000,-25.4580987509,-49.309496985,POINT (-49.309496985 -25.4580987509)
2014-06-07 11:33:40.000000,-25.4580987509,-49.309496985,POINT (-49.309496985 -25.4580987509)
2014-06-07 11:33:50.000000,-25.4580987509,-49.309496985,POINT (-49.309496985 -25.4580987509)
2014-06-07 11:34:00.000000,-25.4580987509,-49.309496985,POINT (-49.309496985 -25.4580987509)
2014-06-07 11:34:10.000000,-25.4580987509,-49.309496985,POINT (-49.309496985 -25.4580987509)
2014-06-07 11:34:20.000000,-25.4580987509,-49.309496985,POINT (-49.309496985 -25.4580987509)
2014-06-07 11:34:30.000000,-25.4580987509,-49.309496985,POINT (-49.309496985 -25.4580987509)
2014-06-07 11:34:40.000000,-25.4580987509,-49.309496985,POINT (-49.309496985 -25.4580987509)
2014-06-07 11:34:50.000000,-25.4580987509,-49.309496985,POINT (-49.309496985 -25.4580987509)
2014-06-07 11:35:00.000000,-25.4580987509,-49.309496985,POINT (-49.309496985 -25.4580987509)
2014-06-07 11:35:10.000000,-25.4580987509,-49.309496985,POINT (-49.309496985 -25.4580987509)
2014-06-07 11:35:20.000000,-25.4580987509,-49.309496985,POINT (-49.309496985 -25.4580987509)
2014-06-07 11:35:30.000000,-25.4580987509,-49.309496985,POINT (-49.309496985 -25.4580987509)
2014-06-07 11:35:40.000000,-25.4580987509,-49.309496985,POINT (-49.309496985 -25.4580987509)
2014-06-07 11:35:50.000000,-25.4580987509,-49.309496985,POINT (-49.309496985 -25.4580987509)
2014-06-07 11:36:00.000000,-25.4580987509,-49.309496985,POINT (-49.309496985 -25.4580987509)
2014-06-07 11:36:10.000000,-25.4580987509,-49.309496985,POINT (-49.309496985 -25.4580987509)
2014-06-07 11:36:20.000000,-25.4580987509,-49.309496985,POINT (-49.309496985 -25.4580987509)
2014-06-07 11:36:30.000000,-25.4580987509,-49.309496985,POINT (-49.309496985 -25.4580987509)
2014-06-07 11:36:40.000000,-25.4580987509,-49.309496985,POINT (-49.309496985 -25.4580987509)
2014-06-07 11:36:50.000000,-25.4580987509,-49.309496985,POINT (-49.309496985 -25.4580987509)
2014-06-07 11:37:00.000000,-25.4580987509,-49.309496985,POINT (-49.309496985 -25.4580987509)
2014-06-07 11:37:10.000000,-25.4580987509,-49.309496985,POINT (-49.309496985 -25.4580987509)
2014-06-07 11:37:20.000000,-25.4580987509,-49.309496985,POINT (-49.309496985 -25.4580987509)
2014-06-07 11:37:30.000000,-25.4580987509,-49.309496985,POINT (-49.309496985 -25.4580987509)
2014-06-07 11:37:40.000000,-25.4580987509,-49.309496985,POINT (-49.309496985 -25.4580987509)
2014-06-07 11:37:50.000000,-25.4580987509,-49.309496985,POINT (-49.309496985 -25.4580987509)
2014-06-07 11:38:00.000000,-25.4580987509,-49.309496985,POINT (-49.309496985 -25.4580987509)
2014-06-07 11:38:10.000000,-25.4580987509,-49.309496985,POINT (-49.309496985 -25.4580987509)
2014-06-07 11:38:20.000000,-25.4580987509,-49.309496985,POINT (-49.309496985 -25.4580987509)
2014-06-07 11:38:30.000000,-25.4580987509,-49.309496985,POINT (-49.309496985 -25.4580987509)
2014-06-07 11:38:40.000000,-25.4580987509,-49.309496985,POINT (-49.309496985 -25.4580987509)
2014-06-07 11:38:50.000000,-25.4580987509,-49.309496985,POINT (-49.309496985 -25.4580987509)
2014-06-07 11:39:00.000000,-25.4580987509,-49.309496985,POINT (-49.309496985 -25.4580987509)
2014-06-07 11:39:10.000000,-25.4580987509,-49.309496985,POINT (-49.309496985 -25.4580987509)
2014-06-07 11:39:20.000000,-25.4580987509,-49.309496985,POINT (-49.309496985 -25.4580987509)
2014-06-07 11:39:30.000000,-25.4580987509,-49.309496985,POINT (-49.309496985 -25.4580987509)
2014-06-07 11:39:40.000000,-25.4580987509,-49.309496985,POINT (-49.309496985 -25.4580987509)
2014-06-07 11:39:50.000000,-25.4580987509,-49.309496985,POINT (-49.309496985 -25.4580987509)
2014-06-07 11:40:00.000000,-25.4580987509,-49.309496985,POINT (-49.309496985 -25.4580987509)
2014-06-07 11:40:10.000000,-25.4580987509,-49.309496985,POINT (-49.309496985 -25.4580987509)
2014-06-07 11:40:20.000000,-25.4580987509,-49.309496985,POINT (-49.309496985 -25.4580987509)
2014-06-07 11:40:30.000000,-25.4580987509,-49.309496985,POINT (-49.309496985 -25.4580987509)
2014-06-07 11:40:40.000000,-25.4580987509,-49.309496985,POINT (-49.309496985 -25.4580987509)
2014-06-07 11:40:50.000000,-25.4580987509,-49.309496985,POINT (-49.309496985 -25.4580987509)
2014-06-07 11:41:00.000000,-25.4580987509,-49.309496985,POINT (-49.309496985 -25.4580987509)
2014-06-07 11:41:10.000000,-25.4580987509,-49.309496985,POINT (-49.309496985 -25.4580987509)
2014-06-07 11:41:20.000000,-25.4580987509,-49.309496985,POINT (-49.309496985 -25.4580987509)
2014-06-07 11:41:30.000000,-25.4580987509,-49.309496985,POINT (-49.309496985 -25.4580987509)
2014-06-07 11:41:40.000000,-25.4580987509,-49.309496985,POINT (-49.309496985 -25.4580987509)
2014-06-07 11:41:50.000000,-25.4580987509,-49.309496985,POINT (-49.309496985 -25.4580987509)
2014-06-07 11:42:00.000000,-25.4580987509,-49.309496985,POINT (-49.309496985 -25.4580987509)
2014-06-07 11:42:10.000000,-25.4580987509,-49.309496985,POINT (-49.309496985 -25.4580987509)
2014-06-07 11:42:20.000000,-25.4580987509,-49.309496985,POINT (-49.309496985 -25.4580987509)
2014-06-07 11:42:30.000000,-25.4580987509,-49.309496985,POINT (-49.309496985 -25.4580987509)
2014-06-07 11:42:40.000000,-25.4580987509,-49.309496985,POINT (-49.309496985 -25.4580987509)
2014-06-07 11:42:50.000000,-25.4580987509,-49.309496985,POINT (-49.309496985 -25.4580987509)
2014-06-07 11:43:00.000000,-25.4580987509,-49.309496985,POINT (-49.309496985 -25.4580987509)
2014-06-07 11:43:10.000000,-25.4580987509,-49.309496985,POINT (-49.309496985 -25.4580987509)
2014-06-07 11:43:20.000000,-25.4580987509,-49.309496985,POINT (-49.309496985 -25.4580987509)
2014-06-07 11:43:30.000000,-25.4580987509,-49.309496985,POINT (-49.309496985 -25.4580987509)
2014-06-07 11:43:40.000000,-25.4580987509,-49.309496985,POINT (-49.309496985 -25.4580987509)
2014-06-07 11:43:50.000000,-25.4580987509,-49.309496985,POINT (-49.309496985 -25.4580987509)
2014-06-07 11:44:00.000000,-25.4580987509,-49.309496985,POINT (-49.309496985 -25.4580987509)
2014-06-07 11:44:10.000000,-25.4580987509,-49.309496985,POINT (-49.309496985 -25.4580987509)
2014-06-07 11:44:20.000000,-25.4580987509,-49.309496985,POINT (-49.309496985 -25.4580987509)
2014-06-07 11:44:30.000000,-25.4580987509,-49.309496985,POINT (-49.309496985 -25.4580987509)
2014-06-07 11:44:40.000000,-25.4580987509,-49.309496985,POINT (-49.309496985 -25.4580987509)
2014-06-07 11:44:50.000000,-25.4580987509,-49.309496985,POINT (-49.309496985 -25.4580987509)
2014-06-07 11:45:00.000000,-25.4580987509,-49.309496985,POINT (-49.309496985 -25.4580987509)
2014-06-07 11:45:10.000000,-25.4580987509,-49.309496985,POINT (-49.309496985 -25.4580987509)
2014-06-07 11:45:20.000000,-25.4580987509,-49.309496985,POINT (-49.309496985 -25.4580987509)
2014-06-07 11:45:30.000000,-25.4580987509,-49.309496985,POINT (-49.309496985 -25.4580987509)
2014-06-07 11:45:40.000000,-25.4580987509,-49.309496985,POINT (-49.309496985 -25.4580987509)
2014-06-07 11:45:50.000000,-25.4580987509,-49.309496985,POINT (-49.309496985 -25.4580987509)
2014-06-07 11:46:00.000000,-25.4580987509,-49.309496985,POINT (-49.309496985 -25.4580987509)
2014-06-07 11:46:10.000000,-25.4580987509,-49.309496985,POINT (-49.309496985 -25.4580987509)
2014-06-07 11:46:20.000000,-25.4580987509,-49.309496985,POINT (-49.309496985 -25.4580987509)
2014-06-07 11:46:30.000000,-25.4580987509,-49.309496985,POINT (-49.309496985 -25.4580987509)
2014-06-07 11:46:40.000000,-25.4580987509,-49.309496985,POINT (-49.309496985 -25.4580987509)
2014-06-07 11:46:50.000000,-25.4580987509,-49.309496985,POINT (-49.309496985 -25.4580987509)
2014-06-07 11:47:00.000000,-25.4580987509,-49.309496985,POINT (-49.309496985 -25.4580987509)
2014-06-07 11:47:10.000000,-25.4580987509,-49.309496985,POINT (-49.309496985 -25.4580987509)
2014-06-07 11:47:20.000000,-25.4580987509,-49.309496985,POINT (-49.309496985 -25.4580987509)
2014-06-07 11:47:30.000000,-25.4580987509,-49.309496985,POINT (-49.309496985 -25.4580987509)
2014-06-07 11:47:40.000000,-25.4580987509,-49.309496985,POINT (-49.309496985 -25.4580987509)
2014-06-07 11:47:50.000000,-25.4580987509,-49.309496985,POINT (-49.309496985 -25.4580987509)
2014-06-07 11:48:00.000000,-25.4580987509,-49.309496985,POINT (-49.309496985 -25.4580987509)
2014-06-07 11:48:10.000000,-25.4580987509,-49.309496985,POINT (-49.309496985 -25.4580987509)
2014-06-07 11:48:20.000000,-25.4580987509,-49.309496985,POINT (-49.309496985 -25.4580987509)
2014-06-07 11:48:30.000000,-25.4580987509,-49.309496985,POINT (-49.309496985 -25.4580987509)
2014-06-07 11:48:40.000000,-25.4580987509,-49.309496985,POINT (-49.309496985 -25.4580987509)
2014-06-07 11:48:50.000000,-25.4580987509,-49.309496985,POINT (-49.309496985 -25.4580987509)
2014-06-07 11:49:00.000000,-25.4580987509,-49.309496985,POINT (-49.309496985 -25.4580987509)
2014-06-07 11:49:10.000000,-25.4580987509,-49.309496985,POINT (-49.309496985 -25.4580987509)
2014-06-07 11:49:20.000000,-25.4580987509,-49.309496985,POINT (-49.309496985 -25.4580987509)
2014-06-07 11:49:30.000000,-25.4580987509,-49.309496985,POINT (-49.309496985 -25.4580987509)
2014-06-07 11:49:40.000000,-25.4580987509,-49.309496985,POINT (-49.309496985 -25.4580987509)
2014-06-07 11:49:50.000000,-25.4580987509,-49.309496985,POINT (-49.309496985 -25.4580987509)
2014-06-07 11:50:00.000000,-25.4580987509,-49.309496985,POINT (-49.309496985 -25.4580987509)
2014-06-07 11:50:10.000000,-25.4580987509,-49.309496985,POINT (-49.309496985 -25.4580987509)
2014-06-07 11:50:20.000000,-25.4580987509,-49.309496985,POINT (-49.309496985 -25.4580987509)
2014-06-07 11:50:30.000000,-25.4580987509,-49.309496985,POINT (-49.309496985 -25.4580987509)
2014-06-07 11:50:40.000000,-25.4580987509,-49.309496985,POINT (-49.309496985 -25.4580987509)
2014-06-07 11:50:50.000000,-25.4580987509,-49.309496985,POINT (-49.309496985 -25.4580987509)
2014-06-07 11:51:00.000000,-25.4580987509,-49.309496985,POINT (-49.309496985 -25.4580987509)
2014-06-07 11:51:10.000000,-25.4580987509,-49.309496985,POINT (-49.309496985 -25.4580987509)
2014-06-07 11:51:20.000000,-25.4580987509,-49.309496985,POINT (-49.309496985 -25.4580987509)
2014-06-07 11:51:30.000000,-25.4580987509,-49.309496985,POINT (-49.309496985 -25.4580987509)
2014-06-07 11:51:40.000000,-25.4580987509,-49.309496985,POINT (-49.309496985 -25.4580987509)
2014-06-07 11:51:50.000000,-25.4580987509,-49.309496985,POINT (-49.309496985 -25.4580987509)
2014-06-07 11:52:00.000000,-25.4580987509,-49.309496985,POINT (-49.309496985 -25.4580987509)
2014-06-07 11:52:10.000000,-25.4580987509,-49.309496985,POINT (-49.309496985 -25.4580987509)
2014-06-07 11:52:20.000000,-25.4580987509,-49.309496985,POINT (-49.309496985 -25.4580987509)
2014-06-07 11:52:30.000000,-25.4580987509,-49.309496985,POINT (-49.309496985 -25.4580987509)
2014-06-07 11:52:40.000000,-25.4580987509,-49.309496985,POINT (-49.309496985 -25.4580987509)
2014-06-07 11:52:50.000000,-25.4580987509,-49.309496985,POINT (-49.309496985 -25.4580987509)
2014-06-07 11:53:00.000000,-25.4580987509,-49.309496985,POINT (-49.309496985 -25.4580987509)
2014-06-07 11:53:10.000000,-25.4580987509,-49.309496985,POINT (-49.309496985 -25.4580987509)
2014-06-07 11:53:20.000000,-25.4580987509,-49.309496985,POINT (-49.309496985 -25.4580987509)
2014-06-07 11:53:30.000000,-25.4580987509,-49.309496985,POINT (-49.309496985 -25.4580987509)
2014-06-07 11:53:40.000000,-25.4580987509,-49.309496985,POINT (-49.309496985 -25.4580987509)
2014-06-07 11:53:50.000000,-25.4580987509,-49.309496985,POINT (-49.309496985 -25.4580987509)
2014-06-07 11:54:00.000000,-25.4580987509,-49.309496985,POINT (-49.309496985 -25.4580987509)
2014-06-07 11:54:10.000000,-25.4580987509,-49.309496985,POINT (-49.309496985 -25.4580987509)
2014-06-07 11:54:20.000000,-25.4580987509,-49.309496985,POINT (-49.309496985 -25.4580987509)
2014-06-07 11:54:30.000000,-25.4580987509,-49.309496985,POINT (-49.309496985 -25.4580987509)
2014-06-07 11:54:40.000000,-25.4580987509,-49.309496985,POINT (-49.309496985 -25.4580987509)
2014-06-07 11:54:50.000000,-25.4580987509,-49.309496985,POINT (-49.309496985 -25.4580987509)
2014-06-07 11:55:00.000000,-25.4580987509,-49.309496985,POINT (-49.309496985 -25.4580987509)
2014-06-07 11:55:10.000000,-25.4580987509,-49.309496985,POINT (-49.309496985 -25.4580987509)
2014-06-07 11:55:20.000000,-25.4580987509,-49.309496985,POINT (-49.309496985 -25.4580987509)
2014-06-07 11:55:30.000000,-25.4580987509,-49.309496985,POINT (-49.309496985 -25.4580987509)
2014-06-07 11:55:40.000000,-25.4580987509,-49.309496985,POINT (-49.309496985 -25.4580987509)
2014-06-07 11:55:50.000000,-25.4580987509,-49.309496985,POINT (-49.309496985 -25.4580987509)
2014-06-07 11:56:00.000000,-25.4580987509,-49.309496985,POINT (-49.309496985 -25.4580987509)
2014-06-07 11:56:10.000000,-25.4580987509,-49.309496985,POINT (-49.309496985 -25.4580987509)
2014-06-07 11:56:20.000000,-25.4580987509,-49.309496985,POINT (-49.309496985 -25.4580987509)
2014-06-07 11:56:30.000000,-25.4580987509,-49.309496985,POINT (-49.309496985 -25.4580987509)
2014-06-07 11:56:40.000000,-25.4580987509,-49.309496985,POINT (-49.309496985 -25.4580987509)
2014-06-07 11:56:50.000000,-25.4580987509,-49.309496985,POINT (-49.309496985 -25.4580987509)
2014-06-07 11:57:00.000000,-25.4580987509,-49.309496985,POINT (-49.309496985 -25.4580987509)
2014-06-07 11:57:10.000000,-25.4580987509,-49.309496985,POINT (-49.309496985 -25.4580987509)
2014-06-07 11:57:20.000000,-25.4580987509,-49.309496985,POINT (-49.309496985 -25.4580987509)
2014-06-07 11:57:30.000000,-25.4580987509,-49.309496985,POINT (-49.309496985 -25.4580987509)
2014-06-07 11:57:40.000000,-25.4580987509,-49.309496985,POINT (-49.309496985 -25.4580987509)
2014-06-07 11:57:50.000000,-25.4580987509,-49.309496985,POINT (-49.309496985 -25.4580987509)
2014-06-07 11:58:00.000000,-25.4580987509,-49.309496985,POINT (-49.309496985 -25.4580987509)
2014-06-07 11:58:10.000000,-25.4580987509,-49.309496985,POINT (-49.309496985 -25.4580987509)
2014-06-07 11:58:20.000000,-25.4580987509,-49.309496985,POINT (-49.309496985 -25.4580987509)
2014-06-07 11:58:30.000000,-25.4580987509,-49.309496985,POINT (-49.309496985 -25.4580987509)
2014-06-07 11:58:40.000000,-25.4580987509,-49.309496985,POINT (-49.309496985 -25.4580987509)
2014-06-07 11:58:50.000000,-25.4580987509,-49.309496985,POINT (-49.309496985 -25.4580987509)
2014-06-07 11:59:00.000000,-25.4580987509,-49.309496985,POINT (-49.309496985 -25.4580987509)
2014-06-07 11:59:10.000000,-25.4580987509,-49.309496985,POINT (-49.309496985 -25.4580987509)
2014-06-07 11:59:20.000000,-25.4580987509,-49.309496985,POINT (-49.309496985 -25.4580987509)
2014-06-07 11:59:30.000000,-25.4580987509,-49.309496985,POINT (-49.309496985 -25.4580987509)
2014-06-07 11:59:40.000000,-25.4580987509,-49.309496985,POINT (-49.309496985 -25.4580987509)
2014-06-07 11:59:50.000000,-25.4580987509,-49.309496985,POINT (-49.309496985 -25.4580987509)
2014-06-07 12:00:00.000000,-25.4580987509,-49.309496985,POINT (-49.309496985 -25.4580987509)
2014-06-07 12:00:10.000000,-25.4580987509,-49.309496985,POINT (-49.309496985 -25.4580987509)
2014-06-07 12:00:20.000000,-25.4580987509,-49.309496985,POINT (-49.309496985 -25.4580987509)
2014-06-07 12:00:30.000000,-25.4580987509,-49.309496985,POINT (-49.309496985 -25.4580987509)
2014-06-07 12:00:40.000000,-25.4580987509,-49.309496985,POINT (-49.309496985 -25.4580987509)
2014-06-07 12:00:50.000000,-25.4580987509,-49.309496985,POINT (-49.309496985 -25.4580987509)
2014-06-07 12:01:00.000000,-25.4580987509,-49.309496985,POINT (-49.309496985 -25.4580987509)
2014-06-07 12:01:10.000000,-25.4580987509,-49.309496985,POINT (-49.309496985 -25.4580987509)
2014-06-07 12:01:20.000000,-25.4580987509,-49.309496985,POINT (-49.309496985 -25.4580987509)
2014-06-07 12:01:30.000000,-25.4580987509,-49.309496985,POINT (-49.309496985 -25.4580987509)
2014-06-07 12:01:40.000000,-25.4580987509,-49.309496985,POINT (-49.309496985 -25.4580987509)
2014-06-07 12:01:50.000000,-25.4580987509,-49.309496985,POINT (-49.309496985 -25.4580987509)
2014-06-07 12:02:00.000000,-25.4580987509,-49.309496985,POINT (-49.309496985 -25.4580987509)
2014-06-07 12:02:10.000000,-25.4580987509,-49.309496985,POINT (-49.309496985 -25.4580987509)
2014-06-07 12:02:20.000000,-25.4580987509,-49.309496985,POINT (-49.309496985 -25.4580987509)
2014-06-07 12:02:30.000000,-25.4580987509,-49.309496985,POINT (-49.309496985 -25.4580987509)
2014-06-07 12:02:40.000000,-25.4580987509,-49.309496985,POINT (-49.309496985 -25.4580987509)
2014-06-07 12:02:50.000000,-25.4580987509,-49.309496985,POINT (-49.309496985 -25.4580987509)
2014-06-07 12:03:00.000000,-25.4580987509,-49.309496985,POINT (-49.309496985 -25.4580987509)
2014-06-07 12:03:10.000000,-25.4580987509,-49.309496985,POINT (-49.309496985 -25.4580987509)
2014-06-07 12:03:20.000000,-25.4580987509,-49.309496985,POINT (-49.309496985 -25.4580987509)
2014-06-07 12:03:30.000000,-25.4580987509,-49.309496985,POINT (-49.309496985 -25.4580987509)
2014-06-07 12:03:40.000000,-25.4580987509,-49.309496985,POINT (-49.309496985 -25.4580987509)
2014-06-07 12:03:50.000000,-25.4580987509,-49.309496985,POINT (-49.309496985 -25.4580987509)
2014-06-07 12:04:00.000000,-25.4580987509,-49.309496985,POINT (-49.309496985 -25.4580987509)
2014-06-07 12:04:10.000000,-25.4580987509,-49.309496985,POINT (-49.309496985 -25.4580987509)
2014-06-07 12:04:20.000000,-25.4580987509,-49.309496985,POINT (-49.309496985 -25.4580987509)
2014-06-07 12:04:30.000000,-25.4580987509,-49.309496985,POINT (-49.309496985 -25.4580987509)
2014-06-07 12:04:40.000000,-25.4580987509,-49.309496985,POINT (-49.309496985 -25.4580987509)
2014-06-07 12:04:50.000000,-25.4580987509,-49.309496985,POINT (-49.309496985 -25.4580987509)
2014-06-07 12:05:00.000000,-25.4580987509,-49.309496985,POINT (-49.309496985 -25.4580987509)
2014-06-07 12:05:10.000000,-25.4580987509,-49.309496985,POINT (-49.309496985 -25.4580987509)
2014-06-07 12:05:20.000000,-25.4580987509,-49.309496985,POINT (-49.309496985 -25.4580987509)
2014-06-07 12:05:30.000000,-25.4580987509,-49.309496985,POINT (-49.309496985 -25.4580987509)
2014-06-07 12:05:40.000000,-25.4580987509,-49.309496985,POINT (-49.309496985 -25.4580987509)
2014-06-07 12:05:50.000000,-25.4580987509,-49.309496985,POINT (-49.309496985 -25.4580987509)
2014-06-07 12:06:00.000000,-25.4580987509,-49.309496985,POINT (-49.309496985 -25.4580987509)
2014-06-07 12:06:10.000000,-25.4580987509,-49.309496985,POINT (-49.309496985 -25.4580987509)
2014-06-07 12:06:20.000000,-25.4580987509,-49.309496985,POINT (-49.309496985 -25.4580987509)
2014-06-07 12:06:30.000000,-25.4580987509,-49.309496985,POINT (-49.309496985 -25.4580987509)
2014-06-07 12:06:40.000000,-25.4580987509,-49.309496985,POINT (-49.309496985 -25.4580987509)
2014-06-07 12:06:50.000000,-25.4580987509,-49.309496985,POINT (-49.309496985 -25.4580987509)
2014-06-07 12:07:00.000000,-25.4580987509,-49.309496985,POINT (-49.309496985 -25.4580987509)
2014-06-07 12:07:10.000000,-25.4580987509,-49.309496985,POINT (-49.309496985 -25.4580987509)
2014-06-07 12:07:20.000000,-25.4580987509,-49.309496985,POINT (-49.309496985 -25.4580987509)
2014-06-07 12:07:30.000000,-25.4580987509,-49.309496985,POINT (-49.309496985 -25.4580987509)
2014-06-07 12:07:40.000000,-25.4580987509,-49.309496985,POINT (-49.309496985 -25.4580987509)
2014-06-07 12:07:50.000000,-25.4580987509,-49.309496985,POINT (-49.309496985 -25.4580987509)
2014-06-07 12:08:00.000000,-25.4580987509,-49.309496985,POINT (-49.309496985 -25.4580987509)
2014-06-07 12:08:10.000000,-25.4580987509,-49.309496985,POINT (-49.309496985 -25.4580987509)
2014-06-07 12:08:20.000000,-25.4580987509,-49.309496985,POINT (-49.309496985 -25.4580987509)
2014-06-07 12:08:30.000000,-25.4580987509,-49.309496985,POINT (-49.309496985 -25.4580987509)
2014-06-07 12:08:40.000000,-25.4580987509,-49.309496985,POINT (-49.309496985 -25.4580987509)
2014-06-07 12:08:50.000000,-25.4580987509,-49.309496985,POINT (-49.309496985 -25.4580987509)
2014-06-07 12:09:00.000000,-25.4580987509,-49.309496985,POINT (-49.309496985 -25.4580987509)
2014-06-07 12:09:10.000000,-25.4580987509,-49.309496985,POINT (-49.309496985 -25.4580987509)
2014-06-07 12:09:20.000000,-25.4580987509,-49.309496985,POINT (-49.309496985 -25.4580987509)
2014-06-07 12:09:30.000000,-25.4580987509,-49.309496985,POINT (-49.309496985 -25.4580987509)
2014-06-07 12:09:40.000000,-25.4580987509,-49.309496985,POINT (-49.309496985 -25.4580987509)
2014-06-07 12:09:50.000000,-25.4580987509,-49.309496985,POINT (-49.309496985 -25.4580987509)
2014-06-07 12:10:00.000000,-25.4580987509,-49.309496985,POINT (-49.309496985 -25.4580987509)
2014-06-07 12:10:10.000000,-25.4580987509,-49.309496985,POINT (-49.309496985 -25.4580987509)
2014-06-07 12:10:20.000000,-25.4580987509,-49.309496985,POINT (-49.309496985 -25.4580987509)
2014-06-07 12:10:30.000000,-25.4580987509,-49.309496985,POINT (-49.309496985 -25.4580987509)
2014-06-07 12:10:40.000000,-25.4580987509,-49.309496985,POINT (-49.309496985 -25.4580987509)
2014-06-07 12:10:50.000000,-25.4580987509,-49.309496985,POINT (-49.309496985 -25.4580987509)
2014-06-07 12:11:00.000000,-25.4580987509,-49.309496985,POINT (-49.309496985 -25.4580987509)
2014-06-07 12:11:10.000000,-25.4580987509,-49.309496985,POINT (-49.309496985 -25.4580987509)
2014-06-07 12:11:20.000000,-25.4580987509,-49.309496985,POINT (-49.309496985 -25.4580987509)
2014-06-07 12:11:30.000000,-25.4580987509,-49.309496985,POINT (-49.309496985 -25.4580987509)
2014-06-07 12:11:40.000000,-25.4580987509,-49.309496985,POINT (-49.309496985 -25.4580987509)
2014-06-07 12:11:50.000000,-25.4580987509,-49.309496985,POINT (-49.309496985 -25.4580987509)
2014-06-07 12:12:00.000000,-25.4580987509,-49.309496985,POINT (-49.309496985 -25.4580987509)
2014-06-07 12:12:10.000000,-25.4580987509,-49.309496985,POINT (-49.309496985 -25.4580987509)
2014-06-07 12:12:20.000000,-25.4580987509,-49.309496985,POINT (-49.309496985 -25.4580987509)
2014-06-07 12:12:30.000000,-25.4580987509,-49.309496985,POINT (-49.309496985 -25.4580987509)
2014-06-07 12:12:40.000000,-25.4580987509,-49.309496985,POINT (-49.309496985 -25.4580987509)
2014-06-07 12:12:50.000000,-25.4580987509,-49.309496985,POINT (-49.309496985 -25.4580987509)
2014-06-07 12:13:00.000000,-25.4580987509,-49.309496985,POINT (-49.309496985 -25.4580987509)
2014-06-07 12:13:10.000000,-25.4580987509,-49.309496985,POINT (-49.309496985 -25.4580987509)
2014-06-07 12:13:20.000000,-25.4580987509,-49.309496985,POINT (-49.309496985 -25.4580987509)
2014-06-07 12:13:30.000000,-25.4580987509,-49.309496985,POINT (-49.309496985 -25.4580987509)
2014-06-07 12:13:40.000000,-25.4580987509,-49.309496985,POINT (-49.309496985 -25.4580987509)
2014-06-07 12:13:50.000000,-25.4580987509,-49.309496985,POINT (-49.309496985 -25.4580987509)
2014-06-07 12:14:00.000000,-25.4580987509,-49.309496985,POINT (-49.309496985 -25.4580987509)
2014-06-07 12:14:10.000000,-25.4580987509,-49.309496985,POINT (-49.309496985 -25.4580987509)
2014-06-07 12:14:20.000000,-25.4580987509,-49.309496985,POINT (-49.309496985 -25.4580987509)
2014-06-07 12:14:30.000000,-25.4580987509,-49.309496985,POINT (-49.309496985 -25.4580987509)
2014-06-07 12:14:40.000000,-25.4580987509,-49.309496985,POINT (-49.309496985 -25.4580987509)
2014-06-07 12:14:50.000000,-25.4580987509,-49.309496985,POINT (-49.309496985 -25.4580987509)
2014-06-07 12:15:00.000000,-25.4580987509,-49.309496985,POINT (-49.309496985 -25.4580987509)
2014-06-07 12:15:10.000000,-25.4580987509,-49.309496985,POINT (-49.309496985 -25.4580987509)
2014-06-07 12:15:20.000000,-25.4580987509,-49.309496985,POINT (-49.309496985 -25.4580987509)
2014-06-07 12:15:30.000000,-25.4580987509,-49.309496985,POINT (-49.309496985 -25.4580987509)
2014-06-07 12:15:40.000000,-25.4580987509,-49.309496985,POINT (-49.309496985 -25.4580987509)
2014-06-07 12:15:50.000000,-25.4580987509,-49.309496985,POINT (-49.309496985 -25.4580987509)
2014-06-07 12:16:00.000000,-25.4580987509,-49.309496985,POINT (-49.309496985 -25.4580987509)
2014-06-07 12:16:10.000000,-25.4580987509,-49.309496985,POINT (-49.309496985 -25.4580987509)
2014-06-07 12:16:20.000000,-25.4580987509,-49.309496985,POINT (-49.309496985 -25.4580987509)
2014-06-07 12:16:30.000000,-25.4580987509,-49.309496985,POINT (-49.309496985 -25.4580987509)
2014-06-07 12:16:40.000000,-25.4580987509,-49.309496985,POINT (-49.309496985 -25.4580987509)
2014-06-07 12:16:50.000000,-25.4580987509,-49.309496985,POINT (-49.309496985 -25.4580987509)
2014-06-07 12:17:00.000000,-25.4580987509,-49.309496985,POINT (-49.309496985 -25.4580987509)
2014-06-07 12:17:10.000000,-25.4580987509,-49.309496985,POINT (-49.309496985 -25.4580987509)
2014-06-07 12:17:20.000000,-25.4580987509,-49.309496985,POINT (-49.309496985 -25.4580987509)
2014-06-07 12:17:30.000000,-25.4580987509,-49.309496985,POINT (-49.309496985 -25.4580987509)
2014-06-07 12:17:40.000000,-25.4580987509,-49.309496985,POINT (-49.309496985 -25.4580987509)
2014-06-07 12:17:50.000000,-25.4580987509,-49.309496985,POINT (-49.309496985 -25.4580987509)
2014-06-07 12:18:00.000000,-25.4580987509,-49.309496985,POINT (-49.309496985 -25.4580987509)
2014-06-07 12:18:10.000000,-25.4580987509,-49.309496985,POINT (-49.309496985 -25.4580987509)
2014-06-07 12:18:20.000000,-25.4580987509,-49.309496985,POINT (-49.309496985 -25.4580987509)
2014-06-07 12:18:30.000000,-25.4580987509,-49.309496985,POINT (-49.309496985 -25.4580987509)
2014-06-07 12:18:40.000000,-25.4580987509,-49.309496985,POINT (-49.309496985 -25.4580987509)
2014-06-07 12:18:50.000000,-25.4580987509,-49.309496985,POINT (-49.309496985 -25.4580987509)
2014-06-07 12:19:00.000000,-25.4580987509,-49.309496985,POINT (-49.309496985 -25.4580987509)
2014-06-07 12:19:10.000000,-25.4580987509,-49.309496985,POINT (-49.309496985 -25.4580987509)
2014-06-07 12:19:20.000000,-25.4580987509,-49.309496985,POINT (-49.309496985 -25.4580987509)
2014-06-07 12:19:30.000000,-25.4580987509,-49.309496985,POINT (-49.309496985 -25.4580987509)
2014-06-07 12:19:40.000000,-25.4580987509,-49.309496985,POINT (-49.309496985 -25.4580987509)
2014-06-07 12:19:50.000000,-25.4580987509,-49.309496985,POINT (-49.309496985 -25.4580987509)
2014-06-07 12:20:00.000000,-25.4580987509,-49.309496985,POINT (-49.309496985 -25.4580987509)
2014-06-07 12:20:10.000000,-25.4580987509,-49.309496985,POINT (-49.309496985 -25.4580987509)
2014-06-07 12:20:20.000000,-25.4580987509,-49.309496985,POINT (-49.309496985 -25.4580987509)
2014-06-07 12:20:30.000000,-25.4580987509,-49.309496985,POINT (-49.309496985 -25.4580987509)
2014-06-07 12:20:40.000000,-25.4580987509,-49.309496985,POINT (-49.309496985 -25.4580987509)
2014-06-07 12:20:50.000000,-25.4580987509,-49.309496985,POINT (-49.309496985 -25.4580987509)
2014-06-07 12:21:00.000000,-25.4580987509,-49.309496985,POINT (-49.309496985 -25.4580987509)
2014-06-07 12:21:10.000000,-25.4580987509,-49.309496985,POINT (-49.309496985 -25.4580987509)
2014-06-07 12:21:20.000000,-25.4580987509,-49.309496985,POINT (-49.309496985 -25.4580987509)
2014-06-07 12:21:30.000000,-25.4580987509,-49.309496985,POINT (-49.309496985 -25.4580987509)
2014-06-07 12:21:40.000000,-25.4580987509,-49.309496985,POINT (-49.309496985 -25.4580987509)
2014-06-07 12:21:50.000000,-25.4580987509,-49.309496985,POINT (-49.309496985 -25.4580987509)
2014-06-07 12:22:00.000000,-25.4580987509,-49.309496985,POINT (-49.309496985 -25.4580987509)
2014-06-07 12:22:10.000000,-25.4580987509,-49.309496985,POINT (-49.309496985 -25.4580987509)
2014-06-07 12:22:20.000000,-25.4580987509,-49.309496985,POINT (-49.309496985 -25.4580987509)
2014-06-07 12:22:30.000000,-25.4580987509,-49.309496985,POINT (-49.309496985 -25.4580987509)
2014-06-07 12:22:40.000000,-25.4580987509,-49.309496985,POINT (-49.309496985 -25.4580987509)
2014-06-07 12:22:50.000000,-25.4580987509,-49.309496985,POINT (-49.309496985 -25.4580987509)
2014-06-07 12:23:00.000000,-25.4580987509,-49.309496985,POINT (-49.309496985 -25.4580987509)
2014-06-07 12:23:10.000000,-25.4580987509,-49.309496985,POINT (-49.309496985 -25.4580987509)
2014-06-07 12:23:20.000000,-25.4580987509,-49.309496985,POINT (-49.309496985 -25.4580987509)
2014-06-07 12:23:30.000000,-25.4580987509,-49.309496985,POINT (-49.309496985 -25.4580987509)
2014-06-07 12:23:40.000000,-25.4580987509,-49.309496985,POINT (-49.309496985 -25.4580987509)
2014-06-07 12:23:50.000000,-25.4580987509,-49.309496985,POINT (-49.309496985 -25.4580987509)
2014-06-07 12:24:00.000000,-25.4580987509,-49.309496985,POINT (-49.309496985 -25.4580987509)
2014-06-07 12:24:10.000000,-25.4580987509,-49.309496985,POINT (-49.309496985 -25.4580987509)
2014-06-07 12:24:20.000000,-25.4580987509,-49.309496985,POINT (-49.309496985 -25.4580987509)
2014-06-07 12:24:30.000000,-25.4580987509,-49.309496985,POINT (-49.309496985 -25.4580987509)
2014-06-07 12:24:40.000000,-25.4580987509,-49.309496985,POINT (-49.309496985 -25.4580987509)
2014-06-07 12:24:50.000000,-25.4580987509,-49.309496985,POINT (-49.309496985 -25.4580987509)
2014-06-07 12:25:00.000000,-25.4580987509,-49.309496985,POINT (-49.309496985 -25.4580987509)
2014-06-07 12:25:10.000000,-25.4580987509,-49.309496985,POINT (-49.309496985 -25.4580987509)
2014-06-07 12:25:20.000000,-25.4580987509,-49.309496985,POINT (-49.309496985 -25.4580987509)
2014-06-07 12:25:30.000000,-25.4580987509,-49.309496985,POINT (-49.309496985 -25.4580987509)
2014-06-07 12:25:40.000000,-25.4580987509,-49.309496985,POINT (-49.309496985 -25.4580987509)
2014-06-07 12:25:50.000000,-25.4580987509,-49.309496985,POINT (-49.309496985 -25.4580987509)
2014-06-07 12:26:00.000000,-25.4580987509,-49.309496985,POINT (-49.309496985 -25.4580987509)
2014-06-07 12:26:10.000000,-25.4580987509,-49.309496985,POINT (-49.309496985 -25.4580987509)
2014-06-07 12:26:20.000000,-25.4580987509,-49.309496985,POINT (-49.309496985 -25.4580987509)
2014-06-07 12:26:30.000000,-25.4580987509,-49.309496985,POINT (-49.309496985 -25.4580987509)
2014-06-07 12:26:40.000000,-25.4580987509,-49.309496985,POINT (-49.309496985 -25.4580987509)
2014-06-07 12:26:50.000000,-25.4580987509,-49.309496985,POINT (-49.309496985 -25.4580987509)
2014-06-07 12:27:00.000000,-25.4580987509,-49.309496985,POINT (-49.309496985 -25.4580987509)
2014-06-07 12:27:10.000000,-25.4580987509,-49.309496985,POINT (-49.309496985 -25.4580987509)
2014-06-07 12:27:20.000000,-25.4580987509,-49.309496985,POINT (-49.309496985 -25.4580987509)
2014-06-07 12:27:30.000000,-25.4580987509,-49.309496985,POINT (-49.309496985 -25.4580987509)
2014-06-07 12:27:40.000000,-25.4580987509,-49.309496985,POINT (-49.309496985 -25.4580987509)
2014-06-07 12:27:50.000000,-25.4580987509,-49.309496985,POINT (-49.309496985 -25.4580987509)
2014-06-07 12:28:00.000000,-25.4580987509,-49.309496985,POINT (-49.309496985 -25.4580987509)
2014-06-07 12:28:10.000000,-25.4580987509,-49.309496985,POINT (-49.309496985 -25.4580987509)
2014-06-07 12:28:20.000000,-25.4580987509,-49.309496985,POINT (-49.309496985 -25.4580987509)
2014-06-07 12:28:30.000000,-25.4580987509,-49.309496985,POINT (-49.309496985 -25.4580987509)
2014-06-07 12:28:40.000000,-25.4580987509,-49.309496985,POINT (-49.309496985 -25.4580987509)
2014-06-07 12:28:50.000000,-25.4580987509,-49.309496985,POINT (-49.309496985 -25.4580987509)
2014-06-07 12:29:00.000000,-25.4580987509,-49.309496985,POINT (-49.309496985 -25.4580987509)
2014-06-07 12:29:10.000000,-25.4580987509,-49.309496985,POINT (-49.309496985 -25.4580987509)
2014-06-07 12:29:20.000000,-25.4580987509,-49.309496985,POINT (-49.309496985 -25.4580987509)
2014-06-07 12:29:30.000000,-25.4580987509,-49.309496985,POINT (-49.309496985 -25.4580987509)
2014-06-07 12:29:40.000000,-25.4580987509,-49.309496985,POINT (-49.309496985 -25.4580987509)
2014-06-07 12:29:50.000000,-25.4580987509,-49.309496985,POINT (-49.309496985 -25.4580987509)
2014-06-07 12:30:00.000000,-25.4580987509,-49.309496985,POINT (-49.309496985 -25.4580987509)
2014-06-07 12:30:10.000000,-25.4580987509,-49.309496985,POINT (-49.309496985 -25.4580987509)
2014-06-07 12:30:20.000000,-25.4580987509,-49.309496985,POINT (-49.309496985 -25.4580987509)
2014-06-07 12:30:30.000000,-25.4580987509,-49.309496985,POINT (-49.309496985 -25.4580987509)
2014-06-07 12:30:40.000000,-25.4580987509,-49.309496985,POINT (-49.309496985 -25.4580987509)
2014-06-07 12:30:50.000000,-25.4580987509,-49.309496985,POINT (-49.309496985 -25.4580987509)
2014-06-07 12:31:00.000000,-25.4580987509,-49.309496985,POINT (-49.309496985 -25.4580987509)
2014-06-07 12:31:10.000000,-25.4580987509,-49.309496985,POINT (-49.309496985 -25.4580987509)
2014-06-07 12:31:20.000000,-25.4580987509,-49.309496985,POINT (-49.309496985 -25.4580987509)
2014-06-07 12:31:30.000000,-25.4580987509,-49.309496985,POINT (-49.309496985 -25.4580987509)
2014-06-07 12:31:40.000000,-25.4580987509,-49.309496985,POINT (-49.309496985 -25.4580987509)
2014-06-07 12:31:50.000000,-25.4580987509,-49.309496985,POINT (-49.309496985 -25.4580987509)
2014-06-07 12:32:00.000000,-25.4580987509,-49.309496985,POINT (-49.309496985 -25.4580987509)
2014-06-07 12:32:10.000000,-25.4580987509,-49.309496985,POINT (-49.309496985 -25.4580987509)
2014-06-07 12:32:20.000000,-25.4580987509,-49.309496985,POINT (-49.309496985 -25.4580987509)
2014-06-07 12:32:30.000000,-25.4580987509,-49.309496985,POINT (-49.309496985 -25.4580987509)
2014-06-07 12:32:40.000000,-25.4580987509,-49.309496985,POINT (-49.309496985 -25.4580987509)
2014-06-07 12:32:50.000000,-25.4580987509,-49.309496985,POINT (-49.309496985 -25.4580987509)
2014-06-07 12:33:00.000000,-25.4580987509,-49.309496985,POINT (-49.309496985 -25.4580987509)
2014-06-07 12:33:10.000000,-25.4580987509,-49.309496985,POINT (-49.309496985 -25.4580987509)
2014-06-07 12:33:20.000000,-25.4580987509,-49.309496985,POINT (-49.309496985 -25.4580987509)
2014-06-07 12:33:30.000000,-25.4580987509,-49.309496985,POINT (-49.309496985 -25.4580987509)
2014-06-07 12:33:40.000000,-25.4580987509,-49.309496985,POINT (-49.309496985 -25.4580987509)
2014-06-07 12:33:50.000000,-25.4580987509,-49.309496985,POINT (-49.309496985 -25.4580987509)
2014-06-07 12:34:00.000000,-25.4580987509,-49.309496985,POINT (-49.309496985 -25.4580987509)
2014-06-07 12:34:10.000000,-25.4580987509,-49.309496985,POINT (-49.309496985 -25.4580987509)
2014-06-07 12:34:20.000000,-25.4580987509,-49.309496985,POINT (-49.309496985 -25.4580987509)
2014-06-07 12:34:30.000000,-25.4580987509,-49.309496985,POINT (-49.309496985 -25.4580987509)
2014-06-07 12:34:40.000000,-25.4580987509,-49.309496985,POINT (-49.309496985 -25.4580987509)
2014-06-07 12:34:50.000000,-25.4580987509,-49.309496985,POINT (-49.309496985 -25.4580987509)
2014-06-07 12:35:00.000000,-25.4580987509,-49.309496985,POINT (-49.309496985 -25.4580987509)
2014-06-07 12:35:10.000000,-25.4580987509,-49.309496985,POINT (-49.309496985 -25.4580987509)
2014-06-07 12:35:20.000000,-25.4580987509,-49.309496985,POINT (-49.309496985 -25.4580987509)
2014-06-07 12:35:30.000000,-25.4580987509,-49.309496985,POINT (-49.309496985 -25.4580987509)
2014-06-07 12:35:40.000000,-25.4580987509,-49.309496985,POINT (-49.309496985 -25.4580987509)
2014-06-07 12:35:50.000000,-25.4580987509,-49.309496985,POINT (-49.309496985 -25.4580987509)
2014-06-07 12:36:00.000000,-25.4580987509,-49.309496985,POINT (-49.309496985 -25.4580987509)
2014-06-07 12:36:10.000000,-25.4580987509,-49.309496985,POINT (-49.309496985 -25.4580987509)
2014-06-07 12:36:20.000000,-25.4580987509,-49.309496985,POINT (-49.309496985 -25.4580987509)
2014-06-07 12:36:30.000000,-25.4580987509,-49.309496985,POINT (-49.309496985 -25.4580987509)
2014-06-07 12:36:40.000000,-25.4580987509,-49.309496985,POINT (-49.309496985 -25.4580987509)
2014-06-07 12:36:50.000000,-25.4580987509,-49.309496985,POINT (-49.309496985 -25.4580987509)
2014-06-07 12:37:00.000000,-25.4580987509,-49.309496985,POINT (-49.309496985 -25.4580987509)
2014-06-07 12:37:10.000000,-25.4580987509,-49.309496985,POINT (-49.309496985 -25.4580987509)
2014-06-07 12:37:20.000000,-25.4580987509,-49.309496985,POINT (-49.309496985 -25.4580987509)
2014-06-07 12:37:30.000000,-25.4580987509,-49.309496985,POINT (-49.309496985 -25.4580987509)
2014-06-07 12:37:40.000000,-25.4580987509,-49.309496985,POINT (-49.309496985 -25.4580987509)
2014-06-07 12:37:50.000000,-25.4580987509,-49.309496985,POINT (-49.309496985 -25.4580987509)
2014-06-07 12:38:00.000000,-25.4580987509,-49.309496985,POINT (-49.309496985 -25.4580987509)
2014-06-07 12:38:10.000000,-25.4580987509,-49.309496985,POINT (-49.309496985 -25.4580987509)
2014-06-07 12:38:20.000000,-25.4580987509,-49.309496985,POINT (-49.309496985 -25.4580987509)
2014-06-07 12:38:30.000000,-25.4580987509,-49.309496985,POINT (-49.309496985 -25.4580987509)
2014-06-07 12:38:40.000000,-25.4580987509,-49.309496985,POINT (-49.309496985 -25.4580987509)
2014-06-07 12:38:50.000000,-25.4580987509,-49.309496985,POINT (-49.309496985 -25.4580987509)
2014-06-07 12:39:00.000000,-25.4580987509,-49.309496985,POINT (-49.309496985 -25.4580987509)
2014-06-07 12:39:10.000000,-25.4580987509,-49.309496985,POINT (-49.309496985 -25.4580987509)
2014-06-07 12:39:20.000000,-25.4580987509,-49.309496985,POINT (-49.309496985 -25.4580987509)
2014-06-07 12:39:30.000000,-25.4580987509,-49.309496985,POINT (-49.309496985 -25.4580987509)
2014-06-07 12:39:40.000000,-25.4580987509,-49.309496985,POINT (-49.309496985 -25.4580987509)
2014-06-07 12:39:50.000000,-25.4580987509,-49.309496985,POINT (-49.309496985 -25.4580987509)
2014-06-07 12:40:00.000000,-25.4580987509,-49.309496985,POINT (-49.309496985 -25.4580987509)
2014-06-07 12:40:10.000000,-25.4580987509,-49.309496985,POINT (-49.309496985 -25.4580987509)
2014-06-07 12:40:20.000000,-25.4580987509,-49.309496985,POINT (-49.309496985 -25.4580987509)
2014-06-07 12:40:30.000000,-25.4580987509,-49.309496985,POINT (-49.309496985 -25.4580987509)
2014-06-07 12:40:40.000000,-25.4580987509,-49.309496985,POINT (-49.309496985 -25.4580987509)
2014-06-07 12:40:50.000000,-25.4580987509,-49.309496985,POINT (-49.309496985 -25.4580987509)
2014-06-07 12:41:00.000000,-25.4580987509,-49.309496985,POINT (-49.309496985 -25.4580987509)
2014-06-07 12:41:10.000000,-25.4580987509,-49.309496985,POINT (-49.309496985 -25.4580987509)
2014-06-07 12:41:20.000000,-25.4580987509,-49.309496985,POINT (-49.309496985 -25.4580987509)
2014-06-07 12:41:30.000000,-25.4580987509,-49.309496985,POINT (-49.309496985 -25.4580987509)
2014-06-07 12:41:40.000000,-25.4580987509,-49.309496985,POINT (-49.309496985 -25.4580987509)
2014-06-07 12:41:50.000000,-25.4580987509,-49.309496985,POINT (-49.309496985 -25.4580987509)
2014-06-07 12:42:00.000000,-25.4580987509,-49.309496985,POINT (-49.309496985 -25.4580987509)
2014-06-07 12:42:10.000000,-25.4580987509,-49.309496985,POINT (-49.309496985 -25.4580987509)
2014-06-07 12:42:20.000000,-25.4580987509,-49.309496985,POINT (-49.309496985 -25.4580987509)
2014-06-07 12:42:30.000000,-25.4580987509,-49.309496985,POINT (-49.309496985 -25.4580987509)
2014-06-07 12:42:40.000000,-25.4580987509,-49.309496985,POINT (-49.309496985 -25.4580987509)
2014-06-07 12:42:50.000000,-25.4580987509,-49.309496985,POINT (-49.309496985 -25.4580987509)
2014-06-07 12:43:00.000000,-25.4580987509,-49.309496985,POINT (-49.309496985 -25.4580987509)
2014-06-07 12:43:10.000000,-25.4580987509,-49.309496985,POINT (-49.309496985 -25.4580987509)
2014-06-07 12:43:20.000000,-25.4580987509,-49.309496985,POINT (-49.309496985 -25.4580987509)
2014-06-07 12:43:30.000000,-25.4580987509,-49.309496985,POINT (-49.309496985 -25.4580987509)
2014-06-07 12:43:40.000000,-25.4580987509,-49.309496985,POINT (-49.309496985 -25.4580987509)
2014-06-07 12:43:50.000000,-25.4580987509,-49.309496985,POINT (-49.309496985 -25.4580987509)
2014-06-07 12:44:00.000000,-25.4580987509,-49.309496985,POINT (-49.309496985 -25.4580987509)
2014-06-07 12:44:10.000000,-25.4580987509,-49.309496985,POINT (-49.309496985 -25.4580987509)
2014-06-07 12:44:20.000000,-25.4580987509,-49.309496985,POINT (-49.309496985 -25.4580987509)
2014-06-07 12:44:30.000000,-25.4580987509,-49.309496985,POINT (-49.309496985 -25.4580987509)
2014-06-07 12:44:40.000000,-25.4580987509,-49.309496985,POINT (-49.309496985 -25.4580987509)
2014-06-07 12:44:50.000000,-25.4580987509,-49.309496985,POINT (-49.309496985 -25.4580987509)
2014-06-07 12:45:00.000000,-25.4580987509,-49.309496985,POINT (-49.309496985 -25.4580987509)
2014-06-07 12:45:10.000000,-25.4580987509,-49.309496985,POINT (-49.309496985 -25.4580987509)
2014-06-07 12:45:20.000000,-25.4580987509,-49.309496985,POINT (-49.309496985 -25.4580987509)
2014-06-07 12:45:30.000000,-25.4580987509,-49.309496985,POINT (-49.309496985 -25.4580987509)
2014-06-07 12:45:40.000000,-25.4580987509,-49.309496985,POINT (-49.309496985 -25.4580987509)
2014-06-07 12:45:50.000000,-25.4580987509,-49.309496985,POINT (-49.309496985 -25.4580987509)
2014-06-07 12:46:00.000000,-25.4580987509,-49.309496985,POINT (-49.309496985 -25.4580987509)
2014-06-07 12:46:10.000000,-25.4580987509,-49.309496985,POINT (-49.309496985 -25.4580987509)
2014-06-07 12:46:20.000000,-25.4580987509,-49.309496985,POINT (-49.309496985 -25.4580987509)
2014-06-07 12:46:30.000000,-25.4580987509,-49.309496985,POINT (-49.309496985 -25.4580987509)
2014-06-07 12:46:40.000000,-25.4580987509,-49.309496985,POINT (-49.309496985 -25.4580987509)
2014-06-07 12:46:50.000000,-25.4580987509,-49.309496985,POINT (-49.309496985 -25.4580987509)
2014-06-07 12:47:00.000000,-25.4580987509,-49.309496985,POINT (-49.309496985 -25.4580987509)
2014-06-07 12:47:10.000000,-25.4580987509,-49.309496985,POINT (-49.309496985 -25.4580987509)
2014-06-07 12:47:20.000000,-25.4580987509,-49.309496985,POINT (-49.309496985 -25.4580987509)
2014-06-07 12:47:30.000000,-25.4580987509,-49.309496985,POINT (-49.309496985 -25.4580987509)
2014-06-07 12:47:40.000000,-25.4580987509,-49.309496985,POINT (-49.309496985 -25.4580987509)
2014-06-07 12:47:50.000000,-25.4580987509,-49.309496985,POINT (-49.309496985 -25.4580987509)
2014-06-07 12:48:00.000000,-25.4580987509,-49.309496985,POINT (-49.309496985 -25.4580987509)
2014-06-07 12:48:10.000000,-25.4580987509,-49.309496985,POINT (-49.309496985 -25.4580987509)
2014-06-07 12:48:20.000000,-25.4580987509,-49.309496985,POINT (-49.309496985 -25.4580987509)
2014-06-07 12:48:30.000000,-25.4580987509,-49.309496985,POINT (-49.309496985 -25.4580987509)
2014-06-07 12:48:40.000000,-25.4580987509,-49.309496985,POINT (-49.309496985 -25.4580987509)
2014-06-07 12:48:50.000000,-25.4580987509,-49.309496985,POINT (-49.309496985 -25.4580987509)
2014-06-07 12:49:00.000000,-25.4580987509,-49.309496985,POINT (-49.309496985 -25.4580987509)
2014-06-07 12:49:10.000000,-25.4580987509,-49.309496985,POINT (-49.309496985 -25.4580987509)
2014-06-07 12:49:20.000000,-25.4580987509,-49.309496985,POINT (-49.309496985 -25.4580987509)
2014-06-07 12:49:30.000000,-25.4580987509,-49.309496985,POINT (-49.309496985 -25.4580987509)
2014-06-07 12:49:40.000000,-25.4580987509,-49.309496985,POINT (-49.309496985 -25.4580987509)
2014-06-07 12:49:50.000000,-25.4580987509,-49.309496985,POINT (-49.309496985 -25.4580987509)
2014-06-07 12:50:00.000000,-25.4580987509,-49.309496985,POINT (-49.309496985 -25.4580987509)
2014-06-07 12:50:10.000000,-25.4580987509,-49.309496985,POINT (-49.309496985 -25.4580987509)
2014-06-07 12:50:20.000000,-25.4580987509,-49.309496985,POINT (-49.309496985 -25.4580987509)
2014-06-07 12:50:30.000000,-25.4580987509,-49.309496985,POINT (-49.309496985 -25.4580987509)
2014-06-07 12:50:40.000000,-25.4580987509,-49.309496985,POINT (-49.309496985 -25.4580987509)
2014-06-07 12:50:50.000000,-25.4580987509,-49.309496985,POINT (-49.309496985 -25.4580987509)
2014-06-07 12:51:00.000000,-25.4580987509,-49.309496985,POINT (-49.309496985 -25.4580987509)
2014-06-07 12:51:10.000000,-25.4580987509,-49.309496985,POINT (-49.309496985 -25.4580987509)
2014-06-07 12:51:20.000000,-25.4580987509,-49.309496985,POINT (-49.309496985 -25.4580987509)
2014-06-07 12:51:30.000000,-25.4580987509,-49.309496985,POINT (-49.309496985 -25.4580987509)
2014-06-07 12:51:40.000000,-25.4580987509,-49.309496985,POINT (-49.309496985 -25.4580987509)
2014-06-07 12:51:50.000000,-25.4580987509,-49.309496985,POINT (-49.309496985 -25.4580987509)
2014-06-07 12:52:00.000000,-25.4580987509,-49.309496985,POINT (-49.309496985 -25.4580987509)
2014-06-07 12:52:10.000000,-25.4580987509,-49.309496985,POINT (-49.309496985 -25.4580987509)
2014-06-07 12:52:20.000000,-25.4580987509,-49.309496985,POINT (-49.309496985 -25.4580987509)
2014-06-07 12:52:30.000000,-25.4580987509,-49.309496985,POINT (-49.309496985 -25.4580987509)
2014-06-07 12:52:40.000000,-25.4580987509,-49.309496985,POINT (-49.309496985 -25.4580987509)
2014-06-07 12:52:50.000000,-25.4580987509,-49.309496985,POINT (-49.309496985 -25.4580987509)
2014-06-07 12:53:00.000000,-25.4580987509,-49.309496985,POINT (-49.309496985 -25.4580987509)
2014-06-07 12:53:10.000000,-25.4580987509,-49.309496985,POINT (-49.309496985 -25.4580987509)
2014-06-07 12:53:20.000000,-25.4580987509,-49.309496985,POINT (-49.309496985 -25.4580987509)
2014-06-07 12:53:30.000000,-25.4580987509,-49.309496985,POINT (-49.309496985 -25.4580987509)
2014-06-07 12:53:40.000000,-25.4580987509,-49.309496985,POINT (-49.309496985 -25.4580987509)
2014-06-07 12:53:50.000000,-25.4580987509,-49.309496985,POINT (-49.309496985 -25.4580987509)
2014-06-07 12:54:00.000000,-25.4580987509,-49.309496985,POINT (-49.309496985 -25.4580987509)
2014-06-07 12:54:10.000000,-25.4580987509,-49.309496985,POINT (-49.309496985 -25.4580987509)
2014-06-07 12:54:20.000000,-25.4580987509,-49.309496985,POINT (-49.309496985 -25.4580987509)
2014-06-07 12:54:30.000000,-25.4580987509,-49.309496985,POINT (-49.309496985 -25.4580987509)
2014-06-07 12:54:40.000000,-25.4580987509,-49.309496985,POINT (-49.309496985 -25.4580987509)
2014-06-07 12:54:50.000000,-25.4580987509,-49.309496985,POINT (-49.309496985 -25.4580987509)
2014-06-07 12:55:00.000000,-25.4580987509,-49.309496985,POINT (-49.309496985 -25.4580987509)
2014-06-07 12:55:10.000000,-25.4580987509,-49.309496985,POINT (-49.309496985 -25.4580987509)
2014-06-07 12:55:20.000000,-25.4580987509,-49.309496985,POINT (-49.309496985 -25.4580987509)
2014-06-07 12:55:30.000000,-25.4580987509,-49.309496985,POINT (-49.309496985 -25.4580987509)
2014-06-07 12:55:40.000000,-25.4580987509,-49.309496985,POINT (-49.309496985 -25.4580987509)
2014-06-07 12:55:50.000000,-25.4580987509,-49.309496985,POINT (-49.309496985 -25.4580987509)
2014-06-07 12:56:00.000000,-25.4580987509,-49.309496985,POINT (-49.309496985 -25.4580987509)
2014-06-07 12:56:10.000000,-25.4580987509,-49.309496985,POINT (-49.309496985 -25.4580987509)
2014-06-07 12:56:20.000000,-25.4580987509,-49.309496985,POINT (-49.309496985 -25.4580987509)
2014-06-07 12:56:30.000000,-25.4580987509,-49.309496985,POINT (-49.309496985 -25.4580987509)
2014-06-07 12:56:40.000000,-25.4580987509,-49.309496985,POINT (-49.309496985 -25.4580987509)
2014-06-07 12:56:50.000000,-25.4580987509,-49.309496985,POINT (-49.309496985 -25.4580987509)
2014-06-07 12:57:00.000000,-25.4580987509,-49.309496985,POINT (-49.309496985 -25.4580987509)
2014-06-07 12:57:10.000000,-25.4580987509,-49.309496985,POINT (-49.309496985 -25.4580987509)
2014-06-07 12:57:20.000000,-25.4580987509,-49.309496985,POINT (-49.309496985 -25.4580987509)
2014-06-07 12:57:30.000000,-25.4580987509,-49.309496985,POINT (-49.309496985 -25.4580987509)
2014-06-07 12:57:40.000000,-25.4580987509,-49.309496985,POINT (-49.309496985 -25.4580987509)
2014-06-07 12:57:50.000000,-25.4580987509,-49.309496985,POINT (-49.309496985 -25.4580987509)
2014-06-07 12:58:00.000000,-25.4580987509,-49.309496985,POINT (-49.309496985 -25.4580987509)
2014-06-07 12:58:10.000000,-25.4580987509,-49.309496985,POINT (-49.309496985 -25.4580987509)
2014-06-07 12:58:20.000000,-25.4580987509,-49.309496985,POINT (-49.309496985 -25.4580987509)
2014-06-07 12:58:30.000000,-25.4580987509,-49.309496985,POINT (-49.309496985 -25.4580987509)
2014-06-07 12:58:40.000000,-25.4580987509,-49.309496985,POINT (-49.309496985 -25.4580987509)
2014-06-07 12:58:50.000000,-25.4580987509,-49.309496985,POINT (-49.309496985 -25.4580987509)
2014-06-07 12:59:00.000000,-25.4580987509,-49.309496985,POINT (-49.309496985 -25.4580987509)
2014-06-07 12:59:10.000000,-25.4580987509,-49.309496985,POINT (-49.309496985 -25.4580987509)
2014-06-07 12:59:20.000000,-25.4580987509,-49.309496985,POINT (-49.309496985 -25.4580987509)
2014-06-07 12:59:30.000000,-25.4580987509,-49.309496985,POINT (-49.309496985 -25.4580987509)
2014-06-07 12:59:40.000000,-25.4580987509,-49.309496985,POINT (-49.309496985 -25.4580987509)
2014-06-07 12:59:50.000000,-25.4580987509,-49.309496985,POINT (-49.309496985 -25.4580987509)
2014-06-07 13:00:00.000000,-25.4580987509,-49.309496985,POINT (-49.309496985 -25.4580987509)
2014-06-07 13:00:10.000000,-25.4580987509,-49.309496985,POINT (-49.309496985 -25.4580987509)
2014-06-07 13:00:20.000000,-25.4580987509,-49.309496985,POINT (-49.309496985 -25.4580987509)
2014-06-07 13:00:30.000000,-25.4580987509,-49.309496985,POINT (-49.309496985 -25.4580987509)
2014-06-07 13:00:40.000000,-25.4580987509,-49.309496985,POINT (-49.309496985 -25.4580987509)
2014-06-07 13:00:50.000000,-25.4580987509,-49.309496985,POINT (-49.309496985 -25.4580987509)
2014-06-07 13:01:00.000000,-25.4580987509,-49.309496985,POINT (-49.309496985 -25.4580987509)
2014-06-07 13:01:10.000000,-25.4580987509,-49.309496985,POINT (-49.309496985 -25.4580987509)
2014-06-07 13:01:20.000000,-25.4580987509,-49.309496985,POINT (-49.309496985 -25.4580987509)
2014-06-07 13:01:30.000000,-25.4580987509,-49.309496985,POINT (-49.309496985 -25.4580987509)
2014-06-07 13:01:40.000000,-25.4580987509,-49.309496985,POINT (-49.309496985 -25.4580987509)
2014-06-07 13:01:50.000000,-25.4580987509,-49.309496985,POINT (-49.309496985 -25.4580987509)
2014-06-07 13:02:00.000000,-25.4580987509,-49.309496985,POINT (-49.309496985 -25.4580987509)
2014-06-07 13:02:10.000000,-25.4580987509,-49.309496985,POINT (-49.309496985 -25.4580987509)
2014-06-07 13:02:20.000000,-25.4580987509,-49.309496985,POINT (-49.309496985 -25.4580987509)
2014-06-07 13:02:30.000000,-25.4580987509,-49.309496985,POINT (-49.309496985 -25.4580987509)
2014-06-07 13:02:40.000000,-25.4580987509,-49.309496985,POINT (-49.309496985 -25.4580987509)
2014-06-07 13:02:50.000000,-25.4580987509,-49.309496985,POINT (-49.309496985 -25.4580987509)
2014-06-07 13:03:00.000000,-25.4580987509,-49.309496985,POINT (-49.309496985 -25.4580987509)
2014-06-07 13:03:10.000000,-25.4580987509,-49.309496985,POINT (-49.309496985 -25.4580987509)
2014-06-07 13:03:20.000000,-25.4580987509,-49.309496985,POINT (-49.309496985 -25.4580987509)
2014-06-07 13:03:30.000000,-25.4580987509,-49.309496985,POINT (-49.309496985 -25.4580987509)
2014-06-07 13:03:40.000000,-25.4580987509,-49.309496985,POINT (-49.309496985 -25.4580987509)
2014-06-07 13:03:50.000000,-25.4580987509,-49.309496985,POINT (-49.309496985 -25.4580987509)
2014-06-07 13:04:00.000000,-25.4580987509,-49.309496985,POINT (-49.309496985 -25.4580987509)
2014-06-07 13:04:10.000000,-25.4580987509,-49.309496985,POINT (-49.309496985 -25.4580987509)
2014-06-07 13:04:20.000000,-25.4580987509,-49.309496985,POINT (-49.309496985 -25.4580987509)
2014-06-07 13:04:30.000000,-25.4580987509,-49.309496985,POINT (-49.309496985 -25.4580987509)
2014-06-07 13:04:40.000000,-25.4580987509,-49.309496985,POINT (-49.309496985 -25.4580987509)
2014-06-07 13:04:50.000000,-25.4580987509,-49.309496985,POINT (-49.309496985 -25.4580987509)
2014-06-07 13:05:00.000000,-25.4580987509,-49.309496985,POINT (-49.309496985 -25.4580987509)
2014-06-07 13:05:10.000000,-25.4580987509,-49.309496985,POINT (-49.309496985 -25.4580987509)
2014-06-07 13:05:20.000000,-25.4580987509,-49.309496985,POINT (-49.309496985 -25.4580987509)
2014-06-07 13:05:30.000000,-25.4580987509,-49.309496985,POINT (-49.309496985 -25.4580987509)
2014-06-07 13:05:40.000000,-25.4580987509,-49.309496985,POINT (-49.309496985 -25.4580987509)
2014-06-07 13:05:50.000000,-25.4580987509,-49.309496985,POINT (-49.309496985 -25.4580987509)
2014-06-07 13:06:00.000000,-25.4580987509,-49.309496985,POINT (-49.309496985 -25.4580987509)
2014-06-07 13:06:10.000000,-25.4580987509,-49.309496985,POINT (-49.309496985 -25.4580987509)
2014-06-07 13:06:20.000000,-25.4580987509,-49.309496985,POINT (-49.309496985 -25.4580987509)
2014-06-07 13:06:30.000000,-25.4580987509,-49.309496985,POINT (-49.309496985 -25.4580987509)
2014-06-07 13:06:40.000000,-25.4580987509,-49.309496985,POINT (-49.309496985 -25.4580987509)
2014-06-07 13:06:50.000000,-25.4580987509,-49.309496985,POINT (-49.309496985 -25.4580987509)
2014-06-07 13:07:00.000000,-25.4580987509,-49.309496985,POINT (-49.309496985 -25.4580987509)
2014-06-07 13:07:10.000000,-25.4580987509,-49.309496985,POINT (-49.309496985 -25.4580987509)
2014-06-07 13:07:20.000000,-25.4580987509,-49.309496985,POINT (-49.309496985 -25.4580987509)
2014-06-07 13:07:30.000000,-25.4580987509,-49.309496985,POINT (-49.309496985 -25.4580987509)
2014-06-07 13:07:40.000000,-25.4580987509,-49.309496985,POINT (-49.309496985 -25.4580987509)
2014-06-07 13:07:50.000000,-25.4580987509,-49.309496985,POINT (-49.309496985 -25.4580987509)
2014-06-07 13:08:00.000000,-25.4580987509,-49.309496985,POINT (-49.309496985 -25.4580987509)
2014-06-07 13:08:10.000000,-25.4580987509,-49.309496985,POINT (-49.309496985 -25.4580987509)
2014-06-07 13:08:20.000000,-25.4580987509,-49.309496985,POINT (-49.309496985 -25.4580987509)
2014-06-07 13:08:30.000000,-25.4580987509,-49.309496985,POINT (-49.309496985 -25.4580987509)
2014-06-07 13:08:40.000000,-25.4580987509,-49.309496985,POINT (-49.309496985 -25.4580987509)
2014-06-07 13:08:50.000000,-25.4580987509,-49.309496985,POINT (-49.309496985 -25.4580987509)
2014-06-07 13:09:00.000000,-25.4580987509,-49.309496985,POINT (-49.309496985 -25.4580987509)
2014-06-07 13:09:10.000000,-25.4580987509,-49.309496985,POINT (-49.309496985 -25.4580987509)
2014-06-07 13:09:20.000000,-25.4580987509,-49.309496985,POINT (-49.309496985 -25.4580987509)
2014-06-07 13:09:30.000000,-25.4580987509,-49.309496985,POINT (-49.309496985 -25.4580987509)
2014-06-07 13:09:40.000000,-25.4580987509,-49.309496985,POINT (-49.309496985 -25.4580987509)
2014-06-07 13:09:50.000000,-25.4580987509,-49.309496985,POINT (-49.309496985 -25.4580987509)
2014-06-07 13:10:00.000000,-25.4580987509,-49.309496985,POINT (-49.309496985 -25.4580987509)
2014-06-07 13:10:10.000000,-25.4580987509,-49.309496985,POINT (-49.309496985 -25.4580987509)
2014-06-07 13:10:20.000000,-25.4580987509,-49.309496985,POINT (-49.309496985 -25.4580987509)
2014-06-07 13:10:30.000000,-25.4580987509,-49.309496985,POINT (-49.309496985 -25.4580987509)
2014-06-07 13:10:40.000000,-25.4580987509,-49.309496985,POINT (-49.309496985 -25.4580987509)
2014-06-07 13:10:50.000000,-25.4580987509,-49.309496985,POINT (-49.309496985 -25.4580987509)
2014-06-07 13:11:00.000000,-25.4580987509,-49.309496985,POINT (-49.309496985 -25.4580987509)
2014-06-07 13:11:10.000000,-25.4580987509,-49.309496985,POINT (-49.309496985 -25.4580987509)
2014-06-07 13:11:20.000000,-25.4580987509,-49.309496985,POINT (-49.309496985 -25.4580987509)
2014-06-07 13:11:30.000000,-25.4580987509,-49.309496985,POINT (-49.309496985 -25.4580987509)
2014-06-07 13:11:40.000000,-25.4580987509,-49.309496985,POINT (-49.309496985 -25.4580987509)
2014-06-07 13:11:50.000000,-25.4580987509,-49.309496985,POINT (-49.309496985 -25.4580987509)
2014-06-07 13:12:00.000000,-25.4580987509,-49.309496985,POINT (-49.309496985 -25.4580987509)
2014-06-07 13:12:10.000000,-25.4580987509,-49.309496985,POINT (-49.309496985 -25.4580987509)
2014-06-07 13:12:20.000000,-25.4580987509,-49.309496985,POINT (-49.309496985 -25.4580987509)
2014-06-07 13:12:30.000000,-25.4580987509,-49.309496985,POINT (-49.309496985 -25.4580987509)
2014-06-07 13:12:40.000000,-25.4580987509,-49.309496985,POINT (-49.309496985 -25.4580987509)
2014-06-07 13:12:50.000000,-25.4580987509,-49.309496985,POINT (-49.309496985 -25.4580987509)
2014-06-07 13:13:00.000000,-25.4580987509,-49.309496985,POINT (-49.309496985 -25.4580987509)
2014-06-07 13:13:10.000000,-25.4580987509,-49.309496985,POINT (-49.309496985 -25.4580987509)
2014-06-07 13:13:20.000000,-25.4580987509,-49.309496985,POINT (-49.309496985 -25.4580987509)
2014-06-07 13:13:30.000000,-25.4580987509,-49.309496985,POINT (-49.309496985 -25.4580987509)
2014-06-07 13:13:40.000000,-25.4580987509,-49.309496985,POINT (-49.309496985 -25.4580987509)
2014-06-07 13:13:50.000000,-25.4580987509,-49.309496985,POINT (-49.309496985 -25.4580987509)
2014-06-07 13:14:00.000000,-25.4580987509,-49.309496985,POINT (-49.309496985 -25.4580987509)
2014-06-07 13:14:10.000000,-25.4580987509,-49.309496985,POINT (-49.309496985 -25.4580987509)
2014-06-07 13:14:20.000000,-25.4580987509,-49.309496985,POINT (-49.309496985 -25.4580987509)
2014-06-07 13:14:30.000000,-25.4580987509,-49.309496985,POINT (-49.309496985 -25.4580987509)
2014-06-07 13:14:40.000000,-25.4580987509,-49.309496985,POINT (-49.309496985 -25.4580987509)
2014-06-07 13:14:50.000000,-25.4580987509,-49.309496985,POINT (-49.309496985 -25.4580987509)
2014-06-07 13:15:00.000000,-25.4580987509,-49.309496985,POINT (-49.309496985 -25.4580987509)
2014-06-07 13:15:10.000000,-25.4580987509,-49.309496985,POINT (-49.309496985 -25.4580987509)
2014-06-07 13:15:20.000000,-25.4580987509,-49.309496985,POINT (-49.309496985 -25.4580987509)
2014-06-07 13:15:30.000000,-25.4580987509,-49.309496985,POINT (-49.309496985 -25.4580987509)
2014-06-07 13:15:40.000000,-25.4580987509,-49.309496985,POINT (-49.309496985 -25.4580987509)
2014-06-07 13:15:50.000000,-25.4580987509,-49.309496985,POINT (-49.309496985 -25.4580987509)
2014-06-07 13:16:00.000000,-25.4580987509,-49.309496985,POINT (-49.309496985 -25.4580987509)
2014-06-07 13:16:10.000000,-25.4580987509,-49.309496985,POINT (-49.309496985 -25.4580987509)
2014-06-07 13:16:20.000000,-25.4580987509,-49.309496985,POINT (-49.309496985 -25.4580987509)
2014-06-07 13:16:30.000000,-25.4580987509,-49.309496985,POINT (-49.309496985 -25.4580987509)
2014-06-07 13:16:40.000000,-25.4580987509,-49.309496985,POINT (-49.309496985 -25.4580987509)
2014-06-07 13:16:50.000000,-25.4580987509,-49.309496985,POINT (-49.309496985 -25.4580987509)
2014-06-07 13:17:00.000000,-25.4580987509,-49.309496985,POINT (-49.309496985 -25.4580987509)
2014-06-07 13:17:10.000000,-25.4580987509,-49.309496985,POINT (-49.309496985 -25.4580987509)
2014-06-07 13:17:20.000000,-25.4580987509,-49.309496985,POINT (-49.309496985 -25.4580987509)
2014-06-07 13:17:30.000000,-25.4580987509,-49.309496985,POINT (-49.309496985 -25.4580987509)
2014-06-07 13:17:40.000000,-25.4580987509,-49.309496985,POINT (-49.309496985 -25.4580987509)
2014-06-07 13:17:50.000000,-25.4580987509,-49.309496985,POINT (-49.309496985 -25.4580987509)
2014-06-07 13:18:00.000000,-25.4580987509,-49.309496985,POINT (-49.309496985 -25.4580987509)
2014-06-07 13:18:10.000000,-25.4580987509,-49.309496985,POINT (-49.309496985 -25.4580987509)
2014-06-07 13:18:20.000000,-25.4580987509,-49.309496985,POINT (-49.309496985 -25.4580987509)
2014-06-07 13:18:30.000000,-25.4580987509,-49.309496985,POINT (-49.309496985 -25.4580987509)
2014-06-07 13:18:40.000000,-25.4580987509,-49.309496985,POINT (-49.309496985 -25.4580987509)
2014-06-07 13:18:50.000000,-25.4580987509,-49.309496985,POINT (-49.309496985 -25.4580987509)
2014-06-07 13:19:00.000000,-25.4580987509,-49.309496985,POINT (-49.309496985 -25.4580987509)
2014-06-07 13:19:10.000000,-25.4580987509,-49.309496985,POINT (-49.309496985 -25.4580987509)
2014-06-07 13:19:20.000000,-25.4580987509,-49.309496985,POINT (-49.309496985 -25.4580987509)
2014-06-07 13:19:30.000000,-25.4580987509,-49.309496985,POINT (-49.309496985 -25.4580987509)
2014-06-07 13:19:40.000000,-25.4580987509,-49.309496985,POINT (-49.309496985 -25.4580987509)
2014-06-07 13:19:50.000000,-25.4580987509,-49.309496985,POINT (-49.309496985 -25.4580987509)
2014-06-07 13:20:00.000000,-25.4580987509,-49.309496985,POINT (-49.309496985 -25.4580987509)
2014-06-07 13:20:10.000000,-25.4580987509,-49.309496985,POINT (-49.309496985 -25.4580987509)
2014-06-07 13:20:20.000000,-25.4580987509,-49.309496985,POINT (-49.309496985 -25.4580987509)
2014-06-07 13:20:30.000000,-25.4580987509,-49.309496985,POINT (-49.309496985 -25.4580987509)
2014-06-07 13:20:40.000000,-25.4580987509,-49.309496985,POINT (-49.309496985 -25.4580987509)
2014-06-07 13:20:50.000000,-25.4580987509,-49.309496985,POINT (-49.309496985 -25.4580987509)
2014-06-07 13:21:00.000000,-25.4580987509,-49.309496985,POINT (-49.309496985 -25.4580987509)
2014-06-07 13:21:10.000000,-25.4580987509,-49.309496985,POINT (-49.309496985 -25.4580987509)
2014-06-07 13:21:20.000000,-25.4580987509,-49.309496985,POINT (-49.309496985 -25.4580987509)
2014-06-07 13:21:30.000000,-25.4580987509,-49.309496985,POINT (-49.309496985 -25.4580987509)
2014-06-07 13:21:40.000000,-25.4580987509,-49.309496985,POINT (-49.309496985 -25.4580987509)
2014-06-07 13:21:50.000000,-25.4580987509,-49.309496985,POINT (-49.309496985 -25.4580987509)
2014-06-07 13:22:00.000000,-25.4580987509,-49.309496985,POINT (-49.309496985 -25.4580987509)
2014-06-07 13:22:10.000000,-25.4580987509,-49.309496985,POINT (-49.309496985 -25.4580987509)
2014-06-07 13:22:20.000000,-25.4580987509,-49.309496985,POINT (-49.309496985 -25.4580987509)
2014-06-07 13:22:30.000000,-25.4580987509,-49.309496985,POINT (-49.309496985 -25.4580987509)
2014-06-07 13:22:40.000000,-25.4580987509,-49.309496985,POINT (-49.309496985 -25.4580987509)
2014-06-07 13:22:50.000000,-25.4580987509,-49.309496985,POINT (-49.309496985 -25.4580987509)
2014-06-07 13:23:00.000000,-25.4580987509,-49.309496985,POINT (-49.309496985 -25.4580987509)
2014-06-07 13:23:10.000000,-25.4580987509,-49.309496985,POINT (-49.309496985 -25.4580987509)
2014-06-07 13:23:20.000000,-25.4580987509,-49.309496985,POINT (-49.309496985 -25.4580987509)
2014-06-07 13:23:30.000000,-25.4580987509,-49.309496985,POINT (-49.309496985 -25.4580987509)
2014-06-07 13:23:40.000000,-25.4580987509,-49.309496985,POINT (-49.309496985 -25.4580987509)
2014-06-07 13:23:50.000000,-25.4580987509,-49.309496985,POINT (-49.309496985 -25.4580987509)
2014-06-07 13:24:00.000000,-25.4580987509,-49.309496985,POINT (-49.309496985 -25.4580987509)
2014-06-07 13:24:10.000000,-25.4580987509,-49.309496985,POINT (-49.309496985 -25.4580987509)
2014-06-07 13:24:20.000000,-25.4580987509,-49.309496985,POINT (-49.309496985 -25.4580987509)
2014-06-07 13:24:30.000000,-25.4580987509,-49.309496985,POINT (-49.309496985 -25.4580987509)
2014-06-07 13:24:40.000000,-25.4580987509,-49.309496985,POINT (-49.309496985 -25.4580987509)
2014-06-07 13:24:50.000000,-25.4580987509,-49.309496985,POINT (-49.309496985 -25.4580987509)
2014-06-07 13:25:00.000000,-25.4580987509,-49.309496985,POINT (-49.309496985 -25.4580987509)
2014-06-07 13:25:10.000000,-25.4580987509,-49.309496985,POINT (-49.309496985 -25.4580987509)
2014-06-07 13:25:20.000000,-25.4580987509,-49.309496985,POINT (-49.309496985 -25.4580987509)
2014-06-07 13:25:30.000000,-25.4580987509,-49.309496985,POINT (-49.309496985 -25.4580987509)
2014-06-07 13:25:40.000000,-25.4580987509,-49.309496985,POINT (-49.309496985 -25.4580987509)
2014-06-07 13:25:50.000000,-25.4580987509,-49.309496985,POINT (-49.309496985 -25.4580987509)
2014-06-07 13:26:00.000000,-25.4580987509,-49.309496985,POINT (-49.309496985 -25.4580987509)
2014-06-07 13:26:10.000000,-25.4580987509,-49.309496985,POINT (-49.309496985 -25.4580987509)
2014-06-07 13:26:20.000000,-25.4580987509,-49.309496985,POINT (-49.309496985 -25.4580987509)
2014-06-07 13:26:30.000000,-25.4580987509,-49.309496985,POINT (-49.309496985 -25.4580987509)
2014-06-07 13:26:40.000000,-25.4580987509,-49.309496985,POINT (-49.309496985 -25.4580987509)
2014-06-07 13:26:50.000000,-25.4580987509,-49.309496985,POINT (-49.309496985 -25.4580987509)
2014-06-07 13:27:00.000000,-25.4580987509,-49.309496985,POINT (-49.309496985 -25.4580987509)
2014-06-07 13:27:10.000000,-25.4580987509,-49.309496985,POINT (-49.309496985 -25.4580987509)
2014-06-07 13:27:20.000000,-25.4580987509,-49.309496985,POINT (-49.309496985 -25.4580987509)
2014-06-07 13:27:30.000000,-25.4580987509,-49.309496985,POINT (-49.309496985 -25.4580987509)
2014-06-07 13:27:40.000000,-25.4580987509,-49.309496985,POINT (-49.309496985 -25.4580987509)
2014-06-07 13:27:50.000000,-25.4580987509,-49.309496985,POINT (-49.309496985 -25.4580987509)
2014-06-07 13:28:00.000000,-25.4580987509,-49.309496985,POINT (-49.309496985 -25.4580987509)
2014-06-07 13:28:10.000000,-25.4580987509,-49.309496985,POINT (-49.309496985 -25.4580987509)
2014-06-07 13:28:20.000000,-25.4580987509,-49.309496985,POINT (-49.309496985 -25.4580987509)
2014-06-07 13:28:30.000000,-25.4580987509,-49.309496985,POINT (-49.309496985 -25.4580987509)
2014-06-07 13:28:40.000000,-25.4580987509,-49.309496985,POINT (-49.309496985 -25.4580987509)
2014-06-07 13:28:50.000000,-25.4580987509,-49.309496985,POINT (-49.309496985 -25.4580987509)
2014-06-07 13:29:00.000000,-25.4580987509,-49.309496985,POINT (-49.309496985 -25.4580987509)
2014-06-07 13:29:10.000000,-25.4580987509,-49.309496985,POINT (-49.309496985 -25.4580987509)
2014-06-07 13:29:20.000000,-25.4580987509,-49.309496985,POINT (-49.309496985 -25.4580987509)
2014-06-07 13:29:30.000000,-25.4580987509,-49.309496985,POINT (-49.309496985 -25.4580987509)
2014-06-07 13:29:40.000000,-25.4580987509,-49.309496985,POINT (-49.309496985 -25.4580987509)
2014-06-07 13:29:50.000000,-25.4580987509,-49.309496985,POINT (-49.309496985 -25.4580987509)
2014-06-07 13:30:00.000000,-25.4580987509,-49.309496985,POINT (-49.309496985 -25.4580987509)
2014-06-07 13:30:10.000000,-25.4580987509,-49.309496985,POINT (-49.309496985 -25.4580987509)
2014-06-07 13:30:20.000000,-25.4580987509,-49.309496985,POINT (-49.309496985 -25.4580987509)
2014-06-07 13:30:30.000000,-25.4580987509,-49.309496985,POINT (-49.309496985 -25.4580987509)
2014-06-07 13:30:40.000000,-25.4580987509,-49.309496985,POINT (-49.309496985 -25.4580987509)
2014-06-07 13:30:50.000000,-25.4580987509,-49.309496985,POINT (-49.309496985 -25.4580987509)
2014-06-07 13:31:00.000000,-25.4580987509,-49.309496985,POINT (-49.309496985 -25.4580987509)
2014-06-07 13:31:10.000000,-25.4580987509,-49.309496985,POINT (-49.309496985 -25.4580987509)
2014-06-07 13:31:20.000000,-25.4580987509,-49.309496985,POINT (-49.309496985 -25.4580987509)
2014-06-07 13:31:30.000000,-25.4580987509,-49.309496985,POINT (-49.309496985 -25.4580987509)
2014-06-07 13:31:40.000000,-25.4580987509,-49.309496985,POINT (-49.309496985 -25.4580987509)
2014-06-07 13:31:50.000000,-25.4580987509,-49.309496985,POINT (-49.309496985 -25.4580987509)
2014-06-07 13:32:00.000000,-25.4580987509,-49.309496985,POINT (-49.309496985 -25.4580987509)
2014-06-07 13:32:10.000000,-25.4580987509,-49.309496985,POINT (-49.309496985 -25.4580987509)
2014-06-07 13:32:20.000000,-25.4580987509,-49.309496985,POINT (-49.309496985 -25.4580987509)
2014-06-07 13:32:30.000000,-25.4580987509,-49.309496985,POINT (-49.309496985 -25.4580987509)
2014-06-07 13:32:40.000000,-25.4580987509,-49.309496985,POINT (-49.309496985 -25.4580987509)
2014-06-07 13:32:50.000000,-25.4580987509,-49.309496985,POINT (-49.309496985 -25.4580987509)
2014-06-07 13:33:00.000000,-25.4580987509,-49.309496985,POINT (-49.309496985 -25.4580987509)
2014-06-07 13:33:10.000000,-25.4580987509,-49.309496985,POINT (-49.309496985 -25.4580987509)
2014-06-07 13:33:20.000000,-25.4580987509,-49.309496985,POINT (-49.309496985 -25.4580987509)
2014-06-07 13:33:30.000000,-25.4580987509,-49.309496985,POINT (-49.309496985 -25.4580987509)
2014-06-07 13:33:40.000000,-25.4580987509,-49.309496985,POINT (-49.309496985 -25.4580987509)
2014-06-07 13:33:50.000000,-25.4580987509,-49.309496985,POINT (-49.309496985 -25.4580987509)
2014-06-07 13:34:00.000000,-25.4580987509,-49.309496985,POINT (-49.309496985 -25.4580987509)
2014-06-07 13:34:10.000000,-25.4580987509,-49.309496985,POINT (-49.309496985 -25.4580987509)
2014-06-07 13:34:20.000000,-25.4580987509,-49.309496985,POINT (-49.309496985 -25.4580987509)
2014-06-07 13:34:30.000000,-25.4580987509,-49.309496985,POINT (-49.309496985 -25.4580987509)
2014-06-07 13:34:40.000000,-25.4580987509,-49.309496985,POINT (-49.309496985 -25.4580987509)
2014-06-07 13:34:50.000000,-25.4580987509,-49.309496985,POINT (-49.309496985 -25.4580987509)
2014-06-07 13:35:00.000000,-25.4580987509,-49.309496985,POINT (-49.309496985 -25.4580987509)
2014-06-07 13:35:10.000000,-25.4580987509,-49.309496985,POINT (-49.309496985 -25.4580987509)
2014-06-07 13:35:20.000000,-25.4580987509,-49.309496985,POINT (-49.309496985 -25.4580987509)
2014-06-07 13:35:30.000000,-25.4580987509,-49.309496985,POINT (-49.309496985 -25.4580987509)
2014-06-07 13:35:40.000000,-25.4580987509,-49.309496985,POINT (-49.309496985 -25.4580987509)
2014-06-07 13:35:50.000000,-25.4580987509,-49.309496985,POINT (-49.309496985 -25.4580987509)
2014-06-07 13:36:00.000000,-25.4580987509,-49.309496985,POINT (-49.309496985 -25.4580987509)
2014-06-07 13:36:10.000000,-25.4580987509,-49.309496985,POINT (-49.309496985 -25.4580987509)
2014-06-07 13:36:20.000000,-25.4580987509,-49.309496985,POINT (-49.309496985 -25.4580987509)
2014-06-07 13:36:30.000000,-25.4580987509,-49.309496985,POINT (-49.309496985 -25.4580987509)
2014-06-07 13:36:40.000000,-25.4580987509,-49.309496985,POINT (-49.309496985 -25.4580987509)
2014-06-07 13:36:50.000000,-25.4580987509,-49.309496985,POINT (-49.309496985 -25.4580987509)
2014-06-07 13:37:00.000000,-25.4580987509,-49.309496985,POINT (-49.309496985 -25.4580987509)
2014-06-07 13:37:10.000000,-25.4580987509,-49.309496985,POINT (-49.309496985 -25.4580987509)
2014-06-07 13:37:20.000000,-25.4580987509,-49.309496985,POINT (-49.309496985 -25.4580987509)
2014-06-07 13:37:30.000000,-25.4580987509,-49.309496985,POINT (-49.309496985 -25.4580987509)
2014-06-07 13:37:40.000000,-25.4580987509,-49.309496985,POINT (-49.309496985 -25.4580987509)
2014-06-07 13:37:50.000000,-25.4580987509,-49.309496985,POINT (-49.309496985 -25.4580987509)
2014-06-07 13:38:00.000000,-25.4580987509,-49.309496985,POINT (-49.309496985 -25.4580987509)
2014-06-07 13:38:10.000000,-25.4580987509,-49.309496985,POINT (-49.309496985 -25.4580987509)
2014-06-07 13:38:20.000000,-25.4580987509,-49.309496985,POINT (-49.309496985 -25.4580987509)
2014-06-07 13:38:30.000000,-25.4580987509,-49.309496985,POINT (-49.309496985 -25.4580987509)
2014-06-07 13:38:40.000000,-25.4580987509,-49.309496985,POINT (-49.309496985 -25.4580987509)
2014-06-07 13:38:50.000000,-25.4580987509,-49.309496985,POINT (-49.309496985 -25.4580987509)
2014-06-07 13:39:00.000000,-25.4580987509,-49.309496985,POINT (-49.309496985 -25.4580987509)
2014-06-07 13:39:10.000000,-25.4580987509,-49.309496985,POINT (-49.309496985 -25.4580987509)
2014-06-07 13:39:20.000000,-25.4580987509,-49.309496985,POINT (-49.309496985 -25.4580987509)
2014-06-07 13:39:30.000000,-25.4580987509,-49.309496985,POINT (-49.309496985 -25.4580987509)
2014-06-07 13:39:40.000000,-25.4580987509,-49.309496985,POINT (-49.309496985 -25.4580987509)
2014-06-07 13:39:50.000000,-25.4580987509,-49.309496985,POINT (-49.309496985 -25.4580987509)
2014-06-07 13:40:00.000000,-25.4580987509,-49.309496985,POINT (-49.309496985 -25.4580987509)
2014-06-07 13:40:10.000000,-25.4580987509,-49.309496985,POINT (-49.309496985 -25.4580987509)
2014-06-07 13:40:20.000000,-25.4580987509,-49.309496985,POINT (-49.309496985 -25.4580987509)
2014-06-07 13:40:30.000000,-25.4580987509,-49.309496985,POINT (-49.309496985 -25.4580987509)
2014-06-07 13:40:40.000000,-25.4580987509,-49.309496985,POINT (-49.309496985 -25.4580987509)
2014-06-07 13:40:50.000000,-25.4580987509,-49.309496985,POINT (-49.309496985 -25.4580987509)
2014-06-07 13:41:00.000000,-25.4580987509,-49.309496985,POINT (-49.309496985 -25.4580987509)
2014-06-07 13:41:10.000000,-25.4580987509,-49.309496985,POINT (-49.309496985 -25.4580987509)
2014-06-07 13:41:20.000000,-25.4580987509,-49.309496985,POINT (-49.309496985 -25.4580987509)
2014-06-07 13:41:30.000000,-25.4580987509,-49.309496985,POINT (-49.309496985 -25.4580987509)
2014-06-07 13:41:40.000000,-25.4580987509,-49.309496985,POINT (-49.309496985 -25.4580987509)
2014-06-07 13:41:50.000000,-25.4580987509,-49.309496985,POINT (-49.309496985 -25.4580987509)
2014-06-07 13:42:00.000000,-25.4580987509,-49.309496985,POINT (-49.309496985 -25.4580987509)
2014-06-07 13:42:10.000000,-25.4580987509,-49.309496985,POINT (-49.309496985 -25.4580987509)
2014-06-07 13:42:20.000000,-25.4580987509,-49.309496985,POINT (-49.309496985 -25.4580987509)
2014-06-07 13:42:30.000000,-25.4580987509,-49.309496985,POINT (-49.309496985 -25.4580987509)
2014-06-07 13:42:40.000000,-25.4580987509,-49.309496985,POINT (-49.309496985 -25.4580987509)
2014-06-07 13:42:50.000000,-25.4580987509,-49.309496985,POINT (-49.309496985 -25.4580987509)
2014-06-07 13:43:00.000000,-25.4580987509,-49.309496985,POINT (-49.309496985 -25.4580987509)
2014-06-07 13:43:10.000000,-25.4580987509,-49.309496985,POINT (-49.309496985 -25.4580987509)
2014-06-07 13:43:20.000000,-25.4580987509,-49.309496985,POINT (-49.309496985 -25.4580987509)
2014-06-07 13:43:30.000000,-25.4580987509,-49.309496985,POINT (-49.309496985 -25.4580987509)
2014-06-07 13:43:40.000000,-25.4580987509,-49.309496985,POINT (-49.309496985 -25.4580987509)
2014-06-07 13:43:50.000000,-25.4580987509,-49.309496985,POINT (-49.309496985 -25.4580987509)
2014-06-07 13:44:00.000000,-25.4580987509,-49.309496985,POINT (-49.309496985 -25.4580987509)
2014-06-07 13:44:10.000000,-25.4580987509,-49.309496985,POINT (-49.309496985 -25.4580987509)
2014-06-07 13:44:20.000000,-25.4580987509,-49.309496985,POINT (-49.309496985 -25.4580987509)
2014-06-07 13:44:30.000000,-25.4580987509,-49.309496985,POINT (-49.309496985 -25.4580987509)
2014-06-07 13:44:40.000000,-25.4580987509,-49.309496985,POINT (-49.309496985 -25.4580987509)
2014-06-07 13:44:50.000000,-25.4580987509,-49.309496985,POINT (-49.309496985 -25.4580987509)
2014-06-07 13:45:00.000000,-25.4580987509,-49.309496985,POINT (-49.309496985 -25.4580987509)
2014-06-07 13:45:10.000000,-25.4580987509,-49.309496985,POINT (-49.309496985 -25.4580987509)
2014-06-07 13:45:20.000000,-25.4580987509,-49.309496985,POINT (-49.309496985 -25.4580987509)
2014-06-07 13:45:30.000000,-25.4580987509,-49.309496985,POINT (-49.309496985 -25.4580987509)
2014-06-07 13:45:40.000000,-25.4580987509,-49.309496985,POINT (-49.309496985 -25.4580987509)
2014-06-07 13:45:50.000000,-25.4580987509,-49.309496985,POINT (-49.309496985 -25.4580987509)
2014-06-07 13:46:00.000000,-25.4580987509,-49.309496985,POINT (-49.309496985 -25.4580987509)
2014-06-07 13:46:10.000000,-25.4580987509,-49.309496985,POINT (-49.309496985 -25.4580987509)
2014-06-07 13:46:20.000000,-25.4580987509,-49.309496985,POINT (-49.309496985 -25.4580987509)
2014-06-07 13:46:30.000000,-25.4580987509,-49.309496985,POINT (-49.309496985 -25.4580987509)
2014-06-07 13:46:40.000000,-25.4580987509,-49.309496985,POINT (-49.309496985 -25.4580987509)
2014-06-07 13:46:50.000000,-25.4580987509,-49.309496985,POINT (-49.309496985 -25.4580987509)
2014-06-07 13:47:00.000000,-25.4580987509,-49.309496985,POINT (-49.309496985 -25.4580987509)
2014-06-07 13:47:10.000000,-25.4580987509,-49.309496985,POINT (-49.309496985 -25.4580987509)
2014-06-07 13:47:20.000000,-25.4580987509,-49.309496985,POINT (-49.309496985 -25.4580987509)
2014-06-07 13:47:30.000000,-25.4580987509,-49.309496985,POINT (-49.309496985 -25.4580987509)
2014-06-07 13:47:40.000000,-25.4580987509,-49.309496985,POINT (-49.309496985 -25.4580987509)
2014-06-07 13:47:50.000000,-25.4580987509,-49.309496985,POINT (-49.309496985 -25.4580987509)
2014-06-07 13:48:00.000000,-25.4580987509,-49.309496985,POINT (-49.309496985 -25.4580987509)
2014-06-07 13:48:10.000000,-25.4580987509,-49.309496985,POINT (-49.309496985 -25.4580987509)
2014-06-07 13:48:20.000000,-25.4580987509,-49.309496985,POINT (-49.309496985 -25.4580987509)
2014-06-07 13:48:30.000000,-25.4580987509,-49.309496985,POINT (-49.309496985 -25.4580987509)
2014-06-07 13:48:40.000000,-25.4580987509,-49.309496985,POINT (-49.309496985 -25.4580987509)
2014-06-07 13:48:50.000000,-25.4580987509,-49.309496985,POINT (-49.309496985 -25.4580987509)
2014-06-07 13:49:00.000000,-25.4580987509,-49.309496985,POINT (-49.309496985 -25.4580987509)
2014-06-07 13:49:10.000000,-25.4580987509,-49.309496985,POINT (-49.309496985 -25.4580987509)
2014-06-07 13:49:20.000000,-25.4580987509,-49.309496985,POINT (-49.309496985 -25.4580987509)
2014-06-07 13:49:30.000000,-25.4580987509,-49.309496985,POINT (-49.309496985 -25.4580987509)
2014-06-07 13:49:40.000000,-25.4580987509,-49.309496985,POINT (-49.309496985 -25.4580987509)
2014-06-07 13:49:50.000000,-25.4580987509,-49.309496985,POINT (-49.309496985 -25.4580987509)
2014-06-07 13:50:00.000000,-25.4580987509,-49.309496985,POINT (-49.309496985 -25.4580987509)
2014-06-07 13:50:10.000000,-25.4580987509,-49.309496985,POINT (-49.309496985 -25.4580987509)
2014-06-07 13:50:20.000000,-25.4580987509,-49.309496985,POINT (-49.309496985 -25.4580987509)
2014-06-07 13:50:30.000000,-25.4580987509,-49.309496985,POINT (-49.309496985 -25.4580987509)
2014-06-07 13:50:40.000000,-25.4580987509,-49.309496985,POINT (-49.309496985 -25.4580987509)
2014-06-07 13:50:50.000000,-25.4580987509,-49.309496985,POINT (-49.309496985 -25.4580987509)
2014-06-07 13:51:00.000000,-25.4580987509,-49.309496985,POINT (-49.309496985 -25.4580987509)
2014-06-07 13:51:10.000000,-25.4580987509,-49.309496985,POINT (-49.309496985 -25.4580987509)
2014-06-07 13:51:20.000000,-25.4580987509,-49.309496985,POINT (-49.309496985 -25.4580987509)
2014-06-07 13:51:30.000000,-25.4580987509,-49.309496985,POINT (-49.309496985 -25.4580987509)
2014-06-07 13:51:40.000000,-25.4580987509,-49.309496985,POINT (-49.309496985 -25.4580987509)
2014-06-07 13:51:50.000000,-25.4580987509,-49.309496985,POINT (-49.309496985 -25.4580987509)
2014-06-07 13:52:00.000000,-25.4580987509,-49.309496985,POINT (-49.309496985 -25.4580987509)
2014-06-07 13:52:10.000000,-25.4580987509,-49.309496985,POINT (-49.309496985 -25.4580987509)
2014-06-07 13:52:20.000000,-25.4580987509,-49.309496985,POINT (-49.309496985 -25.4580987509)
2014-06-07 13:52:30.000000,-25.4580987509,-49.309496985,POINT (-49.309496985 -25.4580987509)
2014-06-07 13:52:40.000000,-25.4580987509,-49.309496985,POINT (-49.309496985 -25.4580987509)
2014-06-07 13:52:50.000000,-25.4580987509,-49.309496985,POINT (-49.309496985 -25.4580987509)
2014-06-07 13:53:00.000000,-25.4580987509,-49.309496985,POINT (-49.309496985 -25.4580987509)
2014-06-07 13:53:10.000000,-25.4580987509,-49.309496985,POINT (-49.309496985 -25.4580987509)
2014-06-07 13:53:20.000000,-25.4580987509,-49.309496985,POINT (-49.309496985 -25.4580987509)
2014-06-07 13:53:30.000000,-25.4580987509,-49.309496985,POINT (-49.309496985 -25.4580987509)
2014-06-07 13:53:40.000000,-25.4580987509,-49.309496985,POINT (-49.309496985 -25.4580987509)
2014-06-07 13:53:50.000000,-25.4580987509,-49.309496985,POINT (-49.309496985 -25.4580987509)
2014-06-07 13:54:00.000000,-25.4580987509,-49.309496985,POINT (-49.309496985 -25.4580987509)
2014-06-07 13:54:10.000000,-25.4580987509,-49.309496985,POINT (-49.309496985 -25.4580987509)
2014-06-07 13:54:20.000000,-25.4580987509,-49.309496985,POINT (-49.309496985 -25.4580987509)
2014-06-07 13:54:30.000000,-25.4580987509,-49.309496985,POINT (-49.309496985 -25.4580987509)
2014-06-07 13:54:40.000000,-25.4580987509,-49.309496985,POINT (-49.309496985 -25.4580987509)
2014-06-07 13:54:50.000000,-25.4580987509,-49.309496985,POINT (-49.309496985 -25.4580987509)
2014-06-07 13:55:00.000000,-25.4580987509,-49.309496985,POINT (-49.309496985 -25.4580987509)
2014-06-07 13:55:10.000000,-25.4580987509,-49.309496985,POINT (-49.309496985 -25.4580987509)
2014-06-07 13:55:20.000000,-25.4580987509,-49.309496985,POINT (-49.309496985 -25.4580987509)
2014-06-07 13:55:30.000000,-25.4580987509,-49.309496985,POINT (-49.309496985 -25.4580987509)
2014-06-07 13:55:40.000000,-25.4580987509,-49.309496985,POINT (-49.309496985 -25.4580987509)
2014-06-07 13:55:50.000000,-25.4580987509,-49.309496985,POINT (-49.309496985 -25.4580987509)
2014-06-07 13:56:00.000000,-25.4580987509,-49.309496985,POINT (-49.309496985 -25.4580987509)
2014-06-07 13:56:10.000000,-25.4580987509,-49.309496985,POINT (-49.309496985 -25.4580987509)
2014-06-07 13:56:20.000000,-25.4580987509,-49.309496985,POINT (-49.309496985 -25.4580987509)
2014-06-07 13:56:30.000000,-25.4580987509,-49.309496985,POINT (-49.309496985 -25.4580987509)
2014-06-07 13:56:40.000000,-25.4580987509,-49.309496985,POINT (-49.309496985 -25.4580987509)
2014-06-07 13:56:50.000000,-25.4580987509,-49.309496985,POINT (-49.309496985 -25.4580987509)
2014-06-07 13:57:00.000000,-25.4580987509,-49.309496985,POINT (-49.309496985 -25.4580987509)
2014-06-07 13:57:10.000000,-25.4580987509,-49.309496985,POINT (-49.309496985 -25.4580987509)
2014-06-07 13:57:20.000000,-25.4580987509,-49.309496985,POINT (-49.309496985 -25.4580987509)
2014-06-07 13:57:30.000000,-25.4580987509,-49.309496985,POINT (-49.309496985 -25.4580987509)
2014-06-07 13:57:40.000000,-25.4580987509,-49.309496985,POINT (-49.309496985 -25.4580987509)
2014-06-07 13:57:50.000000,-25.4580987509,-49.309496985,POINT (-49.309496985 -25.4580987509)
2014-06-07 13:58:00.000000,-25.4580987509,-49.309496985,POINT (-49.309496985 -25.4580987509)
2014-06-07 13:58:10.000000,-25.4580987509,-49.309496985,POINT (-49.309496985 -25.4580987509)
2014-06-07 13:58:20.000000,-25.4580987509,-49.309496985,POINT (-49.309496985 -25.4580987509)
2014-06-07 13:58:30.000000,-25.4580987509,-49.309496985,POINT (-49.309496985 -25.4580987509)
2014-06-07 13:58:40.000000,-25.4580987509,-49.309496985,POINT (-49.309496985 -25.4580987509)
2014-06-07 13:58:50.000000,-25.4580987509,-49.309496985,POINT (-49.309496985 -25.4580987509)
2014-06-07 13:59:00.000000,-25.4580987509,-49.309496985,POINT (-49.309496985 -25.4580987509)
2014-06-07 13:59:10.000000,-25.4580987509,-49.309496985,POINT (-49.309496985 -25.4580987509)
2014-06-07 13:59:20.000000,-25.4580987509,-49.309496985,POINT (-49.309496985 -25.4580987509)
2014-06-07 13:59:30.000000,-25.4580987509,-49.309496985,POINT (-49.309496985 -25.4580987509)
2014-06-07 13:59:40.000000,-25.4580987509,-49.309496985,POINT (-49.309496985 -25.4580987509)
2014-06-07 13:59:50.000000,-25.4580987509,-49.309496985,POINT (-49.309496985 -25.4580987509)
2014-06-07 14:00:00.000000,-25.4580987509,-49.309496985,POINT (-49.309496985 -25.4580987509)
2014-06-07 14:00:10.000000,-25.4580987509,-49.309496985,POINT (-49.309496985 -25.4580987509)
2014-06-07 14:00:20.000000,-25.4580987509,-49.309496985,POINT (-49.309496985 -25.4580987509)
2014-06-07 14:00:30.000000,-25.4580987509,-49.309496985,POINT (-49.309496985 -25.4580987509)
2014-06-07 14:00:40.000000,-25.4580987509,-49.309496985,POINT (-49.309496985 -25.4580987509)
2014-06-07 14:00:50.000000,-25.4580987509,-49.309496985,POINT (-49.309496985 -25.4580987509)
2014-06-07 14:01:00.000000,-25.4580987509,-49.309496985,POINT (-49.309496985 -25.4580987509)
2014-06-07 14:01:10.000000,-25.4580987509,-49.309496985,POINT (-49.309496985 -25.4580987509)
2014-06-07 14:01:20.000000,-25.4580987509,-49.309496985,POINT (-49.309496985 -25.4580987509)
2014-06-07 14:01:30.000000,-25.4580987509,-49.309496985,POINT (-49.309496985 -25.4580987509)
2014-06-07 14:01:40.000000,-25.4580987509,-49.309496985,POINT (-49.309496985 -25.4580987509)
2014-06-07 14:01:50.000000,-25.4580987509,-49.309496985,POINT (-49.309496985 -25.4580987509)
2014-06-07 14:02:00.000000,-25.4580987509,-49.309496985,POINT (-49.309496985 -25.4580987509)
2014-06-07 14:02:10.000000,-25.4580987509,-49.309496985,POINT (-49.309496985 -25.4580987509)
2014-06-07 14:02:20.000000,-25.4580987509,-49.309496985,POINT (-49.309496985 -25.4580987509)
2014-06-07 14:02:30.000000,-25.4580987509,-49.309496985,POINT (-49.309496985 -25.4580987509)
2014-06-07 14:02:40.000000,-25.4580987509,-49.309496985,POINT (-49.309496985 -25.4580987509)
2014-06-07 14:02:50.000000,-25.4580987509,-49.309496985,POINT (-49.309496985 -25.4580987509)
2014-06-07 14:03:00.000000,-25.4580987509,-49.309496985,POINT (-49.309496985 -25.4580987509)
2014-06-07 14:03:10.000000,-25.4580987509,-49.309496985,POINT (-49.309496985 -25.4580987509)
2014-06-07 14:03:20.000000,-25.4580987509,-49.309496985,POINT (-49.309496985 -25.4580987509)
2014-06-07 14:03:30.000000,-25.4580987509,-49.309496985,POINT (-49.309496985 -25.4580987509)
2014-06-07 14:03:40.000000,-25.4580987509,-49.309496985,POINT (-49.309496985 -25.4580987509)
2014-06-07 14:03:50.000000,-25.4580987509,-49.309496985,POINT (-49.309496985 -25.4580987509)
2014-06-07 14:04:00.000000,-25.4580987509,-49.309496985,POINT (-49.309496985 -25.4580987509)
2014-06-07 14:04:10.000000,-25.4580987509,-49.309496985,POINT (-49.309496985 -25.4580987509)
2014-06-07 14:04:20.000000,-25.4580987509,-49.309496985,POINT (-49.309496985 -25.4580987509)
2014-06-07 14:04:30.000000,-25.4580987509,-49.309496985,POINT (-49.309496985 -25.4580987509)
2014-06-07 14:04:40.000000,-25.4580987509,-49.309496985,POINT (-49.309496985 -25.4580987509)
2014-06-07 14:04:50.000000,-25.4580987509,-49.309496985,POINT (-49.309496985 -25.4580987509)
2014-06-07 14:05:00.000000,-25.4580987509,-49.309496985,POINT (-49.309496985 -25.4580987509)
2014-06-07 14:05:10.000000,-25.4580987509,-49.309496985,POINT (-49.309496985 -25.4580987509)
2014-06-07 14:05:20.000000,-25.4580987509,-49.309496985,POINT (-49.309496985 -25.4580987509)
2014-06-07 14:05:30.000000,-25.4580987509,-49.309496985,POINT (-49.309496985 -25.4580987509)
2014-06-07 14:05:40.000000,-25.4580987509,-49.309496985,POINT (-49.309496985 -25.4580987509)
2014-06-07 14:05:50.000000,-25.4580987509,-49.309496985,POINT (-49.309496985 -25.4580987509)
2014-06-07 14:06:00.000000,-25.4580987509,-49.309496985,POINT (-49.309496985 -25.4580987509)
2014-06-07 14:06:10.000000,-25.4580987509,-49.309496985,POINT (-49.309496985 -25.4580987509)
2014-06-07 14:06:20.000000,-25.4580987509,-49.309496985,POINT (-49.309496985 -25.4580987509)
2014-06-07 14:06:30.000000,-25.4580987509,-49.309496985,POINT (-49.309496985 -25.4580987509)
2014-06-07 14:06:40.000000,-25.4580987509,-49.309496985,POINT (-49.309496985 -25.4580987509)
2014-06-07 14:06:50.000000,-25.4580987509,-49.309496985,POINT (-49.309496985 -25.4580987509)
2014-06-07 14:07:00.000000,-25.4580987509,-49.309496985,POINT (-49.309496985 -25.4580987509)
2014-06-07 14:07:10.000000,-25.4580987509,-49.309496985,POINT (-49.309496985 -25.4580987509)
2014-06-07 14:07:20.000000,-25.4580987509,-49.309496985,POINT (-49.309496985 -25.4580987509)
2014-06-07 14:07:30.000000,-25.4580987509,-49.309496985,POINT (-49.309496985 -25.4580987509)
2014-06-07 14:07:40.000000,-25.4580987509,-49.309496985,POINT (-49.309496985 -25.4580987509)
2014-06-07 14:07:50.000000,-25.4580987509,-49.309496985,POINT (-49.309496985 -25.4580987509)
2014-06-07 14:08:00.000000,-25.4580987509,-49.309496985,POINT (-49.309496985 -25.4580987509)
2014-06-07 14:08:10.000000,-25.4580987509,-49.309496985,POINT (-49.309496985 -25.4580987509)
2014-06-07 14:08:20.000000,-25.4580987509,-49.309496985,POINT (-49.309496985 -25.4580987509)
2014-06-07 14:08:30.000000,-25.4580987509,-49.309496985,POINT (-49.309496985 -25.4580987509)
2014-06-07 14:08:40.000000,-25.4580987509,-49.309496985,POINT (-49.309496985 -25.4580987509)
2014-06-07 14:08:50.000000,-25.4580987509,-49.309496985,POINT (-49.309496985 -25.4580987509)
2014-06-07 14:09:00.000000,-25.4580987509,-49.309496985,POINT (-49.309496985 -25.4580987509)
2014-06-07 14:09:10.000000,-25.4580987509,-49.309496985,POINT (-49.309496985 -25.4580987509)
2014-06-07 14:09:20.000000,-25.4580987509,-49.309496985,POINT (-49.309496985 -25.4580987509)
2014-06-07 14:09:30.000000,-25.4580987509,-49.309496985,POINT (-49.309496985 -25.4580987509)
2014-06-07 14:09:40.000000,-25.4580987509,-49.309496985,POINT (-49.309496985 -25.4580987509)
2014-06-07 14:09:50.000000,-25.4580987509,-49.309496985,POINT (-49.309496985 -25.4580987509)
2014-06-07 14:10:00.000000,-25.4580987509,-49.309496985,POINT (-49.309496985 -25.4580987509)
2014-06-07 14:10:10.000000,-25.4580987509,-49.309496985,POINT (-49.309496985 -25.4580987509)
2014-06-07 14:10:20.000000,-25.4580987509,-49.309496985,POINT (-49.309496985 -25.4580987509)
2014-06-07 14:10:30.000000,-25.4580987509,-49.309496985,POINT (-49.309496985 -25.4580987509)
2014-06-07 14:10:40.000000,-25.4580987509,-49.309496985,POINT (-49.309496985 -25.4580987509)
2014-06-07 14:10:50.000000,-25.4580987509,-49.309496985,POINT (-49.309496985 -25.4580987509)
2014-06-07 14:11:00.000000,-25.4580987509,-49.309496985,POINT (-49.309496985 -25.4580987509)
2014-06-07 14:11:10.000000,-25.4580987509,-49.309496985,POINT (-49.309496985 -25.4580987509)
2014-06-07 14:11:20.000000,-25.4580987509,-49.309496985,POINT (-49.309496985 -25.4580987509)
2014-06-07 14:11:30.000000,-25.4580987509,-49.309496985,POINT (-49.309496985 -25.4580987509)
2014-06-07 14:11:40.000000,-25.4580987509,-49.309496985,POINT (-49.309496985 -25.4580987509)
2014-06-07 14:11:50.000000,-25.4580987509,-49.309496985,POINT (-49.309496985 -25.4580987509)
2014-06-07 14:12:00.000000,-25.4580987509,-49.309496985,POINT (-49.309496985 -25.4580987509)
2014-06-07 14:12:10.000000,-25.4580987509,-49.309496985,POINT (-49.309496985 -25.4580987509)
2014-06-07 14:12:20.000000,-25.4580987509,-49.309496985,POINT (-49.309496985 -25.4580987509)
2014-06-07 14:12:30.000000,-25.4580987509,-49.309496985,POINT (-49.309496985 -25.4580987509)
2014-06-07 14:12:40.000000,-25.4580987509,-49.309496985,POINT (-49.309496985 -25.4580987509)
2014-06-07 14:12:50.000000,-25.4580987509,-49.309496985,POINT (-49.309496985 -25.4580987509)
2014-06-07 14:13:00.000000,-25.4580987509,-49.309496985,POINT (-49.309496985 -25.4580987509)
2014-06-07 14:13:10.000000,-25.4580987509,-49.309496985,POINT (-49.309496985 -25.4580987509)
2014-06-07 14:13:20.000000,-25.4580987509,-49.309496985,POINT (-49.309496985 -25.4580987509)
2014-06-07 14:13:30.000000,-25.4580987509,-49.309496985,POINT (-49.309496985 -25.4580987509)
2014-06-07 14:13:40.000000,-25.4580987509,-49.309496985,POINT (-49.309496985 -25.4580987509)
2014-06-07 14:13:50.000000,-25.4580987509,-49.309496985,POINT (-49.309496985 -25.4580987509)
2014-06-07 14:14:00.000000,-25.4580987509,-49.309496985,POINT (-49.309496985 -25.4580987509)
2014-06-07 14:14:10.000000,-25.4580987509,-49.309496985,POINT (-49.309496985 -25.4580987509)
2014-06-07 14:14:20.000000,-25.4580987509,-49.309496985,POINT (-49.309496985 -25.4580987509)
2014-06-07 14:14:30.000000,-25.4580987509,-49.309496985,POINT (-49.309496985 -25.4580987509)
2014-06-07 14:14:40.000000,-25.4580987509,-49.309496985,POINT (-49.309496985 -25.4580987509)
2014-06-07 14:14:50.000000,-25.4580987509,-49.309496985,POINT (-49.309496985 -25.4580987509)
2014-06-07 14:15:00.000000,-25.4580987509,-49.309496985,POINT (-49.309496985 -25.4580987509)
2014-06-07 14:15:10.000000,-25.4580987509,-49.309496985,POINT (-49.309496985 -25.4580987509)
2014-06-07 14:15:20.000000,-25.4580987509,-49.309496985,POINT (-49.309496985 -25.4580987509)
2014-06-07 14:15:30.000000,-25.4580987509,-49.309496985,POINT (-49.309496985 -25.4580987509)
2014-06-07 14:15:40.000000,-25.4580987509,-49.309496985,POINT (-49.309496985 -25.4580987509)
2014-06-07 14:15:50.000000,-25.4580987509,-49.309496985,POINT (-49.309496985 -25.4580987509)
2014-06-07 14:16:00.000000,-25.4580987509,-49.309496985,POINT (-49.309496985 -25.4580987509)
2014-06-07 14:16:10.000000,-25.4580987509,-49.309496985,POINT (-49.309496985 -25.4580987509)
2014-06-07 14:16:20.000000,-25.4580987509,-49.309496985,POINT (-49.309496985 -25.4580987509)
2014-06-07 14:16:30.000000,-25.4580987509,-49.309496985,POINT (-49.309496985 -25.4580987509)
2014-06-07 14:16:40.000000,-25.4580987509,-49.309496985,POINT (-49.309496985 -25.4580987509)
2014-06-07 14:16:50.000000,-25.4580987509,-49.309496985,POINT (-49.309496985 -25.4580987509)
2014-06-07 14:17:00.000000,-25.4580987509,-49.309496985,POINT (-49.309496985 -25.4580987509)
2014-06-07 14:17:10.000000,-25.4580987509,-49.309496985,POINT (-49.309496985 -25.4580987509)
2014-06-07 14:17:20.000000,-25.4580987509,-49.309496985,POINT (-49.309496985 -25.4580987509)
2014-06-07 14:17:30.000000,-25.4580987509,-49.309496985,POINT (-49.309496985 -25.4580987509)
2014-06-07 14:17:40.000000,-25.4580987509,-49.309496985,POINT (-49.309496985 -25.4580987509)
2014-06-07 14:17:50.000000,-25.4580987509,-49.309496985,POINT (-49.309496985 -25.4580987509)
2014-06-07 14:18:00.000000,-25.4580987509,-49.309496985,POINT (-49.309496985 -25.4580987509)
2014-06-07 14:18:10.000000,-25.4580987509,-49.309496985,POINT (-49.309496985 -25.4580987509)
2014-06-07 14:18:20.000000,-25.4580987509,-49.309496985,POINT (-49.309496985 -25.4580987509)
2014-06-07 14:18:30.000000,-25.4580987509,-49.309496985,POINT (-49.309496985 -25.4580987509)
2014-06-07 14:18:40.000000,-25.4580987509,-49.309496985,POINT (-49.309496985 -25.4580987509)
2014-06-07 14:18:50.000000,-25.4580987509,-49.309496985,POINT (-49.309496985 -25.4580987509)
2014-06-07 14:19:00.000000,-25.4580987509,-49.309496985,POINT (-49.309496985 -25.4580987509)
2014-06-07 14:19:10.000000,-25.4580987509,-49.309496985,POINT (-49.309496985 -25.4580987509)
2014-06-07 14:19:20.000000,-25.4580987509,-49.309496985,POINT (-49.309496985 -25.4580987509)
2014-06-07 14:19:30.000000,-25.4580987509,-49.309496985,POINT (-49.309496985 -25.4580987509)
2014-06-07 14:19:40.000000,-25.4580987509,-49.309496985,POINT (-49.309496985 -25.4580987509)
2014-06-07 14:19:50.000000,-25.4580987509,-49.309496985,POINT (-49.309496985 -25.4580987509)
2014-06-07 14:20:00.000000,-25.4580987509,-49.309496985,POINT (-49.309496985 -25.4580987509)
2014-06-07 14:20:10.000000,-25.4580987509,-49.309496985,POINT (-49.309496985 -25.4580987509)
2014-06-07 14:20:20.000000,-25.4580987509,-49.309496985,POINT (-49.309496985 -25.4580987509)
2014-06-07 14:20:30.000000,-25.4580987509,-49.309496985,POINT (-49.309496985 -25.4580987509)
2014-06-07 14:20:40.000000,-25.4580987509,-49.309496985,POINT (-49.309496985 -25.4580987509)
2014-06-07 14:20:50.000000,-25.4580987509,-49.309496985,POINT (-49.309496985 -25.4580987509)
2014-06-07 14:21:00.000000,-25.4580987509,-49.309496985,POINT (-49.309496985 -25.4580987509)
2014-06-07 14:21:10.000000,-25.4580987509,-49.309496985,POINT (-49.309496985 -25.4580987509)
2014-06-07 14:21:20.000000,-25.4580987509,-49.309496985,POINT (-49.309496985 -25.4580987509)
2014-06-07 14:21:30.000000,-25.4580987509,-49.309496985,POINT (-49.309496985 -25.4580987509)
2014-06-07 14:21:40.000000,-25.4580987509,-49.309496985,POINT (-49.309496985 -25.4580987509)
2014-06-07 14:21:50.000000,-25.4580987509,-49.309496985,POINT (-49.309496985 -25.4580987509)
2014-06-07 14:22:00.000000,-25.4580987509,-49.309496985,POINT (-49.309496985 -25.4580987509)
2014-06-07 14:22:10.000000,-25.4580987509,-49.309496985,POINT (-49.309496985 -25.4580987509)
2014-06-07 14:22:20.000000,-25.4580987509,-49.309496985,POINT (-49.309496985 -25.4580987509)
2014-06-07 14:22:30.000000,-25.4580987509,-49.309496985,POINT (-49.309496985 -25.4580987509)
2014-06-07 14:22:40.000000,-25.4580987509,-49.309496985,POINT (-49.309496985 -25.4580987509)
2014-06-07 14:22:50.000000,-25.4580987509,-49.309496985,POINT (-49.309496985 -25.4580987509)
2014-06-07 14:23:00.000000,-25.4580987509,-49.309496985,POINT (-49.309496985 -25.4580987509)
2014-06-07 14:23:10.000000,-25.4580987509,-49.309496985,POINT (-49.309496985 -25.4580987509)
2014-06-07 14:23:20.000000,-25.4580987509,-49.309496985,POINT (-49.309496985 -25.4580987509)
2014-06-07 14:23:30.000000,-25.4580987509,-49.309496985,POINT (-49.309496985 -25.4580987509)
2014-06-07 14:23:40.000000,-25.4580987509,-49.309496985,POINT (-49.309496985 -25.4580987509)
2014-06-07 14:23:50.000000,-25.4580987509,-49.309496985,POINT (-49.309496985 -25.4580987509)
2014-06-07 14:24:00.000000,-25.4580987509,-49.309496985,POINT (-49.309496985 -25.4580987509)
2014-06-07 14:24:10.000000,-25.4580987509,-49.309496985,POINT (-49.309496985 -25.4580987509)
2014-06-07 14:24:20.000000,-25.4580987509,-49.309496985,POINT (-49.309496985 -25.4580987509)
2014-06-07 14:24:30.000000,-25.4580987509,-49.309496985,POINT (-49.309496985 -25.4580987509)
2014-06-07 14:24:40.000000,-25.4580987509,-49.309496985,POINT (-49.309496985 -25.4580987509)
2014-06-07 14:24:50.000000,-25.4580987509,-49.309496985,POINT (-49.309496985 -25.4580987509)
2014-06-07 14:25:00.000000,-25.4580987509,-49.309496985,POINT (-49.309496985 -25.4580987509)
2014-06-07 14:25:10.000000,-25.4580987509,-49.309496985,POINT (-49.309496985 -25.4580987509)
2014-06-07 14:25:20.000000,-25.4580987509,-49.309496985,POINT (-49.309496985 -25.4580987509)
2014-06-07 14:25:30.000000,-25.4580987509,-49.309496985,POINT (-49.309496985 -25.4580987509)
2014-06-07 14:25:40.000000,-25.4580987509,-49.309496985,POINT (-49.309496985 -25.4580987509)
2014-06-07 14:25:50.000000,-25.4580987509,-49.309496985,POINT (-49.309496985 -25.4580987509)
2014-06-07 14:26:00.000000,-25.4580987509,-49.309496985,POINT (-49.309496985 -25.4580987509)
2014-06-07 14:26:10.000000,-25.4580987509,-49.309496985,POINT (-49.309496985 -25.4580987509)
2014-06-07 14:26:20.000000,-25.4580987509,-49.309496985,POINT (-49.309496985 -25.4580987509)
2014-06-07 14:26:30.000000,-25.4580987509,-49.309496985,POINT (-49.309496985 -25.4580987509)
2014-06-07 14:26:40.000000,-25.4580987509,-49.309496985,POINT (-49.309496985 -25.4580987509)
2014-06-07 14:26:50.000000,-25.4580987509,-49.309496985,POINT (-49.309496985 -25.4580987509)
2014-06-07 14:27:00.000000,-25.4580987509,-49.309496985,POINT (-49.309496985 -25.4580987509)
2014-06-07 14:27:10.000000,-25.4580987509,-49.309496985,POINT (-49.309496985 -25.4580987509)
2014-06-07 14:27:20.000000,-25.4580987509,-49.309496985,POINT (-49.309496985 -25.4580987509)
2014-06-07 14:27:30.000000,-25.4580987509,-49.309496985,POINT (-49.309496985 -25.4580987509)
2014-06-07 14:27:40.000000,-25.4580987509,-49.309496985,POINT (-49.309496985 -25.4580987509)
2014-06-07 14:27:50.000000,-25.4580987509,-49.309496985,POINT (-49.309496985 -25.4580987509)
2014-06-07 14:28:00.000000,-25.4580987509,-49.309496985,POINT (-49.309496985 -25.4580987509)
2014-06-07 14:28:10.000000,-25.4580987509,-49.309496985,POINT (-49.309496985 -25.4580987509)
2014-06-07 14:28:20.000000,-25.4580987509,-49.309496985,POINT (-49.309496985 -25.4580987509)
2014-06-07 14:28:30.000000,-25.4580987509,-49.309496985,POINT (-49.309496985 -25.4580987509)
2014-06-07 14:28:40.000000,-25.4580987509,-49.309496985,POINT (-49.309496985 -25.4580987509)
2014-06-07 14:28:50.000000,-25.4580987509,-49.309496985,POINT (-49.309496985 -25.4580987509)
2014-06-07 14:29:00.000000,-25.4580987509,-49.309496985,POINT (-49.309496985 -25.4580987509)
2014-06-07 14:29:10.000000,-25.4580987509,-49.309496985,POINT (-49.309496985 -25.4580987509)
2014-06-07 14:29:20.000000,-25.4580987509,-49.309496985,POINT (-49.309496985 -25.4580987509)
2014-06-07 14:29:30.000000,-25.4580987509,-49.309496985,POINT (-49.309496985 -25.4580987509)
2014-06-07 14:29:40.000000,-25.4580987509,-49.309496985,POINT (-49.309496985 -25.4580987509)
2014-06-07 14:29:50.000000,-25.4580987509,-49.309496985,POINT (-49.309496985 -25.4580987509)
2014-06-07 14:30:00.000000,-25.4580987509,-49.309496985,POINT (-49.309496985 -25.4580987509)
2014-06-07 14:30:10.000000,-25.4580987509,-49.309496985,POINT (-49.309496985 -25.4580987509)
2014-06-07 14:30:20.000000,-25.4580987509,-49.309496985,POINT (-49.309496985 -25.4580987509)
2014-06-07 14:30:30.000000,-25.4580987509,-49.309496985,POINT (-49.309496985 -25.4580987509)
2014-06-07 14:30:40.000000,-25.4580987509,-49.309496985,POINT (-49.309496985 -25.4580987509)
2014-06-07 14:30:50.000000,-25.4580987509,-49.309496985,POINT (-49.309496985 -25.4580987509)
2014-06-07 14:31:00.000000,-25.4580987509,-49.309496985,POINT (-49.309496985 -25.4580987509)
2014-06-07 14:31:10.000000,-25.4580987509,-49.309496985,POINT (-49.309496985 -25.4580987509)
2014-06-07 14:31:20.000000,-25.4580987509,-49.309496985,POINT (-49.309496985 -25.4580987509)
2014-06-07 14:31:30.000000,-25.4580987509,-49.309496985,POINT (-49.309496985 -25.4580987509)
2014-06-07 14:31:40.000000,-25.4580987509,-49.309496985,POINT (-49.309496985 -25.4580987509)
2014-06-07 14:31:50.000000,-25.4580987509,-49.309496985,POINT (-49.309496985 -25.4580987509)
2014-06-07 14:32:00.000000,-25.4580987509,-49.309496985,POINT (-49.309496985 -25.4580987509)
2014-06-07 14:32:10.000000,-25.4580987509,-49.309496985,POINT (-49.309496985 -25.4580987509)
2014-06-07 14:32:20.000000,-25.4580987509,-49.309496985,POINT (-49.309496985 -25.4580987509)
2014-06-07 14:32:30.000000,-25.4580987509,-49.309496985,POINT (-49.309496985 -25.4580987509)
2014-06-07 14:32:40.000000,-25.4580987509,-49.309496985,POINT (-49.309496985 -25.4580987509)
2014-06-07 14:32:50.000000,-25.4580987509,-49.309496985,POINT (-49.309496985 -25.4580987509)
2014-06-07 14:33:00.000000,-25.4580987509,-49.309496985,POINT (-49.309496985 -25.4580987509)
2014-06-07 14:33:10.000000,-25.4580987509,-49.309496985,POINT (-49.309496985 -25.4580987509)
2014-06-07 14:33:20.000000,-25.4580987509,-49.309496985,POINT (-49.309496985 -25.4580987509)
2014-06-07 14:33:30.000000,-25.4580987509,-49.309496985,POINT (-49.309496985 -25.4580987509)
2014-06-07 14:33:40.000000,-25.4580987509,-49.309496985,POINT (-49.309496985 -25.4580987509)
2014-06-07 14:33:50.000000,-25.4580987509,-49.309496985,POINT (-49.309496985 -25.4580987509)
2014-06-07 14:34:00.000000,-25.4580987509,-49.309496985,POINT (-49.309496985 -25.4580987509)
2014-06-07 14:34:10.000000,-25.4580987509,-49.309496985,POINT (-49.309496985 -25.4580987509)
2014-06-07 14:34:20.000000,-25.4580987509,-49.309496985,POINT (-49.309496985 -25.4580987509)
2014-06-07 14:34:30.000000,-25.4580987509,-49.309496985,POINT (-49.309496985 -25.4580987509)
2014-06-07 14:34:40.000000,-25.4580987509,-49.309496985,POINT (-49.309496985 -25.4580987509)
2014-06-07 14:34:50.000000,-25.4580987509,-49.309496985,POINT (-49.309496985 -25.4580987509)
2014-06-07 14:35:00.000000,-25.4580987509,-49.309496985,POINT (-49.309496985 -25.4580987509)
2014-06-07 14:35:10.000000,-25.4580987509,-49.309496985,POINT (-49.309496985 -25.4580987509)
2014-06-07 14:35:20.000000,-25.4580987509,-49.309496985,POINT (-49.309496985 -25.4580987509)
2014-06-07 14:35:30.000000,-25.4580987509,-49.309496985,POINT (-49.309496985 -25.4580987509)
2014-06-07 14:35:40.000000,-25.4580987509,-49.309496985,POINT (-49.309496985 -25.4580987509)
2014-06-07 14:35:50.000000,-25.4580987509,-49.309496985,POINT (-49.309496985 -25.4580987509)
2014-06-07 14:36:00.000000,-25.4580987509,-49.309496985,POINT (-49.309496985 -25.4580987509)
2014-06-07 14:36:10.000000,-25.4580987509,-49.309496985,POINT (-49.309496985 -25.4580987509)
2014-06-07 14:36:20.000000,-25.4580987509,-49.309496985,POINT (-49.309496985 -25.4580987509)
2014-06-07 14:36:30.000000,-25.4580987509,-49.309496985,POINT (-49.309496985 -25.4580987509)
2014-06-07 14:36:40.000000,-25.4580987509,-49.309496985,POINT (-49.309496985 -25.4580987509)
2014-06-07 14:36:50.000000,-25.4580987509,-49.309496985,POINT (-49.309496985 -25.4580987509)
2014-06-07 14:37:00.000000,-25.4580987509,-49.309496985,POINT (-49.309496985 -25.4580987509)
2014-06-07 14:37:10.000000,-25.4580987509,-49.309496985,POINT (-49.309496985 -25.4580987509)
2014-06-07 14:37:20.000000,-25.4580987509,-49.309496985,POINT (-49.309496985 -25.4580987509)
2014-06-07 14:37:30.000000,-25.4580987509,-49.309496985,POINT (-49.309496985 -25.4580987509)
2014-06-07 14:37:40.000000,-25.4580987509,-49.309496985,POINT (-49.309496985 -25.4580987509)
2014-06-07 14:37:50.000000,-25.4580987509,-49.309496985,POINT (-49.309496985 -25.4580987509)
2014-06-07 14:38:00.000000,-25.4580987509,-49.309496985,POINT (-49.309496985 -25.4580987509)
2014-06-07 14:38:10.000000,-25.4580987509,-49.309496985,POINT (-49.309496985 -25.4580987509)
2014-06-07 14:38:20.000000,-25.4580987509,-49.309496985,POINT (-49.309496985 -25.4580987509)
2014-06-07 14:38:30.000000,-25.4580987509,-49.309496985,POINT (-49.309496985 -25.4580987509)
2014-06-07 14:38:40.000000,-25.4580987509,-49.309496985,POINT (-49.309496985 -25.4580987509)
2014-06-07 14:38:50.000000,-25.4580987509,-49.309496985,POINT (-49.309496985 -25.4580987509)
2014-06-07 14:39:00.000000,-25.4580987509,-49.309496985,POINT (-49.309496985 -25.4580987509)
2014-06-07 14:39:10.000000,-25.4580987509,-49.309496985,POINT (-49.309496985 -25.4580987509)
2014-06-07 14:39:20.000000,-25.4580987509,-49.309496985,POINT (-49.309496985 -25.4580987509)
2014-06-07 14:39:30.000000,-25.4580987509,-49.309496985,POINT (-49.309496985 -25.4580987509)
2014-06-07 14:39:40.000000,-25.4580987509,-49.309496985,POINT (-49.309496985 -25.4580987509)
2014-06-07 14:39:50.000000,-25.4580987509,-49.309496985,POINT (-49.309496985 -25.4580987509)
2014-06-07 14:40:00.000000,-25.4580987509,-49.309496985,POINT (-49.309496985 -25.4580987509)
2014-06-07 14:40:10.000000,-25.4580987509,-49.309496985,POINT (-49.309496985 -25.4580987509)
2014-06-07 14:40:20.000000,-25.4580987509,-49.309496985,POINT (-49.309496985 -25.4580987509)
2014-06-07 14:40:30.000000,-25.4580987509,-49.309496985,POINT (-49.309496985 -25.4580987509)
2014-06-07 14:40:40.000000,-25.4580987509,-49.309496985,POINT (-49.309496985 -25.4580987509)
2014-06-07 14:40:50.000000,-25.4580987509,-49.309496985,POINT (-49.309496985 -25.4580987509)
2014-06-07 14:41:00.000000,-25.4580987509,-49.309496985,POINT (-49.309496985 -25.4580987509)
2014-06-07 14:41:10.000000,-25.4580987509,-49.309496985,POINT (-49.309496985 -25.4580987509)
2014-06-07 14:41:20.000000,-25.4580987509,-49.309496985,POINT (-49.309496985 -25.4580987509)
2014-06-07 14:41:30.000000,-25.4580987509,-49.309496985,POINT (-49.309496985 -25.4580987509)
2014-06-07 14:41:40.000000,-25.4580987509,-49.309496985,POINT (-49.309496985 -25.4580987509)
2014-06-07 14:41:50.000000,-25.4580987509,-49.309496985,POINT (-49.309496985 -25.4580987509)
2014-06-07 14:42:00.000000,-25.4580987509,-49.309496985,POINT (-49.309496985 -25.4580987509)
2014-06-07 14:42:10.000000,-25.4580987509,-49.309496985,POINT (-49.309496985 -25.4580987509)
2014-06-07 14:42:20.000000,-25.4580987509,-49.309496985,POINT (-49.309496985 -25.4580987509)
2014-06-07 14:42:30.000000,-25.4580987509,-49.309496985,POINT (-49.309496985 -25.4580987509)
2014-06-07 14:42:40.000000,-25.4580987509,-49.309496985,POINT (-49.309496985 -25.4580987509)
2014-06-07 14:42:50.000000,-25.4580987509,-49.309496985,POINT (-49.309496985 -25.4580987509)
2014-06-07 14:43:00.000000,-25.4580987509,-49.309496985,POINT (-49.309496985 -25.4580987509)
2014-06-07 14:43:10.000000,-25.4580987509,-49.309496985,POINT (-49.309496985 -25.4580987509)
2014-06-07 14:43:20.000000,-25.4580987509,-49.309496985,POINT (-49.309496985 -25.4580987509)
2014-06-07 14:43:30.000000,-25.4580987509,-49.309496985,POINT (-49.309496985 -25.4580987509)
2014-06-07 14:43:40.000000,-25.4580987509,-49.309496985,POINT (-49.309496985 -25.4580987509)
2014-06-07 14:43:50.000000,-25.4580987509,-49.309496985,POINT (-49.309496985 -25.4580987509)
2014-06-07 14:44:00.000000,-25.4580987509,-49.309496985,POINT (-49.309496985 -25.4580987509)
2014-06-07 14:44:10.000000,-25.4580987509,-49.309496985,POINT (-49.309496985 -25.4580987509)
2014-06-07 14:44:20.000000,-25.4580987509,-49.309496985,POINT (-49.309496985 -25.4580987509)
2014-06-07 14:44:30.000000,-25.4580987509,-49.309496985,POINT (-49.309496985 -25.4580987509)
2014-06-07 14:44:40.000000,-25.4580987509,-49.309496985,POINT (-49.309496985 -25.4580987509)
2014-06-07 14:44:50.000000,-25.4580987509,-49.309496985,POINT (-49.309496985 -25.4580987509)
2014-06-07 14:45:00.000000,-25.4580987509,-49.309496985,POINT (-49.309496985 -25.4580987509)
2014-06-07 14:45:10.000000,-25.4580987509,-49.309496985,POINT (-49.309496985 -25.4580987509)
2014-06-07 14:45:20.000000,-25.4580987509,-49.309496985,POINT (-49.309496985 -25.4580987509)
2014-06-07 14:45:30.000000,-25.4580987509,-49.309496985,POINT (-49.309496985 -25.4580987509)
2014-06-07 14:45:40.000000,-25.4580987509,-49.309496985,POINT (-49.309496985 -25.4580987509)
2014-06-07 14:45:50.000000,-25.4580987509,-49.309496985,POINT (-49.309496985 -25.4580987509)
2014-06-07 14:46:00.000000,-25.4580987509,-49.309496985,POINT (-49.309496985 -25.4580987509)
2014-06-07 14:46:10.000000,-25.4580987509,-49.309496985,POINT (-49.309496985 -25.4580987509)
2014-06-07 14:46:20.000000,-25.4580987509,-49.309496985,POINT (-49.309496985 -25.4580987509)
2014-06-07 14:46:30.000000,-25.4580987509,-49.309496985,POINT (-49.309496985 -25.4580987509)
2014-06-07 14:46:40.000000,-25.4580987509,-49.309496985,POINT (-49.309496985 -25.4580987509)
2014-06-07 14:46:50.000000,-25.4580987509,-49.309496985,POINT (-49.309496985 -25.4580987509)
2014-06-07 14:47:00.000000,-25.4580987509,-49.309496985,POINT (-49.309496985 -25.4580987509)
2014-06-07 14:47:10.000000,-25.4580987509,-49.309496985,POINT (-49.309496985 -25.4580987509)
2014-06-07 14:47:20.000000,-25.4580987509,-49.309496985,POINT (-49.309496985 -25.4580987509)
2014-06-07 14:47:30.000000,-25.4580987509,-49.309496985,POINT (-49.309496985 -25.4580987509)
2014-06-07 14:47:40.000000,-25.4580987509,-49.309496985,POINT (-49.309496985 -25.4580987509)
2014-06-07 14:47:50.000000,-25.4580987509,-49.309496985,POINT (-49.309496985 -25.4580987509)
2014-06-07 14:48:00.000000,-25.4580987509,-49.309496985,POINT (-49.309496985 -25.4580987509)
2014-06-07 14:48:10.000000,-25.4580987509,-49.309496985,POINT (-49.309496985 -25.4580987509)
2014-06-07 14:48:20.000000,-25.4580987509,-49.309496985,POINT (-49.309496985 -25.4580987509)
2014-06-07 14:48:30.000000,-25.4580987509,-49.309496985,POINT (-49.309496985 -25.4580987509)
2014-06-07 14:48:40.000000,-25.4580987509,-49.309496985,POINT (-49.309496985 -25.4580987509)
2014-06-07 14:48:50.000000,-25.4580987509,-49.309496985,POINT (-49.309496985 -25.4580987509)
2014-06-07 14:49:00.000000,-25.4580987509,-49.309496985,POINT (-49.309496985 -25.4580987509)
2014-06-07 14:49:10.000000,-25.4580987509,-49.309496985,POINT (-49.309496985 -25.4580987509)
2014-06-07 14:49:20.000000,-25.4580987509,-49.309496985,POINT (-49.309496985 -25.4580987509)
2014-06-07 14:49:30.000000,-25.4580987509,-49.309496985,POINT (-49.309496985 -25.4580987509)
2014-06-07 14:49:40.000000,-25.4580987509,-49.309496985,POINT (-49.309496985 -25.4580987509)
2014-06-07 14:49:50.000000,-25.4580987509,-49.309496985,POINT (-49.309496985 -25.4580987509)
2014-06-07 14:50:00.000000,-25.4580987509,-49.309496985,POINT (-49.309496985 -25.4580987509)
2014-06-07 14:50:10.000000,-25.4580987509,-49.309496985,POINT (-49.309496985 -25.4580987509)
2014-06-07 14:50:20.000000,-25.4580987509,-49.309496985,POINT (-49.309496985 -25.4580987509)
2014-06-07 14:50:30.000000,-25.4580987509,-49.309496985,POINT (-49.309496985 -25.4580987509)
2014-06-07 14:50:40.000000,-25.4580987509,-49.309496985,POINT (-49.309496985 -25.4580987509)
2014-06-07 14:50:50.000000,-25.4580987509,-49.309496985,POINT (-49.309496985 -25.4580987509)
2014-06-07 14:51:00.000000,-25.4580987509,-49.309496985,POINT (-49.309496985 -25.4580987509)
2014-06-07 14:51:10.000000,-25.4580987509,-49.309496985,POINT (-49.309496985 -25.4580987509)
2014-06-07 14:51:20.000000,-25.4580987509,-49.309496985,POINT (-49.309496985 -25.4580987509)
2014-06-07 14:51:30.000000,-25.4580987509,-49.309496985,POINT (-49.309496985 -25.4580987509)
2014-06-07 14:51:40.000000,-25.4580987509,-49.309496985,POINT (-49.309496985 -25.4580987509)
2014-06-07 14:51:50.000000,-25.4580987509,-49.309496985,POINT (-49.309496985 -25.4580987509)
2014-06-07 14:52:00.000000,-25.4580987509,-49.309496985,POINT (-49.309496985 -25.4580987509)
2014-06-07 14:52:10.000000,-25.4580987509,-49.309496985,POINT (-49.309496985 -25.4580987509)
2014-06-07 14:52:20.000000,-25.4580987509,-49.309496985,POINT (-49.309496985 -25.4580987509)
2014-06-07 14:52:30.000000,-25.4580987509,-49.309496985,POINT (-49.309496985 -25.4580987509)
2014-06-07 14:52:40.000000,-25.4580987509,-49.309496985,POINT (-49.309496985 -25.4580987509)
2014-06-07 14:52:50.000000,-25.4580987509,-49.309496985,POINT (-49.309496985 -25.4580987509)
2014-06-07 14:53:00.000000,-25.4580987509,-49.309496985,POINT (-49.309496985 -25.4580987509)
2014-06-07 14:53:10.000000,-25.4580987509,-49.309496985,POINT (-49.309496985 -25.4580987509)
2014-06-07 14:53:20.065213,-25.457909,-49.309608,POINT (-49.309608 -25.457909)
2014-06-07 14:53:30.065213,-25.45855103157895,-49.30935555,POINT (-49.30935555 -25.45855103157895)
2014-06-07 14:53:40.065213,-25.459177021052632,-49.309137078947366,POINT (-49.309137078947366 -25.459177021052632)
2014-06-07 14:53:50.065213,-25.459802626315792,-49.30893641578947,POINT (-49.30893641578947 -25.459802626315792)
2014-06-07 14:54:00.065213,-25.460475068421054,-49.30871132105263,POINT (-49.30871132105263 -25.460475068421054)
2014-06-07 14:54:10.065213,-25.460916731578948,-49.30855652105263,POINT (-49.30855652105263 -25.460916731578948)
2014-06-07 14:54:20.065213,-25.46128893157895,-49.30841975263158,POINT (-49.30841975263158 -25.46128893157895)
2014-06-07 14:54:30.065213,-25.461655136842104,-49.308279494736844,POINT (-49.308279494736844 -25.461655136842104)
2014-06-07 14:54:40.065213,-25.462360642105264,-49.308023810526315,POINT (-49.308023810526315 -25.462360642105264)
2014-06-07 14:54:50.065213,-25.46308859210526,-49.307766963157896,POINT (-49.307766963157896 -25.46308859210526)
2014-06-07 14:55:00.065213,-25.463822257894737,-49.30750952631578,POINT (-49.30750952631578 -25.463822257894737)
2014-06-07 14:55:10.065213,-25.464545573684212,-49.307233628947365,POINT (-49.307233628947365 -25.464545573684212)
2014-06-07 14:55:20.065213,-25.464968784210527,-49.30708015263158,POINT (-49.30708015263158 -25.464968784210527)
2014-06-07 14:55:30.065213,-25.465145918421054,-49.30671141315789,POINT (-49.30671141315789 -25.465145918421054)
2014-06-07 14:55:40.065213,-25.46504097368421,-49.30582645263158,POINT (-49.30582645263158 -25.46504097368421)
2014-06-07 14:55:50.065213,-25.46486622631579,-49.3049524131579,POINT (-49.3049524131579 -25.46486622631579)
2014-06-07 14:56:00.065213,-25.464818857894738,-49.30397004736842,POINT (-49.30397004736842 -25.464818857894738)
2014-06-07 14:56:10.065213,-25.464903023684208,-49.30299144736842,POINT (-49.30299144736842 -25.464903023684208)
2014-06-07 14:56:20.065213,-25.465051736842106,-49.30285417368421,POINT (-49.30285417368421 -25.465051736842106)
2014-06-07 14:56:30.065213,-25.465328200000002,-49.3025712,POINT (-49.3025712 -25.465328200000002)
2014-06-07 14:56:40.065213,-25.46567409473684,-49.30213374210526,POINT (-49.30213374210526 -25.46567409473684)
2014-06-07 14:56:50.065213,-25.466057139473683,-49.30147508421053,POINT (-49.30147508421053 -25.466057139473683)
2014-06-07 14:57:00.065213,-25.466194184210526,-49.301239521052636,POINT (-49.301239521052636 -25.466194184210526)
2014-06-07 14:57:10.065213,-25.4662818,-49.301080689473686,POINT (-49.301080689473686 -25.4662818)
2014-06-07 14:57:20.065213,-25.46636132105263,-49.30092787368421,POINT (-49.30092787368421 -25.46636132105263)
2014-06-07 14:57:30.065213,-25.466591105263156,-49.30052926842105,POINT (-49.30052926842105 -25.466591105263156)
2014-06-07 14:57:40.065213,-25.46693642105263,-49.2998944368421,POINT (-49.2998944368421 -25.46693642105263)
2014-06-07 14:57:50.065213,-25.4672903,-49.299223115789474,POINT (-49.299223115789474 -25.4672903)
2014-06-07 14:58:00.065213,-25.4675036,-49.298785005263156,POINT (-49.298785005263156 -25.4675036)
2014-06-07 14:58:10.065213,-25.467620965789475,-49.2985407,POINT (-49.2985407 -25.467620965789475)
2014-06-07 14:58:20.065213,-25.467726415789475,-49.29832754210526,POINT (-49.29832754210526 -25.467726415789475)
2014-06-07 14:58:30.065213,-25.467842539473683,-49.29810197894737,POINT (-49.29810197894737 -25.467842539473683)
2014-06-07 14:58:40.065213,-25.468081205263157,-49.297637010526316,POINT (-49.297637010526316 -25.468081205263157)
2014-06-07 14:58:50.065213,-25.468313160526318,-49.29722362368421,POINT (-49.29722362368421 -25.468313160526318)
2014-06-07 14:59:00.065213,-25.4683642,-49.29690327894737,POINT (-49.29690327894737 -25.4683642)
2014-06-07 14:59:10.065213,-25.46779585,-49.29680238421052,POINT (-49.29680238421052 -25.46779585)
2014-06-07 14:59:20.065213,-25.467339584210528,-49.296713126315794,POINT (-49.296713126315794 -25.467339584210528)
2014-06-07 14:59:30.065213,-25.466912265789475,-49.29663262105263,POINT (-49.29663262105263 -25.466912265789475)
2014-06-07 14:59:40.065213,-25.46649,-49.296561,POINT (-49.296561 -25.46649)
2014-06-07 15:00:00.000000,-25.4658293325,-49.2964992072,POINT (-49.2964992072 -25.4658293325)
2014-06-07 15:00:10.000000,-25.4658293325,-49.2964992072,POINT (-49.2964992072 -25.4658293325)
2014-06-07 15:00:20.000000,-25.4658293325,-49.2964992072,POINT (-49.2964992072 -25.4658293325)
2014-06-07 15:00:30.000000,-25.4658293325,-49.2964992072,POINT (-49.2964992072 -25.4658293325)
2014-06-07 15:00:40.000000,-25.4658293325,-49.2964992072,POINT (-49.2964992072 -25.4658293325)
2014-06-07 15:00:50.000000,-25.4658293325,-49.2964992072,POINT (-49.2964992072 -25.4658293325)
2014-06-07 15:01:00.000000,-25.4658293325,-49.2964992072,POINT (-49.2964992072 -25.4658293325)
2014-06-07 15:01:10.000000,-25.4658293325,-49.2964992072,POINT (-49.2964992072 -25.4658293325)
2014-06-07 15:01:20.000000,-25.4658293325,-49.2964992072,POINT (-49.2964992072 -25.4658293325)
2014-06-07 15:01:30.000000,-25.4658293325,-49.2964992072,POINT (-49.2964992072 -25.4658293325)
2014-06-07 15:01:40.000000,-25.4658293325,-49.2964992072,POINT (-49.2964992072 -25.4658293325)
2014-06-07 15:01:50.000000,-25.4658293325,-49.2964992072,POINT (-49.2964992072 -25.4658293325)
2014-06-07 15:02:00.000000,-25.4658293325,-49.2964992072,POINT (-49.2964992072 -25.4658293325)
2014-06-07 15:02:10.000000,-25.4658293325,-49.2964992072,POINT (-49.2964992072 -25.4658293325)
2014-06-07 15:02:20.000000,-25.4658293325,-49.2964992072,POINT (-49.2964992072 -25.4658293325)
2014-06-07 15:02:30.000000,-25.4658293325,-49.2964992072,POINT (-49.2964992072 -25.4658293325)
2014-06-07 15:02:40.000000,-25.4658293325,-49.2964992072,POINT (-49.2964992072 -25.4658293325)
2014-06-07 15:02:50.000000,-25.4658293325,-49.2964992072,POINT (-49.2964992072 -25.4658293325)
2014-06-07 15:03:00.000000,-25.4658293325,-49.2964992072,POINT (-49.2964992072 -25.4658293325)
2014-06-07 15:03:10.000000,-25.4658293325,-49.2964992072,POINT (-49.2964992072 -25.4658293325)
2014-06-07 15:03:20.000000,-25.4658293325,-49.2964992072,POINT (-49.2964992072 -25.4658293325)
2014-06-07 15:03:30.000000,-25.4658293325,-49.2964992072,POINT (-49.2964992072 -25.4658293325)
2014-06-07 15:03:40.000000,-25.4658293325,-49.2964992072,POINT (-49.2964992072 -25.4658293325)
2014-06-07 15:03:50.000000,-25.4658293325,-49.2964992072,POINT (-49.2964992072 -25.4658293325)
2014-06-07 15:04:00.000000,-25.4658293325,-49.2964992072,POINT (-49.2964992072 -25.4658293325)
2014-06-07 15:04:10.000000,-25.4658293325,-49.2964992072,POINT (-49.2964992072 -25.4658293325)
2014-06-07 15:04:20.000000,-25.4658293325,-49.2964992072,POINT (-49.2964992072 -25.4658293325)
2014-06-07 15:04:30.000000,-25.4658293325,-49.2964992072,POINT (-49.2964992072 -25.4658293325)
2014-06-07 15:04:40.000000,-25.4658293325,-49.2964992072,POINT (-49.2964992072 -25.4658293325)
2014-06-07 15:04:50.000000,-25.4658293325,-49.2964992072,POINT (-49.2964992072 -25.4658293325)
2014-06-07 15:05:00.000000,-25.4658293325,-49.2964992072,POINT (-49.2964992072 -25.4658293325)
2014-06-07 15:05:10.000000,-25.4658293325,-49.2964992072,POINT (-49.2964992072 -25.4658293325)
2014-06-07 15:05:20.000000,-25.4658293325,-49.2964992072,POINT (-49.2964992072 -25.4658293325)
2014-06-07 15:05:30.000000,-25.4658293325,-49.2964992072,POINT (-49.2964992072 -25.4658293325)
2014-06-07 15:05:40.000000,-25.4658293325,-49.2964992072,POINT (-49.2964992072 -25.4658293325)
2014-06-07 15:05:50.000000,-25.4658293325,-49.2964992072,POINT (-49.2964992072 -25.4658293325)
2014-06-07 15:06:00.000000,-25.4658293325,-49.2964992072,POINT (-49.2964992072 -25.4658293325)
2014-06-07 15:06:10.000000,-25.4658293325,-49.2964992072,POINT (-49.2964992072 -25.4658293325)
2014-06-07 15:06:20.000000,-25.4658293325,-49.2964992072,POINT (-49.2964992072 -25.4658293325)
2014-06-07 15:06:30.000000,-25.4658293325,-49.2964992072,POINT (-49.2964992072 -25.4658293325)
2014-06-07 15:06:40.000000,-25.4658293325,-49.2964992072,POINT (-49.2964992072 -25.4658293325)
2014-06-07 15:06:50.000000,-25.4658293325,-49.2964992072,POINT (-49.2964992072 -25.4658293325)
2014-06-07 15:07:00.000000,-25.4658293325,-49.2964992072,POINT (-49.2964992072 -25.4658293325)
2014-06-07 15:07:10.000000,-25.4658293325,-49.2964992072,POINT (-49.2964992072 -25.4658293325)
2014-06-07 15:07:20.000000,-25.4658293325,-49.2964992072,POINT (-49.2964992072 -25.4658293325)
2014-06-07 15:07:30.000000,-25.4658293325,-49.2964992072,POINT (-49.2964992072 -25.4658293325)
2014-06-07 15:07:40.000000,-25.4658293325,-49.2964992072,POINT (-49.2964992072 -25.4658293325)
2014-06-07 15:07:50.000000,-25.4658293325,-49.2964992072,POINT (-49.2964992072 -25.4658293325)
2014-06-07 15:08:00.000000,-25.4658293325,-49.2964992072,POINT (-49.2964992072 -25.4658293325)
2014-06-07 15:08:10.000000,-25.4658293325,-49.2964992072,POINT (-49.2964992072 -25.4658293325)
2014-06-07 15:08:20.000000,-25.4658293325,-49.2964992072,POINT (-49.2964992072 -25.4658293325)
2014-06-07 15:08:30.000000,-25.4658293325,-49.2964992072,POINT (-49.2964992072 -25.4658293325)
2014-06-07 15:08:40.000000,-25.4658293325,-49.2964992072,POINT (-49.2964992072 -25.4658293325)
2014-06-07 15:08:50.000000,-25.4658293325,-49.2964992072,POINT (-49.2964992072 -25.4658293325)
2014-06-07 15:09:00.000000,-25.4658293325,-49.2964992072,POINT (-49.2964992072 -25.4658293325)
2014-06-07 15:09:10.000000,-25.4658293325,-49.2964992072,POINT (-49.2964992072 -25.4658293325)
2014-06-07 15:09:20.000000,-25.4658293325,-49.2964992072,POINT (-49.2964992072 -25.4658293325)
2014-06-07 15:09:30.000000,-25.4658293325,-49.2964992072,POINT (-49.2964992072 -25.4658293325)
2014-06-07 15:09:40.000000,-25.4658293325,-49.2964992072,POINT (-49.2964992072 -25.4658293325)
2014-06-07 15:09:50.000000,-25.4658293325,-49.2964992072,POINT (-49.2964992072 -25.4658293325)
2014-06-07 15:10:00.000000,-25.4658293325,-49.2964992072,POINT (-49.2964992072 -25.4658293325)
2014-06-07 15:10:10.000000,-25.4658293325,-49.2964992072,POINT (-49.2964992072 -25.4658293325)
2014-06-07 15:10:20.000000,-25.4658293325,-49.2964992072,POINT (-49.2964992072 -25.4658293325)
2014-06-07 15:10:30.000000,-25.4658293325,-49.2964992072,POINT (-49.2964992072 -25.4658293325)
2014-06-07 15:10:40.000000,-25.4658293325,-49.2964992072,POINT (-49.2964992072 -25.4658293325)
2014-06-07 15:10:50.000000,-25.4658293325,-49.2964992072,POINT (-49.2964992072 -25.4658293325)
2014-06-07 15:11:00.000000,-25.4658293325,-49.2964992072,POINT (-49.2964992072 -25.4658293325)
2014-06-07 15:11:10.000000,-25.4658293325,-49.2964992072,POINT (-49.2964992072 -25.4658293325)
2014-06-07 15:11:20.000000,-25.4658293325,-49.2964992072,POINT (-49.2964992072 -25.4658293325)
2014-06-07 15:11:30.000000,-25.4658293325,-49.2964992072,POINT (-49.2964992072 -25.4658293325)
2014-06-07 15:11:40.000000,-25.4658293325,-49.2964992072,POINT (-49.2964992072 -25.4658293325)
2014-06-07 15:11:50.000000,-25.4658293325,-49.2964992072,POINT (-49.2964992072 -25.4658293325)
2014-06-07 15:12:00.000000,-25.4658293325,-49.2964992072,POINT (-49.2964992072 -25.4658293325)
2014-06-07 15:12:10.000000,-25.4658293325,-49.2964992072,POINT (-49.2964992072 -25.4658293325)
2014-06-07 15:12:20.000000,-25.4658293325,-49.2964992072,POINT (-49.2964992072 -25.4658293325)
2014-06-07 15:12:30.000000,-25.4658293325,-49.2964992072,POINT (-49.2964992072 -25.4658293325)
2014-06-07 15:12:40.000000,-25.4658293325,-49.2964992072,POINT (-49.2964992072 -25.4658293325)
2014-06-07 15:12:50.000000,-25.4658293325,-49.2964992072,POINT (-49.2964992072 -25.4658293325)
2014-06-07 15:13:00.000000,-25.4658293325,-49.2964992072,POINT (-49.2964992072 -25.4658293325)
2014-06-07 15:13:10.000000,-25.4658293325,-49.2964992072,POINT (-49.2964992072 -25.4658293325)
2014-06-07 15:13:20.000000,-25.4658293325,-49.2964992072,POINT (-49.2964992072 -25.4658293325)
2014-06-07 15:13:30.000000,-25.4658293325,-49.2964992072,POINT (-49.2964992072 -25.4658293325)
2014-06-07 15:13:40.000000,-25.4658293325,-49.2964992072,POINT (-49.2964992072 -25.4658293325)
2014-06-07 15:13:50.000000,-25.4658293325,-49.2964992072,POINT (-49.2964992072 -25.4658293325)
2014-06-07 15:14:00.000000,-25.4658293325,-49.2964992072,POINT (-49.2964992072 -25.4658293325)
2014-06-07 15:14:10.000000,-25.4658293325,-49.2964992072,POINT (-49.2964992072 -25.4658293325)
2014-06-07 15:14:20.000000,-25.4658293325,-49.2964992072,POINT (-49.2964992072 -25.4658293325)
2014-06-07 15:14:30.000000,-25.4658293325,-49.2964992072,POINT (-49.2964992072 -25.4658293325)
2014-06-07 15:14:40.000000,-25.4658293325,-49.2964992072,POINT (-49.2964992072 -25.4658293325)
2014-06-07 15:14:50.000000,-25.4658293325,-49.2964992072,POINT (-49.2964992072 -25.4658293325)
2014-06-07 15:15:00.000000,-25.4658293325,-49.2964992072,POINT (-49.2964992072 -25.4658293325)
2014-06-07 15:15:10.000000,-25.4658293325,-49.2964992072,POINT (-49.2964992072 -25.4658293325)
2014-06-07 15:15:20.000000,-25.4658293325,-49.2964992072,POINT (-49.2964992072 -25.4658293325)
2014-06-07 15:15:30.000000,-25.4658293325,-49.2964992072,POINT (-49.2964992072 -25.4658293325)
2014-06-07 15:15:40.000000,-25.4658293325,-49.2964992072,POINT (-49.2964992072 -25.4658293325)
2014-06-07 15:15:50.000000,-25.4658293325,-49.2964992072,POINT (-49.2964992072 -25.4658293325)
2014-06-07 15:16:00.000000,-25.4658293325,-49.2964992072,POINT (-49.2964992072 -25.4658293325)
2014-06-07 15:16:10.000000,-25.4658293325,-49.2964992072,POINT (-49.2964992072 -25.4658293325)
2014-06-07 15:16:20.000000,-25.4658293325,-49.2964992072,POINT (-49.2964992072 -25.4658293325)
2014-06-07 15:16:30.000000,-25.4658293325,-49.2964992072,POINT (-49.2964992072 -25.4658293325)
2014-06-07 15:16:40.000000,-25.4658293325,-49.2964992072,POINT (-49.2964992072 -25.4658293325)
2014-06-07 15:16:50.000000,-25.4658293325,-49.2964992072,POINT (-49.2964992072 -25.4658293325)
2014-06-07 15:17:00.000000,-25.4658293325,-49.2964992072,POINT (-49.2964992072 -25.4658293325)
2014-06-07 15:17:10.000000,-25.4658293325,-49.2964992072,POINT (-49.2964992072 -25.4658293325)
2014-06-07 15:17:20.000000,-25.4658293325,-49.2964992072,POINT (-49.2964992072 -25.4658293325)
2014-06-07 15:17:30.000000,-25.4658293325,-49.2964992072,POINT (-49.2964992072 -25.4658293325)
2014-06-07 15:17:40.000000,-25.4658293325,-49.2964992072,POINT (-49.2964992072 -25.4658293325)
2014-06-07 15:17:50.000000,-25.4658293325,-49.2964992072,POINT (-49.2964992072 -25.4658293325)
2014-06-07 15:18:00.000000,-25.4658293325,-49.2964992072,POINT (-49.2964992072 -25.4658293325)
2014-06-07 15:18:10.000000,-25.4658293325,-49.2964992072,POINT (-49.2964992072 -25.4658293325)
2014-06-07 15:18:20.000000,-25.4658293325,-49.2964992072,POINT (-49.2964992072 -25.4658293325)
2014-06-07 15:18:30.000000,-25.4658293325,-49.2964992072,POINT (-49.2964992072 -25.4658293325)
2014-06-07 15:18:40.000000,-25.4658293325,-49.2964992072,POINT (-49.2964992072 -25.4658293325)
2014-06-07 15:18:50.000000,-25.4658293325,-49.2964992072,POINT (-49.2964992072 -25.4658293325)
2014-06-07 15:19:00.000000,-25.4658293325,-49.2964992072,POINT (-49.2964992072 -25.4658293325)
2014-06-07 15:19:10.000000,-25.4658293325,-49.2964992072,POINT (-49.2964992072 -25.4658293325)
2014-06-07 15:19:20.000000,-25.4658293325,-49.2964992072,POINT (-49.2964992072 -25.4658293325)
2014-06-07 15:19:30.000000,-25.4658293325,-49.2964992072,POINT (-49.2964992072 -25.4658293325)
2014-06-07 15:19:40.000000,-25.4658293325,-49.2964992072,POINT (-49.2964992072 -25.4658293325)
2014-06-07 15:19:50.000000,-25.4658293325,-49.2964992072,POINT (-49.2964992072 -25.4658293325)
2014-06-07 15:20:00.000000,-25.4658293325,-49.2964992072,POINT (-49.2964992072 -25.4658293325)
2014-06-07 15:20:10.000000,-25.4658293325,-49.2964992072,POINT (-49.2964992072 -25.4658293325)
2014-06-07 15:20:20.000000,-25.4658293325,-49.2964992072,POINT (-49.2964992072 -25.4658293325)
2014-06-07 15:20:30.000000,-25.4658293325,-49.2964992072,POINT (-49.2964992072 -25.4658293325)
2014-06-07 15:20:40.000000,-25.4658293325,-49.2964992072,POINT (-49.2964992072 -25.4658293325)
2014-06-07 15:20:50.000000,-25.4658293325,-49.2964992072,POINT (-49.2964992072 -25.4658293325)
2014-06-07 15:21:00.000000,-25.4658293325,-49.2964992072,POINT (-49.2964992072 -25.4658293325)
2014-06-07 15:21:10.000000,-25.4658293325,-49.2964992072,POINT (-49.2964992072 -25.4658293325)
2014-06-07 15:21:20.000000,-25.4658293325,-49.2964992072,POINT (-49.2964992072 -25.4658293325)
2014-06-07 15:21:30.000000,-25.4658293325,-49.2964992072,POINT (-49.2964992072 -25.4658293325)
2014-06-07 15:21:40.000000,-25.4658293325,-49.2964992072,POINT (-49.2964992072 -25.4658293325)
2014-06-07 15:21:50.000000,-25.4658293325,-49.2964992072,POINT (-49.2964992072 -25.4658293325)
2014-06-07 15:22:00.000000,-25.4658293325,-49.2964992072,POINT (-49.2964992072 -25.4658293325)
2014-06-07 15:22:10.000000,-25.4658293325,-49.2964992072,POINT (-49.2964992072 -25.4658293325)
2014-06-07 15:22:20.000000,-25.4658293325,-49.2964992072,POINT (-49.2964992072 -25.4658293325)
2014-06-07 15:22:30.000000,-25.4658293325,-49.2964992072,POINT (-49.2964992072 -25.4658293325)
2014-06-07 15:22:40.000000,-25.4658293325,-49.2964992072,POINT (-49.2964992072 -25.4658293325)
2014-06-07 15:22:50.000000,-25.4658293325,-49.2964992072,POINT (-49.2964992072 -25.4658293325)
2014-06-07 15:23:00.000000,-25.4658293325,-49.2964992072,POINT (-49.2964992072 -25.4658293325)
2014-06-07 15:23:10.000000,-25.4658293325,-49.2964992072,POINT (-49.2964992072 -25.4658293325)
2014-06-07 15:23:20.000000,-25.4658293325,-49.2964992072,POINT (-49.2964992072 -25.4658293325)
2014-06-07 15:23:30.000000,-25.4658293325,-49.2964992072,POINT (-49.2964992072 -25.4658293325)
2014-06-07 15:23:40.000000,-25.4658293325,-49.2964992072,POINT (-49.2964992072 -25.4658293325)
2014-06-07 15:23:50.000000,-25.4658293325,-49.2964992072,POINT (-49.2964992072 -25.4658293325)
2014-06-07 15:24:00.000000,-25.4658293325,-49.2964992072,POINT (-49.2964992072 -25.4658293325)
2014-06-07 15:24:10.000000,-25.4658293325,-49.2964992072,POINT (-49.2964992072 -25.4658293325)
2014-06-07 15:24:20.000000,-25.4658293325,-49.2964992072,POINT (-49.2964992072 -25.4658293325)
2014-06-07 15:24:30.000000,-25.4658293325,-49.2964992072,POINT (-49.2964992072 -25.4658293325)
2014-06-07 15:24:40.000000,-25.4658293325,-49.2964992072,POINT (-49.2964992072 -25.4658293325)
2014-06-07 15:24:50.000000,-25.4658293325,-49.2964992072,POINT (-49.2964992072 -25.4658293325)
2014-06-07 15:25:00.000000,-25.4658293325,-49.2964992072,POINT (-49.2964992072 -25.4658293325)
2014-06-07 15:25:10.000000,-25.4658293325,-49.2964992072,POINT (-49.2964992072 -25.4658293325)
2014-06-07 15:25:20.000000,-25.4658293325,-49.2964992072,POINT (-49.2964992072 -25.4658293325)
2014-06-07 15:25:30.000000,-25.4658293325,-49.2964992072,POINT (-49.2964992072 -25.4658293325)
2014-06-07 15:25:40.000000,-25.4658293325,-49.2964992072,POINT (-49.2964992072 -25.4658293325)
2014-06-07 15:25:50.000000,-25.4658293325,-49.2964992072,POINT (-49.2964992072 -25.4658293325)
2014-06-07 15:26:00.000000,-25.4658293325,-49.2964992072,POINT (-49.2964992072 -25.4658293325)
2014-06-07 15:26:10.000000,-25.4658293325,-49.2964992072,POINT (-49.2964992072 -25.4658293325)
2014-06-07 15:26:20.000000,-25.4658293325,-49.2964992072,POINT (-49.2964992072 -25.4658293325)
2014-06-07 15:26:30.000000,-25.4658293325,-49.2964992072,POINT (-49.2964992072 -25.4658293325)
2014-06-07 15:26:40.000000,-25.4658293325,-49.2964992072,POINT (-49.2964992072 -25.4658293325)
2014-06-07 15:26:50.000000,-25.4658293325,-49.2964992072,POINT (-49.2964992072 -25.4658293325)
2014-06-07 15:27:00.000000,-25.4658293325,-49.2964992072,POINT (-49.2964992072 -25.4658293325)
2014-06-07 15:27:10.000000,-25.4658293325,-49.2964992072,POINT (-49.2964992072 -25.4658293325)
2014-06-07 15:27:20.000000,-25.4658293325,-49.2964992072,POINT (-49.2964992072 -25.4658293325)
2014-06-07 15:27:30.000000,-25.4658293325,-49.2964992072,POINT (-49.2964992072 -25.4658293325)
2014-06-07 15:27:40.000000,-25.4658293325,-49.2964992072,POINT (-49.2964992072 -25.4658293325)
2014-06-07 15:27:50.000000,-25.4658293325,-49.2964992072,POINT (-49.2964992072 -25.4658293325)
2014-06-07 15:28:00.000000,-25.4658293325,-49.2964992072,POINT (-49.2964992072 -25.4658293325)
2014-06-07 15:28:10.000000,-25.4658293325,-49.2964992072,POINT (-49.2964992072 -25.4658293325)
2014-06-07 15:28:20.000000,-25.4658293325,-49.2964992072,POINT (-49.2964992072 -25.4658293325)
2014-06-07 15:28:30.000000,-25.4658293325,-49.2964992072,POINT (-49.2964992072 -25.4658293325)
2014-06-07 15:28:40.000000,-25.4658293325,-49.2964992072,POINT (-49.2964992072 -25.4658293325)
2014-06-07 15:28:50.000000,-25.4658293325,-49.2964992072,POINT (-49.2964992072 -25.4658293325)
2014-06-07 15:29:00.000000,-25.4658293325,-49.2964992072,POINT (-49.2964992072 -25.4658293325)
2014-06-07 15:29:10.000000,-25.4658293325,-49.2964992072,POINT (-49.2964992072 -25.4658293325)
2014-06-07 15:29:20.000000,-25.4658293325,-49.2964992072,POINT (-49.2964992072 -25.4658293325)
2014-06-07 15:29:30.000000,-25.4658293325,-49.2964992072,POINT (-49.2964992072 -25.4658293325)
2014-06-07 15:29:40.000000,-25.4658293325,-49.2964992072,POINT (-49.2964992072 -25.4658293325)
2014-06-07 15:29:50.000000,-25.4658293325,-49.2964992072,POINT (-49.2964992072 -25.4658293325)
2014-06-07 15:30:00.000000,-25.4658293325,-49.2964992072,POINT (-49.2964992072 -25.4658293325)
2014-06-07 15:30:10.000000,-25.4658293325,-49.2964992072,POINT (-49.2964992072 -25.4658293325)
2014-06-07 15:30:20.000000,-25.4658293325,-49.2964992072,POINT (-49.2964992072 -25.4658293325)
2014-06-07 15:30:30.000000,-25.4658293325,-49.2964992072,POINT (-49.2964992072 -25.4658293325)
2014-06-07 15:30:40.000000,-25.4658293325,-49.2964992072,POINT (-49.2964992072 -25.4658293325)
2014-06-07 15:30:50.000000,-25.4658293325,-49.2964992072,POINT (-49.2964992072 -25.4658293325)
2014-06-07 15:31:00.000000,-25.4658293325,-49.2964992072,POINT (-49.2964992072 -25.4658293325)
2014-06-07 15:31:10.000000,-25.4658293325,-49.2964992072,POINT (-49.2964992072 -25.4658293325)
2014-06-07 15:31:20.000000,-25.4658293325,-49.2964992072,POINT (-49.2964992072 -25.4658293325)
2014-06-07 15:31:30.000000,-25.4658293325,-49.2964992072,POINT (-49.2964992072 -25.4658293325)
2014-06-07 15:31:40.000000,-25.4658293325,-49.2964992072,POINT (-49.2964992072 -25.4658293325)
2014-06-07 15:31:50.000000,-25.4658293325,-49.2964992072,POINT (-49.2964992072 -25.4658293325)
2014-06-07 15:32:00.000000,-25.4658293325,-49.2964992072,POINT (-49.2964992072 -25.4658293325)
2014-06-07 15:32:10.000000,-25.4658293325,-49.2964992072,POINT (-49.2964992072 -25.4658293325)
2014-06-07 15:32:20.000000,-25.4658293325,-49.2964992072,POINT (-49.2964992072 -25.4658293325)
2014-06-07 15:32:30.000000,-25.4658293325,-49.2964992072,POINT (-49.2964992072 -25.4658293325)
2014-06-07 15:32:40.000000,-25.4658293325,-49.2964992072,POINT (-49.2964992072 -25.4658293325)
2014-06-07 15:32:50.000000,-25.4658293325,-49.2964992072,POINT (-49.2964992072 -25.4658293325)
2014-06-07 15:33:00.000000,-25.4658293325,-49.2964992072,POINT (-49.2964992072 -25.4658293325)
2014-06-07 15:33:10.000000,-25.4658293325,-49.2964992072,POINT (-49.2964992072 -25.4658293325)
2014-06-07 15:33:20.000000,-25.4658293325,-49.2964992072,POINT (-49.2964992072 -25.4658293325)
2014-06-07 15:33:30.000000,-25.4658293325,-49.2964992072,POINT (-49.2964992072 -25.4658293325)
2014-06-07 15:33:40.000000,-25.4658293325,-49.2964992072,POINT (-49.2964992072 -25.4658293325)
2014-06-07 15:33:50.000000,-25.4658293325,-49.2964992072,POINT (-49.2964992072 -25.4658293325)
2014-06-07 15:34:00.000000,-25.4658293325,-49.2964992072,POINT (-49.2964992072 -25.4658293325)
2014-06-07 15:34:10.000000,-25.4658293325,-49.2964992072,POINT (-49.2964992072 -25.4658293325)
2014-06-07 15:34:20.000000,-25.4658293325,-49.2964992072,POINT (-49.2964992072 -25.4658293325)
2014-06-07 15:34:30.000000,-25.4658293325,-49.2964992072,POINT (-49.2964992072 -25.4658293325)
2014-06-07 15:34:40.000000,-25.4658293325,-49.2964992072,POINT (-49.2964992072 -25.4658293325)
2014-06-07 15:34:50.000000,-25.4658293325,-49.2964992072,POINT (-49.2964992072 -25.4658293325)
2014-06-07 15:35:00.000000,-25.4658293325,-49.2964992072,POINT (-49.2964992072 -25.4658293325)
2014-06-07 15:35:10.000000,-25.4658293325,-49.2964992072,POINT (-49.2964992072 -25.4658293325)
2014-06-07 15:35:20.000000,-25.4658293325,-49.2964992072,POINT (-49.2964992072 -25.4658293325)
2014-06-07 15:35:30.000000,-25.4658293325,-49.2964992072,POINT (-49.2964992072 -25.4658293325)
2014-06-07 15:35:40.000000,-25.4658293325,-49.2964992072,POINT (-49.2964992072 -25.4658293325)
2014-06-07 15:35:50.000000,-25.4658293325,-49.2964992072,POINT (-49.2964992072 -25.4658293325)
2014-06-07 15:36:00.000000,-25.4658293325,-49.2964992072,POINT (-49.2964992072 -25.4658293325)
2014-06-07 15:36:10.000000,-25.4658293325,-49.2964992072,POINT (-49.2964992072 -25.4658293325)
2014-06-07 15:36:20.000000,-25.4658293325,-49.2964992072,POINT (-49.2964992072 -25.4658293325)
2014-06-07 15:36:30.000000,-25.4658293325,-49.2964992072,POINT (-49.2964992072 -25.4658293325)
2014-06-07 15:36:40.000000,-25.4658293325,-49.2964992072,POINT (-49.2964992072 -25.4658293325)
2014-06-07 15:36:50.000000,-25.4658293325,-49.2964992072,POINT (-49.2964992072 -25.4658293325)
2014-06-07 15:37:00.000000,-25.4658293325,-49.2964992072,POINT (-49.2964992072 -25.4658293325)
2014-06-07 15:37:10.000000,-25.4658293325,-49.2964992072,POINT (-49.2964992072 -25.4658293325)
2014-06-07 15:37:20.000000,-25.4658293325,-49.2964992072,POINT (-49.2964992072 -25.4658293325)
2014-06-07 15:37:30.000000,-25.4658293325,-49.2964992072,POINT (-49.2964992072 -25.4658293325)
2014-06-07 15:37:40.000000,-25.4658293325,-49.2964992072,POINT (-49.2964992072 -25.4658293325)
2014-06-07 15:37:50.000000,-25.4658293325,-49.2964992072,POINT (-49.2964992072 -25.4658293325)
2014-06-07 15:38:00.000000,-25.4658293325,-49.2964992072,POINT (-49.2964992072 -25.4658293325)
2014-06-07 15:38:10.000000,-25.4658293325,-49.2964992072,POINT (-49.2964992072 -25.4658293325)
2014-06-07 15:38:20.000000,-25.4658293325,-49.2964992072,POINT (-49.2964992072 -25.4658293325)
2014-06-07 15:38:30.000000,-25.4658293325,-49.2964992072,POINT (-49.2964992072 -25.4658293325)
2014-06-07 15:38:40.000000,-25.4658293325,-49.2964992072,POINT (-49.2964992072 -25.4658293325)
2014-06-07 15:38:50.000000,-25.4658293325,-49.2964992072,POINT (-49.2964992072 -25.4658293325)
2014-06-07 15:39:00.000000,-25.4658293325,-49.2964992072,POINT (-49.2964992072 -25.4658293325)
2014-06-07 15:39:10.000000,-25.4658293325,-49.2964992072,POINT (-49.2964992072 -25.4658293325)
2014-06-07 15:39:20.000000,-25.4658293325,-49.2964992072,POINT (-49.2964992072 -25.4658293325)
2014-06-07 15:39:30.000000,-25.4658293325,-49.2964992072,POINT (-49.2964992072 -25.4658293325)
2014-06-07 15:39:40.000000,-25.4658293325,-49.2964992072,POINT (-49.2964992072 -25.4658293325)
2014-06-07 15:39:50.000000,-25.4658293325,-49.2964992072,POINT (-49.2964992072 -25.4658293325)
2014-06-07 15:40:00.000000,-25.4658293325,-49.2964992072,POINT (-49.2964992072 -25.4658293325)
2014-06-07 15:40:10.000000,-25.4658293325,-49.2964992072,POINT (-49.2964992072 -25.4658293325)
2014-06-07 15:40:20.000000,-25.4658293325,-49.2964992072,POINT (-49.2964992072 -25.4658293325)
2014-06-07 15:40:30.000000,-25.4658293325,-49.2964992072,POINT (-49.2964992072 -25.4658293325)
2014-06-07 15:40:40.000000,-25.4658293325,-49.2964992072,POINT (-49.2964992072 -25.4658293325)
2014-06-07 15:40:50.000000,-25.4658293325,-49.2964992072,POINT (-49.2964992072 -25.4658293325)
2014-06-07 15:41:00.000000,-25.4658293325,-49.2964992072,POINT (-49.2964992072 -25.4658293325)
2014-06-07 15:41:10.000000,-25.4658293325,-49.2964992072,POINT (-49.2964992072 -25.4658293325)
2014-06-07 15:41:20.000000,-25.4658293325,-49.2964992072,POINT (-49.2964992072 -25.4658293325)
2014-06-07 15:41:30.000000,-25.4658293325,-49.2964992072,POINT (-49.2964992072 -25.4658293325)
2014-06-07 15:41:40.000000,-25.4658293325,-49.2964992072,POINT (-49.2964992072 -25.4658293325)
2014-06-07 15:41:50.000000,-25.4658293325,-49.2964992072,POINT (-49.2964992072 -25.4658293325)
2014-06-07 15:42:00.000000,-25.4658293325,-49.2964992072,POINT (-49.2964992072 -25.4658293325)
2014-06-07 15:42:10.000000,-25.4658293325,-49.2964992072,POINT (-49.2964992072 -25.4658293325)
2014-06-07 15:42:20.000000,-25.4658293325,-49.2964992072,POINT (-49.2964992072 -25.4658293325)
2014-06-07 15:42:30.000000,-25.4658293325,-49.2964992072,POINT (-49.2964992072 -25.4658293325)
2014-06-07 15:42:40.000000,-25.4658293325,-49.2964992072,POINT (-49.2964992072 -25.4658293325)
2014-06-07 15:42:50.000000,-25.4658293325,-49.2964992072,POINT (-49.2964992072 -25.4658293325)
2014-06-07 15:43:00.000000,-25.4658293325,-49.2964992072,POINT (-49.2964992072 -25.4658293325)
2014-06-07 15:43:10.000000,-25.4658293325,-49.2964992072,POINT (-49.2964992072 -25.4658293325)
2014-06-07 15:43:20.000000,-25.4658293325,-49.2964992072,POINT (-49.2964992072 -25.4658293325)
2014-06-07 15:43:30.000000,-25.4658293325,-49.2964992072,POINT (-49.2964992072 -25.4658293325)
2014-06-07 15:43:40.000000,-25.4658293325,-49.2964992072,POINT (-49.2964992072 -25.4658293325)
2014-06-07 15:43:50.000000,-25.4658293325,-49.2964992072,POINT (-49.2964992072 -25.4658293325)
2014-06-07 15:44:00.000000,-25.4658293325,-49.2964992072,POINT (-49.2964992072 -25.4658293325)
2014-06-07 15:44:10.000000,-25.4658293325,-49.2964992072,POINT (-49.2964992072 -25.4658293325)
2014-06-07 15:44:20.000000,-25.4658293325,-49.2964992072,POINT (-49.2964992072 -25.4658293325)
2014-06-07 15:44:30.000000,-25.4658293325,-49.2964992072,POINT (-49.2964992072 -25.4658293325)
2014-06-07 15:44:40.000000,-25.4658293325,-49.2964992072,POINT (-49.2964992072 -25.4658293325)
2014-06-07 15:44:50.000000,-25.4658293325,-49.2964992072,POINT (-49.2964992072 -25.4658293325)
2014-06-07 15:45:00.000000,-25.4658293325,-49.2964992072,POINT (-49.2964992072 -25.4658293325)
2014-06-07 15:45:10.000000,-25.4658293325,-49.2964992072,POINT (-49.2964992072 -25.4658293325)
2014-06-07 15:45:20.000000,-25.4658293325,-49.2964992072,POINT (-49.2964992072 -25.4658293325)
2014-06-07 15:45:30.000000,-25.4658293325,-49.2964992072,POINT (-49.2964992072 -25.4658293325)
2014-06-07 15:45:40.000000,-25.4658293325,-49.2964992072,POINT (-49.2964992072 -25.4658293325)
2014-06-07 15:45:50.000000,-25.4658293325,-49.2964992072,POINT (-49.2964992072 -25.4658293325)
2014-06-07 15:46:00.000000,-25.4658293325,-49.2964992072,POINT (-49.2964992072 -25.4658293325)
2014-06-07 15:46:10.000000,-25.4658293325,-49.2964992072,POINT (-49.2964992072 -25.4658293325)
2014-06-07 15:46:20.000000,-25.4658293325,-49.2964992072,POINT (-49.2964992072 -25.4658293325)
2014-06-07 15:46:30.000000,-25.4658293325,-49.2964992072,POINT (-49.2964992072 -25.4658293325)
2014-06-07 15:46:40.000000,-25.4658293325,-49.2964992072,POINT (-49.2964992072 -25.4658293325)
2014-06-07 15:46:50.000000,-25.4658293325,-49.2964992072,POINT (-49.2964992072 -25.4658293325)
2014-06-07 15:47:00.000000,-25.4658293325,-49.2964992072,POINT (-49.2964992072 -25.4658293325)
2014-06-07 15:47:10.000000,-25.4658293325,-49.2964992072,POINT (-49.2964992072 -25.4658293325)
2014-06-07 15:47:20.000000,-25.4658293325,-49.2964992072,POINT (-49.2964992072 -25.4658293325)
2014-06-07 15:47:30.000000,-25.4658293325,-49.2964992072,POINT (-49.2964992072 -25.4658293325)
2014-06-07 15:47:40.000000,-25.4658293325,-49.2964992072,POINT (-49.2964992072 -25.4658293325)
2014-06-07 15:47:50.000000,-25.4658293325,-49.2964992072,POINT (-49.2964992072 -25.4658293325)
2014-06-07 15:48:00.000000,-25.4658293325,-49.2964992072,POINT (-49.2964992072 -25.4658293325)
2014-06-07 15:48:10.000000,-25.4658293325,-49.2964992072,POINT (-49.2964992072 -25.4658293325)
2014-06-07 15:48:20.000000,-25.4658293325,-49.2964992072,POINT (-49.2964992072 -25.4658293325)
2014-06-07 15:48:30.000000,-25.4658293325,-49.2964992072,POINT (-49.2964992072 -25.4658293325)
2014-06-07 15:48:40.000000,-25.4658293325,-49.2964992072,POINT (-49.2964992072 -25.4658293325)
2014-06-07 15:48:50.000000,-25.4658293325,-49.2964992072,POINT (-49.2964992072 -25.4658293325)
2014-06-07 15:49:00.000000,-25.4658293325,-49.2964992072,POINT (-49.2964992072 -25.4658293325)
2014-06-07 15:49:10.000000,-25.4658293325,-49.2964992072,POINT (-49.2964992072 -25.4658293325)
2014-06-07 15:49:20.000000,-25.4658293325,-49.2964992072,POINT (-49.2964992072 -25.4658293325)
2014-06-07 15:49:30.000000,-25.4658293325,-49.2964992072,POINT (-49.2964992072 -25.4658293325)
2014-06-07 15:49:40.000000,-25.4658293325,-49.2964992072,POINT (-49.2964992072 -25.4658293325)
2014-06-07 15:49:50.000000,-25.4658293325,-49.2964992072,POINT (-49.2964992072 -25.4658293325)
2014-06-07 15:50:00.000000,-25.4658293325,-49.2964992072,POINT (-49.2964992072 -25.4658293325)
2014-06-07 15:50:10.000000,-25.4658293325,-49.2964992072,POINT (-49.2964992072 -25.4658293325)
2014-06-07 15:50:20.000000,-25.4658293325,-49.2964992072,POINT (-49.2964992072 -25.4658293325)
2014-06-07 15:50:30.000000,-25.4658293325,-49.2964992072,POINT (-49.2964992072 -25.4658293325)
2014-06-07 15:50:40.000000,-25.4658293325,-49.2964992072,POINT (-49.2964992072 -25.4658293325)
2014-06-07 15:50:50.000000,-25.4658293325,-49.2964992072,POINT (-49.2964992072 -25.4658293325)
2014-06-07 15:51:00.000000,-25.4658293325,-49.2964992072,POINT (-49.2964992072 -25.4658293325)
2014-06-07 15:51:10.000000,-25.4658293325,-49.2964992072,POINT (-49.2964992072 -25.4658293325)
2014-06-07 15:51:20.000000,-25.4658293325,-49.2964992072,POINT (-49.2964992072 -25.4658293325)
2014-06-07 15:51:30.000000,-25.4658293325,-49.2964992072,POINT (-49.2964992072 -25.4658293325)
2014-06-07 15:51:40.000000,-25.4658293325,-49.2964992072,POINT (-49.2964992072 -25.4658293325)
2014-06-07 15:51:50.000000,-25.4658293325,-49.2964992072,POINT (-49.2964992072 -25.4658293325)
2014-06-07 15:52:00.000000,-25.4658293325,-49.2964992072,POINT (-49.2964992072 -25.4658293325)
2014-06-07 15:52:10.000000,-25.4658293325,-49.2964992072,POINT (-49.2964992072 -25.4658293325)
2014-06-07 15:52:20.000000,-25.4658293325,-49.2964992072,POINT (-49.2964992072 -25.4658293325)
2014-06-07 15:52:30.000000,-25.4658293325,-49.2964992072,POINT (-49.2964992072 -25.4658293325)
2014-06-07 15:52:40.000000,-25.4658293325,-49.2964992072,POINT (-49.2964992072 -25.4658293325)
2014-06-07 15:52:50.000000,-25.4658293325,-49.2964992072,POINT (-49.2964992072 -25.4658293325)
2014-06-07 15:53:00.000000,-25.4658293325,-49.2964992072,POINT (-49.2964992072 -25.4658293325)
2014-06-07 15:53:10.000000,-25.4658293325,-49.2964992072,POINT (-49.2964992072 -25.4658293325)
2014-06-07 15:53:20.000000,-25.4658293325,-49.2964992072,POINT (-49.2964992072 -25.4658293325)
2014-06-07 15:53:30.000000,-25.4658293325,-49.2964992072,POINT (-49.2964992072 -25.4658293325)
2014-06-07 15:53:40.000000,-25.4658293325,-49.2964992072,POINT (-49.2964992072 -25.4658293325)
2014-06-07 15:53:50.000000,-25.4658293325,-49.2964992072,POINT (-49.2964992072 -25.4658293325)
2014-06-07 15:54:00.000000,-25.4658293325,-49.2964992072,POINT (-49.2964992072 -25.4658293325)
2014-06-07 15:54:10.000000,-25.4658293325,-49.2964992072,POINT (-49.2964992072 -25.4658293325)
2014-06-07 15:54:20.000000,-25.4658293325,-49.2964992072,POINT (-49.2964992072 -25.4658293325)
2014-06-07 15:54:30.000000,-25.4658293325,-49.2964992072,POINT (-49.2964992072 -25.4658293325)
2014-06-07 15:54:40.000000,-25.4658293325,-49.2964992072,POINT (-49.2964992072 -25.4658293325)
2014-06-07 15:54:50.000000,-25.4658293325,-49.2964992072,POINT (-49.2964992072 -25.4658293325)
2014-06-07 15:55:00.000000,-25.4658293325,-49.2964992072,POINT (-49.2964992072 -25.4658293325)
2014-06-07 15:55:10.000000,-25.4658293325,-49.2964992072,POINT (-49.2964992072 -25.4658293325)
2014-06-07 15:55:20.000000,-25.4658293325,-49.2964992072,POINT (-49.2964992072 -25.4658293325)
2014-06-07 15:55:30.000000,-25.4658293325,-49.2964992072,POINT (-49.2964992072 -25.4658293325)
2014-06-07 15:55:40.000000,-25.4658293325,-49.2964992072,POINT (-49.2964992072 -25.4658293325)
2014-06-07 15:55:50.000000,-25.4658293325,-49.2964992072,POINT (-49.2964992072 -25.4658293325)
2014-06-07 15:56:00.000000,-25.4658293325,-49.2964992072,POINT (-49.2964992072 -25.4658293325)
2014-06-07 15:56:10.000000,-25.4658293325,-49.2964992072,POINT (-49.2964992072 -25.4658293325)
2014-06-07 15:56:20.000000,-25.4658293325,-49.2964992072,POINT (-49.2964992072 -25.4658293325)
2014-06-07 15:56:30.000000,-25.4658293325,-49.2964992072,POINT (-49.2964992072 -25.4658293325)
2014-06-07 15:56:40.000000,-25.4658293325,-49.2964992072,POINT (-49.2964992072 -25.4658293325)
2014-06-07 15:56:50.000000,-25.4658293325,-49.2964992072,POINT (-49.2964992072 -25.4658293325)
2014-06-07 15:57:00.000000,-25.4658293325,-49.2964992072,POINT (-49.2964992072 -25.4658293325)
2014-06-07 15:57:10.000000,-25.4658293325,-49.2964992072,POINT (-49.2964992072 -25.4658293325)
2014-06-07 15:57:20.000000,-25.4658293325,-49.2964992072,POINT (-49.2964992072 -25.4658293325)
2014-06-07 15:57:30.000000,-25.4658293325,-49.2964992072,POINT (-49.2964992072 -25.4658293325)
2014-06-07 15:57:40.000000,-25.4658293325,-49.2964992072,POINT (-49.2964992072 -25.4658293325)
2014-06-07 15:57:50.000000,-25.4658293325,-49.2964992072,POINT (-49.2964992072 -25.4658293325)
2014-06-07 15:58:00.000000,-25.4658293325,-49.2964992072,POINT (-49.2964992072 -25.4658293325)
2014-06-07 15:58:10.000000,-25.4658293325,-49.2964992072,POINT (-49.2964992072 -25.4658293325)
2014-06-07 15:58:20.000000,-25.4658293325,-49.2964992072,POINT (-49.2964992072 -25.4658293325)
2014-06-07 15:58:30.000000,-25.4658293325,-49.2964992072,POINT (-49.2964992072 -25.4658293325)
2014-06-07 15:58:40.000000,-25.4658293325,-49.2964992072,POINT (-49.2964992072 -25.4658293325)
2014-06-07 15:58:50.000000,-25.4658293325,-49.2964992072,POINT (-49.2964992072 -25.4658293325)
2014-06-07 15:59:00.000000,-25.4658293325,-49.2964992072,POINT (-49.2964992072 -25.4658293325)
2014-06-07 15:59:10.000000,-25.4658293325,-49.2964992072,POINT (-49.2964992072 -25.4658293325)
2014-06-07 15:59:20.000000,-25.4658293325,-49.2964992072,POINT (-49.2964992072 -25.4658293325)
2014-06-07 15:59:30.000000,-25.4658293325,-49.2964992072,POINT (-49.2964992072 -25.4658293325)
2014-06-07 15:59:40.000000,-25.4658293325,-49.2964992072,POINT (-49.2964992072 -25.4658293325)
2014-06-07 15:59:50.000000,-25.4658293325,-49.2964992072,POINT (-49.2964992072 -25.4658293325)
2014-06-07 16:00:00.000000,-25.4660356769,-49.2959743059,POINT (-49.2959743059 -25.4660356769)
2014-06-07 16:00:10.000000,-25.4660356769,-49.2959743059,POINT (-49.2959743059 -25.4660356769)
2014-06-07 16:00:20.000000,-25.4660356769,-49.2959743059,POINT (-49.2959743059 -25.4660356769)
2014-06-07 16:00:30.000000,-25.4660356769,-49.2959743059,POINT (-49.2959743059 -25.4660356769)
2014-06-07 16:00:40.000000,-25.4660356769,-49.2959743059,POINT (-49.2959743059 -25.4660356769)
2014-06-07 16:00:50.000000,-25.4660356769,-49.2959743059,POINT (-49.2959743059 -25.4660356769)
2014-06-07 16:01:00.000000,-25.4660356769,-49.2959743059,POINT (-49.2959743059 -25.4660356769)
2014-06-07 16:01:10.000000,-25.4660356769,-49.2959743059,POINT (-49.2959743059 -25.4660356769)
2014-06-07 16:01:20.000000,-25.4660356769,-49.2959743059,POINT (-49.2959743059 -25.4660356769)
2014-06-07 16:01:30.000000,-25.4660356769,-49.2959743059,POINT (-49.2959743059 -25.4660356769)
2014-06-07 16:01:40.000000,-25.4660356769,-49.2959743059,POINT (-49.2959743059 -25.4660356769)
2014-06-07 16:01:50.000000,-25.4660356769,-49.2959743059,POINT (-49.2959743059 -25.4660356769)
2014-06-07 16:02:00.000000,-25.4660356769,-49.2959743059,POINT (-49.2959743059 -25.4660356769)
2014-06-07 16:02:10.000000,-25.4660356769,-49.2959743059,POINT (-49.2959743059 -25.4660356769)
2014-06-07 16:02:20.000000,-25.4660356769,-49.2959743059,POINT (-49.2959743059 -25.4660356769)
2014-06-07 16:02:30.000000,-25.4660356769,-49.2959743059,POINT (-49.2959743059 -25.4660356769)
2014-06-07 16:02:40.000000,-25.4660356769,-49.2959743059,POINT (-49.2959743059 -25.4660356769)
2014-06-07 16:02:50.000000,-25.4660356769,-49.2959743059,POINT (-49.2959743059 -25.4660356769)
2014-06-07 16:03:00.000000,-25.4660356769,-49.2959743059,POINT (-49.2959743059 -25.4660356769)
2014-06-07 16:03:10.000000,-25.4660356769,-49.2959743059,POINT (-49.2959743059 -25.4660356769)
2014-06-07 16:03:20.000000,-25.4660356769,-49.2959743059,POINT (-49.2959743059 -25.4660356769)
2014-06-07 16:03:30.000000,-25.4660356769,-49.2959743059,POINT (-49.2959743059 -25.4660356769)
2014-06-07 16:03:40.000000,-25.4660356769,-49.2959743059,POINT (-49.2959743059 -25.4660356769)
2014-06-07 16:03:50.000000,-25.4660356769,-49.2959743059,POINT (-49.2959743059 -25.4660356769)
2014-06-07 16:04:00.000000,-25.4660356769,-49.2959743059,POINT (-49.2959743059 -25.4660356769)
2014-06-07 16:04:10.000000,-25.4660356769,-49.2959743059,POINT (-49.2959743059 -25.4660356769)
2014-06-07 16:04:20.000000,-25.4660356769,-49.2959743059,POINT (-49.2959743059 -25.4660356769)
2014-06-07 16:04:30.000000,-25.4660356769,-49.2959743059,POINT (-49.2959743059 -25.4660356769)
2014-06-07 16:04:40.000000,-25.4660356769,-49.2959743059,POINT (-49.2959743059 -25.4660356769)
2014-06-07 16:04:50.000000,-25.4660356769,-49.2959743059,POINT (-49.2959743059 -25.4660356769)
2014-06-07 16:05:00.000000,-25.4660356769,-49.2959743059,POINT (-49.2959743059 -25.4660356769)
2014-06-07 16:05:10.000000,-25.4660356769,-49.2959743059,POINT (-49.2959743059 -25.4660356769)
2014-06-07 16:05:20.000000,-25.4660356769,-49.2959743059,POINT (-49.2959743059 -25.4660356769)
2014-06-07 16:05:30.000000,-25.4660356769,-49.2959743059,POINT (-49.2959743059 -25.4660356769)
2014-06-07 16:05:40.000000,-25.4660356769,-49.2959743059,POINT (-49.2959743059 -25.4660356769)
2014-06-07 16:05:50.000000,-25.4660356769,-49.2959743059,POINT (-49.2959743059 -25.4660356769)
2014-06-07 16:06:00.000000,-25.4660356769,-49.2959743059,POINT (-49.2959743059 -25.4660356769)
2014-06-07 16:06:10.000000,-25.4660356769,-49.2959743059,POINT (-49.2959743059 -25.4660356769)
2014-06-07 16:06:20.000000,-25.4660356769,-49.2959743059,POINT (-49.2959743059 -25.4660356769)
2014-06-07 16:06:30.000000,-25.4660356769,-49.2959743059,POINT (-49.2959743059 -25.4660356769)
2014-06-07 16:06:40.000000,-25.4660356769,-49.2959743059,POINT (-49.2959743059 -25.4660356769)
2014-06-07 16:06:50.000000,-25.4660356769,-49.2959743059,POINT (-49.2959743059 -25.4660356769)
2014-06-07 16:07:00.000000,-25.4660356769,-49.2959743059,POINT (-49.2959743059 -25.4660356769)
2014-06-07 16:07:10.000000,-25.4660356769,-49.2959743059,POINT (-49.2959743059 -25.4660356769)
2014-06-07 16:07:20.000000,-25.4660356769,-49.2959743059,POINT (-49.2959743059 -25.4660356769)
2014-06-07 16:07:30.000000,-25.4660356769,-49.2959743059,POINT (-49.2959743059 -25.4660356769)
2014-06-07 16:07:40.000000,-25.4660356769,-49.2959743059,POINT (-49.2959743059 -25.4660356769)
2014-06-07 16:07:50.000000,-25.4660356769,-49.2959743059,POINT (-49.2959743059 -25.4660356769)
2014-06-07 16:08:00.000000,-25.4660356769,-49.2959743059,POINT (-49.2959743059 -25.4660356769)
2014-06-07 16:08:10.000000,-25.4660356769,-49.2959743059,POINT (-49.2959743059 -25.4660356769)
2014-06-07 16:08:20.000000,-25.4660356769,-49.2959743059,POINT (-49.2959743059 -25.4660356769)
2014-06-07 16:08:30.000000,-25.4660356769,-49.2959743059,POINT (-49.2959743059 -25.4660356769)
2014-06-07 16:08:40.000000,-25.4660356769,-49.2959743059,POINT (-49.2959743059 -25.4660356769)
2014-06-07 16:08:50.000000,-25.4660356769,-49.2959743059,POINT (-49.2959743059 -25.4660356769)
2014-06-07 16:09:00.000000,-25.4660356769,-49.2959743059,POINT (-49.2959743059 -25.4660356769)
2014-06-07 16:09:10.000000,-25.4660356769,-49.2959743059,POINT (-49.2959743059 -25.4660356769)
2014-06-07 16:09:20.000000,-25.4660356769,-49.2959743059,POINT (-49.2959743059 -25.4660356769)
2014-06-07 16:09:30.000000,-25.4660356769,-49.2959743059,POINT (-49.2959743059 -25.4660356769)
2014-06-07 16:09:40.000000,-25.4660356769,-49.2959743059,POINT (-49.2959743059 -25.4660356769)
2014-06-07 16:09:50.000000,-25.4660356769,-49.2959743059,POINT (-49.2959743059 -25.4660356769)
2014-06-07 16:10:00.000000,-25.4660356769,-49.2959743059,POINT (-49.2959743059 -25.4660356769)
2014-06-07 16:10:10.000000,-25.4660356769,-49.2959743059,POINT (-49.2959743059 -25.4660356769)
2014-06-07 16:10:20.000000,-25.4660356769,-49.2959743059,POINT (-49.2959743059 -25.4660356769)
2014-06-07 16:10:30.000000,-25.4660356769,-49.2959743059,POINT (-49.2959743059 -25.4660356769)
2014-06-07 16:10:40.000000,-25.4660356769,-49.2959743059,POINT (-49.2959743059 -25.4660356769)
2014-06-07 16:10:50.000000,-25.4660356769,-49.2959743059,POINT (-49.2959743059 -25.4660356769)
2014-06-07 16:11:00.000000,-25.4660356769,-49.2959743059,POINT (-49.2959743059 -25.4660356769)
2014-06-07 16:11:10.000000,-25.4660356769,-49.2959743059,POINT (-49.2959743059 -25.4660356769)
2014-06-07 16:11:20.000000,-25.4660356769,-49.2959743059,POINT (-49.2959743059 -25.4660356769)
2014-06-07 16:11:30.000000,-25.4660356769,-49.2959743059,POINT (-49.2959743059 -25.4660356769)
2014-06-07 16:11:40.000000,-25.4660356769,-49.2959743059,POINT (-49.2959743059 -25.4660356769)
2014-06-07 16:11:50.000000,-25.4660356769,-49.2959743059,POINT (-49.2959743059 -25.4660356769)
2014-06-07 16:12:00.000000,-25.4660356769,-49.2959743059,POINT (-49.2959743059 -25.4660356769)
2014-06-07 16:12:10.000000,-25.4660356769,-49.2959743059,POINT (-49.2959743059 -25.4660356769)
2014-06-07 16:12:20.000000,-25.4660356769,-49.2959743059,POINT (-49.2959743059 -25.4660356769)
2014-06-07 16:12:30.000000,-25.4660356769,-49.2959743059,POINT (-49.2959743059 -25.4660356769)
2014-06-07 16:12:40.000000,-25.4660356769,-49.2959743059,POINT (-49.2959743059 -25.4660356769)
2014-06-07 16:12:50.000000,-25.4660356769,-49.2959743059,POINT (-49.2959743059 -25.4660356769)
2014-06-07 16:13:00.000000,-25.4660356769,-49.2959743059,POINT (-49.2959743059 -25.4660356769)
2014-06-07 16:13:10.000000,-25.4660356769,-49.2959743059,POINT (-49.2959743059 -25.4660356769)
2014-06-07 16:13:20.000000,-25.4660356769,-49.2959743059,POINT (-49.2959743059 -25.4660356769)
2014-06-07 16:13:30.000000,-25.4660356769,-49.2959743059,POINT (-49.2959743059 -25.4660356769)
2014-06-07 16:13:40.000000,-25.4660356769,-49.2959743059,POINT (-49.2959743059 -25.4660356769)
2014-06-07 16:13:50.000000,-25.4660356769,-49.2959743059,POINT (-49.2959743059 -25.4660356769)
2014-06-07 16:14:00.000000,-25.4660356769,-49.2959743059,POINT (-49.2959743059 -25.4660356769)
2014-06-07 16:14:10.000000,-25.4660356769,-49.2959743059,POINT (-49.2959743059 -25.4660356769)
2014-06-07 16:14:20.000000,-25.4660356769,-49.2959743059,POINT (-49.2959743059 -25.4660356769)
2014-06-07 16:14:30.000000,-25.4660356769,-49.2959743059,POINT (-49.2959743059 -25.4660356769)
2014-06-07 16:14:40.000000,-25.4660356769,-49.2959743059,POINT (-49.2959743059 -25.4660356769)
2014-06-07 16:14:50.000000,-25.4660356769,-49.2959743059,POINT (-49.2959743059 -25.4660356769)
2014-06-07 16:15:00.000000,-25.4660356769,-49.2959743059,POINT (-49.2959743059 -25.4660356769)
2014-06-07 16:15:10.000000,-25.4660356769,-49.2959743059,POINT (-49.2959743059 -25.4660356769)
2014-06-07 16:15:20.000000,-25.4660356769,-49.2959743059,POINT (-49.2959743059 -25.4660356769)
2014-06-07 16:15:30.000000,-25.4660356769,-49.2959743059,POINT (-49.2959743059 -25.4660356769)
2014-06-07 16:15:40.000000,-25.4660356769,-49.2959743059,POINT (-49.2959743059 -25.4660356769)
2014-06-07 16:15:50.000000,-25.4660356769,-49.2959743059,POINT (-49.2959743059 -25.4660356769)
2014-06-07 16:16:00.000000,-25.4660356769,-49.2959743059,POINT (-49.2959743059 -25.4660356769)
2014-06-07 16:16:10.000000,-25.4660356769,-49.2959743059,POINT (-49.2959743059 -25.4660356769)
2014-06-07 16:16:20.000000,-25.4660356769,-49.2959743059,POINT (-49.2959743059 -25.4660356769)
2014-06-07 16:16:30.000000,-25.4660356769,-49.2959743059,POINT (-49.2959743059 -25.4660356769)
2014-06-07 16:16:40.000000,-25.4660356769,-49.2959743059,POINT (-49.2959743059 -25.4660356769)
2014-06-07 16:16:50.000000,-25.4660356769,-49.2959743059,POINT (-49.2959743059 -25.4660356769)
2014-06-07 16:17:00.000000,-25.4660356769,-49.2959743059,POINT (-49.2959743059 -25.4660356769)
2014-06-07 16:17:10.000000,-25.4660356769,-49.2959743059,POINT (-49.2959743059 -25.4660356769)
2014-06-07 16:17:20.000000,-25.4660356769,-49.2959743059,POINT (-49.2959743059 -25.4660356769)
2014-06-07 16:17:30.000000,-25.4660356769,-49.2959743059,POINT (-49.2959743059 -25.4660356769)
2014-06-07 16:17:40.000000,-25.4660356769,-49.2959743059,POINT (-49.2959743059 -25.4660356769)
2014-06-07 16:17:50.000000,-25.4660356769,-49.2959743059,POINT (-49.2959743059 -25.4660356769)
2014-06-07 16:18:00.000000,-25.4660356769,-49.2959743059,POINT (-49.2959743059 -25.4660356769)
2014-06-07 16:18:10.000000,-25.4660356769,-49.2959743059,POINT (-49.2959743059 -25.4660356769)
2014-06-07 16:18:20.000000,-25.4660356769,-49.2959743059,POINT (-49.2959743059 -25.4660356769)
2014-06-07 16:18:30.000000,-25.4660356769,-49.2959743059,POINT (-49.2959743059 -25.4660356769)
2014-06-07 16:18:40.000000,-25.4660356769,-49.2959743059,POINT (-49.2959743059 -25.4660356769)
2014-06-07 16:18:50.000000,-25.4660356769,-49.2959743059,POINT (-49.2959743059 -25.4660356769)
2014-06-07 16:19:00.000000,-25.4660356769,-49.2959743059,POINT (-49.2959743059 -25.4660356769)
2014-06-07 16:19:10.000000,-25.4660356769,-49.2959743059,POINT (-49.2959743059 -25.4660356769)
2014-06-07 16:19:20.000000,-25.4660356769,-49.2959743059,POINT (-49.2959743059 -25.4660356769)
2014-06-07 16:19:30.000000,-25.4660356769,-49.2959743059,POINT (-49.2959743059 -25.4660356769)
2014-06-07 16:19:40.000000,-25.4660356769,-49.2959743059,POINT (-49.2959743059 -25.4660356769)
2014-06-07 16:19:50.000000,-25.4660356769,-49.2959743059,POINT (-49.2959743059 -25.4660356769)
2014-06-07 16:20:00.000000,-25.4660356769,-49.2959743059,POINT (-49.2959743059 -25.4660356769)
2014-06-07 16:20:10.000000,-25.4660356769,-49.2959743059,POINT (-49.2959743059 -25.4660356769)
2014-06-07 16:20:20.000000,-25.4660356769,-49.2959743059,POINT (-49.2959743059 -25.4660356769)
2014-06-07 16:20:30.000000,-25.4660356769,-49.2959743059,POINT (-49.2959743059 -25.4660356769)
2014-06-07 16:20:40.000000,-25.4660356769,-49.2959743059,POINT (-49.2959743059 -25.4660356769)
2014-06-07 16:20:50.000000,-25.4660356769,-49.2959743059,POINT (-49.2959743059 -25.4660356769)
2014-06-07 16:21:00.000000,-25.4660356769,-49.2959743059,POINT (-49.2959743059 -25.4660356769)
2014-06-07 16:21:10.000000,-25.4660356769,-49.2959743059,POINT (-49.2959743059 -25.4660356769)
2014-06-07 16:21:20.000000,-25.4660356769,-49.2959743059,POINT (-49.2959743059 -25.4660356769)
2014-06-07 16:21:30.000000,-25.4660356769,-49.2959743059,POINT (-49.2959743059 -25.4660356769)
2014-06-07 16:21:40.000000,-25.4660356769,-49.2959743059,POINT (-49.2959743059 -25.4660356769)
2014-06-07 16:21:50.000000,-25.4660356769,-49.2959743059,POINT (-49.2959743059 -25.4660356769)
2014-06-07 16:22:00.000000,-25.4660356769,-49.2959743059,POINT (-49.2959743059 -25.4660356769)
2014-06-07 16:22:10.000000,-25.4660356769,-49.2959743059,POINT (-49.2959743059 -25.4660356769)
2014-06-07 16:22:20.000000,-25.4660356769,-49.2959743059,POINT (-49.2959743059 -25.4660356769)
2014-06-07 16:22:30.000000,-25.4660356769,-49.2959743059,POINT (-49.2959743059 -25.4660356769)
2014-06-07 16:22:40.000000,-25.4660356769,-49.2959743059,POINT (-49.2959743059 -25.4660356769)
2014-06-07 16:22:50.000000,-25.4660356769,-49.2959743059,POINT (-49.2959743059 -25.4660356769)
2014-06-07 16:23:00.000000,-25.4660356769,-49.2959743059,POINT (-49.2959743059 -25.4660356769)
2014-06-07 16:23:10.000000,-25.4660356769,-49.2959743059,POINT (-49.2959743059 -25.4660356769)
2014-06-07 16:23:20.000000,-25.4660356769,-49.2959743059,POINT (-49.2959743059 -25.4660356769)
2014-06-07 16:23:30.000000,-25.4660356769,-49.2959743059,POINT (-49.2959743059 -25.4660356769)
2014-06-07 16:23:40.000000,-25.4660356769,-49.2959743059,POINT (-49.2959743059 -25.4660356769)
2014-06-07 16:23:50.000000,-25.4660356769,-49.2959743059,POINT (-49.2959743059 -25.4660356769)
2014-06-07 16:24:00.000000,-25.4660356769,-49.2959743059,POINT (-49.2959743059 -25.4660356769)
2014-06-07 16:24:10.000000,-25.4660356769,-49.2959743059,POINT (-49.2959743059 -25.4660356769)
2014-06-07 16:24:20.000000,-25.4660356769,-49.2959743059,POINT (-49.2959743059 -25.4660356769)
2014-06-07 16:24:30.000000,-25.4660356769,-49.2959743059,POINT (-49.2959743059 -25.4660356769)
2014-06-07 16:24:40.000000,-25.4660356769,-49.2959743059,POINT (-49.2959743059 -25.4660356769)
2014-06-07 16:24:50.000000,-25.4660356769,-49.2959743059,POINT (-49.2959743059 -25.4660356769)
2014-06-07 16:25:00.000000,-25.4660356769,-49.2959743059,POINT (-49.2959743059 -25.4660356769)
2014-06-07 16:25:10.000000,-25.4660356769,-49.2959743059,POINT (-49.2959743059 -25.4660356769)
2014-06-07 16:25:20.000000,-25.4660356769,-49.2959743059,POINT (-49.2959743059 -25.4660356769)
2014-06-07 16:25:30.000000,-25.4660356769,-49.2959743059,POINT (-49.2959743059 -25.4660356769)
2014-06-07 16:25:40.000000,-25.4660356769,-49.2959743059,POINT (-49.2959743059 -25.4660356769)
2014-06-07 16:25:50.000000,-25.4660356769,-49.2959743059,POINT (-49.2959743059 -25.4660356769)
2014-06-07 16:26:00.000000,-25.4660356769,-49.2959743059,POINT (-49.2959743059 -25.4660356769)
2014-06-07 16:26:10.000000,-25.4660356769,-49.2959743059,POINT (-49.2959743059 -25.4660356769)
2014-06-07 16:26:20.000000,-25.4660356769,-49.2959743059,POINT (-49.2959743059 -25.4660356769)
2014-06-07 16:26:30.000000,-25.4660356769,-49.2959743059,POINT (-49.2959743059 -25.4660356769)
2014-06-07 16:26:40.000000,-25.4660356769,-49.2959743059,POINT (-49.2959743059 -25.4660356769)
2014-06-07 16:26:50.000000,-25.4660356769,-49.2959743059,POINT (-49.2959743059 -25.4660356769)
2014-06-07 16:27:00.000000,-25.4660356769,-49.2959743059,POINT (-49.2959743059 -25.4660356769)
2014-06-07 16:27:10.000000,-25.4660356769,-49.2959743059,POINT (-49.2959743059 -25.4660356769)
2014-06-07 16:27:20.000000,-25.4660356769,-49.2959743059,POINT (-49.2959743059 -25.4660356769)
2014-06-07 16:27:30.000000,-25.4660356769,-49.2959743059,POINT (-49.2959743059 -25.4660356769)
2014-06-07 16:27:40.000000,-25.4660356769,-49.2959743059,POINT (-49.2959743059 -25.4660356769)
2014-06-07 16:27:50.000000,-25.4660356769,-49.2959743059,POINT (-49.2959743059 -25.4660356769)
2014-06-07 16:28:00.000000,-25.4660356769,-49.2959743059,POINT (-49.2959743059 -25.4660356769)
2014-06-07 16:28:10.000000,-25.4660356769,-49.2959743059,POINT (-49.2959743059 -25.4660356769)
2014-06-07 16:28:20.000000,-25.4660356769,-49.2959743059,POINT (-49.2959743059 -25.4660356769)
2014-06-07 16:28:30.000000,-25.4660356769,-49.2959743059,POINT (-49.2959743059 -25.4660356769)
2014-06-07 16:28:40.000000,-25.4660356769,-49.2959743059,POINT (-49.2959743059 -25.4660356769)
2014-06-07 16:28:50.000000,-25.4660356769,-49.2959743059,POINT (-49.2959743059 -25.4660356769)
2014-06-07 16:29:00.000000,-25.4660356769,-49.2959743059,POINT (-49.2959743059 -25.4660356769)
2014-06-07 16:29:10.000000,-25.4660356769,-49.2959743059,POINT (-49.2959743059 -25.4660356769)
2014-06-07 16:29:20.000000,-25.4660356769,-49.2959743059,POINT (-49.2959743059 -25.4660356769)
2014-06-07 16:29:30.000000,-25.4660356769,-49.2959743059,POINT (-49.2959743059 -25.4660356769)
2014-06-07 16:29:40.000000,-25.4660356769,-49.2959743059,POINT (-49.2959743059 -25.4660356769)
2014-06-07 16:29:50.000000,-25.4660356769,-49.2959743059,POINT (-49.2959743059 -25.4660356769)
2014-06-07 16:30:00.000000,-25.4660356769,-49.2959743059,POINT (-49.2959743059 -25.4660356769)
2014-06-07 16:30:10.000000,-25.4660356769,-49.2959743059,POINT (-49.2959743059 -25.4660356769)
2014-06-07 16:30:20.000000,-25.4660356769,-49.2959743059,POINT (-49.2959743059 -25.4660356769)
2014-06-07 16:30:30.000000,-25.4660356769,-49.2959743059,POINT (-49.2959743059 -25.4660356769)
2014-06-07 16:30:40.000000,-25.4660356769,-49.2959743059,POINT (-49.2959743059 -25.4660356769)
2014-06-07 16:30:50.000000,-25.4660356769,-49.2959743059,POINT (-49.2959743059 -25.4660356769)
2014-06-07 16:31:00.000000,-25.4660356769,-49.2959743059,POINT (-49.2959743059 -25.4660356769)
2014-06-07 16:31:10.000000,-25.4660356769,-49.2959743059,POINT (-49.2959743059 -25.4660356769)
2014-06-07 16:31:20.000000,-25.4660356769,-49.2959743059,POINT (-49.2959743059 -25.4660356769)
2014-06-07 16:31:30.000000,-25.4660356769,-49.2959743059,POINT (-49.2959743059 -25.4660356769)
2014-06-07 16:31:40.000000,-25.4660356769,-49.2959743059,POINT (-49.2959743059 -25.4660356769)
2014-06-07 16:31:50.000000,-25.4660356769,-49.2959743059,POINT (-49.2959743059 -25.4660356769)
2014-06-07 16:32:00.000000,-25.4660356769,-49.2959743059,POINT (-49.2959743059 -25.4660356769)
2014-06-07 16:32:10.000000,-25.4660356769,-49.2959743059,POINT (-49.2959743059 -25.4660356769)
2014-06-07 16:32:20.000000,-25.4660356769,-49.2959743059,POINT (-49.2959743059 -25.4660356769)
2014-06-07 16:32:30.000000,-25.4660356769,-49.2959743059,POINT (-49.2959743059 -25.4660356769)
2014-06-07 16:32:40.000000,-25.4660356769,-49.2959743059,POINT (-49.2959743059 -25.4660356769)
2014-06-07 16:32:50.000000,-25.4660356769,-49.2959743059,POINT (-49.2959743059 -25.4660356769)
2014-06-07 16:33:00.000000,-25.4660356769,-49.2959743059,POINT (-49.2959743059 -25.4660356769)
2014-06-07 16:33:10.000000,-25.4660356769,-49.2959743059,POINT (-49.2959743059 -25.4660356769)
2014-06-07 16:33:20.000000,-25.4660356769,-49.2959743059,POINT (-49.2959743059 -25.4660356769)
2014-06-07 16:33:30.000000,-25.4660356769,-49.2959743059,POINT (-49.2959743059 -25.4660356769)
2014-06-07 16:33:40.000000,-25.4660356769,-49.2959743059,POINT (-49.2959743059 -25.4660356769)
2014-06-07 16:33:50.000000,-25.4660356769,-49.2959743059,POINT (-49.2959743059 -25.4660356769)
2014-06-07 16:34:00.000000,-25.4660356769,-49.2959743059,POINT (-49.2959743059 -25.4660356769)
2014-06-07 16:34:10.000000,-25.4660356769,-49.2959743059,POINT (-49.2959743059 -25.4660356769)
2014-06-07 16:34:20.000000,-25.4660356769,-49.2959743059,POINT (-49.2959743059 -25.4660356769)
2014-06-07 16:34:30.000000,-25.4660356769,-49.2959743059,POINT (-49.2959743059 -25.4660356769)
2014-06-07 16:34:40.000000,-25.4660356769,-49.2959743059,POINT (-49.2959743059 -25.4660356769)
2014-06-07 16:34:50.000000,-25.4660356769,-49.2959743059,POINT (-49.2959743059 -25.4660356769)
2014-06-07 16:35:00.000000,-25.4660356769,-49.2959743059,POINT (-49.2959743059 -25.4660356769)
2014-06-07 16:35:10.000000,-25.4660356769,-49.2959743059,POINT (-49.2959743059 -25.4660356769)
2014-06-07 16:35:20.000000,-25.4660356769,-49.2959743059,POINT (-49.2959743059 -25.4660356769)
2014-06-07 16:35:30.000000,-25.4660356769,-49.2959743059,POINT (-49.2959743059 -25.4660356769)
2014-06-07 16:35:40.000000,-25.4660356769,-49.2959743059,POINT (-49.2959743059 -25.4660356769)
2014-06-07 16:35:50.000000,-25.4660356769,-49.2959743059,POINT (-49.2959743059 -25.4660356769)
2014-06-07 16:36:00.000000,-25.4660356769,-49.2959743059,POINT (-49.2959743059 -25.4660356769)
2014-06-07 16:36:10.000000,-25.4660356769,-49.2959743059,POINT (-49.2959743059 -25.4660356769)
2014-06-07 16:36:20.000000,-25.4660356769,-49.2959743059,POINT (-49.2959743059 -25.4660356769)
2014-06-07 16:36:30.000000,-25.4660356769,-49.2959743059,POINT (-49.2959743059 -25.4660356769)
2014-06-07 16:36:40.000000,-25.4660356769,-49.2959743059,POINT (-49.2959743059 -25.4660356769)
2014-06-07 16:36:50.000000,-25.4660356769,-49.2959743059,POINT (-49.2959743059 -25.4660356769)
2014-06-07 16:37:00.000000,-25.4660356769,-49.2959743059,POINT (-49.2959743059 -25.4660356769)
2014-06-07 16:37:10.000000,-25.4660356769,-49.2959743059,POINT (-49.2959743059 -25.4660356769)
2014-06-07 16:37:20.000000,-25.4660356769,-49.2959743059,POINT (-49.2959743059 -25.4660356769)
2014-06-07 16:37:30.000000,-25.4660356769,-49.2959743059,POINT (-49.2959743059 -25.4660356769)
2014-06-07 16:37:40.000000,-25.4660356769,-49.2959743059,POINT (-49.2959743059 -25.4660356769)
2014-06-07 16:37:50.000000,-25.4660356769,-49.2959743059,POINT (-49.2959743059 -25.4660356769)
2014-06-07 16:38:00.000000,-25.4660356769,-49.2959743059,POINT (-49.2959743059 -25.4660356769)
2014-06-07 16:38:10.000000,-25.4660356769,-49.2959743059,POINT (-49.2959743059 -25.4660356769)
2014-06-07 16:38:20.000000,-25.4660356769,-49.2959743059,POINT (-49.2959743059 -25.4660356769)
2014-06-07 16:38:30.000000,-25.4660356769,-49.2959743059,POINT (-49.2959743059 -25.4660356769)
2014-06-07 16:38:40.000000,-25.4660356769,-49.2959743059,POINT (-49.2959743059 -25.4660356769)
2014-06-07 16:38:50.000000,-25.4660356769,-49.2959743059,POINT (-49.2959743059 -25.4660356769)
2014-06-07 16:39:00.000000,-25.4660356769,-49.2959743059,POINT (-49.2959743059 -25.4660356769)
2014-06-07 16:39:10.000000,-25.4660356769,-49.2959743059,POINT (-49.2959743059 -25.4660356769)
2014-06-07 16:39:20.000000,-25.4660356769,-49.2959743059,POINT (-49.2959743059 -25.4660356769)
2014-06-07 16:39:30.000000,-25.4660356769,-49.2959743059,POINT (-49.2959743059 -25.4660356769)
2014-06-07 16:39:40.000000,-25.4660356769,-49.2959743059,POINT (-49.2959743059 -25.4660356769)
2014-06-07 16:39:50.000000,-25.4660356769,-49.2959743059,POINT (-49.2959743059 -25.4660356769)
2014-06-07 16:40:00.000000,-25.4660356769,-49.2959743059,POINT (-49.2959743059 -25.4660356769)
2014-06-07 16:40:10.000000,-25.4660356769,-49.2959743059,POINT (-49.2959743059 -25.4660356769)
2014-06-07 16:40:20.000000,-25.4660356769,-49.2959743059,POINT (-49.2959743059 -25.4660356769)
2014-06-07 16:40:30.000000,-25.4660356769,-49.2959743059,POINT (-49.2959743059 -25.4660356769)
2014-06-07 16:40:40.000000,-25.4660356769,-49.2959743059,POINT (-49.2959743059 -25.4660356769)
2014-06-07 16:40:50.000000,-25.4660356769,-49.2959743059,POINT (-49.2959743059 -25.4660356769)
2014-06-07 16:41:00.000000,-25.4660356769,-49.2959743059,POINT (-49.2959743059 -25.4660356769)
2014-06-07 16:41:10.000000,-25.4660356769,-49.2959743059,POINT (-49.2959743059 -25.4660356769)
2014-06-07 16:41:20.000000,-25.4660356769,-49.2959743059,POINT (-49.2959743059 -25.4660356769)
2014-06-07 16:41:30.000000,-25.4660356769,-49.2959743059,POINT (-49.2959743059 -25.4660356769)
2014-06-07 16:41:40.000000,-25.4660356769,-49.2959743059,POINT (-49.2959743059 -25.4660356769)
2014-06-07 16:41:50.000000,-25.4660356769,-49.2959743059,POINT (-49.2959743059 -25.4660356769)
2014-06-07 16:42:00.000000,-25.4660356769,-49.2959743059,POINT (-49.2959743059 -25.4660356769)
2014-06-07 16:42:10.000000,-25.4660356769,-49.2959743059,POINT (-49.2959743059 -25.4660356769)
2014-06-07 16:42:20.000000,-25.4660356769,-49.2959743059,POINT (-49.2959743059 -25.4660356769)
2014-06-07 16:42:30.000000,-25.4660356769,-49.2959743059,POINT (-49.2959743059 -25.4660356769)
2014-06-07 16:42:40.000000,-25.4660356769,-49.2959743059,POINT (-49.2959743059 -25.4660356769)
2014-06-07 16:42:50.000000,-25.4660356769,-49.2959743059,POINT (-49.2959743059 -25.4660356769)
2014-06-07 16:43:00.000000,-25.4660356769,-49.2959743059,POINT (-49.2959743059 -25.4660356769)
2014-06-07 16:43:10.000000,-25.4660356769,-49.2959743059,POINT (-49.2959743059 -25.4660356769)
2014-06-07 16:43:20.000000,-25.4660356769,-49.2959743059,POINT (-49.2959743059 -25.4660356769)
2014-06-07 16:43:30.000000,-25.4660356769,-49.2959743059,POINT (-49.2959743059 -25.4660356769)
2014-06-07 16:43:40.000000,-25.4660356769,-49.2959743059,POINT (-49.2959743059 -25.4660356769)
2014-06-07 16:43:50.000000,-25.4660356769,-49.2959743059,POINT (-49.2959743059 -25.4660356769)
2014-06-07 16:44:00.000000,-25.4660356769,-49.2959743059,POINT (-49.2959743059 -25.4660356769)
2014-06-07 16:44:10.000000,-25.4660356769,-49.2959743059,POINT (-49.2959743059 -25.4660356769)
2014-06-07 16:44:20.000000,-25.4660356769,-49.2959743059,POINT (-49.2959743059 -25.4660356769)
2014-06-07 16:44:30.000000,-25.4660356769,-49.2959743059,POINT (-49.2959743059 -25.4660356769)
2014-06-07 16:44:40.000000,-25.4660356769,-49.2959743059,POINT (-49.2959743059 -25.4660356769)
2014-06-07 16:44:50.000000,-25.4660356769,-49.2959743059,POINT (-49.2959743059 -25.4660356769)
2014-06-07 16:45:00.000000,-25.4660356769,-49.2959743059,POINT (-49.2959743059 -25.4660356769)
2014-06-07 16:45:10.000000,-25.4660356769,-49.2959743059,POINT (-49.2959743059 -25.4660356769)
2014-06-07 16:45:20.000000,-25.4660356769,-49.2959743059,POINT (-49.2959743059 -25.4660356769)
2014-06-07 16:45:30.000000,-25.4660356769,-49.2959743059,POINT (-49.2959743059 -25.4660356769)
2014-06-07 16:45:40.000000,-25.4660356769,-49.2959743059,POINT (-49.2959743059 -25.4660356769)
2014-06-07 16:45:50.000000,-25.4660356769,-49.2959743059,POINT (-49.2959743059 -25.4660356769)
2014-06-07 16:46:00.000000,-25.4660356769,-49.2959743059,POINT (-49.2959743059 -25.4660356769)
2014-06-07 16:46:10.000000,-25.4660356769,-49.2959743059,POINT (-49.2959743059 -25.4660356769)
2014-06-07 16:46:20.000000,-25.4660356769,-49.2959743059,POINT (-49.2959743059 -25.4660356769)
2014-06-07 16:46:30.000000,-25.4660356769,-49.2959743059,POINT (-49.2959743059 -25.4660356769)
2014-06-07 16:46:40.000000,-25.4660356769,-49.2959743059,POINT (-49.2959743059 -25.4660356769)
2014-06-07 16:46:50.000000,-25.4660356769,-49.2959743059,POINT (-49.2959743059 -25.4660356769)
2014-06-07 16:47:00.000000,-25.4660356769,-49.2959743059,POINT (-49.2959743059 -25.4660356769)
2014-06-07 16:47:10.000000,-25.4660356769,-49.2959743059,POINT (-49.2959743059 -25.4660356769)
2014-06-07 16:47:20.000000,-25.4660356769,-49.2959743059,POINT (-49.2959743059 -25.4660356769)
2014-06-07 16:47:30.000000,-25.4660356769,-49.2959743059,POINT (-49.2959743059 -25.4660356769)
2014-06-07 16:47:40.000000,-25.4660356769,-49.2959743059,POINT (-49.2959743059 -25.4660356769)
2014-06-07 16:47:50.000000,-25.4660356769,-49.2959743059,POINT (-49.2959743059 -25.4660356769)
2014-06-07 16:48:00.000000,-25.4660356769,-49.2959743059,POINT (-49.2959743059 -25.4660356769)
2014-06-07 16:48:10.000000,-25.4660356769,-49.2959743059,POINT (-49.2959743059 -25.4660356769)
2014-06-07 16:48:20.000000,-25.4660356769,-49.2959743059,POINT (-49.2959743059 -25.4660356769)
2014-06-07 16:48:30.000000,-25.4660356769,-49.2959743059,POINT (-49.2959743059 -25.4660356769)
2014-06-07 16:48:40.000000,-25.4660356769,-49.2959743059,POINT (-49.2959743059 -25.4660356769)
2014-06-07 16:48:50.000000,-25.4660356769,-49.2959743059,POINT (-49.2959743059 -25.4660356769)
2014-06-07 16:49:00.000000,-25.4660356769,-49.2959743059,POINT (-49.2959743059 -25.4660356769)
2014-06-07 16:49:10.000000,-25.4660356769,-49.2959743059,POINT (-49.2959743059 -25.4660356769)
2014-06-07 16:49:20.000000,-25.4660356769,-49.2959743059,POINT (-49.2959743059 -25.4660356769)
2014-06-07 16:49:30.000000,-25.4660356769,-49.2959743059,POINT (-49.2959743059 -25.4660356769)
2014-06-07 16:49:40.000000,-25.4660356769,-49.2959743059,POINT (-49.2959743059 -25.4660356769)
2014-06-07 16:49:50.000000,-25.4660356769,-49.2959743059,POINT (-49.2959743059 -25.4660356769)
2014-06-07 16:50:00.000000,-25.4660356769,-49.2959743059,POINT (-49.2959743059 -25.4660356769)
2014-06-07 16:50:10.000000,-25.4660356769,-49.2959743059,POINT (-49.2959743059 -25.4660356769)
2014-06-07 16:50:20.000000,-25.4660356769,-49.2959743059,POINT (-49.2959743059 -25.4660356769)
2014-06-07 16:50:30.000000,-25.4660356769,-49.2959743059,POINT (-49.2959743059 -25.4660356769)
2014-06-07 16:50:40.000000,-25.4660356769,-49.2959743059,POINT (-49.2959743059 -25.4660356769)
2014-06-07 16:50:50.000000,-25.4660356769,-49.2959743059,POINT (-49.2959743059 -25.4660356769)
2014-06-07 16:51:00.000000,-25.4660356769,-49.2959743059,POINT (-49.2959743059 -25.4660356769)
2014-06-07 16:51:10.000000,-25.4660356769,-49.2959743059,POINT (-49.2959743059 -25.4660356769)
2014-06-07 16:51:20.000000,-25.4660356769,-49.2959743059,POINT (-49.2959743059 -25.4660356769)
2014-06-07 16:51:30.000000,-25.4660356769,-49.2959743059,POINT (-49.2959743059 -25.4660356769)
2014-06-07 16:51:40.000000,-25.4660356769,-49.2959743059,POINT (-49.2959743059 -25.4660356769)
2014-06-07 16:51:50.000000,-25.4660356769,-49.2959743059,POINT (-49.2959743059 -25.4660356769)
2014-06-07 16:52:00.000000,-25.4660356769,-49.2959743059,POINT (-49.2959743059 -25.4660356769)
2014-06-07 16:52:10.000000,-25.4660356769,-49.2959743059,POINT (-49.2959743059 -25.4660356769)
2014-06-07 16:52:20.000000,-25.4660356769,-49.2959743059,POINT (-49.2959743059 -25.4660356769)
2014-06-07 16:52:30.000000,-25.4660356769,-49.2959743059,POINT (-49.2959743059 -25.4660356769)
2014-06-07 16:52:40.000000,-25.4660356769,-49.2959743059,POINT (-49.2959743059 -25.4660356769)
2014-06-07 16:52:50.000000,-25.4660356769,-49.2959743059,POINT (-49.2959743059 -25.4660356769)
2014-06-07 16:53:00.000000,-25.4660356769,-49.2959743059,POINT (-49.2959743059 -25.4660356769)
2014-06-07 16:53:10.000000,-25.4660356769,-49.2959743059,POINT (-49.2959743059 -25.4660356769)
2014-06-07 16:53:20.000000,-25.4660356769,-49.2959743059,POINT (-49.2959743059 -25.4660356769)
2014-06-07 16:53:30.000000,-25.4660356769,-49.2959743059,POINT (-49.2959743059 -25.4660356769)
2014-06-07 16:53:40.000000,-25.4660356769,-49.2959743059,POINT (-49.2959743059 -25.4660356769)
2014-06-07 16:53:50.000000,-25.4660356769,-49.2959743059,POINT (-49.2959743059 -25.4660356769)
2014-06-07 16:54:00.000000,-25.4660356769,-49.2959743059,POINT (-49.2959743059 -25.4660356769)
2014-06-07 16:54:10.000000,-25.4660356769,-49.2959743059,POINT (-49.2959743059 -25.4660356769)
2014-06-07 16:54:20.000000,-25.4660356769,-49.2959743059,POINT (-49.2959743059 -25.4660356769)
2014-06-07 16:54:30.000000,-25.4660356769,-49.2959743059,POINT (-49.2959743059 -25.4660356769)
2014-06-07 16:54:40.000000,-25.4660356769,-49.2959743059,POINT (-49.2959743059 -25.4660356769)
2014-06-07 16:54:50.000000,-25.4660356769,-49.2959743059,POINT (-49.2959743059 -25.4660356769)
2014-06-07 16:55:00.000000,-25.4660356769,-49.2959743059,POINT (-49.2959743059 -25.4660356769)
2014-06-07 16:55:10.000000,-25.4660356769,-49.2959743059,POINT (-49.2959743059 -25.4660356769)
2014-06-07 16:55:20.000000,-25.4660356769,-49.2959743059,POINT (-49.2959743059 -25.4660356769)
2014-06-07 16:55:30.000000,-25.4660356769,-49.2959743059,POINT (-49.2959743059 -25.4660356769)
2014-06-07 16:55:40.000000,-25.4660356769,-49.2959743059,POINT (-49.2959743059 -25.4660356769)
2014-06-07 16:55:50.000000,-25.4660356769,-49.2959743059,POINT (-49.2959743059 -25.4660356769)
2014-06-07 16:56:00.000000,-25.4660356769,-49.2959743059,POINT (-49.2959743059 -25.4660356769)
2014-06-07 16:56:10.000000,-25.4660356769,-49.2959743059,POINT (-49.2959743059 -25.4660356769)
2014-06-07 16:56:20.000000,-25.4660356769,-49.2959743059,POINT (-49.2959743059 -25.4660356769)
2014-06-07 16:56:30.000000,-25.4660356769,-49.2959743059,POINT (-49.2959743059 -25.4660356769)
2014-06-07 16:56:40.000000,-25.4660356769,-49.2959743059,POINT (-49.2959743059 -25.4660356769)
2014-06-07 16:56:50.000000,-25.4660356769,-49.2959743059,POINT (-49.2959743059 -25.4660356769)
2014-06-07 16:57:00.000000,-25.4660356769,-49.2959743059,POINT (-49.2959743059 -25.4660356769)
2014-06-07 16:57:10.000000,-25.4660356769,-49.2959743059,POINT (-49.2959743059 -25.4660356769)
2014-06-07 16:57:20.000000,-25.4660356769,-49.2959743059,POINT (-49.2959743059 -25.4660356769)
2014-06-07 16:57:30.000000,-25.4660356769,-49.2959743059,POINT (-49.2959743059 -25.4660356769)
2014-06-07 16:57:40.000000,-25.4660356769,-49.2959743059,POINT (-49.2959743059 -25.4660356769)
2014-06-07 16:57:50.000000,-25.4660356769,-49.2959743059,POINT (-49.2959743059 -25.4660356769)
2014-06-07 16:58:00.000000,-25.4660356769,-49.2959743059,POINT (-49.2959743059 -25.4660356769)
2014-06-07 16:58:10.000000,-25.4660356769,-49.2959743059,POINT (-49.2959743059 -25.4660356769)
2014-06-07 16:58:20.000000,-25.4660356769,-49.2959743059,POINT (-49.2959743059 -25.4660356769)
2014-06-07 16:58:30.000000,-25.4660356769,-49.2959743059,POINT (-49.2959743059 -25.4660356769)
2014-06-07 16:58:40.000000,-25.4660356769,-49.2959743059,POINT (-49.2959743059 -25.4660356769)
2014-06-07 16:58:50.000000,-25.4660356769,-49.2959743059,POINT (-49.2959743059 -25.4660356769)
2014-06-07 16:59:00.000000,-25.4660356769,-49.2959743059,POINT (-49.2959743059 -25.4660356769)
2014-06-07 16:59:10.000000,-25.4660356769,-49.2959743059,POINT (-49.2959743059 -25.4660356769)
2014-06-07 16:59:20.000000,-25.4660356769,-49.2959743059,POINT (-49.2959743059 -25.4660356769)
2014-06-07 16:59:30.000000,-25.4660356769,-49.2959743059,POINT (-49.2959743059 -25.4660356769)
2014-06-07 16:59:40.000000,-25.4660356769,-49.2959743059,POINT (-49.2959743059 -25.4660356769)
2014-06-07 16:59:50.000000,-25.4660356769,-49.2959743059,POINT (-49.2959743059 -25.4660356769)
2014-06-07 17:00:00.000000,-25.4660356769,-49.2959743059,POINT (-49.2959743059 -25.4660356769)
2014-06-07 17:00:10.000000,-25.4660356769,-49.2959743059,POINT (-49.2959743059 -25.4660356769)
2014-06-07 17:00:20.000000,-25.4660356769,-49.2959743059,POINT (-49.2959743059 -25.4660356769)
2014-06-07 17:00:30.000000,-25.4660356769,-49.2959743059,POINT (-49.2959743059 -25.4660356769)
2014-06-07 17:00:40.000000,-25.4660356769,-49.2959743059,POINT (-49.2959743059 -25.4660356769)
2014-06-07 17:00:50.000000,-25.4660356769,-49.2959743059,POINT (-49.2959743059 -25.4660356769)
2014-06-07 17:01:00.000000,-25.4660356769,-49.2959743059,POINT (-49.2959743059 -25.4660356769)
2014-06-07 17:01:10.000000,-25.4660356769,-49.2959743059,POINT (-49.2959743059 -25.4660356769)
2014-06-07 17:01:20.000000,-25.4660356769,-49.2959743059,POINT (-49.2959743059 -25.4660356769)
2014-06-07 17:01:30.000000,-25.4660356769,-49.2959743059,POINT (-49.2959743059 -25.4660356769)
2014-06-07 17:01:40.000000,-25.4660356769,-49.2959743059,POINT (-49.2959743059 -25.4660356769)
2014-06-07 17:01:50.000000,-25.4660356769,-49.2959743059,POINT (-49.2959743059 -25.4660356769)
2014-06-07 17:02:00.000000,-25.4660356769,-49.2959743059,POINT (-49.2959743059 -25.4660356769)
2014-06-07 17:02:10.000000,-25.4660356769,-49.2959743059,POINT (-49.2959743059 -25.4660356769)
2014-06-07 17:02:20.000000,-25.4660356769,-49.2959743059,POINT (-49.2959743059 -25.4660356769)
2014-06-07 17:02:30.000000,-25.4660356769,-49.2959743059,POINT (-49.2959743059 -25.4660356769)
2014-06-07 17:02:40.000000,-25.4660356769,-49.2959743059,POINT (-49.2959743059 -25.4660356769)
2014-06-07 17:02:50.000000,-25.4660356769,-49.2959743059,POINT (-49.2959743059 -25.4660356769)
2014-06-07 17:03:00.000000,-25.4660356769,-49.2959743059,POINT (-49.2959743059 -25.4660356769)
2014-06-07 17:03:10.000000,-25.4660356769,-49.2959743059,POINT (-49.2959743059 -25.4660356769)
2014-06-07 17:03:20.000000,-25.4660356769,-49.2959743059,POINT (-49.2959743059 -25.4660356769)
2014-06-07 17:03:30.000000,-25.4660356769,-49.2959743059,POINT (-49.2959743059 -25.4660356769)
2014-06-07 17:03:40.000000,-25.4660356769,-49.2959743059,POINT (-49.2959743059 -25.4660356769)
2014-06-07 17:03:50.000000,-25.4660356769,-49.2959743059,POINT (-49.2959743059 -25.4660356769)
2014-06-07 17:04:00.000000,-25.4660356769,-49.2959743059,POINT (-49.2959743059 -25.4660356769)
2014-06-07 17:04:10.000000,-25.4660356769,-49.2959743059,POINT (-49.2959743059 -25.4660356769)
2014-06-07 17:04:20.000000,-25.4660356769,-49.2959743059,POINT (-49.2959743059 -25.4660356769)
2014-06-07 17:04:30.000000,-25.4660356769,-49.2959743059,POINT (-49.2959743059 -25.4660356769)
2014-06-07 17:04:40.000000,-25.4660356769,-49.2959743059,POINT (-49.2959743059 -25.4660356769)
2014-06-07 17:04:50.000000,-25.4660356769,-49.2959743059,POINT (-49.2959743059 -25.4660356769)
2014-06-07 17:05:00.000000,-25.4660356769,-49.2959743059,POINT (-49.2959743059 -25.4660356769)
2014-06-07 17:05:10.000000,-25.4660356769,-49.2959743059,POINT (-49.2959743059 -25.4660356769)
2014-06-07 17:05:20.000000,-25.4660356769,-49.2959743059,POINT (-49.2959743059 -25.4660356769)
2014-06-07 17:05:30.000000,-25.4660356769,-49.2959743059,POINT (-49.2959743059 -25.4660356769)
2014-06-07 17:05:40.000000,-25.4660356769,-49.2959743059,POINT (-49.2959743059 -25.4660356769)
2014-06-07 17:05:50.000000,-25.4660356769,-49.2959743059,POINT (-49.2959743059 -25.4660356769)
2014-06-07 17:06:00.000000,-25.4660356769,-49.2959743059,POINT (-49.2959743059 -25.4660356769)
2014-06-07 17:06:10.000000,-25.4660356769,-49.2959743059,POINT (-49.2959743059 -25.4660356769)
2014-06-07 17:06:20.000000,-25.4660356769,-49.2959743059,POINT (-49.2959743059 -25.4660356769)
2014-06-07 17:06:30.000000,-25.4660356769,-49.2959743059,POINT (-49.2959743059 -25.4660356769)
2014-06-07 17:06:40.000000,-25.4660356769,-49.2959743059,POINT (-49.2959743059 -25.4660356769)
2014-06-07 17:06:50.000000,-25.4660356769,-49.2959743059,POINT (-49.2959743059 -25.4660356769)
2014-06-07 17:07:00.000000,-25.4660356769,-49.2959743059,POINT (-49.2959743059 -25.4660356769)
2014-06-07 17:07:10.000000,-25.4660356769,-49.2959743059,POINT (-49.2959743059 -25.4660356769)
2014-06-07 17:07:20.000000,-25.4660356769,-49.2959743059,POINT (-49.2959743059 -25.4660356769)
2014-06-07 17:07:30.000000,-25.4660356769,-49.2959743059,POINT (-49.2959743059 -25.4660356769)
2014-06-07 17:07:40.000000,-25.4660356769,-49.2959743059,POINT (-49.2959743059 -25.4660356769)
2014-06-07 17:07:50.000000,-25.4660356769,-49.2959743059,POINT (-49.2959743059 -25.4660356769)
2014-06-07 17:08:00.000000,-25.4660356769,-49.2959743059,POINT (-49.2959743059 -25.4660356769)
2014-06-07 17:08:10.000000,-25.4660356769,-49.2959743059,POINT (-49.2959743059 -25.4660356769)
2014-06-07 17:08:20.000000,-25.4660356769,-49.2959743059,POINT (-49.2959743059 -25.4660356769)
2014-06-07 17:08:30.000000,-25.4660356769,-49.2959743059,POINT (-49.2959743059 -25.4660356769)
2014-06-07 17:08:40.000000,-25.4660356769,-49.2959743059,POINT (-49.2959743059 -25.4660356769)
2014-06-07 17:08:50.000000,-25.4660356769,-49.2959743059,POINT (-49.2959743059 -25.4660356769)
2014-06-07 17:09:00.000000,-25.4660356769,-49.2959743059,POINT (-49.2959743059 -25.4660356769)
2014-06-07 17:09:10.000000,-25.4660356769,-49.2959743059,POINT (-49.2959743059 -25.4660356769)
2014-06-07 17:09:20.000000,-25.4660356769,-49.2959743059,POINT (-49.2959743059 -25.4660356769)
2014-06-07 17:09:30.000000,-25.4660356769,-49.2959743059,POINT (-49.2959743059 -25.4660356769)
2014-06-07 17:09:40.000000,-25.4660356769,-49.2959743059,POINT (-49.2959743059 -25.4660356769)
2014-06-07 17:09:50.000000,-25.4660356769,-49.2959743059,POINT (-49.2959743059 -25.4660356769)
2014-06-07 17:10:00.000000,-25.4660356769,-49.2959743059,POINT (-49.2959743059 -25.4660356769)
2014-06-07 17:10:10.000000,-25.4660356769,-49.2959743059,POINT (-49.2959743059 -25.4660356769)
2014-06-07 17:10:20.000000,-25.4660356769,-49.2959743059,POINT (-49.2959743059 -25.4660356769)
2014-06-07 17:10:30.000000,-25.4660356769,-49.2959743059,POINT (-49.2959743059 -25.4660356769)
2014-06-07 17:10:40.000000,-25.4660356769,-49.2959743059,POINT (-49.2959743059 -25.4660356769)
2014-06-07 17:10:50.000000,-25.4660356769,-49.2959743059,POINT (-49.2959743059 -25.4660356769)
2014-06-07 17:11:00.000000,-25.4660356769,-49.2959743059,POINT (-49.2959743059 -25.4660356769)
2014-06-07 17:11:10.000000,-25.4660356769,-49.2959743059,POINT (-49.2959743059 -25.4660356769)
2014-06-07 17:11:20.000000,-25.4660356769,-49.2959743059,POINT (-49.2959743059 -25.4660356769)
2014-06-07 17:11:30.000000,-25.4660356769,-49.2959743059,POINT (-49.2959743059 -25.4660356769)
2014-06-07 17:11:40.000000,-25.4660356769,-49.2959743059,POINT (-49.2959743059 -25.4660356769)
2014-06-07 17:11:50.000000,-25.4660356769,-49.2959743059,POINT (-49.2959743059 -25.4660356769)
2014-06-07 17:12:00.000000,-25.4660356769,-49.2959743059,POINT (-49.2959743059 -25.4660356769)
2014-06-07 17:12:10.000000,-25.4660356769,-49.2959743059,POINT (-49.2959743059 -25.4660356769)
2014-06-07 17:12:20.000000,-25.4660356769,-49.2959743059,POINT (-49.2959743059 -25.4660356769)
2014-06-07 17:12:30.000000,-25.4660356769,-49.2959743059,POINT (-49.2959743059 -25.4660356769)
2014-06-07 17:12:40.000000,-25.4660356769,-49.2959743059,POINT (-49.2959743059 -25.4660356769)
2014-06-07 17:12:50.000000,-25.4660356769,-49.2959743059,POINT (-49.2959743059 -25.4660356769)
2014-06-07 17:13:00.000000,-25.4660356769,-49.2959743059,POINT (-49.2959743059 -25.4660356769)
2014-06-07 17:13:10.000000,-25.4660356769,-49.2959743059,POINT (-49.2959743059 -25.4660356769)
2014-06-07 17:13:20.000000,-25.4660356769,-49.2959743059,POINT (-49.2959743059 -25.4660356769)
2014-06-07 17:13:30.000000,-25.4660356769,-49.2959743059,POINT (-49.2959743059 -25.4660356769)
2014-06-07 17:13:40.000000,-25.4660356769,-49.2959743059,POINT (-49.2959743059 -25.4660356769)
2014-06-07 17:13:50.000000,-25.4660356769,-49.2959743059,POINT (-49.2959743059 -25.4660356769)
2014-06-07 17:14:00.000000,-25.4660356769,-49.2959743059,POINT (-49.2959743059 -25.4660356769)
2014-06-07 17:14:10.000000,-25.4660356769,-49.2959743059,POINT (-49.2959743059 -25.4660356769)
2014-06-07 17:14:20.000000,-25.4660356769,-49.2959743059,POINT (-49.2959743059 -25.4660356769)
2014-06-07 17:14:30.000000,-25.4660356769,-49.2959743059,POINT (-49.2959743059 -25.4660356769)
2014-06-07 17:14:40.000000,-25.4660356769,-49.2959743059,POINT (-49.2959743059 -25.4660356769)
2014-06-07 17:14:50.000000,-25.4660356769,-49.2959743059,POINT (-49.2959743059 -25.4660356769)
2014-06-07 17:15:00.000000,-25.4660356769,-49.2959743059,POINT (-49.2959743059 -25.4660356769)
2014-06-07 17:15:10.000000,-25.4660356769,-49.2959743059,POINT (-49.2959743059 -25.4660356769)
2014-06-07 17:15:20.000000,-25.4660356769,-49.2959743059,POINT (-49.2959743059 -25.4660356769)
2014-06-07 17:15:30.000000,-25.4660356769,-49.2959743059,POINT (-49.2959743059 -25.4660356769)
2014-06-07 17:15:40.000000,-25.4660356769,-49.2959743059,POINT (-49.2959743059 -25.4660356769)
2014-06-07 17:15:50.000000,-25.4660356769,-49.2959743059,POINT (-49.2959743059 -25.4660356769)
2014-06-07 17:16:00.000000,-25.4660356769,-49.2959743059,POINT (-49.2959743059 -25.4660356769)
2014-06-07 17:16:10.000000,-25.4660356769,-49.2959743059,POINT (-49.2959743059 -25.4660356769)
2014-06-07 17:16:20.000000,-25.4660356769,-49.2959743059,POINT (-49.2959743059 -25.4660356769)
2014-06-07 17:16:30.000000,-25.4660356769,-49.2959743059,POINT (-49.2959743059 -25.4660356769)
2014-06-07 17:16:40.000000,-25.4660356769,-49.2959743059,POINT (-49.2959743059 -25.4660356769)
2014-06-07 17:16:50.000000,-25.4660356769,-49.2959743059,POINT (-49.2959743059 -25.4660356769)
2014-06-07 17:17:00.000000,-25.4660356769,-49.2959743059,POINT (-49.2959743059 -25.4660356769)
2014-06-07 17:17:10.000000,-25.4660356769,-49.2959743059,POINT (-49.2959743059 -25.4660356769)
2014-06-07 17:17:20.000000,-25.4660356769,-49.2959743059,POINT (-49.2959743059 -25.4660356769)
2014-06-07 17:17:30.000000,-25.4660356769,-49.2959743059,POINT (-49.2959743059 -25.4660356769)
2014-06-07 17:17:40.000000,-25.4660356769,-49.2959743059,POINT (-49.2959743059 -25.4660356769)
2014-06-07 17:17:50.000000,-25.4660356769,-49.2959743059,POINT (-49.2959743059 -25.4660356769)
2014-06-07 17:18:00.000000,-25.4660356769,-49.2959743059,POINT (-49.2959743059 -25.4660356769)
2014-06-07 17:18:10.000000,-25.4660356769,-49.2959743059,POINT (-49.2959743059 -25.4660356769)
2014-06-07 17:18:20.000000,-25.4660356769,-49.2959743059,POINT (-49.2959743059 -25.4660356769)
2014-06-07 17:18:30.000000,-25.4660356769,-49.2959743059,POINT (-49.2959743059 -25.4660356769)
2014-06-07 17:18:40.000000,-25.4660356769,-49.2959743059,POINT (-49.2959743059 -25.4660356769)
2014-06-07 17:18:50.000000,-25.4660356769,-49.2959743059,POINT (-49.2959743059 -25.4660356769)
2014-06-07 17:19:00.000000,-25.4660356769,-49.2959743059,POINT (-49.2959743059 -25.4660356769)
2014-06-07 17:19:10.000000,-25.4660356769,-49.2959743059,POINT (-49.2959743059 -25.4660356769)
2014-06-07 17:19:20.000000,-25.4660356769,-49.2959743059,POINT (-49.2959743059 -25.4660356769)
2014-06-07 17:19:30.000000,-25.4660356769,-49.2959743059,POINT (-49.2959743059 -25.4660356769)
2014-06-07 17:19:40.000000,-25.4660356769,-49.2959743059,POINT (-49.2959743059 -25.4660356769)
2014-06-07 17:19:50.000000,-25.4660356769,-49.2959743059,POINT (-49.2959743059 -25.4660356769)
2014-06-07 17:20:00.000000,-25.4660356769,-49.2959743059,POINT (-49.2959743059 -25.4660356769)
2014-06-07 17:20:10.000000,-25.4660356769,-49.2959743059,POINT (-49.2959743059 -25.4660356769)
2014-06-07 17:20:20.000000,-25.4660356769,-49.2959743059,POINT (-49.2959743059 -25.4660356769)
2014-06-07 17:20:30.000000,-25.4660356769,-49.2959743059,POINT (-49.2959743059 -25.4660356769)
2014-06-07 17:20:40.000000,-25.4660356769,-49.2959743059,POINT (-49.2959743059 -25.4660356769)
2014-06-07 17:20:50.000000,-25.4660356769,-49.2959743059,POINT (-49.2959743059 -25.4660356769)
2014-06-07 17:21:00.000000,-25.4660356769,-49.2959743059,POINT (-49.2959743059 -25.4660356769)
2014-06-07 17:21:10.000000,-25.4660356769,-49.2959743059,POINT (-49.2959743059 -25.4660356769)
2014-06-07 17:21:20.000000,-25.4660356769,-49.2959743059,POINT (-49.2959743059 -25.4660356769)
2014-06-07 17:21:30.000000,-25.4660356769,-49.2959743059,POINT (-49.2959743059 -25.4660356769)
2014-06-07 17:21:40.000000,-25.4660356769,-49.2959743059,POINT (-49.2959743059 -25.4660356769)
2014-06-07 17:21:50.000000,-25.4660356769,-49.2959743059,POINT (-49.2959743059 -25.4660356769)
2014-06-07 17:22:00.000000,-25.4660356769,-49.2959743059,POINT (-49.2959743059 -25.4660356769)
2014-06-07 17:22:10.000000,-25.4660356769,-49.2959743059,POINT (-49.2959743059 -25.4660356769)
2014-06-07 17:22:20.000000,-25.4660356769,-49.2959743059,POINT (-49.2959743059 -25.4660356769)
2014-06-07 17:22:30.000000,-25.4660356769,-49.2959743059,POINT (-49.2959743059 -25.4660356769)
2014-06-07 17:22:40.000000,-25.4660356769,-49.2959743059,POINT (-49.2959743059 -25.4660356769)
2014-06-07 17:22:50.000000,-25.4660356769,-49.2959743059,POINT (-49.2959743059 -25.4660356769)
2014-06-07 17:23:00.000000,-25.4660356769,-49.2959743059,POINT (-49.2959743059 -25.4660356769)
2014-06-07 17:23:10.000000,-25.4660356769,-49.2959743059,POINT (-49.2959743059 -25.4660356769)
2014-06-07 17:23:20.000000,-25.4660356769,-49.2959743059,POINT (-49.2959743059 -25.4660356769)
2014-06-07 17:23:30.000000,-25.4660356769,-49.2959743059,POINT (-49.2959743059 -25.4660356769)
2014-06-07 17:23:40.000000,-25.4660356769,-49.2959743059,POINT (-49.2959743059 -25.4660356769)
2014-06-07 17:23:50.000000,-25.4660356769,-49.2959743059,POINT (-49.2959743059 -25.4660356769)
2014-06-07 17:24:00.000000,-25.4660356769,-49.2959743059,POINT (-49.2959743059 -25.4660356769)
2014-06-07 17:24:10.000000,-25.4660356769,-49.2959743059,POINT (-49.2959743059 -25.4660356769)
2014-06-07 17:24:20.000000,-25.4660356769,-49.2959743059,POINT (-49.2959743059 -25.4660356769)
2014-06-07 17:24:30.000000,-25.4660356769,-49.2959743059,POINT (-49.2959743059 -25.4660356769)
2014-06-07 17:24:40.000000,-25.4660356769,-49.2959743059,POINT (-49.2959743059 -25.4660356769)
2014-06-07 17:24:50.000000,-25.4660356769,-49.2959743059,POINT (-49.2959743059 -25.4660356769)
2014-06-07 17:25:00.000000,-25.4660356769,-49.2959743059,POINT (-49.2959743059 -25.4660356769)
2014-06-07 17:25:10.000000,-25.4660356769,-49.2959743059,POINT (-49.2959743059 -25.4660356769)
2014-06-07 17:25:20.000000,-25.4660356769,-49.2959743059,POINT (-49.2959743059 -25.4660356769)
2014-06-07 17:25:30.000000,-25.4660356769,-49.2959743059,POINT (-49.2959743059 -25.4660356769)
2014-06-07 17:25:40.000000,-25.4660356769,-49.2959743059,POINT (-49.2959743059 -25.4660356769)
2014-06-07 17:25:50.000000,-25.4660356769,-49.2959743059,POINT (-49.2959743059 -25.4660356769)
2014-06-07 17:26:00.000000,-25.4660356769,-49.2959743059,POINT (-49.2959743059 -25.4660356769)
2014-06-07 17:26:10.000000,-25.4660356769,-49.2959743059,POINT (-49.2959743059 -25.4660356769)
2014-06-07 17:26:20.000000,-25.4660356769,-49.2959743059,POINT (-49.2959743059 -25.4660356769)
2014-06-07 17:26:30.000000,-25.4660356769,-49.2959743059,POINT (-49.2959743059 -25.4660356769)
2014-06-07 17:26:40.000000,-25.4660356769,-49.2959743059,POINT (-49.2959743059 -25.4660356769)
2014-06-07 17:26:50.000000,-25.4660356769,-49.2959743059,POINT (-49.2959743059 -25.4660356769)
2014-06-07 17:27:00.000000,-25.4660356769,-49.2959743059,POINT (-49.2959743059 -25.4660356769)
2014-06-07 17:27:10.000000,-25.4660356769,-49.2959743059,POINT (-49.2959743059 -25.4660356769)
2014-06-07 17:27:20.000000,-25.4660356769,-49.2959743059,POINT (-49.2959743059 -25.4660356769)
2014-06-07 17:27:30.000000,-25.4660356769,-49.2959743059,POINT (-49.2959743059 -25.4660356769)
2014-06-07 17:27:40.000000,-25.4660356769,-49.2959743059,POINT (-49.2959743059 -25.4660356769)
2014-06-07 17:27:50.000000,-25.4660356769,-49.2959743059,POINT (-49.2959743059 -25.4660356769)
2014-06-07 17:28:00.000000,-25.4660356769,-49.2959743059,POINT (-49.2959743059 -25.4660356769)
2014-06-07 17:28:10.000000,-25.4660356769,-49.2959743059,POINT (-49.2959743059 -25.4660356769)
2014-06-07 17:28:20.000000,-25.4660356769,-49.2959743059,POINT (-49.2959743059 -25.4660356769)
2014-06-07 17:28:30.000000,-25.4660356769,-49.2959743059,POINT (-49.2959743059 -25.4660356769)
2014-06-07 17:28:40.000000,-25.4660356769,-49.2959743059,POINT (-49.2959743059 -25.4660356769)
2014-06-07 17:28:50.000000,-25.4660356769,-49.2959743059,POINT (-49.2959743059 -25.4660356769)
2014-06-07 17:29:00.000000,-25.4660356769,-49.2959743059,POINT (-49.2959743059 -25.4660356769)
2014-06-07 17:29:10.000000,-25.4660356769,-49.2959743059,POINT (-49.2959743059 -25.4660356769)
2014-06-07 17:29:20.000000,-25.4660356769,-49.2959743059,POINT (-49.2959743059 -25.4660356769)
2014-06-07 17:29:30.000000,-25.4660356769,-49.2959743059,POINT (-49.2959743059 -25.4660356769)
2014-06-07 17:29:40.000000,-25.4660356769,-49.2959743059,POINT (-49.2959743059 -25.4660356769)
2014-06-07 17:29:50.000000,-25.4660356769,-49.2959743059,POINT (-49.2959743059 -25.4660356769)
2014-06-07 17:30:00.000000,-25.4660356769,-49.2959743059,POINT (-49.2959743059 -25.4660356769)
2014-06-07 17:30:10.000000,-25.4660356769,-49.2959743059,POINT (-49.2959743059 -25.4660356769)
2014-06-07 17:30:20.000000,-25.4660356769,-49.2959743059,POINT (-49.2959743059 -25.4660356769)
2014-06-07 17:30:30.000000,-25.4660356769,-49.2959743059,POINT (-49.2959743059 -25.4660356769)
2014-06-07 17:30:40.000000,-25.4660356769,-49.2959743059,POINT (-49.2959743059 -25.4660356769)
2014-06-07 17:30:50.000000,-25.4660356769,-49.2959743059,POINT (-49.2959743059 -25.4660356769)
2014-06-07 17:31:00.000000,-25.4660356769,-49.2959743059,POINT (-49.2959743059 -25.4660356769)
2014-06-07 17:31:10.000000,-25.4660356769,-49.2959743059,POINT (-49.2959743059 -25.4660356769)
2014-06-07 17:31:20.000000,-25.4660356769,-49.2959743059,POINT (-49.2959743059 -25.4660356769)
2014-06-07 17:31:30.000000,-25.4660356769,-49.2959743059,POINT (-49.2959743059 -25.4660356769)
2014-06-07 17:31:40.000000,-25.4660356769,-49.2959743059,POINT (-49.2959743059 -25.4660356769)
2014-06-07 17:31:50.000000,-25.4660356769,-49.2959743059,POINT (-49.2959743059 -25.4660356769)
2014-06-07 17:32:00.000000,-25.4660356769,-49.2959743059,POINT (-49.2959743059 -25.4660356769)
2014-06-07 17:32:10.000000,-25.4660356769,-49.2959743059,POINT (-49.2959743059 -25.4660356769)
2014-06-07 17:32:20.000000,-25.4660356769,-49.2959743059,POINT (-49.2959743059 -25.4660356769)
2014-06-07 17:32:30.000000,-25.4660356769,-49.2959743059,POINT (-49.2959743059 -25.4660356769)
2014-06-07 17:32:40.000000,-25.4660356769,-49.2959743059,POINT (-49.2959743059 -25.4660356769)
2014-06-07 17:32:50.000000,-25.4660356769,-49.2959743059,POINT (-49.2959743059 -25.4660356769)
2014-06-07 17:33:00.000000,-25.4660356769,-49.2959743059,POINT (-49.2959743059 -25.4660356769)
2014-06-07 17:33:10.000000,-25.4660356769,-49.2959743059,POINT (-49.2959743059 -25.4660356769)
2014-06-07 17:33:20.000000,-25.4660356769,-49.2959743059,POINT (-49.2959743059 -25.4660356769)
2014-06-07 17:33:30.000000,-25.4660356769,-49.2959743059,POINT (-49.2959743059 -25.4660356769)
2014-06-07 17:33:40.000000,-25.4660356769,-49.2959743059,POINT (-49.2959743059 -25.4660356769)
2014-06-07 17:33:50.000000,-25.4660356769,-49.2959743059,POINT (-49.2959743059 -25.4660356769)
2014-06-07 17:34:00.000000,-25.4660356769,-49.2959743059,POINT (-49.2959743059 -25.4660356769)
2014-06-07 17:34:10.000000,-25.4660356769,-49.2959743059,POINT (-49.2959743059 -25.4660356769)
2014-06-07 17:34:20.000000,-25.4660356769,-49.2959743059,POINT (-49.2959743059 -25.4660356769)
2014-06-07 17:34:30.000000,-25.4660356769,-49.2959743059,POINT (-49.2959743059 -25.4660356769)
2014-06-07 17:34:40.000000,-25.4660356769,-49.2959743059,POINT (-49.2959743059 -25.4660356769)
2014-06-07 17:34:50.000000,-25.4660356769,-49.2959743059,POINT (-49.2959743059 -25.4660356769)
2014-06-07 17:35:00.000000,-25.4660356769,-49.2959743059,POINT (-49.2959743059 -25.4660356769)
2014-06-07 17:35:10.000000,-25.4660356769,-49.2959743059,POINT (-49.2959743059 -25.4660356769)
2014-06-07 17:35:20.000000,-25.4660356769,-49.2959743059,POINT (-49.2959743059 -25.4660356769)
2014-06-07 17:35:30.000000,-25.4660356769,-49.2959743059,POINT (-49.2959743059 -25.4660356769)
2014-06-07 17:35:40.000000,-25.4660356769,-49.2959743059,POINT (-49.2959743059 -25.4660356769)
2014-06-07 17:35:50.000000,-25.4660356769,-49.2959743059,POINT (-49.2959743059 -25.4660356769)
2014-06-07 17:36:00.000000,-25.4660356769,-49.2959743059,POINT (-49.2959743059 -25.4660356769)
2014-06-07 17:36:10.000000,-25.4660356769,-49.2959743059,POINT (-49.2959743059 -25.4660356769)
2014-06-07 17:36:20.000000,-25.4660356769,-49.2959743059,POINT (-49.2959743059 -25.4660356769)
2014-06-07 17:36:30.000000,-25.4660356769,-49.2959743059,POINT (-49.2959743059 -25.4660356769)
2014-06-07 17:36:40.000000,-25.4660356769,-49.2959743059,POINT (-49.2959743059 -25.4660356769)
2014-06-07 17:36:50.000000,-25.4660356769,-49.2959743059,POINT (-49.2959743059 -25.4660356769)
2014-06-07 17:37:00.000000,-25.4660356769,-49.2959743059,POINT (-49.2959743059 -25.4660356769)
2014-06-07 17:37:10.000000,-25.4660356769,-49.2959743059,POINT (-49.2959743059 -25.4660356769)
2014-06-07 17:37:20.000000,-25.4660356769,-49.2959743059,POINT (-49.2959743059 -25.4660356769)
2014-06-07 17:37:30.000000,-25.4660356769,-49.2959743059,POINT (-49.2959743059 -25.4660356769)
2014-06-07 17:37:40.000000,-25.4660356769,-49.2959743059,POINT (-49.2959743059 -25.4660356769)
2014-06-07 17:37:50.000000,-25.4660356769,-49.2959743059,POINT (-49.2959743059 -25.4660356769)
2014-06-07 17:38:00.000000,-25.4660356769,-49.2959743059,POINT (-49.2959743059 -25.4660356769)
2014-06-07 17:38:10.000000,-25.4660356769,-49.2959743059,POINT (-49.2959743059 -25.4660356769)
2014-06-07 17:38:20.000000,-25.4660356769,-49.2959743059,POINT (-49.2959743059 -25.4660356769)
2014-06-07 17:38:30.000000,-25.4660356769,-49.2959743059,POINT (-49.2959743059 -25.4660356769)
2014-06-07 17:38:40.000000,-25.4660356769,-49.2959743059,POINT (-49.2959743059 -25.4660356769)
2014-06-07 17:38:50.000000,-25.4660356769,-49.2959743059,POINT (-49.2959743059 -25.4660356769)
2014-06-07 17:39:00.000000,-25.4660356769,-49.2959743059,POINT (-49.2959743059 -25.4660356769)
2014-06-07 17:39:10.000000,-25.4660356769,-49.2959743059,POINT (-49.2959743059 -25.4660356769)
2014-06-07 17:39:20.000000,-25.4660356769,-49.2959743059,POINT (-49.2959743059 -25.4660356769)
2014-06-07 17:39:30.000000,-25.4660356769,-49.2959743059,POINT (-49.2959743059 -25.4660356769)
2014-06-07 17:39:40.000000,-25.4660356769,-49.2959743059,POINT (-49.2959743059 -25.4660356769)
2014-06-07 17:39:50.000000,-25.4660356769,-49.2959743059,POINT (-49.2959743059 -25.4660356769)
2014-06-07 17:40:00.000000,-25.4660356769,-49.2959743059,POINT (-49.2959743059 -25.4660356769)
2014-06-07 17:40:10.000000,-25.4660356769,-49.2959743059,POINT (-49.2959743059 -25.4660356769)
2014-06-07 17:40:20.000000,-25.4660356769,-49.2959743059,POINT (-49.2959743059 -25.4660356769)
2014-06-07 17:40:30.000000,-25.4660356769,-49.2959743059,POINT (-49.2959743059 -25.4660356769)
2014-06-07 17:40:40.000000,-25.4660356769,-49.2959743059,POINT (-49.2959743059 -25.4660356769)
2014-06-07 17:40:50.000000,-25.4660356769,-49.2959743059,POINT (-49.2959743059 -25.4660356769)
2014-06-07 17:41:00.000000,-25.4660356769,-49.2959743059,POINT (-49.2959743059 -25.4660356769)
2014-06-07 17:41:10.000000,-25.4660356769,-49.2959743059,POINT (-49.2959743059 -25.4660356769)
2014-06-07 17:41:20.000000,-25.4660356769,-49.2959743059,POINT (-49.2959743059 -25.4660356769)
2014-06-07 17:41:30.000000,-25.4660356769,-49.2959743059,POINT (-49.2959743059 -25.4660356769)
2014-06-07 17:41:40.000000,-25.4660356769,-49.2959743059,POINT (-49.2959743059 -25.4660356769)
2014-06-07 17:41:50.000000,-25.4660356769,-49.2959743059,POINT (-49.2959743059 -25.4660356769)
2014-06-07 17:42:00.000000,-25.4660356769,-49.2959743059,POINT (-49.2959743059 -25.4660356769)
2014-06-07 17:42:10.000000,-25.4660356769,-49.2959743059,POINT (-49.2959743059 -25.4660356769)
2014-06-07 17:42:20.000000,-25.4660356769,-49.2959743059,POINT (-49.2959743059 -25.4660356769)
2014-06-07 17:42:30.000000,-25.4660356769,-49.2959743059,POINT (-49.2959743059 -25.4660356769)
2014-06-07 17:42:40.000000,-25.4660356769,-49.2959743059,POINT (-49.2959743059 -25.4660356769)
2014-06-07 17:42:50.000000,-25.4660356769,-49.2959743059,POINT (-49.2959743059 -25.4660356769)
2014-06-07 17:43:00.000000,-25.4660356769,-49.2959743059,POINT (-49.2959743059 -25.4660356769)
2014-06-07 17:43:10.000000,-25.4660356769,-49.2959743059,POINT (-49.2959743059 -25.4660356769)
2014-06-07 17:43:20.000000,-25.4660356769,-49.2959743059,POINT (-49.2959743059 -25.4660356769)
2014-06-07 17:43:30.000000,-25.4660356769,-49.2959743059,POINT (-49.2959743059 -25.4660356769)
2014-06-07 17:43:40.000000,-25.4660356769,-49.2959743059,POINT (-49.2959743059 -25.4660356769)
2014-06-07 17:43:50.000000,-25.4660356769,-49.2959743059,POINT (-49.2959743059 -25.4660356769)
2014-06-07 17:44:00.000000,-25.4660356769,-49.2959743059,POINT (-49.2959743059 -25.4660356769)
2014-06-07 17:44:10.000000,-25.4660356769,-49.2959743059,POINT (-49.2959743059 -25.4660356769)
2014-06-07 17:44:20.000000,-25.4660356769,-49.2959743059,POINT (-49.2959743059 -25.4660356769)
2014-06-07 17:44:30.000000,-25.4660356769,-49.2959743059,POINT (-49.2959743059 -25.4660356769)
2014-06-07 17:44:40.000000,-25.4660356769,-49.2959743059,POINT (-49.2959743059 -25.4660356769)
2014-06-07 17:44:50.000000,-25.4660356769,-49.2959743059,POINT (-49.2959743059 -25.4660356769)
2014-06-07 17:45:00.000000,-25.4660356769,-49.2959743059,POINT (-49.2959743059 -25.4660356769)
2014-06-07 17:45:10.000000,-25.4660356769,-49.2959743059,POINT (-49.2959743059 -25.4660356769)
2014-06-07 17:45:20.000000,-25.4660356769,-49.2959743059,POINT (-49.2959743059 -25.4660356769)
2014-06-07 17:45:30.000000,-25.4660356769,-49.2959743059,POINT (-49.2959743059 -25.4660356769)
2014-06-07 17:45:40.000000,-25.4660356769,-49.2959743059,POINT (-49.2959743059 -25.4660356769)
2014-06-07 17:45:50.000000,-25.4660356769,-49.2959743059,POINT (-49.2959743059 -25.4660356769)
2014-06-07 17:46:00.000000,-25.4660356769,-49.2959743059,POINT (-49.2959743059 -25.4660356769)
2014-06-07 17:46:10.000000,-25.4660356769,-49.2959743059,POINT (-49.2959743059 -25.4660356769)
2014-06-07 17:46:20.000000,-25.4660356769,-49.2959743059,POINT (-49.2959743059 -25.4660356769)
2014-06-07 17:46:30.000000,-25.4660356769,-49.2959743059,POINT (-49.2959743059 -25.4660356769)
2014-06-07 17:46:40.000000,-25.4660356769,-49.2959743059,POINT (-49.2959743059 -25.4660356769)
2014-06-07 17:46:50.000000,-25.4660356769,-49.2959743059,POINT (-49.2959743059 -25.4660356769)
2014-06-07 17:47:00.000000,-25.4660356769,-49.2959743059,POINT (-49.2959743059 -25.4660356769)
2014-06-07 17:47:10.000000,-25.4660356769,-49.2959743059,POINT (-49.2959743059 -25.4660356769)
2014-06-07 17:47:20.000000,-25.4660356769,-49.2959743059,POINT (-49.2959743059 -25.4660356769)
2014-06-07 17:47:30.000000,-25.4660356769,-49.2959743059,POINT (-49.2959743059 -25.4660356769)
2014-06-07 17:47:40.000000,-25.4660356769,-49.2959743059,POINT (-49.2959743059 -25.4660356769)
2014-06-07 17:47:50.000000,-25.4660356769,-49.2959743059,POINT (-49.2959743059 -25.4660356769)
2014-06-07 17:48:00.000000,-25.4660356769,-49.2959743059,POINT (-49.2959743059 -25.4660356769)
2014-06-07 17:48:10.000000,-25.4660356769,-49.2959743059,POINT (-49.2959743059 -25.4660356769)
2014-06-07 17:48:20.000000,-25.4660356769,-49.2959743059,POINT (-49.2959743059 -25.4660356769)
2014-06-07 17:48:30.000000,-25.4660356769,-49.2959743059,POINT (-49.2959743059 -25.4660356769)
2014-06-07 17:48:40.000000,-25.4660356769,-49.2959743059,POINT (-49.2959743059 -25.4660356769)
2014-06-07 17:48:50.000000,-25.4660356769,-49.2959743059,POINT (-49.2959743059 -25.4660356769)
2014-06-07 17:49:00.000000,-25.4660356769,-49.2959743059,POINT (-49.2959743059 -25.4660356769)
2014-06-07 17:49:10.000000,-25.4660356769,-49.2959743059,POINT (-49.2959743059 -25.4660356769)
2014-06-07 17:49:20.000000,-25.4660356769,-49.2959743059,POINT (-49.2959743059 -25.4660356769)
2014-06-07 17:49:30.000000,-25.4660356769,-49.2959743059,POINT (-49.2959743059 -25.4660356769)
2014-06-07 17:49:40.000000,-25.4660356769,-49.2959743059,POINT (-49.2959743059 -25.4660356769)
2014-06-07 17:49:50.000000,-25.4660356769,-49.2959743059,POINT (-49.2959743059 -25.4660356769)
2014-06-07 17:50:00.000000,-25.4660356769,-49.2959743059,POINT (-49.2959743059 -25.4660356769)
2014-06-07 17:50:10.000000,-25.4660356769,-49.2959743059,POINT (-49.2959743059 -25.4660356769)
2014-06-07 17:50:20.000000,-25.4660356769,-49.2959743059,POINT (-49.2959743059 -25.4660356769)
2014-06-07 17:50:30.000000,-25.4660356769,-49.2959743059,POINT (-49.2959743059 -25.4660356769)
2014-06-07 17:50:40.000000,-25.4660356769,-49.2959743059,POINT (-49.2959743059 -25.4660356769)
2014-06-07 17:50:50.000000,-25.4660356769,-49.2959743059,POINT (-49.2959743059 -25.4660356769)
2014-06-07 17:51:00.000000,-25.4660356769,-49.2959743059,POINT (-49.2959743059 -25.4660356769)
2014-06-07 17:51:10.000000,-25.4660356769,-49.2959743059,POINT (-49.2959743059 -25.4660356769)
2014-06-07 17:51:20.000000,-25.4660356769,-49.2959743059,POINT (-49.2959743059 -25.4660356769)
2014-06-07 17:51:30.000000,-25.4660356769,-49.2959743059,POINT (-49.2959743059 -25.4660356769)
2014-06-07 17:51:40.000000,-25.4660356769,-49.2959743059,POINT (-49.2959743059 -25.4660356769)
2014-06-07 17:51:50.000000,-25.4660356769,-49.2959743059,POINT (-49.2959743059 -25.4660356769)
2014-06-07 17:52:00.000000,-25.4660356769,-49.2959743059,POINT (-49.2959743059 -25.4660356769)
2014-06-07 17:52:10.000000,-25.4660356769,-49.2959743059,POINT (-49.2959743059 -25.4660356769)
2014-06-07 17:52:20.000000,-25.4660356769,-49.2959743059,POINT (-49.2959743059 -25.4660356769)
2014-06-07 17:52:30.000000,-25.4660356769,-49.2959743059,POINT (-49.2959743059 -25.4660356769)
2014-06-07 17:52:40.000000,-25.4660356769,-49.2959743059,POINT (-49.2959743059 -25.4660356769)
2014-06-07 17:52:50.000000,-25.4660356769,-49.2959743059,POINT (-49.2959743059 -25.4660356769)
2014-06-07 17:53:00.000000,-25.4660356769,-49.2959743059,POINT (-49.2959743059 -25.4660356769)
2014-06-07 17:53:10.000000,-25.4660356769,-49.2959743059,POINT (-49.2959743059 -25.4660356769)
2014-06-07 17:53:20.000000,-25.4660356769,-49.2959743059,POINT (-49.2959743059 -25.4660356769)
2014-06-07 17:53:30.000000,-25.4660356769,-49.2959743059,POINT (-49.2959743059 -25.4660356769)
2014-06-07 17:53:40.000000,-25.4660356769,-49.2959743059,POINT (-49.2959743059 -25.4660356769)
2014-06-07 17:53:50.000000,-25.4660356769,-49.2959743059,POINT (-49.2959743059 -25.4660356769)
2014-06-07 17:54:00.000000,-25.4660356769,-49.2959743059,POINT (-49.2959743059 -25.4660356769)
2014-06-07 17:54:10.000000,-25.4660356769,-49.2959743059,POINT (-49.2959743059 -25.4660356769)
2014-06-07 17:54:20.000000,-25.4660356769,-49.2959743059,POINT (-49.2959743059 -25.4660356769)
2014-06-07 17:54:30.000000,-25.4660356769,-49.2959743059,POINT (-49.2959743059 -25.4660356769)
2014-06-07 17:54:40.000000,-25.4660356769,-49.2959743059,POINT (-49.2959743059 -25.4660356769)
2014-06-07 17:54:50.000000,-25.4660356769,-49.2959743059,POINT (-49.2959743059 -25.4660356769)
2014-06-07 17:55:00.000000,-25.4660356769,-49.2959743059,POINT (-49.2959743059 -25.4660356769)
2014-06-07 17:55:10.000000,-25.4660356769,-49.2959743059,POINT (-49.2959743059 -25.4660356769)
2014-06-07 17:55:20.000000,-25.4660356769,-49.2959743059,POINT (-49.2959743059 -25.4660356769)
2014-06-07 17:55:30.000000,-25.4660356769,-49.2959743059,POINT (-49.2959743059 -25.4660356769)
2014-06-07 17:55:40.000000,-25.4660356769,-49.2959743059,POINT (-49.2959743059 -25.4660356769)
2014-06-07 17:55:50.000000,-25.4660356769,-49.2959743059,POINT (-49.2959743059 -25.4660356769)
2014-06-07 17:56:00.000000,-25.4660356769,-49.2959743059,POINT (-49.2959743059 -25.4660356769)
2014-06-07 17:56:10.000000,-25.4660356769,-49.2959743059,POINT (-49.2959743059 -25.4660356769)
2014-06-07 17:56:20.000000,-25.4660356769,-49.2959743059,POINT (-49.2959743059 -25.4660356769)
2014-06-07 17:56:30.000000,-25.4660356769,-49.2959743059,POINT (-49.2959743059 -25.4660356769)
2014-06-07 17:56:40.000000,-25.4660356769,-49.2959743059,POINT (-49.2959743059 -25.4660356769)
2014-06-07 17:56:50.000000,-25.4660356769,-49.2959743059,POINT (-49.2959743059 -25.4660356769)
2014-06-07 17:57:00.000000,-25.4660356769,-49.2959743059,POINT (-49.2959743059 -25.4660356769)
2014-06-07 17:57:10.000000,-25.4660356769,-49.2959743059,POINT (-49.2959743059 -25.4660356769)
2014-06-07 17:57:20.000000,-25.4660356769,-49.2959743059,POINT (-49.2959743059 -25.4660356769)
2014-06-07 17:57:30.000000,-25.4660356769,-49.2959743059,POINT (-49.2959743059 -25.4660356769)
2014-06-07 17:57:40.000000,-25.4660356769,-49.2959743059,POINT (-49.2959743059 -25.4660356769)
2014-06-07 17:57:50.000000,-25.4660356769,-49.2959743059,POINT (-49.2959743059 -25.4660356769)
2014-06-07 17:58:00.000000,-25.4660356769,-49.2959743059,POINT (-49.2959743059 -25.4660356769)
2014-06-07 17:58:10.000000,-25.4660356769,-49.2959743059,POINT (-49.2959743059 -25.4660356769)
2014-06-07 17:58:20.000000,-25.4660356769,-49.2959743059,POINT (-49.2959743059 -25.4660356769)
2014-06-07 17:58:32.954310,-25.46649,-49.296561,POINT (-49.296561 -25.46649)
2014-06-07 17:58:42.954310,-25.4670843,-49.2966618,POINT (-49.2966618 -25.4670843)
2014-06-07 17:58:52.954310,-25.4676906,-49.2967837,POINT (-49.2967837 -25.4676906)
2014-06-07 17:59:02.954310,-25.4684905,-49.2969257,POINT (-49.2969257 -25.4684905)
2014-06-07 17:59:12.954310,-25.46899,-49.2963785,POINT (-49.2963785 -25.46899)
2014-06-07 17:59:22.954310,-25.4695111,-49.296009,POINT (-49.296009 -25.4695111)
2014-06-07 17:59:32.954310,-25.4696857,-49.2958736,POINT (-49.2958736 -25.4696857)
2014-06-07 17:59:42.954310,-25.4703506,-49.2954142,POINT (-49.2954142 -25.4703506)
2014-06-07 18:00:00.000000,-25.4580987509,-49.309496985,POINT (-49.309496985 -25.4580987509)
2014-06-07 18:00:10.000000,-25.4580987509,-49.309496985,POINT (-49.309496985 -25.4580987509)
2014-06-07 18:00:20.000000,-25.4580987509,-49.309496985,POINT (-49.309496985 -25.4580987509)
2014-06-07 18:00:30.000000,-25.4580987509,-49.309496985,POINT (-49.309496985 -25.4580987509)
2014-06-07 18:00:40.000000,-25.4580987509,-49.309496985,POINT (-49.309496985 -25.4580987509)
2014-06-07 18:00:50.000000,-25.4580987509,-49.309496985,POINT (-49.309496985 -25.4580987509)
2014-06-07 18:01:00.000000,-25.4580987509,-49.309496985,POINT (-49.309496985 -25.4580987509)
2014-06-07 18:01:10.000000,-25.4580987509,-49.309496985,POINT (-49.309496985 -25.4580987509)
2014-06-07 18:01:20.000000,-25.4580987509,-49.309496985,POINT (-49.309496985 -25.4580987509)
2014-06-07 18:01:30.000000,-25.4580987509,-49.309496985,POINT (-49.309496985 -25.4580987509)
2014-06-07 18:01:40.000000,-25.4580987509,-49.309496985,POINT (-49.309496985 -25.4580987509)
2014-06-07 18:01:50.000000,-25.4580987509,-49.309496985,POINT (-49.309496985 -25.4580987509)
2014-06-07 18:02:00.000000,-25.4580987509,-49.309496985,POINT (-49.309496985 -25.4580987509)
2014-06-07 18:02:10.000000,-25.4580987509,-49.309496985,POINT (-49.309496985 -25.4580987509)
2014-06-07 18:02:20.000000,-25.4580987509,-49.309496985,POINT (-49.309496985 -25.4580987509)
2014-06-07 18:02:30.000000,-25.4580987509,-49.309496985,POINT (-49.309496985 -25.4580987509)
2014-06-07 18:02:40.000000,-25.4580987509,-49.309496985,POINT (-49.309496985 -25.4580987509)
2014-06-07 18:02:50.000000,-25.4580987509,-49.309496985,POINT (-49.309496985 -25.4580987509)
2014-06-07 18:03:00.000000,-25.4580987509,-49.309496985,POINT (-49.309496985 -25.4580987509)
2014-06-07 18:03:10.000000,-25.4580987509,-49.309496985,POINT (-49.309496985 -25.4580987509)
2014-06-07 18:03:20.000000,-25.4580987509,-49.309496985,POINT (-49.309496985 -25.4580987509)
2014-06-07 18:03:30.000000,-25.4580987509,-49.309496985,POINT (-49.309496985 -25.4580987509)
2014-06-07 18:03:40.000000,-25.4580987509,-49.309496985,POINT (-49.309496985 -25.4580987509)
2014-06-07 18:03:50.000000,-25.4580987509,-49.309496985,POINT (-49.309496985 -25.4580987509)
2014-06-07 18:04:00.000000,-25.4580987509,-49.309496985,POINT (-49.309496985 -25.4580987509)
2014-06-07 18:04:10.000000,-25.4580987509,-49.309496985,POINT (-49.309496985 -25.4580987509)
2014-06-07 18:04:20.000000,-25.4580987509,-49.309496985,POINT (-49.309496985 -25.4580987509)
2014-06-07 18:04:30.000000,-25.4580987509,-49.309496985,POINT (-49.309496985 -25.4580987509)
2014-06-07 18:04:40.000000,-25.4580987509,-49.309496985,POINT (-49.309496985 -25.4580987509)
2014-06-07 18:04:50.000000,-25.4580987509,-49.309496985,POINT (-49.309496985 -25.4580987509)
2014-06-07 18:05:00.000000,-25.4580987509,-49.309496985,POINT (-49.309496985 -25.4580987509)
2014-06-07 18:05:10.000000,-25.4580987509,-49.309496985,POINT (-49.309496985 -25.4580987509)
2014-06-07 18:05:20.000000,-25.4580987509,-49.309496985,POINT (-49.309496985 -25.4580987509)
2014-06-07 18:05:30.000000,-25.4580987509,-49.309496985,POINT (-49.309496985 -25.4580987509)
2014-06-07 18:05:40.000000,-25.4580987509,-49.309496985,POINT (-49.309496985 -25.4580987509)
2014-06-07 18:05:50.000000,-25.4580987509,-49.309496985,POINT (-49.309496985 -25.4580987509)
2014-06-07 18:06:00.000000,-25.4580987509,-49.309496985,POINT (-49.309496985 -25.4580987509)
2014-06-07 18:06:10.000000,-25.4580987509,-49.309496985,POINT (-49.309496985 -25.4580987509)
2014-06-07 18:06:20.000000,-25.4580987509,-49.309496985,POINT (-49.309496985 -25.4580987509)
2014-06-07 18:06:30.000000,-25.4580987509,-49.309496985,POINT (-49.309496985 -25.4580987509)
2014-06-07 18:06:40.000000,-25.4580987509,-49.309496985,POINT (-49.309496985 -25.4580987509)
2014-06-07 18:06:50.000000,-25.4580987509,-49.309496985,POINT (-49.309496985 -25.4580987509)
2014-06-07 18:07:00.000000,-25.4580987509,-49.309496985,POINT (-49.309496985 -25.4580987509)
2014-06-07 18:07:10.000000,-25.4580987509,-49.309496985,POINT (-49.309496985 -25.4580987509)
2014-06-07 18:07:20.000000,-25.4580987509,-49.309496985,POINT (-49.309496985 -25.4580987509)
2014-06-07 18:07:30.000000,-25.4580987509,-49.309496985,POINT (-49.309496985 -25.4580987509)
2014-06-07 18:07:40.000000,-25.4580987509,-49.309496985,POINT (-49.309496985 -25.4580987509)
2014-06-07 18:07:50.000000,-25.4580987509,-49.309496985,POINT (-49.309496985 -25.4580987509)
2014-06-07 18:08:00.000000,-25.4580987509,-49.309496985,POINT (-49.309496985 -25.4580987509)
2014-06-07 18:08:10.000000,-25.4580987509,-49.309496985,POINT (-49.309496985 -25.4580987509)
2014-06-07 18:08:20.000000,-25.4580987509,-49.309496985,POINT (-49.309496985 -25.4580987509)
2014-06-07 18:08:30.000000,-25.4580987509,-49.309496985,POINT (-49.309496985 -25.4580987509)
2014-06-07 18:08:40.000000,-25.4580987509,-49.309496985,POINT (-49.309496985 -25.4580987509)
2014-06-07 18:08:50.000000,-25.4580987509,-49.309496985,POINT (-49.309496985 -25.4580987509)
2014-06-07 18:09:00.000000,-25.4580987509,-49.309496985,POINT (-49.309496985 -25.4580987509)
2014-06-07 18:09:10.000000,-25.4580987509,-49.309496985,POINT (-49.309496985 -25.4580987509)
2014-06-07 18:09:20.000000,-25.4580987509,-49.309496985,POINT (-49.309496985 -25.4580987509)
2014-06-07 18:09:30.000000,-25.4580987509,-49.309496985,POINT (-49.309496985 -25.4580987509)
2014-06-07 18:09:40.000000,-25.4580987509,-49.309496985,POINT (-49.309496985 -25.4580987509)
2014-06-07 18:09:50.000000,-25.4580987509,-49.309496985,POINT (-49.309496985 -25.4580987509)
2014-06-07 18:10:00.000000,-25.4580987509,-49.309496985,POINT (-49.309496985 -25.4580987509)
2014-06-07 18:10:10.000000,-25.4580987509,-49.309496985,POINT (-49.309496985 -25.4580987509)
2014-06-07 18:10:20.000000,-25.4580987509,-49.309496985,POINT (-49.309496985 -25.4580987509)
2014-06-07 18:10:30.000000,-25.4580987509,-49.309496985,POINT (-49.309496985 -25.4580987509)
2014-06-07 18:10:40.000000,-25.4580987509,-49.309496985,POINT (-49.309496985 -25.4580987509)
2014-06-07 18:10:50.000000,-25.4580987509,-49.309496985,POINT (-49.309496985 -25.4580987509)
2014-06-07 18:11:00.000000,-25.4580987509,-49.309496985,POINT (-49.309496985 -25.4580987509)
2014-06-07 18:11:10.000000,-25.4580987509,-49.309496985,POINT (-49.309496985 -25.4580987509)
2014-06-07 18:11:20.000000,-25.4580987509,-49.309496985,POINT (-49.309496985 -25.4580987509)
2014-06-07 18:11:30.000000,-25.4580987509,-49.309496985,POINT (-49.309496985 -25.4580987509)
2014-06-07 18:11:40.000000,-25.4580987509,-49.309496985,POINT (-49.309496985 -25.4580987509)
2014-06-07 18:11:50.000000,-25.4580987509,-49.309496985,POINT (-49.309496985 -25.4580987509)
2014-06-07 18:12:00.000000,-25.4580987509,-49.309496985,POINT (-49.309496985 -25.4580987509)
2014-06-07 18:12:10.000000,-25.4580987509,-49.309496985,POINT (-49.309496985 -25.4580987509)
2014-06-07 18:12:20.000000,-25.4580987509,-49.309496985,POINT (-49.309496985 -25.4580987509)
2014-06-07 18:12:30.000000,-25.4580987509,-49.309496985,POINT (-49.309496985 -25.4580987509)
2014-06-07 18:12:40.000000,-25.4580987509,-49.309496985,POINT (-49.309496985 -25.4580987509)
2014-06-07 18:12:50.000000,-25.4580987509,-49.309496985,POINT (-49.309496985 -25.4580987509)
2014-06-07 18:13:00.000000,-25.4580987509,-49.309496985,POINT (-49.309496985 -25.4580987509)
2014-06-07 18:13:10.000000,-25.4580987509,-49.309496985,POINT (-49.309496985 -25.4580987509)
2014-06-07 18:13:20.000000,-25.4580987509,-49.309496985,POINT (-49.309496985 -25.4580987509)
2014-06-07 18:13:30.000000,-25.4580987509,-49.309496985,POINT (-49.309496985 -25.4580987509)
2014-06-07 18:13:40.000000,-25.4580987509,-49.309496985,POINT (-49.309496985 -25.4580987509)
2014-06-07 18:13:50.000000,-25.4580987509,-49.309496985,POINT (-49.309496985 -25.4580987509)
2014-06-07 18:14:00.000000,-25.4580987509,-49.309496985,POINT (-49.309496985 -25.4580987509)
2014-06-07 18:14:10.000000,-25.4580987509,-49.309496985,POINT (-49.309496985 -25.4580987509)
2014-06-07 18:14:20.000000,-25.4580987509,-49.309496985,POINT (-49.309496985 -25.4580987509)
2014-06-07 18:14:30.000000,-25.4580987509,-49.309496985,POINT (-49.309496985 -25.4580987509)
2014-06-07 18:14:40.000000,-25.4580987509,-49.309496985,POINT (-49.309496985 -25.4580987509)
2014-06-07 18:14:50.000000,-25.4580987509,-49.309496985,POINT (-49.309496985 -25.4580987509)
2014-06-07 18:15:00.000000,-25.4580987509,-49.309496985,POINT (-49.309496985 -25.4580987509)
2014-06-07 18:15:10.000000,-25.4580987509,-49.309496985,POINT (-49.309496985 -25.4580987509)
2014-06-07 18:15:20.000000,-25.4580987509,-49.309496985,POINT (-49.309496985 -25.4580987509)
2014-06-07 18:15:30.000000,-25.4580987509,-49.309496985,POINT (-49.309496985 -25.4580987509)
2014-06-07 18:15:40.000000,-25.4580987509,-49.309496985,POINT (-49.309496985 -25.4580987509)
2014-06-07 18:15:50.000000,-25.4580987509,-49.309496985,POINT (-49.309496985 -25.4580987509)
2014-06-07 18:16:00.000000,-25.4580987509,-49.309496985,POINT (-49.309496985 -25.4580987509)
2014-06-07 18:16:10.000000,-25.4580987509,-49.309496985,POINT (-49.309496985 -25.4580987509)
2014-06-07 18:16:20.000000,-25.4580987509,-49.309496985,POINT (-49.309496985 -25.4580987509)
2014-06-07 18:16:30.000000,-25.4580987509,-49.309496985,POINT (-49.309496985 -25.4580987509)
2014-06-07 18:16:40.000000,-25.4580987509,-49.309496985,POINT (-49.309496985 -25.4580987509)
2014-06-07 18:16:50.000000,-25.4580987509,-49.309496985,POINT (-49.309496985 -25.4580987509)
2014-06-07 18:17:00.000000,-25.4580987509,-49.309496985,POINT (-49.309496985 -25.4580987509)
2014-06-07 18:17:10.000000,-25.4580987509,-49.309496985,POINT (-49.309496985 -25.4580987509)
2014-06-07 18:17:20.000000,-25.4580987509,-49.309496985,POINT (-49.309496985 -25.4580987509)
2014-06-07 18:17:30.000000,-25.4580987509,-49.309496985,POINT (-49.309496985 -25.4580987509)
2014-06-07 18:17:40.000000,-25.4580987509,-49.309496985,POINT (-49.309496985 -25.4580987509)
2014-06-07 18:17:50.000000,-25.4580987509,-49.309496985,POINT (-49.309496985 -25.4580987509)
2014-06-07 18:18:00.000000,-25.4580987509,-49.309496985,POINT (-49.309496985 -25.4580987509)
2014-06-07 18:18:10.000000,-25.4580987509,-49.309496985,POINT (-49.309496985 -25.4580987509)
2014-06-07 18:18:20.000000,-25.4580987509,-49.309496985,POINT (-49.309496985 -25.4580987509)
2014-06-07 18:18:30.000000,-25.4580987509,-49.309496985,POINT (-49.309496985 -25.4580987509)
2014-06-07 18:18:40.000000,-25.4580987509,-49.309496985,POINT (-49.309496985 -25.4580987509)
2014-06-07 18:18:50.000000,-25.4580987509,-49.309496985,POINT (-49.309496985 -25.4580987509)
2014-06-07 18:19:00.000000,-25.4580987509,-49.309496985,POINT (-49.309496985 -25.4580987509)
2014-06-07 18:19:10.000000,-25.4580987509,-49.309496985,POINT (-49.309496985 -25.4580987509)
2014-06-07 18:19:20.000000,-25.4580987509,-49.309496985,POINT (-49.309496985 -25.4580987509)
2014-06-07 18:19:30.000000,-25.4580987509,-49.309496985,POINT (-49.309496985 -25.4580987509)
2014-06-07 18:19:40.000000,-25.4580987509,-49.309496985,POINT (-49.309496985 -25.4580987509)
2014-06-07 18:19:50.000000,-25.4580987509,-49.309496985,POINT (-49.309496985 -25.4580987509)
2014-06-07 18:20:00.000000,-25.4580987509,-49.309496985,POINT (-49.309496985 -25.4580987509)
2014-06-07 18:20:10.000000,-25.4580987509,-49.309496985,POINT (-49.309496985 -25.4580987509)
2014-06-07 18:20:20.000000,-25.4580987509,-49.309496985,POINT (-49.309496985 -25.4580987509)
2014-06-07 18:20:30.000000,-25.4580987509,-49.309496985,POINT (-49.309496985 -25.4580987509)
2014-06-07 18:20:40.000000,-25.4580987509,-49.309496985,POINT (-49.309496985 -25.4580987509)
2014-06-07 18:20:50.000000,-25.4580987509,-49.309496985,POINT (-49.309496985 -25.4580987509)
2014-06-07 18:21:00.000000,-25.4580987509,-49.309496985,POINT (-49.309496985 -25.4580987509)
2014-06-07 18:21:10.000000,-25.4580987509,-49.309496985,POINT (-49.309496985 -25.4580987509)
2014-06-07 18:21:20.000000,-25.4580987509,-49.309496985,POINT (-49.309496985 -25.4580987509)
2014-06-07 18:21:30.000000,-25.4580987509,-49.309496985,POINT (-49.309496985 -25.4580987509)
2014-06-07 18:21:40.000000,-25.4580987509,-49.309496985,POINT (-49.309496985 -25.4580987509)
2014-06-07 18:21:50.000000,-25.4580987509,-49.309496985,POINT (-49.309496985 -25.4580987509)
2014-06-07 18:22:00.000000,-25.4580987509,-49.309496985,POINT (-49.309496985 -25.4580987509)
2014-06-07 18:22:10.000000,-25.4580987509,-49.309496985,POINT (-49.309496985 -25.4580987509)
2014-06-07 18:22:20.000000,-25.4580987509,-49.309496985,POINT (-49.309496985 -25.4580987509)
2014-06-07 18:22:30.000000,-25.4580987509,-49.309496985,POINT (-49.309496985 -25.4580987509)
2014-06-07 18:22:40.000000,-25.4580987509,-49.309496985,POINT (-49.309496985 -25.4580987509)
2014-06-07 18:22:50.000000,-25.4580987509,-49.309496985,POINT (-49.309496985 -25.4580987509)
2014-06-07 18:23:00.000000,-25.4580987509,-49.309496985,POINT (-49.309496985 -25.4580987509)
2014-06-07 18:23:10.000000,-25.4580987509,-49.309496985,POINT (-49.309496985 -25.4580987509)
2014-06-07 18:23:20.000000,-25.4580987509,-49.309496985,POINT (-49.309496985 -25.4580987509)
2014-06-07 18:23:30.000000,-25.4580987509,-49.309496985,POINT (-49.309496985 -25.4580987509)
2014-06-07 18:23:40.000000,-25.4580987509,-49.309496985,POINT (-49.309496985 -25.4580987509)
2014-06-07 18:23:50.000000,-25.4580987509,-49.309496985,POINT (-49.309496985 -25.4580987509)
2014-06-07 18:24:00.000000,-25.4580987509,-49.309496985,POINT (-49.309496985 -25.4580987509)
2014-06-07 18:24:10.000000,-25.4580987509,-49.309496985,POINT (-49.309496985 -25.4580987509)
2014-06-07 18:24:20.000000,-25.4580987509,-49.309496985,POINT (-49.309496985 -25.4580987509)
2014-06-07 18:24:30.000000,-25.4580987509,-49.309496985,POINT (-49.309496985 -25.4580987509)
2014-06-07 18:24:40.000000,-25.4580987509,-49.309496985,POINT (-49.309496985 -25.4580987509)
2014-06-07 18:24:50.000000,-25.4580987509,-49.309496985,POINT (-49.309496985 -25.4580987509)
2014-06-07 18:25:00.000000,-25.4580987509,-49.309496985,POINT (-49.309496985 -25.4580987509)
2014-06-07 18:25:10.000000,-25.4580987509,-49.309496985,POINT (-49.309496985 -25.4580987509)
2014-06-07 18:25:20.000000,-25.4580987509,-49.309496985,POINT (-49.309496985 -25.4580987509)
2014-06-07 18:25:30.000000,-25.4580987509,-49.309496985,POINT (-49.309496985 -25.4580987509)
2014-06-07 18:25:40.000000,-25.4580987509,-49.309496985,POINT (-49.309496985 -25.4580987509)
2014-06-07 18:25:50.000000,-25.4580987509,-49.309496985,POINT (-49.309496985 -25.4580987509)
2014-06-07 18:26:00.000000,-25.4580987509,-49.309496985,POINT (-49.309496985 -25.4580987509)
2014-06-07 18:26:10.000000,-25.4580987509,-49.309496985,POINT (-49.309496985 -25.4580987509)
2014-06-07 18:26:20.000000,-25.4580987509,-49.309496985,POINT (-49.309496985 -25.4580987509)
2014-06-07 18:26:30.000000,-25.4580987509,-49.309496985,POINT (-49.309496985 -25.4580987509)
2014-06-07 18:26:40.000000,-25.4580987509,-49.309496985,POINT (-49.309496985 -25.4580987509)
2014-06-07 18:26:50.000000,-25.4580987509,-49.309496985,POINT (-49.309496985 -25.4580987509)
2014-06-07 18:27:00.000000,-25.4580987509,-49.309496985,POINT (-49.309496985 -25.4580987509)
2014-06-07 18:27:10.000000,-25.4580987509,-49.309496985,POINT (-49.309496985 -25.4580987509)
2014-06-07 18:27:20.000000,-25.4580987509,-49.309496985,POINT (-49.309496985 -25.4580987509)
2014-06-07 18:27:30.000000,-25.4580987509,-49.309496985,POINT (-49.309496985 -25.4580987509)
2014-06-07 18:27:40.000000,-25.4580987509,-49.309496985,POINT (-49.309496985 -25.4580987509)
2014-06-07 18:27:50.000000,-25.4580987509,-49.309496985,POINT (-49.309496985 -25.4580987509)
2014-06-07 18:28:00.000000,-25.4580987509,-49.309496985,POINT (-49.309496985 -25.4580987509)
2014-06-07 18:28:10.000000,-25.4580987509,-49.309496985,POINT (-49.309496985 -25.4580987509)
2014-06-07 18:28:20.000000,-25.4580987509,-49.309496985,POINT (-49.309496985 -25.4580987509)
2014-06-07 18:28:30.000000,-25.4580987509,-49.309496985,POINT (-49.309496985 -25.4580987509)
2014-06-07 18:28:40.000000,-25.4580987509,-49.309496985,POINT (-49.309496985 -25.4580987509)
2014-06-07 18:28:50.000000,-25.4580987509,-49.309496985,POINT (-49.309496985 -25.4580987509)
2014-06-07 18:29:00.000000,-25.4580987509,-49.309496985,POINT (-49.309496985 -25.4580987509)
2014-06-07 18:29:10.000000,-25.4580987509,-49.309496985,POINT (-49.309496985 -25.4580987509)
2014-06-07 18:29:20.000000,-25.4580987509,-49.309496985,POINT (-49.309496985 -25.4580987509)
2014-06-07 18:29:30.000000,-25.4580987509,-49.309496985,POINT (-49.309496985 -25.4580987509)
2014-06-07 18:29:40.000000,-25.4580987509,-49.309496985,POINT (-49.309496985 -25.4580987509)
2014-06-07 18:29:50.000000,-25.4580987509,-49.309496985,POINT (-49.309496985 -25.4580987509)
2014-06-07 18:30:00.000000,-25.4580987509,-49.309496985,POINT (-49.309496985 -25.4580987509)
2014-06-07 18:30:10.000000,-25.4580987509,-49.309496985,POINT (-49.309496985 -25.4580987509)
2014-06-07 18:30:20.000000,-25.4580987509,-49.309496985,POINT (-49.309496985 -25.4580987509)
2014-06-07 18:30:30.000000,-25.4580987509,-49.309496985,POINT (-49.309496985 -25.4580987509)
2014-06-07 18:30:40.000000,-25.4580987509,-49.309496985,POINT (-49.309496985 -25.4580987509)
2014-06-07 18:30:50.000000,-25.4580987509,-49.309496985,POINT (-49.309496985 -25.4580987509)
2014-06-07 18:31:00.000000,-25.4580987509,-49.309496985,POINT (-49.309496985 -25.4580987509)
2014-06-07 18:31:10.000000,-25.4580987509,-49.309496985,POINT (-49.309496985 -25.4580987509)
2014-06-07 18:31:20.000000,-25.4580987509,-49.309496985,POINT (-49.309496985 -25.4580987509)
2014-06-07 18:31:30.000000,-25.4580987509,-49.309496985,POINT (-49.309496985 -25.4580987509)
2014-06-07 18:31:40.000000,-25.4580987509,-49.309496985,POINT (-49.309496985 -25.4580987509)
2014-06-07 18:31:50.000000,-25.4580987509,-49.309496985,POINT (-49.309496985 -25.4580987509)
2014-06-07 18:32:00.000000,-25.4580987509,-49.309496985,POINT (-49.309496985 -25.4580987509)
2014-06-07 18:32:10.000000,-25.4580987509,-49.309496985,POINT (-49.309496985 -25.4580987509)
2014-06-07 18:32:20.000000,-25.4580987509,-49.309496985,POINT (-49.309496985 -25.4580987509)
2014-06-07 18:32:30.000000,-25.4580987509,-49.309496985,POINT (-49.309496985 -25.4580987509)
2014-06-07 18:32:40.000000,-25.4580987509,-49.309496985,POINT (-49.309496985 -25.4580987509)
2014-06-07 18:32:50.000000,-25.4580987509,-49.309496985,POINT (-49.309496985 -25.4580987509)
2014-06-07 18:33:00.000000,-25.4580987509,-49.309496985,POINT (-49.309496985 -25.4580987509)
2014-06-07 18:33:10.000000,-25.4580987509,-49.309496985,POINT (-49.309496985 -25.4580987509)
2014-06-07 18:33:20.000000,-25.4580987509,-49.309496985,POINT (-49.309496985 -25.4580987509)
2014-06-07 18:33:30.000000,-25.4580987509,-49.309496985,POINT (-49.309496985 -25.4580987509)
2014-06-07 18:33:40.000000,-25.4580987509,-49.309496985,POINT (-49.309496985 -25.4580987509)
2014-06-07 18:33:50.000000,-25.4580987509,-49.309496985,POINT (-49.309496985 -25.4580987509)
2014-06-07 18:34:00.000000,-25.4580987509,-49.309496985,POINT (-49.309496985 -25.4580987509)
2014-06-07 18:34:10.000000,-25.4580987509,-49.309496985,POINT (-49.309496985 -25.4580987509)
2014-06-07 18:34:20.000000,-25.4580987509,-49.309496985,POINT (-49.309496985 -25.4580987509)
2014-06-07 18:34:30.000000,-25.4580987509,-49.309496985,POINT (-49.309496985 -25.4580987509)
2014-06-07 18:34:40.000000,-25.4580987509,-49.309496985,POINT (-49.309496985 -25.4580987509)
2014-06-07 18:34:50.000000,-25.4580987509,-49.309496985,POINT (-49.309496985 -25.4580987509)
2014-06-07 18:35:00.000000,-25.4580987509,-49.309496985,POINT (-49.309496985 -25.4580987509)
2014-06-07 18:35:10.000000,-25.4580987509,-49.309496985,POINT (-49.309496985 -25.4580987509)
2014-06-07 18:35:20.000000,-25.4580987509,-49.309496985,POINT (-49.309496985 -25.4580987509)
2014-06-07 18:35:30.000000,-25.4580987509,-49.309496985,POINT (-49.309496985 -25.4580987509)
2014-06-07 18:35:40.000000,-25.4580987509,-49.309496985,POINT (-49.309496985 -25.4580987509)
2014-06-07 18:35:50.000000,-25.4580987509,-49.309496985,POINT (-49.309496985 -25.4580987509)
2014-06-07 18:36:00.000000,-25.4580987509,-49.309496985,POINT (-49.309496985 -25.4580987509)
2014-06-07 18:36:10.000000,-25.4580987509,-49.309496985,POINT (-49.309496985 -25.4580987509)
2014-06-07 18:36:20.000000,-25.4580987509,-49.309496985,POINT (-49.309496985 -25.4580987509)
2014-06-07 18:36:30.000000,-25.4580987509,-49.309496985,POINT (-49.309496985 -25.4580987509)
2014-06-07 18:36:40.000000,-25.4580987509,-49.309496985,POINT (-49.309496985 -25.4580987509)
2014-06-07 18:36:50.000000,-25.4580987509,-49.309496985,POINT (-49.309496985 -25.4580987509)
2014-06-07 18:37:00.000000,-25.4580987509,-49.309496985,POINT (-49.309496985 -25.4580987509)
2014-06-07 18:37:10.000000,-25.4580987509,-49.309496985,POINT (-49.309496985 -25.4580987509)
2014-06-07 18:37:20.000000,-25.4580987509,-49.309496985,POINT (-49.309496985 -25.4580987509)
2014-06-07 18:37:30.000000,-25.4580987509,-49.309496985,POINT (-49.309496985 -25.4580987509)
2014-06-07 18:37:40.000000,-25.4580987509,-49.309496985,POINT (-49.309496985 -25.4580987509)
2014-06-07 18:37:50.000000,-25.4580987509,-49.309496985,POINT (-49.309496985 -25.4580987509)
2014-06-07 18:38:00.000000,-25.4580987509,-49.309496985,POINT (-49.309496985 -25.4580987509)
2014-06-07 18:38:10.000000,-25.4580987509,-49.309496985,POINT (-49.309496985 -25.4580987509)
2014-06-07 18:38:20.000000,-25.4580987509,-49.309496985,POINT (-49.309496985 -25.4580987509)
2014-06-07 18:38:30.000000,-25.4580987509,-49.309496985,POINT (-49.309496985 -25.4580987509)
2014-06-07 18:38:40.000000,-25.4580987509,-49.309496985,POINT (-49.309496985 -25.4580987509)
2014-06-07 18:38:50.000000,-25.4580987509,-49.309496985,POINT (-49.309496985 -25.4580987509)
2014-06-07 18:39:00.000000,-25.4580987509,-49.309496985,POINT (-49.309496985 -25.4580987509)
2014-06-07 18:39:10.000000,-25.4580987509,-49.309496985,POINT (-49.309496985 -25.4580987509)
2014-06-07 18:39:20.000000,-25.4580987509,-49.309496985,POINT (-49.309496985 -25.4580987509)
2014-06-07 18:39:30.000000,-25.4580987509,-49.309496985,POINT (-49.309496985 -25.4580987509)
2014-06-07 18:39:40.000000,-25.4580987509,-49.309496985,POINT (-49.309496985 -25.4580987509)
2014-06-07 18:39:50.000000,-25.4580987509,-49.309496985,POINT (-49.309496985 -25.4580987509)
2014-06-07 18:40:00.000000,-25.4580987509,-49.309496985,POINT (-49.309496985 -25.4580987509)
2014-06-07 18:40:10.000000,-25.4580987509,-49.309496985,POINT (-49.309496985 -25.4580987509)
2014-06-07 18:40:20.000000,-25.4580987509,-49.309496985,POINT (-49.309496985 -25.4580987509)
2014-06-07 18:40:30.000000,-25.4580987509,-49.309496985,POINT (-49.309496985 -25.4580987509)
2014-06-07 18:40:40.000000,-25.4580987509,-49.309496985,POINT (-49.309496985 -25.4580987509)
2014-06-07 18:40:50.000000,-25.4580987509,-49.309496985,POINT (-49.309496985 -25.4580987509)
2014-06-07 18:41:00.000000,-25.4580987509,-49.309496985,POINT (-49.309496985 -25.4580987509)
2014-06-07 18:41:10.000000,-25.4580987509,-49.309496985,POINT (-49.309496985 -25.4580987509)
2014-06-07 18:41:20.000000,-25.4580987509,-49.309496985,POINT (-49.309496985 -25.4580987509)
2014-06-07 18:41:30.000000,-25.4580987509,-49.309496985,POINT (-49.309496985 -25.4580987509)
2014-06-07 18:41:40.000000,-25.4580987509,-49.309496985,POINT (-49.309496985 -25.4580987509)
2014-06-07 18:41:50.000000,-25.4580987509,-49.309496985,POINT (-49.309496985 -25.4580987509)
2014-06-07 18:42:00.000000,-25.4580987509,-49.309496985,POINT (-49.309496985 -25.4580987509)
2014-06-07 18:42:10.000000,-25.4580987509,-49.309496985,POINT (-49.309496985 -25.4580987509)
2014-06-07 18:42:20.000000,-25.4580987509,-49.309496985,POINT (-49.309496985 -25.4580987509)
2014-06-07 18:42:30.000000,-25.4580987509,-49.309496985,POINT (-49.309496985 -25.4580987509)
2014-06-07 18:42:40.000000,-25.4580987509,-49.309496985,POINT (-49.309496985 -25.4580987509)
2014-06-07 18:42:50.000000,-25.4580987509,-49.309496985,POINT (-49.309496985 -25.4580987509)
2014-06-07 18:43:00.000000,-25.4580987509,-49.309496985,POINT (-49.309496985 -25.4580987509)
2014-06-07 18:43:10.000000,-25.4580987509,-49.309496985,POINT (-49.309496985 -25.4580987509)
2014-06-07 18:43:20.000000,-25.4580987509,-49.309496985,POINT (-49.309496985 -25.4580987509)
2014-06-07 18:43:30.000000,-25.4580987509,-49.309496985,POINT (-49.309496985 -25.4580987509)
2014-06-07 18:43:40.000000,-25.4580987509,-49.309496985,POINT (-49.309496985 -25.4580987509)
2014-06-07 18:43:50.000000,-25.4580987509,-49.309496985,POINT (-49.309496985 -25.4580987509)
2014-06-07 18:44:00.000000,-25.4580987509,-49.309496985,POINT (-49.309496985 -25.4580987509)
2014-06-07 18:44:10.000000,-25.4580987509,-49.309496985,POINT (-49.309496985 -25.4580987509)
2014-06-07 18:44:20.000000,-25.4580987509,-49.309496985,POINT (-49.309496985 -25.4580987509)
2014-06-07 18:44:30.000000,-25.4580987509,-49.309496985,POINT (-49.309496985 -25.4580987509)
2014-06-07 18:44:40.000000,-25.4580987509,-49.309496985,POINT (-49.309496985 -25.4580987509)
2014-06-07 18:44:50.000000,-25.4580987509,-49.309496985,POINT (-49.309496985 -25.4580987509)
2014-06-07 18:45:00.000000,-25.4580987509,-49.309496985,POINT (-49.309496985 -25.4580987509)
2014-06-07 18:45:10.000000,-25.4580987509,-49.309496985,POINT (-49.309496985 -25.4580987509)
2014-06-07 18:45:20.000000,-25.4580987509,-49.309496985,POINT (-49.309496985 -25.4580987509)
2014-06-07 18:45:30.000000,-25.4580987509,-49.309496985,POINT (-49.309496985 -25.4580987509)
2014-06-07 18:45:40.000000,-25.4580987509,-49.309496985,POINT (-49.309496985 -25.4580987509)
2014-06-07 18:45:50.000000,-25.4580987509,-49.309496985,POINT (-49.309496985 -25.4580987509)
2014-06-07 18:46:00.000000,-25.4580987509,-49.309496985,POINT (-49.309496985 -25.4580987509)
2014-06-07 18:46:10.000000,-25.4580987509,-49.309496985,POINT (-49.309496985 -25.4580987509)
2014-06-07 18:46:20.000000,-25.4580987509,-49.309496985,POINT (-49.309496985 -25.4580987509)
2014-06-07 18:46:30.000000,-25.4580987509,-49.309496985,POINT (-49.309496985 -25.4580987509)
2014-06-07 18:46:40.000000,-25.4580987509,-49.309496985,POINT (-49.309496985 -25.4580987509)
2014-06-07 18:46:50.000000,-25.4580987509,-49.309496985,POINT (-49.309496985 -25.4580987509)
2014-06-07 18:47:00.000000,-25.4580987509,-49.309496985,POINT (-49.309496985 -25.4580987509)
2014-06-07 18:47:10.000000,-25.4580987509,-49.309496985,POINT (-49.309496985 -25.4580987509)
2014-06-07 18:47:20.000000,-25.4580987509,-49.309496985,POINT (-49.309496985 -25.4580987509)
2014-06-07 18:47:30.000000,-25.4580987509,-49.309496985,POINT (-49.309496985 -25.4580987509)
2014-06-07 18:47:40.000000,-25.4580987509,-49.309496985,POINT (-49.309496985 -25.4580987509)
2014-06-07 18:47:50.000000,-25.4580987509,-49.309496985,POINT (-49.309496985 -25.4580987509)
2014-06-07 18:48:00.000000,-25.4580987509,-49.309496985,POINT (-49.309496985 -25.4580987509)
2014-06-07 18:48:10.000000,-25.4580987509,-49.309496985,POINT (-49.309496985 -25.4580987509)
2014-06-07 18:48:20.000000,-25.4580987509,-49.309496985,POINT (-49.309496985 -25.4580987509)
2014-06-07 18:48:30.000000,-25.4580987509,-49.309496985,POINT (-49.309496985 -25.4580987509)
2014-06-07 18:48:40.000000,-25.4580987509,-49.309496985,POINT (-49.309496985 -25.4580987509)
2014-06-07 18:48:50.000000,-25.4580987509,-49.309496985,POINT (-49.309496985 -25.4580987509)
2014-06-07 18:49:00.000000,-25.4580987509,-49.309496985,POINT (-49.309496985 -25.4580987509)
2014-06-07 18:49:10.000000,-25.4580987509,-49.309496985,POINT (-49.309496985 -25.4580987509)
2014-06-07 18:49:20.000000,-25.4580987509,-49.309496985,POINT (-49.309496985 -25.4580987509)
2014-06-07 18:49:30.000000,-25.4580987509,-49.309496985,POINT (-49.309496985 -25.4580987509)
2014-06-07 18:49:40.000000,-25.4580987509,-49.309496985,POINT (-49.309496985 -25.4580987509)
2014-06-07 18:49:50.000000,-25.4580987509,-49.309496985,POINT (-49.309496985 -25.4580987509)
2014-06-07 18:50:00.000000,-25.4580987509,-49.309496985,POINT (-49.309496985 -25.4580987509)
2014-06-07 18:50:10.000000,-25.4580987509,-49.309496985,POINT (-49.309496985 -25.4580987509)
2014-06-07 18:50:20.000000,-25.4580987509,-49.309496985,POINT (-49.309496985 -25.4580987509)
2014-06-07 18:50:30.000000,-25.4580987509,-49.309496985,POINT (-49.309496985 -25.4580987509)
2014-06-07 18:50:40.000000,-25.4580987509,-49.309496985,POINT (-49.309496985 -25.4580987509)
2014-06-07 18:50:50.000000,-25.4580987509,-49.309496985,POINT (-49.309496985 -25.4580987509)
2014-06-07 18:51:00.000000,-25.4580987509,-49.309496985,POINT (-49.309496985 -25.4580987509)
2014-06-07 18:51:10.000000,-25.4580987509,-49.309496985,POINT (-49.309496985 -25.4580987509)
2014-06-07 18:51:20.000000,-25.4580987509,-49.309496985,POINT (-49.309496985 -25.4580987509)
2014-06-07 18:51:30.000000,-25.4580987509,-49.309496985,POINT (-49.309496985 -25.4580987509)
2014-06-07 18:51:40.000000,-25.4580987509,-49.309496985,POINT (-49.309496985 -25.4580987509)
2014-06-07 18:51:50.000000,-25.4580987509,-49.309496985,POINT (-49.309496985 -25.4580987509)
2014-06-07 18:52:00.000000,-25.4580987509,-49.309496985,POINT (-49.309496985 -25.4580987509)
2014-06-07 18:52:10.000000,-25.4580987509,-49.309496985,POINT (-49.309496985 -25.4580987509)
2014-06-07 18:52:20.000000,-25.4580987509,-49.309496985,POINT (-49.309496985 -25.4580987509)
2014-06-07 18:52:30.000000,-25.4580987509,-49.309496985,POINT (-49.309496985 -25.4580987509)
2014-06-07 18:52:40.000000,-25.4580987509,-49.309496985,POINT (-49.309496985 -25.4580987509)
2014-06-07 18:52:50.000000,-25.4580987509,-49.309496985,POINT (-49.309496985 -25.4580987509)
2014-06-07 18:53:00.000000,-25.4580987509,-49.309496985,POINT (-49.309496985 -25.4580987509)
2014-06-07 18:53:10.000000,-25.4580987509,-49.309496985,POINT (-49.309496985 -25.4580987509)
2014-06-07 18:53:20.000000,-25.4580987509,-49.309496985,POINT (-49.309496985 -25.4580987509)
2014-06-07 18:53:30.000000,-25.4580987509,-49.309496985,POINT (-49.309496985 -25.4580987509)
2014-06-07 18:53:40.000000,-25.4580987509,-49.309496985,POINT (-49.309496985 -25.4580987509)
2014-06-07 18:53:50.000000,-25.4580987509,-49.309496985,POINT (-49.309496985 -25.4580987509)
2014-06-07 18:54:00.000000,-25.4580987509,-49.309496985,POINT (-49.309496985 -25.4580987509)
2014-06-07 18:54:10.000000,-25.4580987509,-49.309496985,POINT (-49.309496985 -25.4580987509)
2014-06-07 18:54:20.000000,-25.4580987509,-49.309496985,POINT (-49.309496985 -25.4580987509)
2014-06-07 18:54:30.000000,-25.4580987509,-49.309496985,POINT (-49.309496985 -25.4580987509)
2014-06-07 18:54:40.000000,-25.4580987509,-49.309496985,POINT (-49.309496985 -25.4580987509)
2014-06-07 18:54:50.000000,-25.4580987509,-49.309496985,POINT (-49.309496985 -25.4580987509)
2014-06-07 18:55:00.000000,-25.4580987509,-49.309496985,POINT (-49.309496985 -25.4580987509)
2014-06-07 18:55:10.000000,-25.4580987509,-49.309496985,POINT (-49.309496985 -25.4580987509)
2014-06-07 18:55:20.000000,-25.4580987509,-49.309496985,POINT (-49.309496985 -25.4580987509)
2014-06-07 18:55:30.000000,-25.4580987509,-49.309496985,POINT (-49.309496985 -25.4580987509)
2014-06-07 18:55:40.000000,-25.4580987509,-49.309496985,POINT (-49.309496985 -25.4580987509)
2014-06-07 18:55:50.000000,-25.4580987509,-49.309496985,POINT (-49.309496985 -25.4580987509)
2014-06-07 18:56:00.000000,-25.4580987509,-49.309496985,POINT (-49.309496985 -25.4580987509)
2014-06-07 18:56:10.000000,-25.4580987509,-49.309496985,POINT (-49.309496985 -25.4580987509)
2014-06-07 18:56:20.000000,-25.4580987509,-49.309496985,POINT (-49.309496985 -25.4580987509)
2014-06-07 18:56:30.000000,-25.4580987509,-49.309496985,POINT (-49.309496985 -25.4580987509)
2014-06-07 18:56:40.000000,-25.4580987509,-49.309496985,POINT (-49.309496985 -25.4580987509)
2014-06-07 18:56:50.000000,-25.4580987509,-49.309496985,POINT (-49.309496985 -25.4580987509)
2014-06-07 18:57:00.000000,-25.4580987509,-49.309496985,POINT (-49.309496985 -25.4580987509)
2014-06-07 18:57:10.000000,-25.4580987509,-49.309496985,POINT (-49.309496985 -25.4580987509)
2014-06-07 18:57:20.000000,-25.4580987509,-49.309496985,POINT (-49.309496985 -25.4580987509)
2014-06-07 18:57:30.000000,-25.4580987509,-49.309496985,POINT (-49.309496985 -25.4580987509)
2014-06-07 18:57:40.000000,-25.4580987509,-49.309496985,POINT (-49.309496985 -25.4580987509)
2014-06-07 18:57:50.000000,-25.4580987509,-49.309496985,POINT (-49.309496985 -25.4580987509)
2014-06-07 18:58:00.000000,-25.4580987509,-49.309496985,POINT (-49.309496985 -25.4580987509)
2014-06-07 18:58:10.000000,-25.4580987509,-49.309496985,POINT (-49.309496985 -25.4580987509)
2014-06-07 18:58:20.000000,-25.4580987509,-49.309496985,POINT (-49.309496985 -25.4580987509)
2014-06-07 18:58:30.000000,-25.4580987509,-49.309496985,POINT (-49.309496985 -25.4580987509)
2014-06-07 18:58:40.000000,-25.4580987509,-49.309496985,POINT (-49.309496985 -25.4580987509)
2014-06-07 18:58:50.000000,-25.4580987509,-49.309496985,POINT (-49.309496985 -25.4580987509)
2014-06-07 18:59:00.000000,-25.4580987509,-49.309496985,POINT (-49.309496985 -25.4580987509)
2014-06-07 18:59:10.000000,-25.4580987509,-49.309496985,POINT (-49.309496985 -25.4580987509)
2014-06-07 18:59:20.000000,-25.4580987509,-49.309496985,POINT (-49.309496985 -25.4580987509)
2014-06-07 18:59:30.000000,-25.4580987509,-49.309496985,POINT (-49.309496985 -25.4580987509)
2014-06-07 18:59:40.000000,-25.4580987509,-49.309496985,POINT (-49.309496985 -25.4580987509)
2014-06-07 18:59:50.000000,-25.4580987509,-49.309496985,POINT (-49.309496985 -25.4580987509)
