timestamp,lat,lon,geometry
2014-05-14 08:00:00.000000,-25.432093844,-49.2741751671,POINT (-49.2741751671 -25.432093844)
2014-05-14 08:00:10.000000,-25.432093844,-49.2741751671,POINT (-49.2741751671 -25.432093844)
2014-05-14 08:00:20.000000,-25.432093844,-49.2741751671,POINT (-49.2741751671 -25.432093844)
2014-05-14 08:00:30.000000,-25.432093844,-49.2741751671,POINT (-49.2741751671 -25.432093844)
2014-05-14 08:00:40.000000,-25.432093844,-49.2741751671,POINT (-49.2741751671 -25.432093844)
2014-05-14 08:00:50.000000,-25.432093844,-49.2741751671,POINT (-49.2741751671 -25.432093844)
2014-05-14 08:01:00.000000,-25.432093844,-49.2741751671,POINT (-49.2741751671 -25.432093844)
2014-05-14 08:01:10.000000,-25.432093844,-49.2741751671,POINT (-49.2741751671 -25.432093844)
2014-05-14 08:01:20.000000,-25.432093844,-49.2741751671,POINT (-49.2741751671 -25.432093844)
2014-05-14 08:01:30.000000,-25.432093844,-49.2741751671,POINT (-49.2741751671 -25.432093844)
2014-05-14 08:01:40.000000,-25.432093844,-49.2741751671,POINT (-49.2741751671 -25.432093844)
2014-05-14 08:01:50.000000,-25.432093844,-49.2741751671,POINT (-49.2741751671 -25.432093844)
2014-05-14 08:02:00.000000,-25.432093844,-49.2741751671,POINT (-49.2741751671 -25.432093844)
2014-05-14 08:02:10.000000,-25.432093844,-49.2741751671,POINT (-49.2741751671 -25.432093844)
2014-05-14 08:02:20.000000,-25.432093844,-49.2741751671,POINT (-49.2741751671 -25.432093844)
2014-05-14 08:02:30.000000,-25.432093844,-49.2741751671,POINT (-49.2741751671 -25.432093844)
2014-05-14 08:02:40.000000,-25.432093844,-49.2741751671,POINT (-49.2741751671 -25.432093844)
2014-05-14 08:02:50.000000,-25.432093844,-49.2741751671,POINT (-49.2741751671 -25.432093844)
2014-05-14 08:03:00.000000,-25.432093844,-49.2741751671,POINT (-49.2741751671 -25.432093844)
2014-05-14 08:03:10.000000,-25.432093844,-49.2741751671,POINT (-49.2741751671 -25.432093844)
2014-05-14 08:03:20.000000,-25.432093844,-49.2741751671,POINT (-49.2741751671 -25.432093844)
2014-05-14 08:03:30.000000,-25.432093844,-49.2741751671,POINT (-49.2741751671 -25.432093844)
2014-05-14 08:03:40.000000,-25.432093844,-49.2741751671,POINT (-49.2741751671 -25.432093844)
2014-05-14 08:03:50.000000,-25.432093844,-49.2741751671,POINT (-49.2741751671 -25.432093844)
2014-05-14 08:04:00.000000,-25.432093844,-49.2741751671,POINT (-49.2741751671 -25.432093844)
2014-05-14 08:04:10.000000,-25.432093844,-49.2741751671,POINT (-49.2741751671 -25.432093844)
2014-05-14 08:04:20.000000,-25.432093844,-49.2741751671,POINT (-49.2741751671 -25.432093844)
2014-05-14 08:04:30.000000,-25.432093844,-49.2741751671,POINT (-49.2741751671 -25.432093844)
2014-05-14 08:04:40.000000,-25.432093844,-49.2741751671,POINT (-49.2741751671 -25.432093844)
2014-05-14 08:04:50.000000,-25.432093844,-49.2741751671,POINT (-49.2741751671 -25.432093844)
2014-05-14 08:05:00.000000,-25.432093844,-49.2741751671,POINT (-49.2741751671 -25.432093844)
2014-05-14 08:05:10.000000,-25.432093844,-49.2741751671,POINT (-49.2741751671 -25.432093844)
2014-05-14 08:05:20.000000,-25.432093844,-49.2741751671,POINT (-49.2741751671 -25.432093844)
2014-05-14 08:05:30.000000,-25.432093844,-49.2741751671,POINT (-49.2741751671 -25.432093844)
2014-05-14 08:05:40.000000,-25.432093844,-49.2741751671,POINT (-49.2741751671 -25.432093844)
2014-05-14 08:05:50.000000,-25.432093844,-49.2741751671,POINT (-49.2741751671 -25.432093844)
2014-05-14 08:06:00.000000,-25.432093844,-49.2741751671,POINT (-49.2741751671 -25.432093844)
2014-05-14 08:06:10.000000,-25.432093844,-49.2741751671,POINT (-49.2741751671 -25.432093844)
2014-05-14 08:06:20.000000,-25.432093844,-49.2741751671,POINT (-49.2741751671 -25.432093844)
2014-05-14 08:06:30.000000,-25.432093844,-49.2741751671,POINT (-49.2741751671 -25.432093844)
2014-05-14 08:06:40.000000,-25.432093844,-49.2741751671,POINT (-49.2741751671 -25.432093844)
2014-05-14 08:06:50.000000,-25.432093844,-49.2741751671,POINT (-49.2741751671 -25.432093844)
2014-05-14 08:07:00.000000,-25.432093844,-49.2741751671,POINT (-49.2741751671 -25.432093844)
2014-05-14 08:07:10.000000,-25.432093844,-49.2741751671,POINT (-49.2741751671 -25.432093844)
2014-05-14 08:07:20.000000,-25.432093844,-49.2741751671,POINT (-49.2741751671 -25.432093844)
2014-05-14 08:07:30.000000,-25.432093844,-49.2741751671,POINT (-49.2741751671 -25.432093844)
2014-05-14 08:07:40.000000,-25.432093844,-49.2741751671,POINT (-49.2741751671 -25.432093844)
2014-05-14 08:07:50.000000,-25.432093844,-49.2741751671,POINT (-49.2741751671 -25.432093844)
2014-05-14 08:08:00.000000,-25.432093844,-49.2741751671,POINT (-49.2741751671 -25.432093844)
2014-05-14 08:08:10.000000,-25.432093844,-49.2741751671,POINT (-49.2741751671 -25.432093844)
2014-05-14 08:08:20.000000,-25.432093844,-49.2741751671,POINT (-49.2741751671 -25.432093844)
2014-05-14 08:08:30.000000,-25.432093844,-49.2741751671,POINT (-49.2741751671 -25.432093844)
2014-05-14 08:08:40.000000,-25.432093844,-49.2741751671,POINT (-49.2741751671 -25.432093844)
2014-05-14 08:08:50.000000,-25.432093844,-49.2741751671,POINT (-49.2741751671 -25.432093844)
2014-05-14 08:09:00.000000,-25.432093844,-49.2741751671,POINT (-49.2741751671 -25.432093844)
2014-05-14 08:09:10.000000,-25.432093844,-49.2741751671,POINT (-49.2741751671 -25.432093844)
2014-05-14 08:09:20.000000,-25.432093844,-49.2741751671,POINT (-49.2741751671 -25.432093844)
2014-05-14 08:09:30.000000,-25.432093844,-49.2741751671,POINT (-49.2741751671 -25.432093844)
2014-05-14 08:09:40.000000,-25.432093844,-49.2741751671,POINT (-49.2741751671 -25.432093844)
2014-05-14 08:09:50.000000,-25.432093844,-49.2741751671,POINT (-49.2741751671 -25.432093844)
2014-05-14 08:10:00.000000,-25.432093844,-49.2741751671,POINT (-49.2741751671 -25.432093844)
2014-05-14 08:10:10.000000,-25.432093844,-49.2741751671,POINT (-49.2741751671 -25.432093844)
2014-05-14 08:10:20.000000,-25.432093844,-49.2741751671,POINT (-49.2741751671 -25.432093844)
2014-05-14 08:10:30.000000,-25.432093844,-49.2741751671,POINT (-49.2741751671 -25.432093844)
2014-05-14 08:10:40.000000,-25.432093844,-49.2741751671,POINT (-49.2741751671 -25.432093844)
2014-05-14 08:10:50.000000,-25.432093844,-49.2741751671,POINT (-49.2741751671 -25.432093844)
2014-05-14 08:11:00.000000,-25.432093844,-49.2741751671,POINT (-49.2741751671 -25.432093844)
2014-05-14 08:11:10.000000,-25.432093844,-49.2741751671,POINT (-49.2741751671 -25.432093844)
2014-05-14 08:11:20.000000,-25.432093844,-49.2741751671,POINT (-49.2741751671 -25.432093844)
2014-05-14 08:11:30.000000,-25.432093844,-49.2741751671,POINT (-49.2741751671 -25.432093844)
2014-05-14 08:11:40.000000,-25.432093844,-49.2741751671,POINT (-49.2741751671 -25.432093844)
2014-05-14 08:11:50.000000,-25.432093844,-49.2741751671,POINT (-49.2741751671 -25.432093844)
2014-05-14 08:12:00.000000,-25.432093844,-49.2741751671,POINT (-49.2741751671 -25.432093844)
2014-05-14 08:12:10.000000,-25.432093844,-49.2741751671,POINT (-49.2741751671 -25.432093844)
2014-05-14 08:12:20.000000,-25.432093844,-49.2741751671,POINT (-49.2741751671 -25.432093844)
2014-05-14 08:12:30.000000,-25.432093844,-49.2741751671,POINT (-49.2741751671 -25.432093844)
2014-05-14 08:12:40.000000,-25.432093844,-49.2741751671,POINT (-49.2741751671 -25.432093844)
2014-05-14 08:12:50.000000,-25.432093844,-49.2741751671,POINT (-49.2741751671 -25.432093844)
2014-05-14 08:13:00.000000,-25.432093844,-49.2741751671,POINT (-49.2741751671 -25.432093844)
2014-05-14 08:13:10.000000,-25.432093844,-49.2741751671,POINT (-49.2741751671 -25.432093844)
2014-05-14 08:13:20.000000,-25.432093844,-49.2741751671,POINT (-49.2741751671 -25.432093844)
2014-05-14 08:13:30.000000,-25.432093844,-49.2741751671,POINT (-49.2741751671 -25.432093844)
2014-05-14 08:13:40.000000,-25.432093844,-49.2741751671,POINT (-49.2741751671 -25.432093844)
2014-05-14 08:13:50.000000,-25.432093844,-49.2741751671,POINT (-49.2741751671 -25.432093844)
2014-05-14 08:14:00.000000,-25.432093844,-49.2741751671,POINT (-49.2741751671 -25.432093844)
2014-05-14 08:14:10.000000,-25.432093844,-49.2741751671,POINT (-49.2741751671 -25.432093844)
2014-05-14 08:14:20.000000,-25.432093844,-49.2741751671,POINT (-49.2741751671 -25.432093844)
2014-05-14 08:14:30.000000,-25.432093844,-49.2741751671,POINT (-49.2741751671 -25.432093844)
2014-05-14 08:14:40.000000,-25.432093844,-49.2741751671,POINT (-49.2741751671 -25.432093844)
2014-05-14 08:14:50.000000,-25.432093844,-49.2741751671,POINT (-49.2741751671 -25.432093844)
2014-05-14 08:15:00.000000,-25.432093844,-49.2741751671,POINT (-49.2741751671 -25.432093844)
2014-05-14 08:15:10.000000,-25.432093844,-49.2741751671,POINT (-49.2741751671 -25.432093844)
2014-05-14 08:15:20.000000,-25.432093844,-49.2741751671,POINT (-49.2741751671 -25.432093844)
2014-05-14 08:15:30.000000,-25.432093844,-49.2741751671,POINT (-49.2741751671 -25.432093844)
2014-05-14 08:15:40.000000,-25.432093844,-49.2741751671,POINT (-49.2741751671 -25.432093844)
2014-05-14 08:15:50.000000,-25.432093844,-49.2741751671,POINT (-49.2741751671 -25.432093844)
2014-05-14 08:16:00.000000,-25.432093844,-49.2741751671,POINT (-49.2741751671 -25.432093844)
2014-05-14 08:16:10.000000,-25.432093844,-49.2741751671,POINT (-49.2741751671 -25.432093844)
2014-05-14 08:16:20.000000,-25.432093844,-49.2741751671,POINT (-49.2741751671 -25.432093844)
2014-05-14 08:16:30.000000,-25.432093844,-49.2741751671,POINT (-49.2741751671 -25.432093844)
2014-05-14 08:16:40.000000,-25.432093844,-49.2741751671,POINT (-49.2741751671 -25.432093844)
2014-05-14 08:16:50.000000,-25.432093844,-49.2741751671,POINT (-49.2741751671 -25.432093844)
2014-05-14 08:17:00.000000,-25.432093844,-49.2741751671,POINT (-49.2741751671 -25.432093844)
2014-05-14 08:17:10.000000,-25.432093844,-49.2741751671,POINT (-49.2741751671 -25.432093844)
2014-05-14 08:17:20.000000,-25.432093844,-49.2741751671,POINT (-49.2741751671 -25.432093844)
2014-05-14 08:17:30.000000,-25.432093844,-49.2741751671,POINT (-49.2741751671 -25.432093844)
2014-05-14 08:17:40.000000,-25.432093844,-49.2741751671,POINT (-49.2741751671 -25.432093844)
2014-05-14 08:17:50.000000,-25.432093844,-49.2741751671,POINT (-49.2741751671 -25.432093844)
2014-05-14 08:18:00.000000,-25.432093844,-49.2741751671,POINT (-49.2741751671 -25.432093844)
2014-05-14 08:18:10.000000,-25.432093844,-49.2741751671,POINT (-49.2741751671 -25.432093844)
2014-05-14 08:18:20.000000,-25.432093844,-49.2741751671,POINT (-49.2741751671 -25.432093844)
2014-05-14 08:18:30.000000,-25.432093844,-49.2741751671,POINT (-49.2741751671 -25.432093844)
2014-05-14 08:18:40.000000,-25.432093844,-49.2741751671,POINT (-49.2741751671 -25.432093844)
2014-05-14 08:18:50.000000,-25.432093844,-49.2741751671,POINT (-49.2741751671 -25.432093844)
2014-05-14 08:19:00.000000,-25.432093844,-49.2741751671,POINT (-49.2741751671 -25.432093844)
2014-05-14 08:19:10.000000,-25.432093844,-49.2741751671,POINT (-49.2741751671 -25.432093844)
2014-05-14 08:19:20.000000,-25.432093844,-49.2741751671,POINT (-49.2741751671 -25.432093844)
2014-05-14 08:19:30.000000,-25.432093844,-49.2741751671,POINT (-49.2741751671 -25.432093844)
2014-05-14 08:19:40.000000,-25.432093844,-49.2741751671,POINT (-49.2741751671 -25.432093844)
2014-05-14 08:19:50.000000,-25.432093844,-49.2741751671,POINT (-49.2741751671 -25.432093844)
2014-05-14 08:20:00.000000,-25.432093844,-49.2741751671,POINT (-49.2741751671 -25.432093844)
2014-05-14 08:20:10.000000,-25.432093844,-49.2741751671,POINT (-49.2741751671 -25.432093844)
2014-05-14 08:20:20.000000,-25.432093844,-49.2741751671,POINT (-49.2741751671 -25.432093844)
2014-05-14 08:20:30.000000,-25.432093844,-49.2741751671,POINT (-49.2741751671 -25.432093844)
2014-05-14 08:20:40.000000,-25.432093844,-49.2741751671,POINT (-49.2741751671 -25.432093844)
2014-05-14 08:20:50.000000,-25.432093844,-49.2741751671,POINT (-49.2741751671 -25.432093844)
2014-05-14 08:21:00.000000,-25.432093844,-49.2741751671,POINT (-49.2741751671 -25.432093844)
2014-05-14 08:21:10.000000,-25.432093844,-49.2741751671,POINT (-49.2741751671 -25.432093844)
2014-05-14 08:21:20.000000,-25.432093844,-49.2741751671,POINT (-49.2741751671 -25.432093844)
2014-05-14 08:21:30.000000,-25.432093844,-49.2741751671,POINT (-49.2741751671 -25.432093844)
2014-05-14 08:21:40.000000,-25.432093844,-49.2741751671,POINT (-49.2741751671 -25.432093844)
2014-05-14 08:21:50.000000,-25.432093844,-49.2741751671,POINT (-49.2741751671 -25.432093844)
2014-05-14 08:22:00.000000,-25.432093844,-49.2741751671,POINT (-49.2741751671 -25.432093844)
2014-05-14 08:22:10.000000,-25.432093844,-49.2741751671,POINT (-49.2741751671 -25.432093844)
2014-05-14 08:22:20.000000,-25.432093844,-49.2741751671,POINT (-49.2741751671 -25.432093844)
2014-05-14 08:22:30.000000,-25.432093844,-49.2741751671,POINT (-49.2741751671 -25.432093844)
2014-05-14 08:22:40.000000,-25.432093844,-49.2741751671,POINT (-49.2741751671 -25.432093844)
2014-05-14 08:22:50.000000,-25.432093844,-49.2741751671,POINT (-49.2741751671 -25.432093844)
2014-05-14 08:23:00.000000,-25.432093844,-49.2741751671,POINT (-49.2741751671 -25.432093844)
2014-05-14 08:23:10.000000,-25.432093844,-49.2741751671,POINT (-49.2741751671 -25.432093844)
2014-05-14 08:23:20.000000,-25.432093844,-49.2741751671,POINT (-49.2741751671 -25.432093844)
2014-05-14 08:23:30.000000,-25.432093844,-49.2741751671,POINT (-49.2741751671 -25.432093844)
2014-05-14 08:23:40.000000,-25.432093844,-49.2741751671,POINT (-49.2741751671 -25.432093844)
2014-05-14 08:23:50.000000,-25.432093844,-49.2741751671,POINT (-49.2741751671 -25.432093844)
2014-05-14 08:24:00.000000,-25.432093844,-49.2741751671,POINT (-49.2741751671 -25.432093844)
2014-05-14 08:24:10.000000,-25.432093844,-49.2741751671,POINT (-49.2741751671 -25.432093844)
2014-05-14 08:24:20.000000,-25.432093844,-49.2741751671,POINT (-49.2741751671 -25.432093844)
2014-05-14 08:24:30.000000,-25.432093844,-49.2741751671,POINT (-49.2741751671 -25.432093844)
2014-05-14 08:24:40.000000,-25.432093844,-49.2741751671,POINT (-49.2741751671 -25.432093844)
2014-05-14 08:24:50.000000,-25.432093844,-49.2741751671,POINT (-49.2741751671 -25.432093844)
2014-05-14 08:25:00.000000,-25.432093844,-49.2741751671,POINT (-49.2741751671 -25.432093844)
2014-05-14 08:25:10.000000,-25.432093844,-49.2741751671,POINT (-49.2741751671 -25.432093844)
2014-05-14 08:25:20.000000,-25.432093844,-49.2741751671,POINT (-49.2741751671 -25.432093844)
2014-05-14 08:25:30.000000,-25.432093844,-49.2741751671,POINT (-49.2741751671 -25.432093844)
2014-05-14 08:25:40.000000,-25.432093844,-49.2741751671,POINT (-49.2741751671 -25.432093844)
2014-05-14 08:25:50.000000,-25.432093844,-49.2741751671,POINT (-49.2741751671 -25.432093844)
2014-05-14 08:26:00.000000,-25.432093844,-49.2741751671,POINT (-49.2741751671 -25.432093844)
2014-05-14 08:26:10.000000,-25.432093844,-49.2741751671,POINT (-49.2741751671 -25.432093844)
2014-05-14 08:26:20.000000,-25.432093844,-49.2741751671,POINT (-49.2741751671 -25.432093844)
2014-05-14 08:26:30.000000,-25.432093844,-49.2741751671,POINT (-49.2741751671 -25.432093844)
2014-05-14 08:26:40.000000,-25.432093844,-49.2741751671,POINT (-49.2741751671 -25.432093844)
2014-05-14 08:26:50.000000,-25.432093844,-49.2741751671,POINT (-49.2741751671 -25.432093844)
2014-05-14 08:27:00.000000,-25.432093844,-49.2741751671,POINT (-49.2741751671 -25.432093844)
2014-05-14 08:27:10.000000,-25.432093844,-49.2741751671,POINT (-49.2741751671 -25.432093844)
2014-05-14 08:27:20.000000,-25.432093844,-49.2741751671,POINT (-49.2741751671 -25.432093844)
2014-05-14 08:27:30.000000,-25.432093844,-49.2741751671,POINT (-49.2741751671 -25.432093844)
2014-05-14 08:27:40.000000,-25.432093844,-49.2741751671,POINT (-49.2741751671 -25.432093844)
2014-05-14 08:27:50.000000,-25.432093844,-49.2741751671,POINT (-49.2741751671 -25.432093844)
2014-05-14 08:28:00.000000,-25.432093844,-49.2741751671,POINT (-49.2741751671 -25.432093844)
2014-05-14 08:28:10.000000,-25.432093844,-49.2741751671,POINT (-49.2741751671 -25.432093844)
2014-05-14 08:28:20.000000,-25.432093844,-49.2741751671,POINT (-49.2741751671 -25.432093844)
2014-05-14 08:28:30.000000,-25.432093844,-49.2741751671,POINT (-49.2741751671 -25.432093844)
2014-05-14 08:28:40.000000,-25.432093844,-49.2741751671,POINT (-49.2741751671 -25.432093844)
2014-05-14 08:28:50.000000,-25.432093844,-49.2741751671,POINT (-49.2741751671 -25.432093844)
2014-05-14 08:29:00.000000,-25.432093844,-49.2741751671,POINT (-49.2741751671 -25.432093844)
2014-05-14 08:29:10.000000,-25.432093844,-49.2741751671,POINT (-49.2741751671 -25.432093844)
2014-05-14 08:29:20.000000,-25.432093844,-49.2741751671,POINT (-49.2741751671 -25.432093844)
2014-05-14 08:29:30.000000,-25.432093844,-49.2741751671,POINT (-49.2741751671 -25.432093844)
2014-05-14 08:29:40.000000,-25.432093844,-49.2741751671,POINT (-49.2741751671 -25.432093844)
2014-05-14 08:29:50.000000,-25.432093844,-49.2741751671,POINT (-49.2741751671 -25.432093844)
2014-05-14 08:30:00.000000,-25.432093844,-49.2741751671,POINT (-49.2741751671 -25.432093844)
2014-05-14 08:30:10.000000,-25.432093844,-49.2741751671,POINT (-49.2741751671 -25.432093844)
2014-05-14 08:30:20.000000,-25.432093844,-49.2741751671,POINT (-49.2741751671 -25.432093844)
2014-05-14 08:30:30.000000,-25.432093844,-49.2741751671,POINT (-49.2741751671 -25.432093844)
2014-05-14 08:30:40.000000,-25.432093844,-49.2741751671,POINT (-49.2741751671 -25.432093844)
2014-05-14 08:30:50.000000,-25.432093844,-49.2741751671,POINT (-49.2741751671 -25.432093844)
2014-05-14 08:31:00.000000,-25.432093844,-49.2741751671,POINT (-49.2741751671 -25.432093844)
2014-05-14 08:31:10.000000,-25.432093844,-49.2741751671,POINT (-49.2741751671 -25.432093844)
2014-05-14 08:31:20.000000,-25.432093844,-49.2741751671,POINT (-49.2741751671 -25.432093844)
2014-05-14 08:31:30.000000,-25.432093844,-49.2741751671,POINT (-49.2741751671 -25.432093844)
2014-05-14 08:31:40.000000,-25.432093844,-49.2741751671,POINT (-49.2741751671 -25.432093844)
2014-05-14 08:31:50.000000,-25.432093844,-49.2741751671,POINT (-49.2741751671 -25.432093844)
2014-05-14 08:32:00.000000,-25.432093844,-49.2741751671,POINT (-49.2741751671 -25.432093844)
2014-05-14 08:32:10.000000,-25.432093844,-49.2741751671,POINT (-49.2741751671 -25.432093844)
2014-05-14 08:32:20.000000,-25.432093844,-49.2741751671,POINT (-49.2741751671 -25.432093844)
2014-05-14 08:32:30.000000,-25.432093844,-49.2741751671,POINT (-49.2741751671 -25.432093844)
2014-05-14 08:32:40.000000,-25.432093844,-49.2741751671,POINT (-49.2741751671 -25.432093844)
2014-05-14 08:32:50.000000,-25.432093844,-49.2741751671,POINT (-49.2741751671 -25.432093844)
2014-05-14 08:33:00.000000,-25.432093844,-49.2741751671,POINT (-49.2741751671 -25.432093844)
2014-05-14 08:33:10.000000,-25.432093844,-49.2741751671,POINT (-49.2741751671 -25.432093844)
2014-05-14 08:33:20.000000,-25.432093844,-49.2741751671,POINT (-49.2741751671 -25.432093844)
2014-05-14 08:33:30.000000,-25.432093844,-49.2741751671,POINT (-49.2741751671 -25.432093844)
2014-05-14 08:33:40.000000,-25.432093844,-49.2741751671,POINT (-49.2741751671 -25.432093844)
2014-05-14 08:33:50.000000,-25.432093844,-49.2741751671,POINT (-49.2741751671 -25.432093844)
2014-05-14 08:34:00.000000,-25.432093844,-49.2741751671,POINT (-49.2741751671 -25.432093844)
2014-05-14 08:34:10.000000,-25.432093844,-49.2741751671,POINT (-49.2741751671 -25.432093844)
2014-05-14 08:34:20.000000,-25.432093844,-49.2741751671,POINT (-49.2741751671 -25.432093844)
2014-05-14 08:34:30.000000,-25.432093844,-49.2741751671,POINT (-49.2741751671 -25.432093844)
2014-05-14 08:34:40.000000,-25.432093844,-49.2741751671,POINT (-49.2741751671 -25.432093844)
2014-05-14 08:34:50.000000,-25.432093844,-49.2741751671,POINT (-49.2741751671 -25.432093844)
2014-05-14 08:35:00.000000,-25.432093844,-49.2741751671,POINT (-49.2741751671 -25.432093844)
2014-05-14 08:35:10.000000,-25.432093844,-49.2741751671,POINT (-49.2741751671 -25.432093844)
2014-05-14 08:35:20.000000,-25.432093844,-49.2741751671,POINT (-49.2741751671 -25.432093844)
2014-05-14 08:35:30.000000,-25.432093844,-49.2741751671,POINT (-49.2741751671 -25.432093844)
2014-05-14 08:35:40.000000,-25.432093844,-49.2741751671,POINT (-49.2741751671 -25.432093844)
2014-05-14 08:35:50.000000,-25.432093844,-49.2741751671,POINT (-49.2741751671 -25.432093844)
2014-05-14 08:36:00.000000,-25.432093844,-49.2741751671,POINT (-49.2741751671 -25.432093844)
2014-05-14 08:36:10.000000,-25.432093844,-49.2741751671,POINT (-49.2741751671 -25.432093844)
2014-05-14 08:36:20.000000,-25.432093844,-49.2741751671,POINT (-49.2741751671 -25.432093844)
2014-05-14 08:36:30.000000,-25.432093844,-49.2741751671,POINT (-49.2741751671 -25.432093844)
2014-05-14 08:36:40.000000,-25.432093844,-49.2741751671,POINT (-49.2741751671 -25.432093844)
2014-05-14 08:36:50.000000,-25.432093844,-49.2741751671,POINT (-49.2741751671 -25.432093844)
2014-05-14 08:37:00.000000,-25.432093844,-49.2741751671,POINT (-49.2741751671 -25.432093844)
2014-05-14 08:37:10.000000,-25.432093844,-49.2741751671,POINT (-49.2741751671 -25.432093844)
2014-05-14 08:37:20.000000,-25.432093844,-49.2741751671,POINT (-49.2741751671 -25.432093844)
2014-05-14 08:37:30.000000,-25.432093844,-49.2741751671,POINT (-49.2741751671 -25.432093844)
2014-05-14 08:37:40.000000,-25.432093844,-49.2741751671,POINT (-49.2741751671 -25.432093844)
2014-05-14 08:37:50.000000,-25.432093844,-49.2741751671,POINT (-49.2741751671 -25.432093844)
2014-05-14 08:38:00.000000,-25.432093844,-49.2741751671,POINT (-49.2741751671 -25.432093844)
2014-05-14 08:38:10.000000,-25.432093844,-49.2741751671,POINT (-49.2741751671 -25.432093844)
2014-05-14 08:38:20.000000,-25.432093844,-49.2741751671,POINT (-49.2741751671 -25.432093844)
2014-05-14 08:38:30.000000,-25.432093844,-49.2741751671,POINT (-49.2741751671 -25.432093844)
2014-05-14 08:38:40.000000,-25.432093844,-49.2741751671,POINT (-49.2741751671 -25.432093844)
2014-05-14 08:38:50.000000,-25.432093844,-49.2741751671,POINT (-49.2741751671 -25.432093844)
2014-05-14 08:39:00.000000,-25.432093844,-49.2741751671,POINT (-49.2741751671 -25.432093844)
2014-05-14 08:39:10.000000,-25.432093844,-49.2741751671,POINT (-49.2741751671 -25.432093844)
2014-05-14 08:39:20.000000,-25.432093844,-49.2741751671,POINT (-49.2741751671 -25.432093844)
2014-05-14 08:39:30.000000,-25.432093844,-49.2741751671,POINT (-49.2741751671 -25.432093844)
2014-05-14 08:39:40.000000,-25.432093844,-49.2741751671,POINT (-49.2741751671 -25.432093844)
2014-05-14 08:39:50.000000,-25.432093844,-49.2741751671,POINT (-49.2741751671 -25.432093844)
2014-05-14 08:40:00.000000,-25.432093844,-49.2741751671,POINT (-49.2741751671 -25.432093844)
2014-05-14 08:40:10.000000,-25.432093844,-49.2741751671,POINT (-49.2741751671 -25.432093844)
2014-05-14 08:40:20.000000,-25.432093844,-49.2741751671,POINT (-49.2741751671 -25.432093844)
2014-05-14 08:40:30.000000,-25.432093844,-49.2741751671,POINT (-49.2741751671 -25.432093844)
2014-05-14 08:40:40.000000,-25.432093844,-49.2741751671,POINT (-49.2741751671 -25.432093844)
2014-05-14 08:40:50.000000,-25.432093844,-49.2741751671,POINT (-49.2741751671 -25.432093844)
2014-05-14 08:41:00.000000,-25.432093844,-49.2741751671,POINT (-49.2741751671 -25.432093844)
2014-05-14 08:41:10.000000,-25.432093844,-49.2741751671,POINT (-49.2741751671 -25.432093844)
2014-05-14 08:41:20.000000,-25.432093844,-49.2741751671,POINT (-49.2741751671 -25.432093844)
2014-05-14 08:41:30.000000,-25.432093844,-49.2741751671,POINT (-49.2741751671 -25.432093844)
2014-05-14 08:41:40.000000,-25.432093844,-49.2741751671,POINT (-49.2741751671 -25.432093844)
2014-05-14 08:41:50.000000,-25.432093844,-49.2741751671,POINT (-49.2741751671 -25.432093844)
2014-05-14 08:42:00.000000,-25.432093844,-49.2741751671,POINT (-49.2741751671 -25.432093844)
2014-05-14 08:42:10.000000,-25.432093844,-49.2741751671,POINT (-49.2741751671 -25.432093844)
2014-05-14 08:42:20.000000,-25.432093844,-49.2741751671,POINT (-49.2741751671 -25.432093844)
2014-05-14 08:42:30.000000,-25.432093844,-49.2741751671,POINT (-49.2741751671 -25.432093844)
2014-05-14 08:42:40.000000,-25.432093844,-49.2741751671,POINT (-49.2741751671 -25.432093844)
2014-05-14 08:42:50.000000,-25.432093844,-49.2741751671,POINT (-49.2741751671 -25.432093844)
2014-05-14 08:43:00.000000,-25.432093844,-49.2741751671,POINT (-49.2741751671 -25.432093844)
2014-05-14 08:43:10.000000,-25.432093844,-49.2741751671,POINT (-49.2741751671 -25.432093844)
2014-05-14 08:43:20.000000,-25.432093844,-49.2741751671,POINT (-49.2741751671 -25.432093844)
2014-05-14 08:43:30.000000,-25.432093844,-49.2741751671,POINT (-49.2741751671 -25.432093844)
2014-05-14 08:43:40.000000,-25.432093844,-49.2741751671,POINT (-49.2741751671 -25.432093844)
2014-05-14 08:43:50.000000,-25.432093844,-49.2741751671,POINT (-49.2741751671 -25.432093844)
2014-05-14 08:44:00.000000,-25.432093844,-49.2741751671,POINT (-49.2741751671 -25.432093844)
2014-05-14 08:44:10.000000,-25.432093844,-49.2741751671,POINT (-49.2741751671 -25.432093844)
2014-05-14 08:44:20.000000,-25.432093844,-49.2741751671,POINT (-49.2741751671 -25.432093844)
2014-05-14 08:44:30.000000,-25.432093844,-49.2741751671,POINT (-49.2741751671 -25.432093844)
2014-05-14 08:44:40.000000,-25.432093844,-49.2741751671,POINT (-49.2741751671 -25.432093844)
2014-05-14 08:44:50.000000,-25.432093844,-49.2741751671,POINT (-49.2741751671 -25.432093844)
2014-05-14 08:45:00.000000,-25.432093844,-49.2741751671,POINT (-49.2741751671 -25.432093844)
2014-05-14 08:45:10.000000,-25.432093844,-49.2741751671,POINT (-49.2741751671 -25.432093844)
2014-05-14 08:45:20.000000,-25.432093844,-49.2741751671,POINT (-49.2741751671 -25.432093844)
2014-05-14 08:45:30.000000,-25.432093844,-49.2741751671,POINT (-49.2741751671 -25.432093844)
2014-05-14 08:45:40.000000,-25.432093844,-49.2741751671,POINT (-49.2741751671 -25.432093844)
2014-05-14 08:45:50.000000,-25.432093844,-49.2741751671,POINT (-49.2741751671 -25.432093844)
2014-05-14 08:46:00.000000,-25.432093844,-49.2741751671,POINT (-49.2741751671 -25.432093844)
2014-05-14 08:46:10.000000,-25.432093844,-49.2741751671,POINT (-49.2741751671 -25.432093844)
2014-05-14 08:46:20.000000,-25.432093844,-49.2741751671,POINT (-49.2741751671 -25.432093844)
2014-05-14 08:46:30.000000,-25.432093844,-49.2741751671,POINT (-49.2741751671 -25.432093844)
2014-05-14 08:46:40.000000,-25.432093844,-49.2741751671,POINT (-49.2741751671 -25.432093844)
2014-05-14 08:46:50.000000,-25.432093844,-49.2741751671,POINT (-49.2741751671 -25.432093844)
2014-05-14 08:47:00.000000,-25.432093844,-49.2741751671,POINT (-49.2741751671 -25.432093844)
2014-05-14 08:47:10.000000,-25.432093844,-49.2741751671,POINT (-49.2741751671 -25.432093844)
2014-05-14 08:47:20.000000,-25.432093844,-49.2741751671,POINT (-49.2741751671 -25.432093844)
2014-05-14 08:47:30.000000,-25.432093844,-49.2741751671,POINT (-49.2741751671 -25.432093844)
2014-05-14 08:47:40.000000,-25.432093844,-49.2741751671,POINT (-49.2741751671 -25.432093844)
2014-05-14 08:47:50.000000,-25.432093844,-49.2741751671,POINT (-49.2741751671 -25.432093844)
2014-05-14 08:48:00.000000,-25.432093844,-49.2741751671,POINT (-49.2741751671 -25.432093844)
2014-05-14 08:48:10.000000,-25.432093844,-49.2741751671,POINT (-49.2741751671 -25.432093844)
2014-05-14 08:48:20.000000,-25.432093844,-49.2741751671,POINT (-49.2741751671 -25.432093844)
2014-05-14 08:48:30.000000,-25.432093844,-49.2741751671,POINT (-49.2741751671 -25.432093844)
2014-05-14 08:48:40.000000,-25.432093844,-49.2741751671,POINT (-49.2741751671 -25.432093844)
2014-05-14 08:48:50.000000,-25.432093844,-49.2741751671,POINT (-49.2741751671 -25.432093844)
2014-05-14 08:49:00.000000,-25.432093844,-49.2741751671,POINT (-49.2741751671 -25.432093844)
2014-05-14 08:49:10.000000,-25.432093844,-49.2741751671,POINT (-49.2741751671 -25.432093844)
2014-05-14 08:49:20.000000,-25.432093844,-49.2741751671,POINT (-49.2741751671 -25.432093844)
2014-05-14 08:49:30.000000,-25.432093844,-49.2741751671,POINT (-49.2741751671 -25.432093844)
2014-05-14 08:49:40.000000,-25.432093844,-49.2741751671,POINT (-49.2741751671 -25.432093844)
2014-05-14 08:49:50.000000,-25.432093844,-49.2741751671,POINT (-49.2741751671 -25.432093844)
2014-05-14 08:50:00.000000,-25.432093844,-49.2741751671,POINT (-49.2741751671 -25.432093844)
2014-05-14 08:50:10.000000,-25.432093844,-49.2741751671,POINT (-49.2741751671 -25.432093844)
2014-05-14 08:50:20.000000,-25.432093844,-49.2741751671,POINT (-49.2741751671 -25.432093844)
2014-05-14 08:50:30.000000,-25.432093844,-49.2741751671,POINT (-49.2741751671 -25.432093844)
2014-05-14 08:50:40.000000,-25.432093844,-49.2741751671,POINT (-49.2741751671 -25.432093844)
2014-05-14 08:50:50.000000,-25.432093844,-49.2741751671,POINT (-49.2741751671 -25.432093844)
2014-05-14 08:51:00.000000,-25.432093844,-49.2741751671,POINT (-49.2741751671 -25.432093844)
2014-05-14 08:51:10.000000,-25.432093844,-49.2741751671,POINT (-49.2741751671 -25.432093844)
2014-05-14 08:51:20.000000,-25.432093844,-49.2741751671,POINT (-49.2741751671 -25.432093844)
2014-05-14 08:51:30.000000,-25.432093844,-49.2741751671,POINT (-49.2741751671 -25.432093844)
2014-05-14 08:51:40.000000,-25.432093844,-49.2741751671,POINT (-49.2741751671 -25.432093844)
2014-05-14 08:51:50.000000,-25.432093844,-49.2741751671,POINT (-49.2741751671 -25.432093844)
2014-05-14 08:52:00.000000,-25.432093844,-49.2741751671,POINT (-49.2741751671 -25.432093844)
2014-05-14 08:52:10.000000,-25.432093844,-49.2741751671,POINT (-49.2741751671 -25.432093844)
2014-05-14 08:52:20.000000,-25.432093844,-49.2741751671,POINT (-49.2741751671 -25.432093844)
2014-05-14 08:52:30.000000,-25.432093844,-49.2741751671,POINT (-49.2741751671 -25.432093844)
2014-05-14 08:52:40.000000,-25.432093844,-49.2741751671,POINT (-49.2741751671 -25.432093844)
2014-05-14 08:52:50.000000,-25.432093844,-49.2741751671,POINT (-49.2741751671 -25.432093844)
2014-05-14 08:53:00.000000,-25.432093844,-49.2741751671,POINT (-49.2741751671 -25.432093844)
2014-05-14 08:53:10.000000,-25.432093844,-49.2741751671,POINT (-49.2741751671 -25.432093844)
2014-05-14 08:53:20.000000,-25.432093844,-49.2741751671,POINT (-49.2741751671 -25.432093844)
2014-05-14 08:53:30.000000,-25.432093844,-49.2741751671,POINT (-49.2741751671 -25.432093844)
2014-05-14 08:53:40.000000,-25.432093844,-49.2741751671,POINT (-49.2741751671 -25.432093844)
2014-05-14 08:53:50.000000,-25.432093844,-49.2741751671,POINT (-49.2741751671 -25.432093844)
2014-05-14 08:54:00.000000,-25.432093844,-49.2741751671,POINT (-49.2741751671 -25.432093844)
2014-05-14 08:54:10.000000,-25.432093844,-49.2741751671,POINT (-49.2741751671 -25.432093844)
2014-05-14 08:54:20.000000,-25.432093844,-49.2741751671,POINT (-49.2741751671 -25.432093844)
2014-05-14 08:54:30.000000,-25.432093844,-49.2741751671,POINT (-49.2741751671 -25.432093844)
2014-05-14 08:54:40.000000,-25.432093844,-49.2741751671,POINT (-49.2741751671 -25.432093844)
2014-05-14 08:54:50.000000,-25.432093844,-49.2741751671,POINT (-49.2741751671 -25.432093844)
2014-05-14 08:55:00.000000,-25.432093844,-49.2741751671,POINT (-49.2741751671 -25.432093844)
2014-05-14 08:55:10.000000,-25.432093844,-49.2741751671,POINT (-49.2741751671 -25.432093844)
2014-05-14 08:55:20.000000,-25.432093844,-49.2741751671,POINT (-49.2741751671 -25.432093844)
2014-05-14 08:55:30.000000,-25.432093844,-49.2741751671,POINT (-49.2741751671 -25.432093844)
2014-05-14 08:55:40.000000,-25.432093844,-49.2741751671,POINT (-49.2741751671 -25.432093844)
2014-05-14 08:55:50.000000,-25.432093844,-49.2741751671,POINT (-49.2741751671 -25.432093844)
2014-05-14 08:56:00.000000,-25.432093844,-49.2741751671,POINT (-49.2741751671 -25.432093844)
2014-05-14 08:56:10.000000,-25.432093844,-49.2741751671,POINT (-49.2741751671 -25.432093844)
2014-05-14 08:56:20.000000,-25.432093844,-49.2741751671,POINT (-49.2741751671 -25.432093844)
2014-05-14 08:56:30.000000,-25.432093844,-49.2741751671,POINT (-49.2741751671 -25.432093844)
2014-05-14 08:56:40.000000,-25.432093844,-49.2741751671,POINT (-49.2741751671 -25.432093844)
2014-05-14 08:56:50.000000,-25.432093844,-49.2741751671,POINT (-49.2741751671 -25.432093844)
2014-05-14 08:57:00.000000,-25.432093844,-49.2741751671,POINT (-49.2741751671 -25.432093844)
2014-05-14 08:57:10.000000,-25.432093844,-49.2741751671,POINT (-49.2741751671 -25.432093844)
2014-05-14 08:57:20.000000,-25.432093844,-49.2741751671,POINT (-49.2741751671 -25.432093844)
2014-05-14 08:57:30.000000,-25.432093844,-49.2741751671,POINT (-49.2741751671 -25.432093844)
2014-05-14 08:57:40.000000,-25.432093844,-49.2741751671,POINT (-49.2741751671 -25.432093844)
2014-05-14 08:57:50.000000,-25.432093844,-49.2741751671,POINT (-49.2741751671 -25.432093844)
2014-05-14 08:58:00.000000,-25.432093844,-49.2741751671,POINT (-49.2741751671 -25.432093844)
2014-05-14 08:58:10.000000,-25.432093844,-49.2741751671,POINT (-49.2741751671 -25.432093844)
2014-05-14 08:58:20.000000,-25.432093844,-49.2741751671,POINT (-49.2741751671 -25.432093844)
2014-05-14 08:58:30.000000,-25.432093844,-49.2741751671,POINT (-49.2741751671 -25.432093844)
2014-05-14 08:58:40.000000,-25.432093844,-49.2741751671,POINT (-49.2741751671 -25.432093844)
2014-05-14 08:58:50.000000,-25.432093844,-49.2741751671,POINT (-49.2741751671 -25.432093844)
2014-05-14 08:59:00.000000,-25.432093844,-49.2741751671,POINT (-49.2741751671 -25.432093844)
2014-05-14 08:59:10.000000,-25.432093844,-49.2741751671,POINT (-49.2741751671 -25.432093844)
2014-05-14 08:59:20.000000,-25.432093844,-49.2741751671,POINT (-49.2741751671 -25.432093844)
2014-05-14 08:59:30.000000,-25.432093844,-49.2741751671,POINT (-49.2741751671 -25.432093844)
2014-05-14 08:59:40.000000,-25.432093844,-49.2741751671,POINT (-49.2741751671 -25.432093844)
2014-05-14 08:59:50.000000,-25.432093844,-49.2741751671,POINT (-49.2741751671 -25.432093844)
2014-05-14 09:00:00.000000,-25.432093844,-49.2741751671,POINT (-49.2741751671 -25.432093844)
2014-05-14 09:00:10.000000,-25.432093844,-49.2741751671,POINT (-49.2741751671 -25.432093844)
2014-05-14 09:00:20.000000,-25.432093844,-49.2741751671,POINT (-49.2741751671 -25.432093844)
2014-05-14 09:00:30.000000,-25.432093844,-49.2741751671,POINT (-49.2741751671 -25.432093844)
2014-05-14 09:00:40.000000,-25.432093844,-49.2741751671,POINT (-49.2741751671 -25.432093844)
2014-05-14 09:00:50.000000,-25.432093844,-49.2741751671,POINT (-49.2741751671 -25.432093844)
2014-05-14 09:01:00.000000,-25.432093844,-49.2741751671,POINT (-49.2741751671 -25.432093844)
2014-05-14 09:01:10.000000,-25.432093844,-49.2741751671,POINT (-49.2741751671 -25.432093844)
2014-05-14 09:01:20.000000,-25.432093844,-49.2741751671,POINT (-49.2741751671 -25.432093844)
2014-05-14 09:01:30.000000,-25.432093844,-49.2741751671,POINT (-49.2741751671 -25.432093844)
2014-05-14 09:01:40.000000,-25.432093844,-49.2741751671,POINT (-49.2741751671 -25.432093844)
2014-05-14 09:01:50.000000,-25.432093844,-49.2741751671,POINT (-49.2741751671 -25.432093844)
2014-05-14 09:02:00.000000,-25.432093844,-49.2741751671,POINT (-49.2741751671 -25.432093844)
2014-05-14 09:02:10.000000,-25.432093844,-49.2741751671,POINT (-49.2741751671 -25.432093844)
2014-05-14 09:02:20.000000,-25.432093844,-49.2741751671,POINT (-49.2741751671 -25.432093844)
2014-05-14 09:02:30.000000,-25.432093844,-49.2741751671,POINT (-49.2741751671 -25.432093844)
2014-05-14 09:02:40.000000,-25.432093844,-49.2741751671,POINT (-49.2741751671 -25.432093844)
2014-05-14 09:02:50.000000,-25.432093844,-49.2741751671,POINT (-49.2741751671 -25.432093844)
2014-05-14 09:03:00.000000,-25.432093844,-49.2741751671,POINT (-49.2741751671 -25.432093844)
2014-05-14 09:03:10.000000,-25.432093844,-49.2741751671,POINT (-49.2741751671 -25.432093844)
2014-05-14 09:03:20.000000,-25.432093844,-49.2741751671,POINT (-49.2741751671 -25.432093844)
2014-05-14 09:03:30.000000,-25.432093844,-49.2741751671,POINT (-49.2741751671 -25.432093844)
2014-05-14 09:03:40.000000,-25.432093844,-49.2741751671,POINT (-49.2741751671 -25.432093844)
2014-05-14 09:03:50.000000,-25.432093844,-49.2741751671,POINT (-49.2741751671 -25.432093844)
2014-05-14 09:04:00.000000,-25.432093844,-49.2741751671,POINT (-49.2741751671 -25.432093844)
2014-05-14 09:04:10.000000,-25.432093844,-49.2741751671,POINT (-49.2741751671 -25.432093844)
2014-05-14 09:04:20.000000,-25.432093844,-49.2741751671,POINT (-49.2741751671 -25.432093844)
2014-05-14 09:04:30.000000,-25.432093844,-49.2741751671,POINT (-49.2741751671 -25.432093844)
2014-05-14 09:04:40.000000,-25.432093844,-49.2741751671,POINT (-49.2741751671 -25.432093844)
2014-05-14 09:04:50.000000,-25.432093844,-49.2741751671,POINT (-49.2741751671 -25.432093844)
2014-05-14 09:05:00.000000,-25.432093844,-49.2741751671,POINT (-49.2741751671 -25.432093844)
2014-05-14 09:05:10.000000,-25.432093844,-49.2741751671,POINT (-49.2741751671 -25.432093844)
2014-05-14 09:05:20.000000,-25.432093844,-49.2741751671,POINT (-49.2741751671 -25.432093844)
2014-05-14 09:05:30.000000,-25.432093844,-49.2741751671,POINT (-49.2741751671 -25.432093844)
2014-05-14 09:05:40.000000,-25.432093844,-49.2741751671,POINT (-49.2741751671 -25.432093844)
2014-05-14 09:05:50.000000,-25.432093844,-49.2741751671,POINT (-49.2741751671 -25.432093844)
2014-05-14 09:06:00.000000,-25.432093844,-49.2741751671,POINT (-49.2741751671 -25.432093844)
2014-05-14 09:06:10.000000,-25.432093844,-49.2741751671,POINT (-49.2741751671 -25.432093844)
2014-05-14 09:06:20.000000,-25.432093844,-49.2741751671,POINT (-49.2741751671 -25.432093844)
2014-05-14 09:06:30.000000,-25.432093844,-49.2741751671,POINT (-49.2741751671 -25.432093844)
2014-05-14 09:06:40.000000,-25.432093844,-49.2741751671,POINT (-49.2741751671 -25.432093844)
2014-05-14 09:06:50.000000,-25.432093844,-49.2741751671,POINT (-49.2741751671 -25.432093844)
2014-05-14 09:07:00.000000,-25.432093844,-49.2741751671,POINT (-49.2741751671 -25.432093844)
2014-05-14 09:07:10.000000,-25.432093844,-49.2741751671,POINT (-49.2741751671 -25.432093844)
2014-05-14 09:07:20.000000,-25.432093844,-49.2741751671,POINT (-49.2741751671 -25.432093844)
2014-05-14 09:07:30.000000,-25.432093844,-49.2741751671,POINT (-49.2741751671 -25.432093844)
2014-05-14 09:07:40.000000,-25.432093844,-49.2741751671,POINT (-49.2741751671 -25.432093844)
2014-05-14 09:07:50.000000,-25.432093844,-49.2741751671,POINT (-49.2741751671 -25.432093844)
2014-05-14 09:08:00.000000,-25.432093844,-49.2741751671,POINT (-49.2741751671 -25.432093844)
2014-05-14 09:08:10.000000,-25.432093844,-49.2741751671,POINT (-49.2741751671 -25.432093844)
2014-05-14 09:08:20.000000,-25.432093844,-49.2741751671,POINT (-49.2741751671 -25.432093844)
2014-05-14 09:08:30.000000,-25.432093844,-49.2741751671,POINT (-49.2741751671 -25.432093844)
2014-05-14 09:08:40.000000,-25.432093844,-49.2741751671,POINT (-49.2741751671 -25.432093844)
2014-05-14 09:08:50.000000,-25.432093844,-49.2741751671,POINT (-49.2741751671 -25.432093844)
2014-05-14 09:09:00.000000,-25.432093844,-49.2741751671,POINT (-49.2741751671 -25.432093844)
2014-05-14 09:09:10.000000,-25.432093844,-49.2741751671,POINT (-49.2741751671 -25.432093844)
2014-05-14 09:09:20.000000,-25.432093844,-49.2741751671,POINT (-49.2741751671 -25.432093844)
2014-05-14 09:09:30.000000,-25.432093844,-49.2741751671,POINT (-49.2741751671 -25.432093844)
2014-05-14 09:09:40.000000,-25.432093844,-49.2741751671,POINT (-49.2741751671 -25.432093844)
2014-05-14 09:09:50.000000,-25.432093844,-49.2741751671,POINT (-49.2741751671 -25.432093844)
2014-05-14 09:10:00.000000,-25.432093844,-49.2741751671,POINT (-49.2741751671 -25.432093844)
2014-05-14 09:10:10.000000,-25.432093844,-49.2741751671,POINT (-49.2741751671 -25.432093844)
2014-05-14 09:10:20.000000,-25.432093844,-49.2741751671,POINT (-49.2741751671 -25.432093844)
2014-05-14 09:10:30.000000,-25.432093844,-49.2741751671,POINT (-49.2741751671 -25.432093844)
2014-05-14 09:10:40.000000,-25.432093844,-49.2741751671,POINT (-49.2741751671 -25.432093844)
2014-05-14 09:10:50.000000,-25.432093844,-49.2741751671,POINT (-49.2741751671 -25.432093844)
2014-05-14 09:11:00.000000,-25.432093844,-49.2741751671,POINT (-49.2741751671 -25.432093844)
2014-05-14 09:11:10.000000,-25.432093844,-49.2741751671,POINT (-49.2741751671 -25.432093844)
2014-05-14 09:11:20.000000,-25.432093844,-49.2741751671,POINT (-49.2741751671 -25.432093844)
2014-05-14 09:11:30.000000,-25.432093844,-49.2741751671,POINT (-49.2741751671 -25.432093844)
2014-05-14 09:11:40.000000,-25.432093844,-49.2741751671,POINT (-49.2741751671 -25.432093844)
2014-05-14 09:11:50.000000,-25.432093844,-49.2741751671,POINT (-49.2741751671 -25.432093844)
2014-05-14 09:12:00.000000,-25.432093844,-49.2741751671,POINT (-49.2741751671 -25.432093844)
2014-05-14 09:12:10.000000,-25.432093844,-49.2741751671,POINT (-49.2741751671 -25.432093844)
2014-05-14 09:12:20.000000,-25.432093844,-49.2741751671,POINT (-49.2741751671 -25.432093844)
2014-05-14 09:12:30.000000,-25.432093844,-49.2741751671,POINT (-49.2741751671 -25.432093844)
2014-05-14 09:12:40.000000,-25.432093844,-49.2741751671,POINT (-49.2741751671 -25.432093844)
2014-05-14 09:12:50.000000,-25.432093844,-49.2741751671,POINT (-49.2741751671 -25.432093844)
2014-05-14 09:13:00.000000,-25.432093844,-49.2741751671,POINT (-49.2741751671 -25.432093844)
2014-05-14 09:13:10.000000,-25.432093844,-49.2741751671,POINT (-49.2741751671 -25.432093844)
2014-05-14 09:13:20.000000,-25.432093844,-49.2741751671,POINT (-49.2741751671 -25.432093844)
2014-05-14 09:13:30.000000,-25.432093844,-49.2741751671,POINT (-49.2741751671 -25.432093844)
2014-05-14 09:13:40.000000,-25.432093844,-49.2741751671,POINT (-49.2741751671 -25.432093844)
2014-05-14 09:13:50.000000,-25.432093844,-49.2741751671,POINT (-49.2741751671 -25.432093844)
2014-05-14 09:14:00.000000,-25.432093844,-49.2741751671,POINT (-49.2741751671 -25.432093844)
2014-05-14 09:14:10.000000,-25.432093844,-49.2741751671,POINT (-49.2741751671 -25.432093844)
2014-05-14 09:14:20.000000,-25.432093844,-49.2741751671,POINT (-49.2741751671 -25.432093844)
2014-05-14 09:14:30.000000,-25.432093844,-49.2741751671,POINT (-49.2741751671 -25.432093844)
2014-05-14 09:14:40.000000,-25.432093844,-49.2741751671,POINT (-49.2741751671 -25.432093844)
2014-05-14 09:14:50.000000,-25.432093844,-49.2741751671,POINT (-49.2741751671 -25.432093844)
2014-05-14 09:15:00.000000,-25.432093844,-49.2741751671,POINT (-49.2741751671 -25.432093844)
2014-05-14 09:15:10.000000,-25.432093844,-49.2741751671,POINT (-49.2741751671 -25.432093844)
2014-05-14 09:15:20.000000,-25.432093844,-49.2741751671,POINT (-49.2741751671 -25.432093844)
2014-05-14 09:15:30.000000,-25.432093844,-49.2741751671,POINT (-49.2741751671 -25.432093844)
2014-05-14 09:15:40.000000,-25.432093844,-49.2741751671,POINT (-49.2741751671 -25.432093844)
2014-05-14 09:15:50.000000,-25.432093844,-49.2741751671,POINT (-49.2741751671 -25.432093844)
2014-05-14 09:16:00.000000,-25.432093844,-49.2741751671,POINT (-49.2741751671 -25.432093844)
2014-05-14 09:16:10.000000,-25.432093844,-49.2741751671,POINT (-49.2741751671 -25.432093844)
2014-05-14 09:16:20.000000,-25.432093844,-49.2741751671,POINT (-49.2741751671 -25.432093844)
2014-05-14 09:16:30.000000,-25.432093844,-49.2741751671,POINT (-49.2741751671 -25.432093844)
2014-05-14 09:16:40.000000,-25.432093844,-49.2741751671,POINT (-49.2741751671 -25.432093844)
2014-05-14 09:16:50.000000,-25.432093844,-49.2741751671,POINT (-49.2741751671 -25.432093844)
2014-05-14 09:17:00.000000,-25.432093844,-49.2741751671,POINT (-49.2741751671 -25.432093844)
2014-05-14 09:17:10.000000,-25.432093844,-49.2741751671,POINT (-49.2741751671 -25.432093844)
2014-05-14 09:17:20.000000,-25.432093844,-49.2741751671,POINT (-49.2741751671 -25.432093844)
2014-05-14 09:17:30.000000,-25.432093844,-49.2741751671,POINT (-49.2741751671 -25.432093844)
2014-05-14 09:17:40.000000,-25.432093844,-49.2741751671,POINT (-49.2741751671 -25.432093844)
2014-05-14 09:17:50.000000,-25.432093844,-49.2741751671,POINT (-49.2741751671 -25.432093844)
2014-05-14 09:18:00.000000,-25.432093844,-49.2741751671,POINT (-49.2741751671 -25.432093844)
2014-05-14 09:18:10.000000,-25.432093844,-49.2741751671,POINT (-49.2741751671 -25.432093844)
2014-05-14 09:18:20.000000,-25.432093844,-49.2741751671,POINT (-49.2741751671 -25.432093844)
2014-05-14 09:18:30.000000,-25.432093844,-49.2741751671,POINT (-49.2741751671 -25.432093844)
2014-05-14 09:18:40.000000,-25.432093844,-49.2741751671,POINT (-49.2741751671 -25.432093844)
2014-05-14 09:18:50.000000,-25.432093844,-49.2741751671,POINT (-49.2741751671 -25.432093844)
2014-05-14 09:19:00.000000,-25.432093844,-49.2741751671,POINT (-49.2741751671 -25.432093844)
2014-05-14 09:19:10.000000,-25.432093844,-49.2741751671,POINT (-49.2741751671 -25.432093844)
2014-05-14 09:19:20.000000,-25.432093844,-49.2741751671,POINT (-49.2741751671 -25.432093844)
2014-05-14 09:19:30.000000,-25.432093844,-49.2741751671,POINT (-49.2741751671 -25.432093844)
2014-05-14 09:19:40.000000,-25.432093844,-49.2741751671,POINT (-49.2741751671 -25.432093844)
2014-05-14 09:19:50.000000,-25.432093844,-49.2741751671,POINT (-49.2741751671 -25.432093844)
2014-05-14 09:20:00.000000,-25.432093844,-49.2741751671,POINT (-49.2741751671 -25.432093844)
2014-05-14 09:20:10.000000,-25.432093844,-49.2741751671,POINT (-49.2741751671 -25.432093844)
2014-05-14 09:20:20.000000,-25.432093844,-49.2741751671,POINT (-49.2741751671 -25.432093844)
2014-05-14 09:20:30.000000,-25.432093844,-49.2741751671,POINT (-49.2741751671 -25.432093844)
2014-05-14 09:20:40.000000,-25.432093844,-49.2741751671,POINT (-49.2741751671 -25.432093844)
2014-05-14 09:20:50.000000,-25.432093844,-49.2741751671,POINT (-49.2741751671 -25.432093844)
2014-05-14 09:21:00.000000,-25.432093844,-49.2741751671,POINT (-49.2741751671 -25.432093844)
2014-05-14 09:21:10.000000,-25.432093844,-49.2741751671,POINT (-49.2741751671 -25.432093844)
2014-05-14 09:21:20.000000,-25.432093844,-49.2741751671,POINT (-49.2741751671 -25.432093844)
2014-05-14 09:21:30.000000,-25.432093844,-49.2741751671,POINT (-49.2741751671 -25.432093844)
2014-05-14 09:21:40.000000,-25.432093844,-49.2741751671,POINT (-49.2741751671 -25.432093844)
2014-05-14 09:21:50.000000,-25.432093844,-49.2741751671,POINT (-49.2741751671 -25.432093844)
2014-05-14 09:22:00.000000,-25.432093844,-49.2741751671,POINT (-49.2741751671 -25.432093844)
2014-05-14 09:22:10.000000,-25.432093844,-49.2741751671,POINT (-49.2741751671 -25.432093844)
2014-05-14 09:22:20.000000,-25.432093844,-49.2741751671,POINT (-49.2741751671 -25.432093844)
2014-05-14 09:22:30.000000,-25.432093844,-49.2741751671,POINT (-49.2741751671 -25.432093844)
2014-05-14 09:22:40.000000,-25.432093844,-49.2741751671,POINT (-49.2741751671 -25.432093844)
2014-05-14 09:22:50.000000,-25.432093844,-49.2741751671,POINT (-49.2741751671 -25.432093844)
2014-05-14 09:23:00.000000,-25.432093844,-49.2741751671,POINT (-49.2741751671 -25.432093844)
2014-05-14 09:23:10.000000,-25.432093844,-49.2741751671,POINT (-49.2741751671 -25.432093844)
2014-05-14 09:23:20.000000,-25.432093844,-49.2741751671,POINT (-49.2741751671 -25.432093844)
2014-05-14 09:23:30.000000,-25.432093844,-49.2741751671,POINT (-49.2741751671 -25.432093844)
2014-05-14 09:23:40.000000,-25.432093844,-49.2741751671,POINT (-49.2741751671 -25.432093844)
2014-05-14 09:23:50.000000,-25.432093844,-49.2741751671,POINT (-49.2741751671 -25.432093844)
2014-05-14 09:24:00.000000,-25.432093844,-49.2741751671,POINT (-49.2741751671 -25.432093844)
2014-05-14 09:24:10.000000,-25.432093844,-49.2741751671,POINT (-49.2741751671 -25.432093844)
2014-05-14 09:24:20.000000,-25.432093844,-49.2741751671,POINT (-49.2741751671 -25.432093844)
2014-05-14 09:24:30.000000,-25.432093844,-49.2741751671,POINT (-49.2741751671 -25.432093844)
2014-05-14 09:24:40.000000,-25.432093844,-49.2741751671,POINT (-49.2741751671 -25.432093844)
2014-05-14 09:24:50.000000,-25.432093844,-49.2741751671,POINT (-49.2741751671 -25.432093844)
2014-05-14 09:25:00.000000,-25.432093844,-49.2741751671,POINT (-49.2741751671 -25.432093844)
2014-05-14 09:25:10.000000,-25.432093844,-49.2741751671,POINT (-49.2741751671 -25.432093844)
2014-05-14 09:25:20.000000,-25.432093844,-49.2741751671,POINT (-49.2741751671 -25.432093844)
2014-05-14 09:25:30.000000,-25.432093844,-49.2741751671,POINT (-49.2741751671 -25.432093844)
2014-05-14 09:25:40.000000,-25.432093844,-49.2741751671,POINT (-49.2741751671 -25.432093844)
2014-05-14 09:25:50.000000,-25.432093844,-49.2741751671,POINT (-49.2741751671 -25.432093844)
2014-05-14 09:26:00.000000,-25.432093844,-49.2741751671,POINT (-49.2741751671 -25.432093844)
2014-05-14 09:26:10.000000,-25.432093844,-49.2741751671,POINT (-49.2741751671 -25.432093844)
2014-05-14 09:26:20.000000,-25.432093844,-49.2741751671,POINT (-49.2741751671 -25.432093844)
2014-05-14 09:26:30.000000,-25.432093844,-49.2741751671,POINT (-49.2741751671 -25.432093844)
2014-05-14 09:26:40.000000,-25.432093844,-49.2741751671,POINT (-49.2741751671 -25.432093844)
2014-05-14 09:26:50.000000,-25.432093844,-49.2741751671,POINT (-49.2741751671 -25.432093844)
2014-05-14 09:27:00.000000,-25.432093844,-49.2741751671,POINT (-49.2741751671 -25.432093844)
2014-05-14 09:27:10.000000,-25.432093844,-49.2741751671,POINT (-49.2741751671 -25.432093844)
2014-05-14 09:27:20.000000,-25.432093844,-49.2741751671,POINT (-49.2741751671 -25.432093844)
2014-05-14 09:27:30.000000,-25.432093844,-49.2741751671,POINT (-49.2741751671 -25.432093844)
2014-05-14 09:27:40.000000,-25.432093844,-49.2741751671,POINT (-49.2741751671 -25.432093844)
2014-05-14 09:27:50.000000,-25.432093844,-49.2741751671,POINT (-49.2741751671 -25.432093844)
2014-05-14 09:28:00.000000,-25.432093844,-49.2741751671,POINT (-49.2741751671 -25.432093844)
2014-05-14 09:28:10.000000,-25.432093844,-49.2741751671,POINT (-49.2741751671 -25.432093844)
2014-05-14 09:28:20.000000,-25.432093844,-49.2741751671,POINT (-49.2741751671 -25.432093844)
2014-05-14 09:28:30.000000,-25.432093844,-49.2741751671,POINT (-49.2741751671 -25.432093844)
2014-05-14 09:28:40.000000,-25.432093844,-49.2741751671,POINT (-49.2741751671 -25.432093844)
2014-05-14 09:28:50.000000,-25.432093844,-49.2741751671,POINT (-49.2741751671 -25.432093844)
2014-05-14 09:29:00.000000,-25.432093844,-49.2741751671,POINT (-49.2741751671 -25.432093844)
2014-05-14 09:29:10.000000,-25.432093844,-49.2741751671,POINT (-49.2741751671 -25.432093844)
2014-05-14 09:29:20.000000,-25.432093844,-49.2741751671,POINT (-49.2741751671 -25.432093844)
2014-05-14 09:29:30.000000,-25.432093844,-49.2741751671,POINT (-49.2741751671 -25.432093844)
2014-05-14 09:29:40.000000,-25.432093844,-49.2741751671,POINT (-49.2741751671 -25.432093844)
2014-05-14 09:29:50.000000,-25.432093844,-49.2741751671,POINT (-49.2741751671 -25.432093844)
2014-05-14 09:30:00.000000,-25.432093844,-49.2741751671,POINT (-49.2741751671 -25.432093844)
2014-05-14 09:30:10.000000,-25.432093844,-49.2741751671,POINT (-49.2741751671 -25.432093844)
2014-05-14 09:30:20.000000,-25.432093844,-49.2741751671,POINT (-49.2741751671 -25.432093844)
2014-05-14 09:30:30.000000,-25.432093844,-49.2741751671,POINT (-49.2741751671 -25.432093844)
2014-05-14 09:30:40.000000,-25.432093844,-49.2741751671,POINT (-49.2741751671 -25.432093844)
2014-05-14 09:30:50.000000,-25.432093844,-49.2741751671,POINT (-49.2741751671 -25.432093844)
2014-05-14 09:31:00.000000,-25.432093844,-49.2741751671,POINT (-49.2741751671 -25.432093844)
2014-05-14 09:31:10.000000,-25.432093844,-49.2741751671,POINT (-49.2741751671 -25.432093844)
2014-05-14 09:31:20.000000,-25.432093844,-49.2741751671,POINT (-49.2741751671 -25.432093844)
2014-05-14 09:31:30.000000,-25.432093844,-49.2741751671,POINT (-49.2741751671 -25.432093844)
2014-05-14 09:31:40.000000,-25.432093844,-49.2741751671,POINT (-49.2741751671 -25.432093844)
2014-05-14 09:31:50.000000,-25.432093844,-49.2741751671,POINT (-49.2741751671 -25.432093844)
2014-05-14 09:32:00.000000,-25.432093844,-49.2741751671,POINT (-49.2741751671 -25.432093844)
2014-05-14 09:32:10.000000,-25.432093844,-49.2741751671,POINT (-49.2741751671 -25.432093844)
2014-05-14 09:32:20.000000,-25.432093844,-49.2741751671,POINT (-49.2741751671 -25.432093844)
2014-05-14 09:32:30.000000,-25.432093844,-49.2741751671,POINT (-49.2741751671 -25.432093844)
2014-05-14 09:32:40.000000,-25.432093844,-49.2741751671,POINT (-49.2741751671 -25.432093844)
2014-05-14 09:32:50.000000,-25.432093844,-49.2741751671,POINT (-49.2741751671 -25.432093844)
2014-05-14 09:33:00.000000,-25.432093844,-49.2741751671,POINT (-49.2741751671 -25.432093844)
2014-05-14 09:33:10.000000,-25.432093844,-49.2741751671,POINT (-49.2741751671 -25.432093844)
2014-05-14 09:33:20.000000,-25.432093844,-49.2741751671,POINT (-49.2741751671 -25.432093844)
2014-05-14 09:33:30.000000,-25.432093844,-49.2741751671,POINT (-49.2741751671 -25.432093844)
2014-05-14 09:33:40.000000,-25.432093844,-49.2741751671,POINT (-49.2741751671 -25.432093844)
2014-05-14 09:33:50.000000,-25.432093844,-49.2741751671,POINT (-49.2741751671 -25.432093844)
2014-05-14 09:34:00.000000,-25.432093844,-49.2741751671,POINT (-49.2741751671 -25.432093844)
2014-05-14 09:34:10.000000,-25.432093844,-49.2741751671,POINT (-49.2741751671 -25.432093844)
2014-05-14 09:34:20.000000,-25.432093844,-49.2741751671,POINT (-49.2741751671 -25.432093844)
2014-05-14 09:34:30.000000,-25.432093844,-49.2741751671,POINT (-49.2741751671 -25.432093844)
2014-05-14 09:34:40.000000,-25.432093844,-49.2741751671,POINT (-49.2741751671 -25.432093844)
2014-05-14 09:34:50.000000,-25.432093844,-49.2741751671,POINT (-49.2741751671 -25.432093844)
2014-05-14 09:35:00.000000,-25.432093844,-49.2741751671,POINT (-49.2741751671 -25.432093844)
2014-05-14 09:35:10.000000,-25.432093844,-49.2741751671,POINT (-49.2741751671 -25.432093844)
2014-05-14 09:35:20.000000,-25.432093844,-49.2741751671,POINT (-49.2741751671 -25.432093844)
2014-05-14 09:35:30.000000,-25.432093844,-49.2741751671,POINT (-49.2741751671 -25.432093844)
2014-05-14 09:35:40.000000,-25.432093844,-49.2741751671,POINT (-49.2741751671 -25.432093844)
2014-05-14 09:35:50.000000,-25.432093844,-49.2741751671,POINT (-49.2741751671 -25.432093844)
2014-05-14 09:36:00.000000,-25.432093844,-49.2741751671,POINT (-49.2741751671 -25.432093844)
2014-05-14 09:36:10.000000,-25.432093844,-49.2741751671,POINT (-49.2741751671 -25.432093844)
2014-05-14 09:36:20.000000,-25.432093844,-49.2741751671,POINT (-49.2741751671 -25.432093844)
2014-05-14 09:36:30.000000,-25.432093844,-49.2741751671,POINT (-49.2741751671 -25.432093844)
2014-05-14 09:36:40.000000,-25.432093844,-49.2741751671,POINT (-49.2741751671 -25.432093844)
2014-05-14 09:36:50.000000,-25.432093844,-49.2741751671,POINT (-49.2741751671 -25.432093844)
2014-05-14 09:37:00.000000,-25.432093844,-49.2741751671,POINT (-49.2741751671 -25.432093844)
2014-05-14 09:37:10.000000,-25.432093844,-49.2741751671,POINT (-49.2741751671 -25.432093844)
2014-05-14 09:37:20.000000,-25.432093844,-49.2741751671,POINT (-49.2741751671 -25.432093844)
2014-05-14 09:37:30.000000,-25.432093844,-49.2741751671,POINT (-49.2741751671 -25.432093844)
2014-05-14 09:37:40.000000,-25.432093844,-49.2741751671,POINT (-49.2741751671 -25.432093844)
2014-05-14 09:37:50.000000,-25.432093844,-49.2741751671,POINT (-49.2741751671 -25.432093844)
2014-05-14 09:38:00.000000,-25.432093844,-49.2741751671,POINT (-49.2741751671 -25.432093844)
2014-05-14 09:38:10.000000,-25.432093844,-49.2741751671,POINT (-49.2741751671 -25.432093844)
2014-05-14 09:38:20.000000,-25.432093844,-49.2741751671,POINT (-49.2741751671 -25.432093844)
2014-05-14 09:38:30.000000,-25.432093844,-49.2741751671,POINT (-49.2741751671 -25.432093844)
2014-05-14 09:38:40.000000,-25.432093844,-49.2741751671,POINT (-49.2741751671 -25.432093844)
2014-05-14 09:38:50.000000,-25.432093844,-49.2741751671,POINT (-49.2741751671 -25.432093844)
2014-05-14 09:39:00.000000,-25.432093844,-49.2741751671,POINT (-49.2741751671 -25.432093844)
2014-05-14 09:39:10.000000,-25.432093844,-49.2741751671,POINT (-49.2741751671 -25.432093844)
2014-05-14 09:39:20.000000,-25.432093844,-49.2741751671,POINT (-49.2741751671 -25.432093844)
2014-05-14 09:39:30.000000,-25.432093844,-49.2741751671,POINT (-49.2741751671 -25.432093844)
2014-05-14 09:39:40.000000,-25.432093844,-49.2741751671,POINT (-49.2741751671 -25.432093844)
2014-05-14 09:39:50.000000,-25.432093844,-49.2741751671,POINT (-49.2741751671 -25.432093844)
2014-05-14 09:40:00.000000,-25.432093844,-49.2741751671,POINT (-49.2741751671 -25.432093844)
2014-05-14 09:40:10.000000,-25.432093844,-49.2741751671,POINT (-49.2741751671 -25.432093844)
2014-05-14 09:40:20.000000,-25.432093844,-49.2741751671,POINT (-49.2741751671 -25.432093844)
2014-05-14 09:40:30.000000,-25.432093844,-49.2741751671,POINT (-49.2741751671 -25.432093844)
2014-05-14 09:40:40.000000,-25.432093844,-49.2741751671,POINT (-49.2741751671 -25.432093844)
2014-05-14 09:40:50.000000,-25.432093844,-49.2741751671,POINT (-49.2741751671 -25.432093844)
2014-05-14 09:41:00.000000,-25.432093844,-49.2741751671,POINT (-49.2741751671 -25.432093844)
2014-05-14 09:41:10.000000,-25.432093844,-49.2741751671,POINT (-49.2741751671 -25.432093844)
2014-05-14 09:41:20.000000,-25.432093844,-49.2741751671,POINT (-49.2741751671 -25.432093844)
2014-05-14 09:41:30.000000,-25.432093844,-49.2741751671,POINT (-49.2741751671 -25.432093844)
2014-05-14 09:41:40.000000,-25.432093844,-49.2741751671,POINT (-49.2741751671 -25.432093844)
2014-05-14 09:41:50.000000,-25.432093844,-49.2741751671,POINT (-49.2741751671 -25.432093844)
2014-05-14 09:42:00.000000,-25.432093844,-49.2741751671,POINT (-49.2741751671 -25.432093844)
2014-05-14 09:42:10.000000,-25.432093844,-49.2741751671,POINT (-49.2741751671 -25.432093844)
2014-05-14 09:42:20.000000,-25.432093844,-49.2741751671,POINT (-49.2741751671 -25.432093844)
2014-05-14 09:42:30.000000,-25.432093844,-49.2741751671,POINT (-49.2741751671 -25.432093844)
2014-05-14 09:42:40.000000,-25.432093844,-49.2741751671,POINT (-49.2741751671 -25.432093844)
2014-05-14 09:42:50.000000,-25.432093844,-49.2741751671,POINT (-49.2741751671 -25.432093844)
2014-05-14 09:43:00.000000,-25.432093844,-49.2741751671,POINT (-49.2741751671 -25.432093844)
2014-05-14 09:43:10.000000,-25.432093844,-49.2741751671,POINT (-49.2741751671 -25.432093844)
2014-05-14 09:43:20.000000,-25.432093844,-49.2741751671,POINT (-49.2741751671 -25.432093844)
2014-05-14 09:43:30.000000,-25.432093844,-49.2741751671,POINT (-49.2741751671 -25.432093844)
2014-05-14 09:43:40.000000,-25.432093844,-49.2741751671,POINT (-49.2741751671 -25.432093844)
2014-05-14 09:43:50.000000,-25.432093844,-49.2741751671,POINT (-49.2741751671 -25.432093844)
2014-05-14 09:44:00.000000,-25.432093844,-49.2741751671,POINT (-49.2741751671 -25.432093844)
2014-05-14 09:44:10.000000,-25.432093844,-49.2741751671,POINT (-49.2741751671 -25.432093844)
2014-05-14 09:44:20.000000,-25.432093844,-49.2741751671,POINT (-49.2741751671 -25.432093844)
2014-05-14 09:44:30.000000,-25.432093844,-49.2741751671,POINT (-49.2741751671 -25.432093844)
2014-05-14 09:44:40.000000,-25.432093844,-49.2741751671,POINT (-49.2741751671 -25.432093844)
2014-05-14 09:44:50.000000,-25.432093844,-49.2741751671,POINT (-49.2741751671 -25.432093844)
2014-05-14 09:45:00.000000,-25.432093844,-49.2741751671,POINT (-49.2741751671 -25.432093844)
2014-05-14 09:45:10.000000,-25.432093844,-49.2741751671,POINT (-49.2741751671 -25.432093844)
2014-05-14 09:45:20.000000,-25.432093844,-49.2741751671,POINT (-49.2741751671 -25.432093844)
2014-05-14 09:45:30.000000,-25.432093844,-49.2741751671,POINT (-49.2741751671 -25.432093844)
2014-05-14 09:45:40.000000,-25.432093844,-49.2741751671,POINT (-49.2741751671 -25.432093844)
2014-05-14 09:45:50.000000,-25.432093844,-49.2741751671,POINT (-49.2741751671 -25.432093844)
2014-05-14 09:46:00.000000,-25.432093844,-49.2741751671,POINT (-49.2741751671 -25.432093844)
2014-05-14 09:46:10.000000,-25.432093844,-49.2741751671,POINT (-49.2741751671 -25.432093844)
2014-05-14 09:46:20.000000,-25.432093844,-49.2741751671,POINT (-49.2741751671 -25.432093844)
2014-05-14 09:46:30.000000,-25.432093844,-49.2741751671,POINT (-49.2741751671 -25.432093844)
2014-05-14 09:46:40.000000,-25.432093844,-49.2741751671,POINT (-49.2741751671 -25.432093844)
2014-05-14 09:46:50.000000,-25.432093844,-49.2741751671,POINT (-49.2741751671 -25.432093844)
2014-05-14 09:47:00.000000,-25.432093844,-49.2741751671,POINT (-49.2741751671 -25.432093844)
2014-05-14 09:47:10.000000,-25.432093844,-49.2741751671,POINT (-49.2741751671 -25.432093844)
2014-05-14 09:47:20.000000,-25.432093844,-49.2741751671,POINT (-49.2741751671 -25.432093844)
2014-05-14 09:47:30.000000,-25.432093844,-49.2741751671,POINT (-49.2741751671 -25.432093844)
2014-05-14 09:47:40.000000,-25.432093844,-49.2741751671,POINT (-49.2741751671 -25.432093844)
2014-05-14 09:47:50.000000,-25.432093844,-49.2741751671,POINT (-49.2741751671 -25.432093844)
2014-05-14 09:48:00.000000,-25.432093844,-49.2741751671,POINT (-49.2741751671 -25.432093844)
2014-05-14 09:48:10.000000,-25.432093844,-49.2741751671,POINT (-49.2741751671 -25.432093844)
2014-05-14 09:48:20.000000,-25.432093844,-49.2741751671,POINT (-49.2741751671 -25.432093844)
2014-05-14 09:48:30.000000,-25.432093844,-49.2741751671,POINT (-49.2741751671 -25.432093844)
2014-05-14 09:48:40.000000,-25.432093844,-49.2741751671,POINT (-49.2741751671 -25.432093844)
2014-05-14 09:48:50.000000,-25.432093844,-49.2741751671,POINT (-49.2741751671 -25.432093844)
2014-05-14 09:49:00.000000,-25.432093844,-49.2741751671,POINT (-49.2741751671 -25.432093844)
2014-05-14 09:49:10.000000,-25.432093844,-49.2741751671,POINT (-49.2741751671 -25.432093844)
2014-05-14 09:49:20.000000,-25.432093844,-49.2741751671,POINT (-49.2741751671 -25.432093844)
2014-05-14 09:49:30.000000,-25.432093844,-49.2741751671,POINT (-49.2741751671 -25.432093844)
2014-05-14 09:49:40.000000,-25.432093844,-49.2741751671,POINT (-49.2741751671 -25.432093844)
2014-05-14 09:49:50.000000,-25.432093844,-49.2741751671,POINT (-49.2741751671 -25.432093844)
2014-05-14 09:50:00.000000,-25.432093844,-49.2741751671,POINT (-49.2741751671 -25.432093844)
2014-05-14 09:50:10.000000,-25.432093844,-49.2741751671,POINT (-49.2741751671 -25.432093844)
2014-05-14 09:50:20.000000,-25.432093844,-49.2741751671,POINT (-49.2741751671 -25.432093844)
2014-05-14 09:50:30.000000,-25.432093844,-49.2741751671,POINT (-49.2741751671 -25.432093844)
2014-05-14 09:50:40.000000,-25.432093844,-49.2741751671,POINT (-49.2741751671 -25.432093844)
2014-05-14 09:50:50.000000,-25.432093844,-49.2741751671,POINT (-49.2741751671 -25.432093844)
2014-05-14 09:51:00.000000,-25.432093844,-49.2741751671,POINT (-49.2741751671 -25.432093844)
2014-05-14 09:51:10.000000,-25.432093844,-49.2741751671,POINT (-49.2741751671 -25.432093844)
2014-05-14 09:51:20.000000,-25.432093844,-49.2741751671,POINT (-49.2741751671 -25.432093844)
2014-05-14 09:51:30.000000,-25.432093844,-49.2741751671,POINT (-49.2741751671 -25.432093844)
2014-05-14 09:51:40.000000,-25.432093844,-49.2741751671,POINT (-49.2741751671 -25.432093844)
2014-05-14 09:51:50.000000,-25.432093844,-49.2741751671,POINT (-49.2741751671 -25.432093844)
2014-05-14 09:52:00.000000,-25.432093844,-49.2741751671,POINT (-49.2741751671 -25.432093844)
2014-05-14 09:52:10.000000,-25.432093844,-49.2741751671,POINT (-49.2741751671 -25.432093844)
2014-05-14 09:52:20.000000,-25.432093844,-49.2741751671,POINT (-49.2741751671 -25.432093844)
2014-05-14 09:52:30.000000,-25.432093844,-49.2741751671,POINT (-49.2741751671 -25.432093844)
2014-05-14 09:52:40.000000,-25.432093844,-49.2741751671,POINT (-49.2741751671 -25.432093844)
2014-05-14 09:52:50.000000,-25.432093844,-49.2741751671,POINT (-49.2741751671 -25.432093844)
2014-05-14 09:53:00.000000,-25.432093844,-49.2741751671,POINT (-49.2741751671 -25.432093844)
2014-05-14 09:53:10.000000,-25.432093844,-49.2741751671,POINT (-49.2741751671 -25.432093844)
2014-05-14 09:53:20.000000,-25.432093844,-49.2741751671,POINT (-49.2741751671 -25.432093844)
2014-05-14 09:53:30.000000,-25.432093844,-49.2741751671,POINT (-49.2741751671 -25.432093844)
2014-05-14 09:53:40.000000,-25.432093844,-49.2741751671,POINT (-49.2741751671 -25.432093844)
2014-05-14 09:53:50.000000,-25.432093844,-49.2741751671,POINT (-49.2741751671 -25.432093844)
2014-05-14 09:54:00.000000,-25.432093844,-49.2741751671,POINT (-49.2741751671 -25.432093844)
2014-05-14 09:54:10.000000,-25.432093844,-49.2741751671,POINT (-49.2741751671 -25.432093844)
2014-05-14 09:54:20.000000,-25.432093844,-49.2741751671,POINT (-49.2741751671 -25.432093844)
2014-05-14 09:54:30.000000,-25.432093844,-49.2741751671,POINT (-49.2741751671 -25.432093844)
2014-05-14 09:54:40.000000,-25.432093844,-49.2741751671,POINT (-49.2741751671 -25.432093844)
2014-05-14 09:54:50.000000,-25.432093844,-49.2741751671,POINT (-49.2741751671 -25.432093844)
2014-05-14 09:55:00.000000,-25.432093844,-49.2741751671,POINT (-49.2741751671 -25.432093844)
2014-05-14 09:55:10.000000,-25.432093844,-49.2741751671,POINT (-49.2741751671 -25.432093844)
2014-05-14 09:55:20.000000,-25.432093844,-49.2741751671,POINT (-49.2741751671 -25.432093844)
2014-05-14 09:55:30.000000,-25.432093844,-49.2741751671,POINT (-49.2741751671 -25.432093844)
2014-05-14 09:55:40.000000,-25.432093844,-49.2741751671,POINT (-49.2741751671 -25.432093844)
2014-05-14 09:55:50.000000,-25.432093844,-49.2741751671,POINT (-49.2741751671 -25.432093844)
2014-05-14 09:56:00.000000,-25.432093844,-49.2741751671,POINT (-49.2741751671 -25.432093844)
2014-05-14 09:56:10.000000,-25.432093844,-49.2741751671,POINT (-49.2741751671 -25.432093844)
2014-05-14 09:56:20.000000,-25.432093844,-49.2741751671,POINT (-49.2741751671 -25.432093844)
2014-05-14 09:56:30.000000,-25.432093844,-49.2741751671,POINT (-49.2741751671 -25.432093844)
2014-05-14 09:56:40.000000,-25.432093844,-49.2741751671,POINT (-49.2741751671 -25.432093844)
2014-05-14 09:56:50.000000,-25.432093844,-49.2741751671,POINT (-49.2741751671 -25.432093844)
2014-05-14 09:57:00.000000,-25.432093844,-49.2741751671,POINT (-49.2741751671 -25.432093844)
2014-05-14 09:57:10.000000,-25.432093844,-49.2741751671,POINT (-49.2741751671 -25.432093844)
2014-05-14 09:57:20.000000,-25.432093844,-49.2741751671,POINT (-49.2741751671 -25.432093844)
2014-05-14 09:57:30.000000,-25.432093844,-49.2741751671,POINT (-49.2741751671 -25.432093844)
2014-05-14 09:57:40.000000,-25.432093844,-49.2741751671,POINT (-49.2741751671 -25.432093844)
2014-05-14 09:57:50.000000,-25.432093844,-49.2741751671,POINT (-49.2741751671 -25.432093844)
2014-05-14 09:58:00.000000,-25.432093844,-49.2741751671,POINT (-49.2741751671 -25.432093844)
2014-05-14 09:58:10.000000,-25.432093844,-49.2741751671,POINT (-49.2741751671 -25.432093844)
2014-05-14 09:58:20.000000,-25.432093844,-49.2741751671,POINT (-49.2741751671 -25.432093844)
2014-05-14 09:58:30.000000,-25.432093844,-49.2741751671,POINT (-49.2741751671 -25.432093844)
2014-05-14 09:58:40.000000,-25.432093844,-49.2741751671,POINT (-49.2741751671 -25.432093844)
2014-05-14 09:58:50.000000,-25.432093844,-49.2741751671,POINT (-49.2741751671 -25.432093844)
2014-05-14 09:59:00.000000,-25.432093844,-49.2741751671,POINT (-49.2741751671 -25.432093844)
2014-05-14 09:59:10.000000,-25.432093844,-49.2741751671,POINT (-49.2741751671 -25.432093844)
2014-05-14 09:59:20.000000,-25.432093844,-49.2741751671,POINT (-49.2741751671 -25.432093844)
2014-05-14 09:59:30.000000,-25.432093844,-49.2741751671,POINT (-49.2741751671 -25.432093844)
2014-05-14 09:59:40.000000,-25.432093844,-49.2741751671,POINT (-49.2741751671 -25.432093844)
2014-05-14 09:59:50.000000,-25.432093844,-49.2741751671,POINT (-49.2741751671 -25.432093844)
2014-05-14 10:00:00.000000,-25.432093844,-49.2741751671,POINT (-49.2741751671 -25.432093844)
2014-05-14 10:00:10.000000,-25.432093844,-49.2741751671,POINT (-49.2741751671 -25.432093844)
2014-05-14 10:00:20.000000,-25.432093844,-49.2741751671,POINT (-49.2741751671 -25.432093844)
2014-05-14 10:00:30.000000,-25.432093844,-49.2741751671,POINT (-49.2741751671 -25.432093844)
2014-05-14 10:00:40.000000,-25.432093844,-49.2741751671,POINT (-49.2741751671 -25.432093844)
2014-05-14 10:00:50.000000,-25.432093844,-49.2741751671,POINT (-49.2741751671 -25.432093844)
2014-05-14 10:01:00.000000,-25.432093844,-49.2741751671,POINT (-49.2741751671 -25.432093844)
2014-05-14 10:01:10.000000,-25.432093844,-49.2741751671,POINT (-49.2741751671 -25.432093844)
2014-05-14 10:01:20.000000,-25.432093844,-49.2741751671,POINT (-49.2741751671 -25.432093844)
2014-05-14 10:01:30.000000,-25.432093844,-49.2741751671,POINT (-49.2741751671 -25.432093844)
2014-05-14 10:01:40.000000,-25.432093844,-49.2741751671,POINT (-49.2741751671 -25.432093844)
2014-05-14 10:01:50.000000,-25.432093844,-49.2741751671,POINT (-49.2741751671 -25.432093844)
2014-05-14 10:02:00.000000,-25.432093844,-49.2741751671,POINT (-49.2741751671 -25.432093844)
2014-05-14 10:02:10.000000,-25.432093844,-49.2741751671,POINT (-49.2741751671 -25.432093844)
2014-05-14 10:02:20.000000,-25.432093844,-49.2741751671,POINT (-49.2741751671 -25.432093844)
2014-05-14 10:02:30.000000,-25.432093844,-49.2741751671,POINT (-49.2741751671 -25.432093844)
2014-05-14 10:02:40.000000,-25.432093844,-49.2741751671,POINT (-49.2741751671 -25.432093844)
2014-05-14 10:02:50.000000,-25.432093844,-49.2741751671,POINT (-49.2741751671 -25.432093844)
2014-05-14 10:03:00.000000,-25.432093844,-49.2741751671,POINT (-49.2741751671 -25.432093844)
2014-05-14 10:03:10.000000,-25.432093844,-49.2741751671,POINT (-49.2741751671 -25.432093844)
2014-05-14 10:03:20.000000,-25.432093844,-49.2741751671,POINT (-49.2741751671 -25.432093844)
2014-05-14 10:03:30.000000,-25.432093844,-49.2741751671,POINT (-49.2741751671 -25.432093844)
2014-05-14 10:03:40.000000,-25.432093844,-49.2741751671,POINT (-49.2741751671 -25.432093844)
2014-05-14 10:03:50.000000,-25.432093844,-49.2741751671,POINT (-49.2741751671 -25.432093844)
2014-05-14 10:04:00.000000,-25.432093844,-49.2741751671,POINT (-49.2741751671 -25.432093844)
2014-05-14 10:04:10.000000,-25.432093844,-49.2741751671,POINT (-49.2741751671 -25.432093844)
2014-05-14 10:04:20.000000,-25.432093844,-49.2741751671,POINT (-49.2741751671 -25.432093844)
2014-05-14 10:04:30.000000,-25.432093844,-49.2741751671,POINT (-49.2741751671 -25.432093844)
2014-05-14 10:04:40.000000,-25.432093844,-49.2741751671,POINT (-49.2741751671 -25.432093844)
2014-05-14 10:04:50.000000,-25.432093844,-49.2741751671,POINT (-49.2741751671 -25.432093844)
2014-05-14 10:05:00.000000,-25.432093844,-49.2741751671,POINT (-49.2741751671 -25.432093844)
2014-05-14 10:05:10.000000,-25.432093844,-49.2741751671,POINT (-49.2741751671 -25.432093844)
2014-05-14 10:05:20.000000,-25.432093844,-49.2741751671,POINT (-49.2741751671 -25.432093844)
2014-05-14 10:05:30.000000,-25.432093844,-49.2741751671,POINT (-49.2741751671 -25.432093844)
2014-05-14 10:05:40.000000,-25.432093844,-49.2741751671,POINT (-49.2741751671 -25.432093844)
2014-05-14 10:05:50.000000,-25.432093844,-49.2741751671,POINT (-49.2741751671 -25.432093844)
2014-05-14 10:06:00.000000,-25.432093844,-49.2741751671,POINT (-49.2741751671 -25.432093844)
2014-05-14 10:06:10.000000,-25.432093844,-49.2741751671,POINT (-49.2741751671 -25.432093844)
2014-05-14 10:06:20.000000,-25.432093844,-49.2741751671,POINT (-49.2741751671 -25.432093844)
2014-05-14 10:06:30.000000,-25.432093844,-49.2741751671,POINT (-49.2741751671 -25.432093844)
2014-05-14 10:06:40.000000,-25.432093844,-49.2741751671,POINT (-49.2741751671 -25.432093844)
2014-05-14 10:06:50.000000,-25.432093844,-49.2741751671,POINT (-49.2741751671 -25.432093844)
2014-05-14 10:07:00.000000,-25.432093844,-49.2741751671,POINT (-49.2741751671 -25.432093844)
2014-05-14 10:07:10.000000,-25.432093844,-49.2741751671,POINT (-49.2741751671 -25.432093844)
2014-05-14 10:07:20.000000,-25.432093844,-49.2741751671,POINT (-49.2741751671 -25.432093844)
2014-05-14 10:07:30.000000,-25.432093844,-49.2741751671,POINT (-49.2741751671 -25.432093844)
2014-05-14 10:07:40.000000,-25.432093844,-49.2741751671,POINT (-49.2741751671 -25.432093844)
2014-05-14 10:07:50.000000,-25.432093844,-49.2741751671,POINT (-49.2741751671 -25.432093844)
2014-05-14 10:08:00.000000,-25.432093844,-49.2741751671,POINT (-49.2741751671 -25.432093844)
2014-05-14 10:08:10.000000,-25.432093844,-49.2741751671,POINT (-49.2741751671 -25.432093844)
2014-05-14 10:08:20.000000,-25.432093844,-49.2741751671,POINT (-49.2741751671 -25.432093844)
2014-05-14 10:08:30.000000,-25.432093844,-49.2741751671,POINT (-49.2741751671 -25.432093844)
2014-05-14 10:08:40.000000,-25.432093844,-49.2741751671,POINT (-49.2741751671 -25.432093844)
2014-05-14 10:08:50.000000,-25.432093844,-49.2741751671,POINT (-49.2741751671 -25.432093844)
2014-05-14 10:09:00.000000,-25.432093844,-49.2741751671,POINT (-49.2741751671 -25.432093844)
2014-05-14 10:09:10.000000,-25.432093844,-49.2741751671,POINT (-49.2741751671 -25.432093844)
2014-05-14 10:09:20.000000,-25.432093844,-49.2741751671,POINT (-49.2741751671 -25.432093844)
2014-05-14 10:09:30.000000,-25.432093844,-49.2741751671,POINT (-49.2741751671 -25.432093844)
2014-05-14 10:09:40.000000,-25.432093844,-49.2741751671,POINT (-49.2741751671 -25.432093844)
2014-05-14 10:09:50.000000,-25.432093844,-49.2741751671,POINT (-49.2741751671 -25.432093844)
2014-05-14 10:10:00.000000,-25.432093844,-49.2741751671,POINT (-49.2741751671 -25.432093844)
2014-05-14 10:10:10.000000,-25.432093844,-49.2741751671,POINT (-49.2741751671 -25.432093844)
2014-05-14 10:10:20.000000,-25.432093844,-49.2741751671,POINT (-49.2741751671 -25.432093844)
2014-05-14 10:10:30.000000,-25.432093844,-49.2741751671,POINT (-49.2741751671 -25.432093844)
2014-05-14 10:10:40.000000,-25.432093844,-49.2741751671,POINT (-49.2741751671 -25.432093844)
2014-05-14 10:10:50.000000,-25.432093844,-49.2741751671,POINT (-49.2741751671 -25.432093844)
2014-05-14 10:11:00.000000,-25.432093844,-49.2741751671,POINT (-49.2741751671 -25.432093844)
2014-05-14 10:11:10.000000,-25.432093844,-49.2741751671,POINT (-49.2741751671 -25.432093844)
2014-05-14 10:11:20.000000,-25.432093844,-49.2741751671,POINT (-49.2741751671 -25.432093844)
2014-05-14 10:11:30.000000,-25.432093844,-49.2741751671,POINT (-49.2741751671 -25.432093844)
2014-05-14 10:11:40.000000,-25.432093844,-49.2741751671,POINT (-49.2741751671 -25.432093844)
2014-05-14 10:11:50.000000,-25.432093844,-49.2741751671,POINT (-49.2741751671 -25.432093844)
2014-05-14 10:12:00.000000,-25.432093844,-49.2741751671,POINT (-49.2741751671 -25.432093844)
2014-05-14 10:12:10.000000,-25.432093844,-49.2741751671,POINT (-49.2741751671 -25.432093844)
2014-05-14 10:12:20.000000,-25.432093844,-49.2741751671,POINT (-49.2741751671 -25.432093844)
2014-05-14 10:12:30.000000,-25.432093844,-49.2741751671,POINT (-49.2741751671 -25.432093844)
2014-05-14 10:12:40.000000,-25.432093844,-49.2741751671,POINT (-49.2741751671 -25.432093844)
2014-05-14 10:12:50.000000,-25.432093844,-49.2741751671,POINT (-49.2741751671 -25.432093844)
2014-05-14 10:13:00.000000,-25.432093844,-49.2741751671,POINT (-49.2741751671 -25.432093844)
2014-05-14 10:13:10.000000,-25.432093844,-49.2741751671,POINT (-49.2741751671 -25.432093844)
2014-05-14 10:13:20.000000,-25.432093844,-49.2741751671,POINT (-49.2741751671 -25.432093844)
2014-05-14 10:13:30.000000,-25.432093844,-49.2741751671,POINT (-49.2741751671 -25.432093844)
2014-05-14 10:13:40.000000,-25.432093844,-49.2741751671,POINT (-49.2741751671 -25.432093844)
2014-05-14 10:13:50.000000,-25.432093844,-49.2741751671,POINT (-49.2741751671 -25.432093844)
2014-05-14 10:14:00.000000,-25.432093844,-49.2741751671,POINT (-49.2741751671 -25.432093844)
2014-05-14 10:14:10.000000,-25.432093844,-49.2741751671,POINT (-49.2741751671 -25.432093844)
2014-05-14 10:14:20.000000,-25.432093844,-49.2741751671,POINT (-49.2741751671 -25.432093844)
2014-05-14 10:14:30.000000,-25.432093844,-49.2741751671,POINT (-49.2741751671 -25.432093844)
2014-05-14 10:14:40.000000,-25.432093844,-49.2741751671,POINT (-49.2741751671 -25.432093844)
2014-05-14 10:14:50.000000,-25.432093844,-49.2741751671,POINT (-49.2741751671 -25.432093844)
2014-05-14 10:15:00.000000,-25.432093844,-49.2741751671,POINT (-49.2741751671 -25.432093844)
2014-05-14 10:15:10.000000,-25.432093844,-49.2741751671,POINT (-49.2741751671 -25.432093844)
2014-05-14 10:15:20.000000,-25.432093844,-49.2741751671,POINT (-49.2741751671 -25.432093844)
2014-05-14 10:15:30.000000,-25.432093844,-49.2741751671,POINT (-49.2741751671 -25.432093844)
2014-05-14 10:15:40.000000,-25.432093844,-49.2741751671,POINT (-49.2741751671 -25.432093844)
2014-05-14 10:15:50.000000,-25.432093844,-49.2741751671,POINT (-49.2741751671 -25.432093844)
2014-05-14 10:16:00.000000,-25.432093844,-49.2741751671,POINT (-49.2741751671 -25.432093844)
2014-05-14 10:16:10.000000,-25.432093844,-49.2741751671,POINT (-49.2741751671 -25.432093844)
2014-05-14 10:16:20.000000,-25.432093844,-49.2741751671,POINT (-49.2741751671 -25.432093844)
2014-05-14 10:16:30.000000,-25.432093844,-49.2741751671,POINT (-49.2741751671 -25.432093844)
2014-05-14 10:16:40.000000,-25.432093844,-49.2741751671,POINT (-49.2741751671 -25.432093844)
2014-05-14 10:16:50.000000,-25.432093844,-49.2741751671,POINT (-49.2741751671 -25.432093844)
2014-05-14 10:17:00.000000,-25.432093844,-49.2741751671,POINT (-49.2741751671 -25.432093844)
2014-05-14 10:17:10.000000,-25.432093844,-49.2741751671,POINT (-49.2741751671 -25.432093844)
2014-05-14 10:17:20.000000,-25.432093844,-49.2741751671,POINT (-49.2741751671 -25.432093844)
2014-05-14 10:17:30.000000,-25.432093844,-49.2741751671,POINT (-49.2741751671 -25.432093844)
2014-05-14 10:17:40.000000,-25.432093844,-49.2741751671,POINT (-49.2741751671 -25.432093844)
2014-05-14 10:17:50.000000,-25.432093844,-49.2741751671,POINT (-49.2741751671 -25.432093844)
2014-05-14 10:18:00.000000,-25.432093844,-49.2741751671,POINT (-49.2741751671 -25.432093844)
2014-05-14 10:18:10.000000,-25.432093844,-49.2741751671,POINT (-49.2741751671 -25.432093844)
2014-05-14 10:18:20.000000,-25.432093844,-49.2741751671,POINT (-49.2741751671 -25.432093844)
2014-05-14 10:18:30.000000,-25.432093844,-49.2741751671,POINT (-49.2741751671 -25.432093844)
2014-05-14 10:18:40.000000,-25.432093844,-49.2741751671,POINT (-49.2741751671 -25.432093844)
2014-05-14 10:18:50.000000,-25.432093844,-49.2741751671,POINT (-49.2741751671 -25.432093844)
2014-05-14 10:19:00.000000,-25.432093844,-49.2741751671,POINT (-49.2741751671 -25.432093844)
2014-05-14 10:19:10.000000,-25.432093844,-49.2741751671,POINT (-49.2741751671 -25.432093844)
2014-05-14 10:19:20.000000,-25.432093844,-49.2741751671,POINT (-49.2741751671 -25.432093844)
2014-05-14 10:19:30.000000,-25.432093844,-49.2741751671,POINT (-49.2741751671 -25.432093844)
2014-05-14 10:19:40.000000,-25.432093844,-49.2741751671,POINT (-49.2741751671 -25.432093844)
2014-05-14 10:19:50.000000,-25.432093844,-49.2741751671,POINT (-49.2741751671 -25.432093844)
2014-05-14 10:20:00.000000,-25.432093844,-49.2741751671,POINT (-49.2741751671 -25.432093844)
2014-05-14 10:20:10.000000,-25.432093844,-49.2741751671,POINT (-49.2741751671 -25.432093844)
2014-05-14 10:20:20.000000,-25.432093844,-49.2741751671,POINT (-49.2741751671 -25.432093844)
2014-05-14 10:20:30.000000,-25.432093844,-49.2741751671,POINT (-49.2741751671 -25.432093844)
2014-05-14 10:20:40.000000,-25.432093844,-49.2741751671,POINT (-49.2741751671 -25.432093844)
2014-05-14 10:20:50.000000,-25.432093844,-49.2741751671,POINT (-49.2741751671 -25.432093844)
2014-05-14 10:21:00.000000,-25.432093844,-49.2741751671,POINT (-49.2741751671 -25.432093844)
2014-05-14 10:21:10.000000,-25.432093844,-49.2741751671,POINT (-49.2741751671 -25.432093844)
2014-05-14 10:21:20.000000,-25.432093844,-49.2741751671,POINT (-49.2741751671 -25.432093844)
2014-05-14 10:21:30.000000,-25.432093844,-49.2741751671,POINT (-49.2741751671 -25.432093844)
2014-05-14 10:21:40.000000,-25.432093844,-49.2741751671,POINT (-49.2741751671 -25.432093844)
2014-05-14 10:21:50.000000,-25.432093844,-49.2741751671,POINT (-49.2741751671 -25.432093844)
2014-05-14 10:22:00.000000,-25.432093844,-49.2741751671,POINT (-49.2741751671 -25.432093844)
2014-05-14 10:22:10.000000,-25.432093844,-49.2741751671,POINT (-49.2741751671 -25.432093844)
2014-05-14 10:22:20.000000,-25.432093844,-49.2741751671,POINT (-49.2741751671 -25.432093844)
2014-05-14 10:22:30.000000,-25.432093844,-49.2741751671,POINT (-49.2741751671 -25.432093844)
2014-05-14 10:22:40.000000,-25.432093844,-49.2741751671,POINT (-49.2741751671 -25.432093844)
2014-05-14 10:22:50.000000,-25.432093844,-49.2741751671,POINT (-49.2741751671 -25.432093844)
2014-05-14 10:23:00.000000,-25.432093844,-49.2741751671,POINT (-49.2741751671 -25.432093844)
2014-05-14 10:23:10.000000,-25.432093844,-49.2741751671,POINT (-49.2741751671 -25.432093844)
2014-05-14 10:23:20.000000,-25.432093844,-49.2741751671,POINT (-49.2741751671 -25.432093844)
2014-05-14 10:23:30.000000,-25.432093844,-49.2741751671,POINT (-49.2741751671 -25.432093844)
2014-05-14 10:23:40.000000,-25.432093844,-49.2741751671,POINT (-49.2741751671 -25.432093844)
2014-05-14 10:23:50.000000,-25.432093844,-49.2741751671,POINT (-49.2741751671 -25.432093844)
2014-05-14 10:24:00.000000,-25.432093844,-49.2741751671,POINT (-49.2741751671 -25.432093844)
2014-05-14 10:24:10.000000,-25.432093844,-49.2741751671,POINT (-49.2741751671 -25.432093844)
2014-05-14 10:24:20.000000,-25.432093844,-49.2741751671,POINT (-49.2741751671 -25.432093844)
2014-05-14 10:24:30.000000,-25.432093844,-49.2741751671,POINT (-49.2741751671 -25.432093844)
2014-05-14 10:24:40.000000,-25.432093844,-49.2741751671,POINT (-49.2741751671 -25.432093844)
2014-05-14 10:24:50.000000,-25.432093844,-49.2741751671,POINT (-49.2741751671 -25.432093844)
2014-05-14 10:25:00.000000,-25.432093844,-49.2741751671,POINT (-49.2741751671 -25.432093844)
2014-05-14 10:25:10.000000,-25.432093844,-49.2741751671,POINT (-49.2741751671 -25.432093844)
2014-05-14 10:25:20.000000,-25.432093844,-49.2741751671,POINT (-49.2741751671 -25.432093844)
2014-05-14 10:25:30.000000,-25.432093844,-49.2741751671,POINT (-49.2741751671 -25.432093844)
2014-05-14 10:25:40.000000,-25.432093844,-49.2741751671,POINT (-49.2741751671 -25.432093844)
2014-05-14 10:25:50.000000,-25.432093844,-49.2741751671,POINT (-49.2741751671 -25.432093844)
2014-05-14 10:26:00.000000,-25.432093844,-49.2741751671,POINT (-49.2741751671 -25.432093844)
2014-05-14 10:26:10.000000,-25.432093844,-49.2741751671,POINT (-49.2741751671 -25.432093844)
2014-05-14 10:26:20.000000,-25.432093844,-49.2741751671,POINT (-49.2741751671 -25.432093844)
2014-05-14 10:26:30.000000,-25.432093844,-49.2741751671,POINT (-49.2741751671 -25.432093844)
2014-05-14 10:26:40.000000,-25.432093844,-49.2741751671,POINT (-49.2741751671 -25.432093844)
2014-05-14 10:26:50.000000,-25.432093844,-49.2741751671,POINT (-49.2741751671 -25.432093844)
2014-05-14 10:27:00.000000,-25.432093844,-49.2741751671,POINT (-49.2741751671 -25.432093844)
2014-05-14 10:27:10.000000,-25.432093844,-49.2741751671,POINT (-49.2741751671 -25.432093844)
2014-05-14 10:27:20.000000,-25.432093844,-49.2741751671,POINT (-49.2741751671 -25.432093844)
2014-05-14 10:27:30.000000,-25.432093844,-49.2741751671,POINT (-49.2741751671 -25.432093844)
2014-05-14 10:27:40.000000,-25.432093844,-49.2741751671,POINT (-49.2741751671 -25.432093844)
2014-05-14 10:27:50.000000,-25.432093844,-49.2741751671,POINT (-49.2741751671 -25.432093844)
2014-05-14 10:28:00.000000,-25.432093844,-49.2741751671,POINT (-49.2741751671 -25.432093844)
2014-05-14 10:28:10.000000,-25.432093844,-49.2741751671,POINT (-49.2741751671 -25.432093844)
2014-05-14 10:28:20.000000,-25.432093844,-49.2741751671,POINT (-49.2741751671 -25.432093844)
2014-05-14 10:28:30.000000,-25.432093844,-49.2741751671,POINT (-49.2741751671 -25.432093844)
2014-05-14 10:28:40.000000,-25.432093844,-49.2741751671,POINT (-49.2741751671 -25.432093844)
2014-05-14 10:28:50.000000,-25.432093844,-49.2741751671,POINT (-49.2741751671 -25.432093844)
2014-05-14 10:29:00.000000,-25.432093844,-49.2741751671,POINT (-49.2741751671 -25.432093844)
2014-05-14 10:29:10.000000,-25.432093844,-49.2741751671,POINT (-49.2741751671 -25.432093844)
2014-05-14 10:29:20.000000,-25.432093844,-49.2741751671,POINT (-49.2741751671 -25.432093844)
2014-05-14 10:29:30.000000,-25.432093844,-49.2741751671,POINT (-49.2741751671 -25.432093844)
2014-05-14 10:29:40.000000,-25.432093844,-49.2741751671,POINT (-49.2741751671 -25.432093844)
2014-05-14 10:29:50.000000,-25.432093844,-49.2741751671,POINT (-49.2741751671 -25.432093844)
2014-05-14 10:30:00.000000,-25.432093844,-49.2741751671,POINT (-49.2741751671 -25.432093844)
2014-05-14 10:30:10.000000,-25.432093844,-49.2741751671,POINT (-49.2741751671 -25.432093844)
2014-05-14 10:30:20.000000,-25.432093844,-49.2741751671,POINT (-49.2741751671 -25.432093844)
2014-05-14 10:30:30.000000,-25.432093844,-49.2741751671,POINT (-49.2741751671 -25.432093844)
2014-05-14 10:30:40.000000,-25.432093844,-49.2741751671,POINT (-49.2741751671 -25.432093844)
2014-05-14 10:30:50.000000,-25.432093844,-49.2741751671,POINT (-49.2741751671 -25.432093844)
2014-05-14 10:31:00.000000,-25.432093844,-49.2741751671,POINT (-49.2741751671 -25.432093844)
2014-05-14 10:31:10.000000,-25.432093844,-49.2741751671,POINT (-49.2741751671 -25.432093844)
2014-05-14 10:31:20.000000,-25.432093844,-49.2741751671,POINT (-49.2741751671 -25.432093844)
2014-05-14 10:31:30.000000,-25.432093844,-49.2741751671,POINT (-49.2741751671 -25.432093844)
2014-05-14 10:31:40.000000,-25.432093844,-49.2741751671,POINT (-49.2741751671 -25.432093844)
2014-05-14 10:31:50.000000,-25.432093844,-49.2741751671,POINT (-49.2741751671 -25.432093844)
2014-05-14 10:32:00.000000,-25.432093844,-49.2741751671,POINT (-49.2741751671 -25.432093844)
2014-05-14 10:32:10.000000,-25.432093844,-49.2741751671,POINT (-49.2741751671 -25.432093844)
2014-05-14 10:32:20.000000,-25.432093844,-49.2741751671,POINT (-49.2741751671 -25.432093844)
2014-05-14 10:32:30.000000,-25.432093844,-49.2741751671,POINT (-49.2741751671 -25.432093844)
2014-05-14 10:32:40.000000,-25.432093844,-49.2741751671,POINT (-49.2741751671 -25.432093844)
2014-05-14 10:32:50.000000,-25.432093844,-49.2741751671,POINT (-49.2741751671 -25.432093844)
2014-05-14 10:33:00.000000,-25.432093844,-49.2741751671,POINT (-49.2741751671 -25.432093844)
2014-05-14 10:33:10.000000,-25.432093844,-49.2741751671,POINT (-49.2741751671 -25.432093844)
2014-05-14 10:33:20.000000,-25.432093844,-49.2741751671,POINT (-49.2741751671 -25.432093844)
2014-05-14 10:33:30.000000,-25.432093844,-49.2741751671,POINT (-49.2741751671 -25.432093844)
2014-05-14 10:33:40.000000,-25.432093844,-49.2741751671,POINT (-49.2741751671 -25.432093844)
2014-05-14 10:33:50.000000,-25.432093844,-49.2741751671,POINT (-49.2741751671 -25.432093844)
2014-05-14 10:34:00.000000,-25.432093844,-49.2741751671,POINT (-49.2741751671 -25.432093844)
2014-05-14 10:34:10.000000,-25.432093844,-49.2741751671,POINT (-49.2741751671 -25.432093844)
2014-05-14 10:34:20.000000,-25.432093844,-49.2741751671,POINT (-49.2741751671 -25.432093844)
2014-05-14 10:34:30.000000,-25.432093844,-49.2741751671,POINT (-49.2741751671 -25.432093844)
2014-05-14 10:34:40.000000,-25.432093844,-49.2741751671,POINT (-49.2741751671 -25.432093844)
2014-05-14 10:34:50.000000,-25.432093844,-49.2741751671,POINT (-49.2741751671 -25.432093844)
2014-05-14 10:35:00.000000,-25.432093844,-49.2741751671,POINT (-49.2741751671 -25.432093844)
2014-05-14 10:35:10.000000,-25.432093844,-49.2741751671,POINT (-49.2741751671 -25.432093844)
2014-05-14 10:35:20.000000,-25.432093844,-49.2741751671,POINT (-49.2741751671 -25.432093844)
2014-05-14 10:35:30.000000,-25.432093844,-49.2741751671,POINT (-49.2741751671 -25.432093844)
2014-05-14 10:35:40.000000,-25.432093844,-49.2741751671,POINT (-49.2741751671 -25.432093844)
2014-05-14 10:35:50.000000,-25.432093844,-49.2741751671,POINT (-49.2741751671 -25.432093844)
2014-05-14 10:36:00.000000,-25.432093844,-49.2741751671,POINT (-49.2741751671 -25.432093844)
2014-05-14 10:36:10.000000,-25.432093844,-49.2741751671,POINT (-49.2741751671 -25.432093844)
2014-05-14 10:36:20.000000,-25.432093844,-49.2741751671,POINT (-49.2741751671 -25.432093844)
2014-05-14 10:36:30.000000,-25.432093844,-49.2741751671,POINT (-49.2741751671 -25.432093844)
2014-05-14 10:36:40.000000,-25.432093844,-49.2741751671,POINT (-49.2741751671 -25.432093844)
2014-05-14 10:36:50.000000,-25.432093844,-49.2741751671,POINT (-49.2741751671 -25.432093844)
2014-05-14 10:37:00.000000,-25.432093844,-49.2741751671,POINT (-49.2741751671 -25.432093844)
2014-05-14 10:37:10.000000,-25.432093844,-49.2741751671,POINT (-49.2741751671 -25.432093844)
2014-05-14 10:37:20.000000,-25.432093844,-49.2741751671,POINT (-49.2741751671 -25.432093844)
2014-05-14 10:37:30.000000,-25.432093844,-49.2741751671,POINT (-49.2741751671 -25.432093844)
2014-05-14 10:37:40.000000,-25.432093844,-49.2741751671,POINT (-49.2741751671 -25.432093844)
2014-05-14 10:37:50.000000,-25.432093844,-49.2741751671,POINT (-49.2741751671 -25.432093844)
2014-05-14 10:38:00.000000,-25.432093844,-49.2741751671,POINT (-49.2741751671 -25.432093844)
2014-05-14 10:38:10.000000,-25.432093844,-49.2741751671,POINT (-49.2741751671 -25.432093844)
2014-05-14 10:38:20.000000,-25.432093844,-49.2741751671,POINT (-49.2741751671 -25.432093844)
2014-05-14 10:38:30.000000,-25.432093844,-49.2741751671,POINT (-49.2741751671 -25.432093844)
2014-05-14 10:38:40.000000,-25.432093844,-49.2741751671,POINT (-49.2741751671 -25.432093844)
2014-05-14 10:38:50.000000,-25.432093844,-49.2741751671,POINT (-49.2741751671 -25.432093844)
2014-05-14 10:39:00.000000,-25.432093844,-49.2741751671,POINT (-49.2741751671 -25.432093844)
2014-05-14 10:39:10.000000,-25.432093844,-49.2741751671,POINT (-49.2741751671 -25.432093844)
2014-05-14 10:39:20.000000,-25.432093844,-49.2741751671,POINT (-49.2741751671 -25.432093844)
2014-05-14 10:39:30.000000,-25.432093844,-49.2741751671,POINT (-49.2741751671 -25.432093844)
2014-05-14 10:39:40.000000,-25.432093844,-49.2741751671,POINT (-49.2741751671 -25.432093844)
2014-05-14 10:39:50.000000,-25.432093844,-49.2741751671,POINT (-49.2741751671 -25.432093844)
2014-05-14 10:40:00.000000,-25.432093844,-49.2741751671,POINT (-49.2741751671 -25.432093844)
2014-05-14 10:40:10.000000,-25.432093844,-49.2741751671,POINT (-49.2741751671 -25.432093844)
2014-05-14 10:40:20.000000,-25.432093844,-49.2741751671,POINT (-49.2741751671 -25.432093844)
2014-05-14 10:40:30.000000,-25.432093844,-49.2741751671,POINT (-49.2741751671 -25.432093844)
2014-05-14 10:40:40.000000,-25.432093844,-49.2741751671,POINT (-49.2741751671 -25.432093844)
2014-05-14 10:40:50.000000,-25.432093844,-49.2741751671,POINT (-49.2741751671 -25.432093844)
2014-05-14 10:41:00.000000,-25.432093844,-49.2741751671,POINT (-49.2741751671 -25.432093844)
2014-05-14 10:41:10.000000,-25.432093844,-49.2741751671,POINT (-49.2741751671 -25.432093844)
2014-05-14 10:41:20.000000,-25.432093844,-49.2741751671,POINT (-49.2741751671 -25.432093844)
2014-05-14 10:41:30.000000,-25.432093844,-49.2741751671,POINT (-49.2741751671 -25.432093844)
2014-05-14 10:41:40.000000,-25.432093844,-49.2741751671,POINT (-49.2741751671 -25.432093844)
2014-05-14 10:41:50.000000,-25.432093844,-49.2741751671,POINT (-49.2741751671 -25.432093844)
2014-05-14 10:42:00.000000,-25.432093844,-49.2741751671,POINT (-49.2741751671 -25.432093844)
2014-05-14 10:42:10.000000,-25.432093844,-49.2741751671,POINT (-49.2741751671 -25.432093844)
2014-05-14 10:42:20.000000,-25.432093844,-49.2741751671,POINT (-49.2741751671 -25.432093844)
2014-05-14 10:42:30.000000,-25.432093844,-49.2741751671,POINT (-49.2741751671 -25.432093844)
2014-05-14 10:42:40.000000,-25.432093844,-49.2741751671,POINT (-49.2741751671 -25.432093844)
2014-05-14 10:42:50.000000,-25.432093844,-49.2741751671,POINT (-49.2741751671 -25.432093844)
2014-05-14 10:43:00.000000,-25.432093844,-49.2741751671,POINT (-49.2741751671 -25.432093844)
2014-05-14 10:43:10.000000,-25.432093844,-49.2741751671,POINT (-49.2741751671 -25.432093844)
2014-05-14 10:43:20.000000,-25.432093844,-49.2741751671,POINT (-49.2741751671 -25.432093844)
2014-05-14 10:43:30.000000,-25.432093844,-49.2741751671,POINT (-49.2741751671 -25.432093844)
2014-05-14 10:43:40.000000,-25.432093844,-49.2741751671,POINT (-49.2741751671 -25.432093844)
2014-05-14 10:43:50.000000,-25.432093844,-49.2741751671,POINT (-49.2741751671 -25.432093844)
2014-05-14 10:44:00.000000,-25.432093844,-49.2741751671,POINT (-49.2741751671 -25.432093844)
2014-05-14 10:44:10.000000,-25.432093844,-49.2741751671,POINT (-49.2741751671 -25.432093844)
2014-05-14 10:44:20.000000,-25.432093844,-49.2741751671,POINT (-49.2741751671 -25.432093844)
2014-05-14 10:44:30.000000,-25.432093844,-49.2741751671,POINT (-49.2741751671 -25.432093844)
2014-05-14 10:44:40.000000,-25.432093844,-49.2741751671,POINT (-49.2741751671 -25.432093844)
2014-05-14 10:44:50.000000,-25.432093844,-49.2741751671,POINT (-49.2741751671 -25.432093844)
2014-05-14 10:45:00.000000,-25.432093844,-49.2741751671,POINT (-49.2741751671 -25.432093844)
2014-05-14 10:45:10.000000,-25.432093844,-49.2741751671,POINT (-49.2741751671 -25.432093844)
2014-05-14 10:45:20.000000,-25.432093844,-49.2741751671,POINT (-49.2741751671 -25.432093844)
2014-05-14 10:45:30.000000,-25.432093844,-49.2741751671,POINT (-49.2741751671 -25.432093844)
2014-05-14 10:45:40.000000,-25.432093844,-49.2741751671,POINT (-49.2741751671 -25.432093844)
2014-05-14 10:45:50.000000,-25.432093844,-49.2741751671,POINT (-49.2741751671 -25.432093844)
2014-05-14 10:46:00.000000,-25.432093844,-49.2741751671,POINT (-49.2741751671 -25.432093844)
2014-05-14 10:46:10.000000,-25.432093844,-49.2741751671,POINT (-49.2741751671 -25.432093844)
2014-05-14 10:46:20.000000,-25.432093844,-49.2741751671,POINT (-49.2741751671 -25.432093844)
2014-05-14 10:46:30.000000,-25.432093844,-49.2741751671,POINT (-49.2741751671 -25.432093844)
2014-05-14 10:46:40.000000,-25.432093844,-49.2741751671,POINT (-49.2741751671 -25.432093844)
2014-05-14 10:46:50.000000,-25.432093844,-49.2741751671,POINT (-49.2741751671 -25.432093844)
2014-05-14 10:47:00.000000,-25.432093844,-49.2741751671,POINT (-49.2741751671 -25.432093844)
2014-05-14 10:47:10.000000,-25.432093844,-49.2741751671,POINT (-49.2741751671 -25.432093844)
2014-05-14 10:47:20.000000,-25.432093844,-49.2741751671,POINT (-49.2741751671 -25.432093844)
2014-05-14 10:47:30.000000,-25.432093844,-49.2741751671,POINT (-49.2741751671 -25.432093844)
2014-05-14 10:47:40.000000,-25.432093844,-49.2741751671,POINT (-49.2741751671 -25.432093844)
2014-05-14 10:47:50.000000,-25.432093844,-49.2741751671,POINT (-49.2741751671 -25.432093844)
2014-05-14 10:48:00.000000,-25.432093844,-49.2741751671,POINT (-49.2741751671 -25.432093844)
2014-05-14 10:48:10.000000,-25.432093844,-49.2741751671,POINT (-49.2741751671 -25.432093844)
2014-05-14 10:48:20.000000,-25.432093844,-49.2741751671,POINT (-49.2741751671 -25.432093844)
2014-05-14 10:48:30.000000,-25.432093844,-49.2741751671,POINT (-49.2741751671 -25.432093844)
2014-05-14 10:48:40.000000,-25.432093844,-49.2741751671,POINT (-49.2741751671 -25.432093844)
2014-05-14 10:48:50.000000,-25.432093844,-49.2741751671,POINT (-49.2741751671 -25.432093844)
2014-05-14 10:49:00.000000,-25.432093844,-49.2741751671,POINT (-49.2741751671 -25.432093844)
2014-05-14 10:49:10.000000,-25.432093844,-49.2741751671,POINT (-49.2741751671 -25.432093844)
2014-05-14 10:49:20.000000,-25.432093844,-49.2741751671,POINT (-49.2741751671 -25.432093844)
2014-05-14 10:49:30.000000,-25.432093844,-49.2741751671,POINT (-49.2741751671 -25.432093844)
2014-05-14 10:49:40.000000,-25.432093844,-49.2741751671,POINT (-49.2741751671 -25.432093844)
2014-05-14 10:49:50.000000,-25.432093844,-49.2741751671,POINT (-49.2741751671 -25.432093844)
2014-05-14 10:50:00.000000,-25.432093844,-49.2741751671,POINT (-49.2741751671 -25.432093844)
2014-05-14 10:50:10.000000,-25.432093844,-49.2741751671,POINT (-49.2741751671 -25.432093844)
2014-05-14 10:50:20.000000,-25.432093844,-49.2741751671,POINT (-49.2741751671 -25.432093844)
2014-05-14 10:50:30.000000,-25.432093844,-49.2741751671,POINT (-49.2741751671 -25.432093844)
2014-05-14 10:50:40.000000,-25.432093844,-49.2741751671,POINT (-49.2741751671 -25.432093844)
2014-05-14 10:50:50.000000,-25.432093844,-49.2741751671,POINT (-49.2741751671 -25.432093844)
2014-05-14 10:51:00.000000,-25.432093844,-49.2741751671,POINT (-49.2741751671 -25.432093844)
2014-05-14 10:51:10.000000,-25.432093844,-49.2741751671,POINT (-49.2741751671 -25.432093844)
2014-05-14 10:51:20.000000,-25.432093844,-49.2741751671,POINT (-49.2741751671 -25.432093844)
2014-05-14 10:51:30.000000,-25.432093844,-49.2741751671,POINT (-49.2741751671 -25.432093844)
2014-05-14 10:51:40.000000,-25.432093844,-49.2741751671,POINT (-49.2741751671 -25.432093844)
2014-05-14 10:51:50.000000,-25.432093844,-49.2741751671,POINT (-49.2741751671 -25.432093844)
2014-05-14 10:52:00.000000,-25.432093844,-49.2741751671,POINT (-49.2741751671 -25.432093844)
2014-05-14 10:52:10.000000,-25.432093844,-49.2741751671,POINT (-49.2741751671 -25.432093844)
2014-05-14 10:52:20.000000,-25.432093844,-49.2741751671,POINT (-49.2741751671 -25.432093844)
2014-05-14 10:52:30.000000,-25.432093844,-49.2741751671,POINT (-49.2741751671 -25.432093844)
2014-05-14 10:52:40.000000,-25.432093844,-49.2741751671,POINT (-49.2741751671 -25.432093844)
2014-05-14 10:52:50.000000,-25.432093844,-49.2741751671,POINT (-49.2741751671 -25.432093844)
2014-05-14 10:53:00.000000,-25.432093844,-49.2741751671,POINT (-49.2741751671 -25.432093844)
2014-05-14 10:53:10.000000,-25.432093844,-49.2741751671,POINT (-49.2741751671 -25.432093844)
2014-05-14 10:53:20.000000,-25.432093844,-49.2741751671,POINT (-49.2741751671 -25.432093844)
2014-05-14 10:53:30.000000,-25.432093844,-49.2741751671,POINT (-49.2741751671 -25.432093844)
2014-05-14 10:53:40.000000,-25.432093844,-49.2741751671,POINT (-49.2741751671 -25.432093844)
2014-05-14 10:53:50.000000,-25.432093844,-49.2741751671,POINT (-49.2741751671 -25.432093844)
2014-05-14 10:54:00.000000,-25.432093844,-49.2741751671,POINT (-49.2741751671 -25.432093844)
2014-05-14 10:54:10.000000,-25.432093844,-49.2741751671,POINT (-49.2741751671 -25.432093844)
2014-05-14 10:54:20.000000,-25.432093844,-49.2741751671,POINT (-49.2741751671 -25.432093844)
2014-05-14 10:54:30.000000,-25.432093844,-49.2741751671,POINT (-49.2741751671 -25.432093844)
2014-05-14 10:54:40.000000,-25.432093844,-49.2741751671,POINT (-49.2741751671 -25.432093844)
2014-05-14 10:54:50.000000,-25.432093844,-49.2741751671,POINT (-49.2741751671 -25.432093844)
2014-05-14 10:55:00.000000,-25.432093844,-49.2741751671,POINT (-49.2741751671 -25.432093844)
2014-05-14 10:55:10.000000,-25.432093844,-49.2741751671,POINT (-49.2741751671 -25.432093844)
2014-05-14 10:55:20.000000,-25.432093844,-49.2741751671,POINT (-49.2741751671 -25.432093844)
2014-05-14 10:55:30.000000,-25.432093844,-49.2741751671,POINT (-49.2741751671 -25.432093844)
2014-05-14 10:55:40.000000,-25.432093844,-49.2741751671,POINT (-49.2741751671 -25.432093844)
2014-05-14 10:55:50.000000,-25.432093844,-49.2741751671,POINT (-49.2741751671 -25.432093844)
2014-05-14 10:56:00.000000,-25.432093844,-49.2741751671,POINT (-49.2741751671 -25.432093844)
2014-05-14 10:56:10.000000,-25.432093844,-49.2741751671,POINT (-49.2741751671 -25.432093844)
2014-05-14 10:56:20.000000,-25.432093844,-49.2741751671,POINT (-49.2741751671 -25.432093844)
2014-05-14 10:56:30.000000,-25.432093844,-49.2741751671,POINT (-49.2741751671 -25.432093844)
2014-05-14 10:56:40.000000,-25.432093844,-49.2741751671,POINT (-49.2741751671 -25.432093844)
2014-05-14 10:56:50.000000,-25.432093844,-49.2741751671,POINT (-49.2741751671 -25.432093844)
2014-05-14 10:57:00.000000,-25.432093844,-49.2741751671,POINT (-49.2741751671 -25.432093844)
2014-05-14 10:57:10.000000,-25.432093844,-49.2741751671,POINT (-49.2741751671 -25.432093844)
2014-05-14 10:57:20.000000,-25.432093844,-49.2741751671,POINT (-49.2741751671 -25.432093844)
2014-05-14 10:57:30.000000,-25.432093844,-49.2741751671,POINT (-49.2741751671 -25.432093844)
2014-05-14 10:57:40.000000,-25.432093844,-49.2741751671,POINT (-49.2741751671 -25.432093844)
2014-05-14 10:57:50.000000,-25.432093844,-49.2741751671,POINT (-49.2741751671 -25.432093844)
2014-05-14 10:58:00.000000,-25.432093844,-49.2741751671,POINT (-49.2741751671 -25.432093844)
2014-05-14 10:58:10.000000,-25.432093844,-49.2741751671,POINT (-49.2741751671 -25.432093844)
2014-05-14 10:58:20.000000,-25.432093844,-49.2741751671,POINT (-49.2741751671 -25.432093844)
2014-05-14 10:58:30.000000,-25.432093844,-49.2741751671,POINT (-49.2741751671 -25.432093844)
2014-05-14 10:58:40.000000,-25.432093844,-49.2741751671,POINT (-49.2741751671 -25.432093844)
2014-05-14 10:58:50.000000,-25.432093844,-49.2741751671,POINT (-49.2741751671 -25.432093844)
2014-05-14 10:59:00.000000,-25.432093844,-49.2741751671,POINT (-49.2741751671 -25.432093844)
2014-05-14 10:59:10.000000,-25.432093844,-49.2741751671,POINT (-49.2741751671 -25.432093844)
2014-05-14 10:59:20.000000,-25.432093844,-49.2741751671,POINT (-49.2741751671 -25.432093844)
2014-05-14 10:59:30.000000,-25.432093844,-49.2741751671,POINT (-49.2741751671 -25.432093844)
2014-05-14 10:59:40.000000,-25.432093844,-49.2741751671,POINT (-49.2741751671 -25.432093844)
2014-05-14 10:59:50.000000,-25.432093844,-49.2741751671,POINT (-49.2741751671 -25.432093844)
2014-05-14 11:00:00.000000,-25.432093844,-49.2741751671,POINT (-49.2741751671 -25.432093844)
2014-05-14 11:00:10.000000,-25.432093844,-49.2741751671,POINT (-49.2741751671 -25.432093844)
2014-05-14 11:00:20.000000,-25.432093844,-49.2741751671,POINT (-49.2741751671 -25.432093844)
2014-05-14 11:00:30.000000,-25.432093844,-49.2741751671,POINT (-49.2741751671 -25.432093844)
2014-05-14 11:00:40.000000,-25.432093844,-49.2741751671,POINT (-49.2741751671 -25.432093844)
2014-05-14 11:00:50.000000,-25.432093844,-49.2741751671,POINT (-49.2741751671 -25.432093844)
2014-05-14 11:01:00.000000,-25.432093844,-49.2741751671,POINT (-49.2741751671 -25.432093844)
2014-05-14 11:01:10.000000,-25.432093844,-49.2741751671,POINT (-49.2741751671 -25.432093844)
2014-05-14 11:01:20.000000,-25.432093844,-49.2741751671,POINT (-49.2741751671 -25.432093844)
2014-05-14 11:01:30.000000,-25.432093844,-49.2741751671,POINT (-49.2741751671 -25.432093844)
2014-05-14 11:01:40.000000,-25.432093844,-49.2741751671,POINT (-49.2741751671 -25.432093844)
2014-05-14 11:01:50.000000,-25.432093844,-49.2741751671,POINT (-49.2741751671 -25.432093844)
2014-05-14 11:02:00.000000,-25.432093844,-49.2741751671,POINT (-49.2741751671 -25.432093844)
2014-05-14 11:02:10.000000,-25.432093844,-49.2741751671,POINT (-49.2741751671 -25.432093844)
2014-05-14 11:02:20.000000,-25.432093844,-49.2741751671,POINT (-49.2741751671 -25.432093844)
2014-05-14 11:02:30.000000,-25.432093844,-49.2741751671,POINT (-49.2741751671 -25.432093844)
2014-05-14 11:02:40.000000,-25.432093844,-49.2741751671,POINT (-49.2741751671 -25.432093844)
2014-05-14 11:02:50.000000,-25.432093844,-49.2741751671,POINT (-49.2741751671 -25.432093844)
2014-05-14 11:03:00.000000,-25.432093844,-49.2741751671,POINT (-49.2741751671 -25.432093844)
2014-05-14 11:03:10.000000,-25.432093844,-49.2741751671,POINT (-49.2741751671 -25.432093844)
2014-05-14 11:03:20.000000,-25.432093844,-49.2741751671,POINT (-49.2741751671 -25.432093844)
2014-05-14 11:03:30.000000,-25.432093844,-49.2741751671,POINT (-49.2741751671 -25.432093844)
2014-05-14 11:03:40.000000,-25.432093844,-49.2741751671,POINT (-49.2741751671 -25.432093844)
2014-05-14 11:03:50.000000,-25.432093844,-49.2741751671,POINT (-49.2741751671 -25.432093844)
2014-05-14 11:04:00.000000,-25.432093844,-49.2741751671,POINT (-49.2741751671 -25.432093844)
2014-05-14 11:04:10.000000,-25.432093844,-49.2741751671,POINT (-49.2741751671 -25.432093844)
2014-05-14 11:04:20.000000,-25.432093844,-49.2741751671,POINT (-49.2741751671 -25.432093844)
2014-05-14 11:04:30.000000,-25.432093844,-49.2741751671,POINT (-49.2741751671 -25.432093844)
2014-05-14 11:04:40.000000,-25.432093844,-49.2741751671,POINT (-49.2741751671 -25.432093844)
2014-05-14 11:04:50.000000,-25.432093844,-49.2741751671,POINT (-49.2741751671 -25.432093844)
2014-05-14 11:05:00.000000,-25.432093844,-49.2741751671,POINT (-49.2741751671 -25.432093844)
2014-05-14 11:05:10.000000,-25.432093844,-49.2741751671,POINT (-49.2741751671 -25.432093844)
2014-05-14 11:05:20.000000,-25.432093844,-49.2741751671,POINT (-49.2741751671 -25.432093844)
2014-05-14 11:05:30.000000,-25.432093844,-49.2741751671,POINT (-49.2741751671 -25.432093844)
2014-05-14 11:05:40.000000,-25.432093844,-49.2741751671,POINT (-49.2741751671 -25.432093844)
2014-05-14 11:05:50.000000,-25.432093844,-49.2741751671,POINT (-49.2741751671 -25.432093844)
2014-05-14 11:06:00.000000,-25.432093844,-49.2741751671,POINT (-49.2741751671 -25.432093844)
2014-05-14 11:06:10.000000,-25.432093844,-49.2741751671,POINT (-49.2741751671 -25.432093844)
2014-05-14 11:06:20.000000,-25.432093844,-49.2741751671,POINT (-49.2741751671 -25.432093844)
2014-05-14 11:06:30.000000,-25.432093844,-49.2741751671,POINT (-49.2741751671 -25.432093844)
2014-05-14 11:06:40.000000,-25.432093844,-49.2741751671,POINT (-49.2741751671 -25.432093844)
2014-05-14 11:06:50.000000,-25.432093844,-49.2741751671,POINT (-49.2741751671 -25.432093844)
2014-05-14 11:07:00.000000,-25.432093844,-49.2741751671,POINT (-49.2741751671 -25.432093844)
2014-05-14 11:07:10.000000,-25.432093844,-49.2741751671,POINT (-49.2741751671 -25.432093844)
2014-05-14 11:07:20.000000,-25.432093844,-49.2741751671,POINT (-49.2741751671 -25.432093844)
2014-05-14 11:07:30.000000,-25.432093844,-49.2741751671,POINT (-49.2741751671 -25.432093844)
2014-05-14 11:07:40.000000,-25.432093844,-49.2741751671,POINT (-49.2741751671 -25.432093844)
2014-05-14 11:07:50.000000,-25.432093844,-49.2741751671,POINT (-49.2741751671 -25.432093844)
2014-05-14 11:08:00.000000,-25.432093844,-49.2741751671,POINT (-49.2741751671 -25.432093844)
2014-05-14 11:08:10.000000,-25.432093844,-49.2741751671,POINT (-49.2741751671 -25.432093844)
2014-05-14 11:08:20.000000,-25.432093844,-49.2741751671,POINT (-49.2741751671 -25.432093844)
2014-05-14 11:08:30.000000,-25.432093844,-49.2741751671,POINT (-49.2741751671 -25.432093844)
2014-05-14 11:08:40.000000,-25.432093844,-49.2741751671,POINT (-49.2741751671 -25.432093844)
2014-05-14 11:08:50.000000,-25.432093844,-49.2741751671,POINT (-49.2741751671 -25.432093844)
2014-05-14 11:09:00.000000,-25.432093844,-49.2741751671,POINT (-49.2741751671 -25.432093844)
2014-05-14 11:09:10.000000,-25.432093844,-49.2741751671,POINT (-49.2741751671 -25.432093844)
2014-05-14 11:09:20.000000,-25.432093844,-49.2741751671,POINT (-49.2741751671 -25.432093844)
2014-05-14 11:09:30.000000,-25.432093844,-49.2741751671,POINT (-49.2741751671 -25.432093844)
2014-05-14 11:09:40.000000,-25.432093844,-49.2741751671,POINT (-49.2741751671 -25.432093844)
2014-05-14 11:09:50.000000,-25.432093844,-49.2741751671,POINT (-49.2741751671 -25.432093844)
2014-05-14 11:10:00.000000,-25.432093844,-49.2741751671,POINT (-49.2741751671 -25.432093844)
2014-05-14 11:10:10.000000,-25.432093844,-49.2741751671,POINT (-49.2741751671 -25.432093844)
2014-05-14 11:10:20.000000,-25.432093844,-49.2741751671,POINT (-49.2741751671 -25.432093844)
2014-05-14 11:10:30.000000,-25.432093844,-49.2741751671,POINT (-49.2741751671 -25.432093844)
2014-05-14 11:10:40.000000,-25.432093844,-49.2741751671,POINT (-49.2741751671 -25.432093844)
2014-05-14 11:10:50.000000,-25.432093844,-49.2741751671,POINT (-49.2741751671 -25.432093844)
2014-05-14 11:11:00.000000,-25.432093844,-49.2741751671,POINT (-49.2741751671 -25.432093844)
2014-05-14 11:11:10.000000,-25.432093844,-49.2741751671,POINT (-49.2741751671 -25.432093844)
2014-05-14 11:11:20.000000,-25.432093844,-49.2741751671,POINT (-49.2741751671 -25.432093844)
2014-05-14 11:11:30.000000,-25.432093844,-49.2741751671,POINT (-49.2741751671 -25.432093844)
2014-05-14 11:11:40.000000,-25.432093844,-49.2741751671,POINT (-49.2741751671 -25.432093844)
2014-05-14 11:11:50.000000,-25.432093844,-49.2741751671,POINT (-49.2741751671 -25.432093844)
2014-05-14 11:12:00.000000,-25.432093844,-49.2741751671,POINT (-49.2741751671 -25.432093844)
2014-05-14 11:12:10.000000,-25.432093844,-49.2741751671,POINT (-49.2741751671 -25.432093844)
2014-05-14 11:12:20.000000,-25.432093844,-49.2741751671,POINT (-49.2741751671 -25.432093844)
2014-05-14 11:12:30.000000,-25.432093844,-49.2741751671,POINT (-49.2741751671 -25.432093844)
2014-05-14 11:12:40.000000,-25.432093844,-49.2741751671,POINT (-49.2741751671 -25.432093844)
2014-05-14 11:12:50.000000,-25.432093844,-49.2741751671,POINT (-49.2741751671 -25.432093844)
2014-05-14 11:13:00.000000,-25.432093844,-49.2741751671,POINT (-49.2741751671 -25.432093844)
2014-05-14 11:13:10.000000,-25.432093844,-49.2741751671,POINT (-49.2741751671 -25.432093844)
2014-05-14 11:13:20.000000,-25.432093844,-49.2741751671,POINT (-49.2741751671 -25.432093844)
2014-05-14 11:13:30.000000,-25.432093844,-49.2741751671,POINT (-49.2741751671 -25.432093844)
2014-05-14 11:13:40.000000,-25.432093844,-49.2741751671,POINT (-49.2741751671 -25.432093844)
2014-05-14 11:13:50.000000,-25.432093844,-49.2741751671,POINT (-49.2741751671 -25.432093844)
2014-05-14 11:14:00.000000,-25.432093844,-49.2741751671,POINT (-49.2741751671 -25.432093844)
2014-05-14 11:14:10.000000,-25.432093844,-49.2741751671,POINT (-49.2741751671 -25.432093844)
2014-05-14 11:14:20.000000,-25.432093844,-49.2741751671,POINT (-49.2741751671 -25.432093844)
2014-05-14 11:14:30.000000,-25.432093844,-49.2741751671,POINT (-49.2741751671 -25.432093844)
2014-05-14 11:14:40.000000,-25.432093844,-49.2741751671,POINT (-49.2741751671 -25.432093844)
2014-05-14 11:14:50.000000,-25.432093844,-49.2741751671,POINT (-49.2741751671 -25.432093844)
2014-05-14 11:15:00.000000,-25.432093844,-49.2741751671,POINT (-49.2741751671 -25.432093844)
2014-05-14 11:15:10.000000,-25.432093844,-49.2741751671,POINT (-49.2741751671 -25.432093844)
2014-05-14 11:15:20.000000,-25.432093844,-49.2741751671,POINT (-49.2741751671 -25.432093844)
2014-05-14 11:15:30.000000,-25.432093844,-49.2741751671,POINT (-49.2741751671 -25.432093844)
2014-05-14 11:15:40.000000,-25.432093844,-49.2741751671,POINT (-49.2741751671 -25.432093844)
2014-05-14 11:15:50.000000,-25.432093844,-49.2741751671,POINT (-49.2741751671 -25.432093844)
2014-05-14 11:16:00.000000,-25.432093844,-49.2741751671,POINT (-49.2741751671 -25.432093844)
2014-05-14 11:16:10.000000,-25.432093844,-49.2741751671,POINT (-49.2741751671 -25.432093844)
2014-05-14 11:16:20.000000,-25.432093844,-49.2741751671,POINT (-49.2741751671 -25.432093844)
2014-05-14 11:16:30.000000,-25.432093844,-49.2741751671,POINT (-49.2741751671 -25.432093844)
2014-05-14 11:16:40.000000,-25.432093844,-49.2741751671,POINT (-49.2741751671 -25.432093844)
2014-05-14 11:16:50.000000,-25.432093844,-49.2741751671,POINT (-49.2741751671 -25.432093844)
2014-05-14 11:17:00.000000,-25.432093844,-49.2741751671,POINT (-49.2741751671 -25.432093844)
2014-05-14 11:17:10.000000,-25.432093844,-49.2741751671,POINT (-49.2741751671 -25.432093844)
2014-05-14 11:17:20.000000,-25.432093844,-49.2741751671,POINT (-49.2741751671 -25.432093844)
2014-05-14 11:17:30.000000,-25.432093844,-49.2741751671,POINT (-49.2741751671 -25.432093844)
2014-05-14 11:17:40.000000,-25.432093844,-49.2741751671,POINT (-49.2741751671 -25.432093844)
2014-05-14 11:17:50.000000,-25.432093844,-49.2741751671,POINT (-49.2741751671 -25.432093844)
2014-05-14 11:18:00.000000,-25.432093844,-49.2741751671,POINT (-49.2741751671 -25.432093844)
2014-05-14 11:18:10.000000,-25.432093844,-49.2741751671,POINT (-49.2741751671 -25.432093844)
2014-05-14 11:18:20.000000,-25.432093844,-49.2741751671,POINT (-49.2741751671 -25.432093844)
2014-05-14 11:18:30.000000,-25.432093844,-49.2741751671,POINT (-49.2741751671 -25.432093844)
2014-05-14 11:18:40.000000,-25.432093844,-49.2741751671,POINT (-49.2741751671 -25.432093844)
2014-05-14 11:18:50.000000,-25.432093844,-49.2741751671,POINT (-49.2741751671 -25.432093844)
2014-05-14 11:19:00.000000,-25.432093844,-49.2741751671,POINT (-49.2741751671 -25.432093844)
2014-05-14 11:19:10.000000,-25.432093844,-49.2741751671,POINT (-49.2741751671 -25.432093844)
2014-05-14 11:19:20.000000,-25.432093844,-49.2741751671,POINT (-49.2741751671 -25.432093844)
2014-05-14 11:19:30.000000,-25.432093844,-49.2741751671,POINT (-49.2741751671 -25.432093844)
2014-05-14 11:19:40.000000,-25.432093844,-49.2741751671,POINT (-49.2741751671 -25.432093844)
2014-05-14 11:19:50.000000,-25.432093844,-49.2741751671,POINT (-49.2741751671 -25.432093844)
2014-05-14 11:20:00.000000,-25.432093844,-49.2741751671,POINT (-49.2741751671 -25.432093844)
2014-05-14 11:20:10.000000,-25.432093844,-49.2741751671,POINT (-49.2741751671 -25.432093844)
2014-05-14 11:20:20.000000,-25.432093844,-49.2741751671,POINT (-49.2741751671 -25.432093844)
2014-05-14 11:20:30.000000,-25.432093844,-49.2741751671,POINT (-49.2741751671 -25.432093844)
2014-05-14 11:20:40.000000,-25.432093844,-49.2741751671,POINT (-49.2741751671 -25.432093844)
2014-05-14 11:20:50.000000,-25.432093844,-49.2741751671,POINT (-49.2741751671 -25.432093844)
2014-05-14 11:21:00.000000,-25.432093844,-49.2741751671,POINT (-49.2741751671 -25.432093844)
2014-05-14 11:21:10.000000,-25.432093844,-49.2741751671,POINT (-49.2741751671 -25.432093844)
2014-05-14 11:21:20.000000,-25.432093844,-49.2741751671,POINT (-49.2741751671 -25.432093844)
2014-05-14 11:21:30.000000,-25.432093844,-49.2741751671,POINT (-49.2741751671 -25.432093844)
2014-05-14 11:21:40.000000,-25.432093844,-49.2741751671,POINT (-49.2741751671 -25.432093844)
2014-05-14 11:21:50.000000,-25.432093844,-49.2741751671,POINT (-49.2741751671 -25.432093844)
2014-05-14 11:22:00.000000,-25.432093844,-49.2741751671,POINT (-49.2741751671 -25.432093844)
2014-05-14 11:22:10.000000,-25.432093844,-49.2741751671,POINT (-49.2741751671 -25.432093844)
2014-05-14 11:22:20.000000,-25.432093844,-49.2741751671,POINT (-49.2741751671 -25.432093844)
2014-05-14 11:22:30.000000,-25.432093844,-49.2741751671,POINT (-49.2741751671 -25.432093844)
2014-05-14 11:22:40.000000,-25.432093844,-49.2741751671,POINT (-49.2741751671 -25.432093844)
2014-05-14 11:22:50.000000,-25.432093844,-49.2741751671,POINT (-49.2741751671 -25.432093844)
2014-05-14 11:23:00.000000,-25.432093844,-49.2741751671,POINT (-49.2741751671 -25.432093844)
2014-05-14 11:23:10.000000,-25.432093844,-49.2741751671,POINT (-49.2741751671 -25.432093844)
2014-05-14 11:23:20.000000,-25.432093844,-49.2741751671,POINT (-49.2741751671 -25.432093844)
2014-05-14 11:23:30.000000,-25.432093844,-49.2741751671,POINT (-49.2741751671 -25.432093844)
2014-05-14 11:23:40.000000,-25.432093844,-49.2741751671,POINT (-49.2741751671 -25.432093844)
2014-05-14 11:23:50.000000,-25.432093844,-49.2741751671,POINT (-49.2741751671 -25.432093844)
2014-05-14 11:24:00.000000,-25.432093844,-49.2741751671,POINT (-49.2741751671 -25.432093844)
2014-05-14 11:24:10.000000,-25.432093844,-49.2741751671,POINT (-49.2741751671 -25.432093844)
2014-05-14 11:24:20.000000,-25.432093844,-49.2741751671,POINT (-49.2741751671 -25.432093844)
2014-05-14 11:24:30.000000,-25.432093844,-49.2741751671,POINT (-49.2741751671 -25.432093844)
2014-05-14 11:24:40.000000,-25.432093844,-49.2741751671,POINT (-49.2741751671 -25.432093844)
2014-05-14 11:24:50.000000,-25.432093844,-49.2741751671,POINT (-49.2741751671 -25.432093844)
2014-05-14 11:25:00.000000,-25.432093844,-49.2741751671,POINT (-49.2741751671 -25.432093844)
2014-05-14 11:25:10.000000,-25.432093844,-49.2741751671,POINT (-49.2741751671 -25.432093844)
2014-05-14 11:25:20.000000,-25.432093844,-49.2741751671,POINT (-49.2741751671 -25.432093844)
2014-05-14 11:25:30.000000,-25.432093844,-49.2741751671,POINT (-49.2741751671 -25.432093844)
2014-05-14 11:25:40.000000,-25.432093844,-49.2741751671,POINT (-49.2741751671 -25.432093844)
2014-05-14 11:25:50.000000,-25.432093844,-49.2741751671,POINT (-49.2741751671 -25.432093844)
2014-05-14 11:26:00.000000,-25.432093844,-49.2741751671,POINT (-49.2741751671 -25.432093844)
2014-05-14 11:26:10.000000,-25.432093844,-49.2741751671,POINT (-49.2741751671 -25.432093844)
2014-05-14 11:26:20.000000,-25.432093844,-49.2741751671,POINT (-49.2741751671 -25.432093844)
2014-05-14 11:26:30.000000,-25.432093844,-49.2741751671,POINT (-49.2741751671 -25.432093844)
2014-05-14 11:26:40.000000,-25.432093844,-49.2741751671,POINT (-49.2741751671 -25.432093844)
2014-05-14 11:26:50.000000,-25.432093844,-49.2741751671,POINT (-49.2741751671 -25.432093844)
2014-05-14 11:27:00.000000,-25.432093844,-49.2741751671,POINT (-49.2741751671 -25.432093844)
2014-05-14 11:27:10.000000,-25.432093844,-49.2741751671,POINT (-49.2741751671 -25.432093844)
2014-05-14 11:27:20.000000,-25.432093844,-49.2741751671,POINT (-49.2741751671 -25.432093844)
2014-05-14 11:27:30.000000,-25.432093844,-49.2741751671,POINT (-49.2741751671 -25.432093844)
2014-05-14 11:27:40.000000,-25.432093844,-49.2741751671,POINT (-49.2741751671 -25.432093844)
2014-05-14 11:27:50.000000,-25.432093844,-49.2741751671,POINT (-49.2741751671 -25.432093844)
2014-05-14 11:28:00.000000,-25.432093844,-49.2741751671,POINT (-49.2741751671 -25.432093844)
2014-05-14 11:28:10.000000,-25.432093844,-49.2741751671,POINT (-49.2741751671 -25.432093844)
2014-05-14 11:28:20.000000,-25.432093844,-49.2741751671,POINT (-49.2741751671 -25.432093844)
2014-05-14 11:28:30.000000,-25.432093844,-49.2741751671,POINT (-49.2741751671 -25.432093844)
2014-05-14 11:28:40.000000,-25.432093844,-49.2741751671,POINT (-49.2741751671 -25.432093844)
2014-05-14 11:28:50.000000,-25.432093844,-49.2741751671,POINT (-49.2741751671 -25.432093844)
2014-05-14 11:29:00.000000,-25.432093844,-49.2741751671,POINT (-49.2741751671 -25.432093844)
2014-05-14 11:29:10.000000,-25.432093844,-49.2741751671,POINT (-49.2741751671 -25.432093844)
2014-05-14 11:29:20.000000,-25.432093844,-49.2741751671,POINT (-49.2741751671 -25.432093844)
2014-05-14 11:29:30.000000,-25.432093844,-49.2741751671,POINT (-49.2741751671 -25.432093844)
2014-05-14 11:29:40.000000,-25.432093844,-49.2741751671,POINT (-49.2741751671 -25.432093844)
2014-05-14 11:29:50.000000,-25.432093844,-49.2741751671,POINT (-49.2741751671 -25.432093844)
2014-05-14 11:30:00.000000,-25.432093844,-49.2741751671,POINT (-49.2741751671 -25.432093844)
2014-05-14 11:30:10.000000,-25.432093844,-49.2741751671,POINT (-49.2741751671 -25.432093844)
2014-05-14 11:30:20.000000,-25.432093844,-49.2741751671,POINT (-49.2741751671 -25.432093844)
2014-05-14 11:30:30.000000,-25.432093844,-49.2741751671,POINT (-49.2741751671 -25.432093844)
2014-05-14 11:30:40.000000,-25.432093844,-49.2741751671,POINT (-49.2741751671 -25.432093844)
2014-05-14 11:30:50.000000,-25.432093844,-49.2741751671,POINT (-49.2741751671 -25.432093844)
2014-05-14 11:31:00.000000,-25.432093844,-49.2741751671,POINT (-49.2741751671 -25.432093844)
2014-05-14 11:31:10.000000,-25.432093844,-49.2741751671,POINT (-49.2741751671 -25.432093844)
2014-05-14 11:31:20.000000,-25.432093844,-49.2741751671,POINT (-49.2741751671 -25.432093844)
2014-05-14 11:31:30.000000,-25.432093844,-49.2741751671,POINT (-49.2741751671 -25.432093844)
2014-05-14 11:31:40.000000,-25.432093844,-49.2741751671,POINT (-49.2741751671 -25.432093844)
2014-05-14 11:31:50.000000,-25.432093844,-49.2741751671,POINT (-49.2741751671 -25.432093844)
2014-05-14 11:32:00.000000,-25.432093844,-49.2741751671,POINT (-49.2741751671 -25.432093844)
2014-05-14 11:32:10.000000,-25.432093844,-49.2741751671,POINT (-49.2741751671 -25.432093844)
2014-05-14 11:32:20.000000,-25.432093844,-49.2741751671,POINT (-49.2741751671 -25.432093844)
2014-05-14 11:32:30.000000,-25.432093844,-49.2741751671,POINT (-49.2741751671 -25.432093844)
2014-05-14 11:32:40.000000,-25.432093844,-49.2741751671,POINT (-49.2741751671 -25.432093844)
2014-05-14 11:32:50.000000,-25.432093844,-49.2741751671,POINT (-49.2741751671 -25.432093844)
2014-05-14 11:33:00.000000,-25.432093844,-49.2741751671,POINT (-49.2741751671 -25.432093844)
2014-05-14 11:33:10.000000,-25.432093844,-49.2741751671,POINT (-49.2741751671 -25.432093844)
2014-05-14 11:33:20.000000,-25.432093844,-49.2741751671,POINT (-49.2741751671 -25.432093844)
2014-05-14 11:33:30.000000,-25.432093844,-49.2741751671,POINT (-49.2741751671 -25.432093844)
2014-05-14 11:33:40.000000,-25.432093844,-49.2741751671,POINT (-49.2741751671 -25.432093844)
2014-05-14 11:33:50.000000,-25.432093844,-49.2741751671,POINT (-49.2741751671 -25.432093844)
2014-05-14 11:34:00.000000,-25.432093844,-49.2741751671,POINT (-49.2741751671 -25.432093844)
2014-05-14 11:34:10.000000,-25.432093844,-49.2741751671,POINT (-49.2741751671 -25.432093844)
2014-05-14 11:34:20.000000,-25.432093844,-49.2741751671,POINT (-49.2741751671 -25.432093844)
2014-05-14 11:34:30.000000,-25.432093844,-49.2741751671,POINT (-49.2741751671 -25.432093844)
2014-05-14 11:34:40.000000,-25.432093844,-49.2741751671,POINT (-49.2741751671 -25.432093844)
2014-05-14 11:34:50.000000,-25.432093844,-49.2741751671,POINT (-49.2741751671 -25.432093844)
2014-05-14 11:35:00.000000,-25.432093844,-49.2741751671,POINT (-49.2741751671 -25.432093844)
2014-05-14 11:35:10.000000,-25.432093844,-49.2741751671,POINT (-49.2741751671 -25.432093844)
2014-05-14 11:35:20.000000,-25.432093844,-49.2741751671,POINT (-49.2741751671 -25.432093844)
2014-05-14 11:35:30.000000,-25.432093844,-49.2741751671,POINT (-49.2741751671 -25.432093844)
2014-05-14 11:35:40.000000,-25.432093844,-49.2741751671,POINT (-49.2741751671 -25.432093844)
2014-05-14 11:35:50.000000,-25.432093844,-49.2741751671,POINT (-49.2741751671 -25.432093844)
2014-05-14 11:36:00.000000,-25.432093844,-49.2741751671,POINT (-49.2741751671 -25.432093844)
2014-05-14 11:36:10.000000,-25.432093844,-49.2741751671,POINT (-49.2741751671 -25.432093844)
2014-05-14 11:36:20.000000,-25.432093844,-49.2741751671,POINT (-49.2741751671 -25.432093844)
2014-05-14 11:36:30.000000,-25.432093844,-49.2741751671,POINT (-49.2741751671 -25.432093844)
2014-05-14 11:36:40.000000,-25.432093844,-49.2741751671,POINT (-49.2741751671 -25.432093844)
2014-05-14 11:36:50.000000,-25.432093844,-49.2741751671,POINT (-49.2741751671 -25.432093844)
2014-05-14 11:37:00.000000,-25.432093844,-49.2741751671,POINT (-49.2741751671 -25.432093844)
2014-05-14 11:37:10.000000,-25.432093844,-49.2741751671,POINT (-49.2741751671 -25.432093844)
2014-05-14 11:37:20.000000,-25.432093844,-49.2741751671,POINT (-49.2741751671 -25.432093844)
2014-05-14 11:37:30.000000,-25.432093844,-49.2741751671,POINT (-49.2741751671 -25.432093844)
2014-05-14 11:37:40.000000,-25.432093844,-49.2741751671,POINT (-49.2741751671 -25.432093844)
2014-05-14 11:37:50.000000,-25.432093844,-49.2741751671,POINT (-49.2741751671 -25.432093844)
2014-05-14 11:38:00.000000,-25.432093844,-49.2741751671,POINT (-49.2741751671 -25.432093844)
2014-05-14 11:38:10.000000,-25.432093844,-49.2741751671,POINT (-49.2741751671 -25.432093844)
2014-05-14 11:38:20.000000,-25.432093844,-49.2741751671,POINT (-49.2741751671 -25.432093844)
2014-05-14 11:38:30.000000,-25.432093844,-49.2741751671,POINT (-49.2741751671 -25.432093844)
2014-05-14 11:38:40.000000,-25.432093844,-49.2741751671,POINT (-49.2741751671 -25.432093844)
2014-05-14 11:38:50.000000,-25.432093844,-49.2741751671,POINT (-49.2741751671 -25.432093844)
2014-05-14 11:39:00.000000,-25.432093844,-49.2741751671,POINT (-49.2741751671 -25.432093844)
2014-05-14 11:39:10.000000,-25.432093844,-49.2741751671,POINT (-49.2741751671 -25.432093844)
2014-05-14 11:39:20.000000,-25.432093844,-49.2741751671,POINT (-49.2741751671 -25.432093844)
2014-05-14 11:39:30.000000,-25.432093844,-49.2741751671,POINT (-49.2741751671 -25.432093844)
2014-05-14 11:39:40.000000,-25.432093844,-49.2741751671,POINT (-49.2741751671 -25.432093844)
2014-05-14 11:39:50.000000,-25.432093844,-49.2741751671,POINT (-49.2741751671 -25.432093844)
2014-05-14 11:40:00.000000,-25.432093844,-49.2741751671,POINT (-49.2741751671 -25.432093844)
2014-05-14 11:40:10.000000,-25.432093844,-49.2741751671,POINT (-49.2741751671 -25.432093844)
2014-05-14 11:40:20.000000,-25.432093844,-49.2741751671,POINT (-49.2741751671 -25.432093844)
2014-05-14 11:40:30.000000,-25.432093844,-49.2741751671,POINT (-49.2741751671 -25.432093844)
2014-05-14 11:40:40.000000,-25.432093844,-49.2741751671,POINT (-49.2741751671 -25.432093844)
2014-05-14 11:40:50.000000,-25.432093844,-49.2741751671,POINT (-49.2741751671 -25.432093844)
2014-05-14 11:41:00.000000,-25.432093844,-49.2741751671,POINT (-49.2741751671 -25.432093844)
2014-05-14 11:41:10.000000,-25.432093844,-49.2741751671,POINT (-49.2741751671 -25.432093844)
2014-05-14 11:41:20.000000,-25.432093844,-49.2741751671,POINT (-49.2741751671 -25.432093844)
2014-05-14 11:41:30.000000,-25.432093844,-49.2741751671,POINT (-49.2741751671 -25.432093844)
2014-05-14 11:41:40.000000,-25.432093844,-49.2741751671,POINT (-49.2741751671 -25.432093844)
2014-05-14 11:41:50.000000,-25.432093844,-49.2741751671,POINT (-49.2741751671 -25.432093844)
2014-05-14 11:42:00.000000,-25.432093844,-49.2741751671,POINT (-49.2741751671 -25.432093844)
2014-05-14 11:42:10.000000,-25.432093844,-49.2741751671,POINT (-49.2741751671 -25.432093844)
2014-05-14 11:42:20.000000,-25.432093844,-49.2741751671,POINT (-49.2741751671 -25.432093844)
2014-05-14 11:42:30.000000,-25.432093844,-49.2741751671,POINT (-49.2741751671 -25.432093844)
2014-05-14 11:42:40.000000,-25.432093844,-49.2741751671,POINT (-49.2741751671 -25.432093844)
2014-05-14 11:42:50.000000,-25.432093844,-49.2741751671,POINT (-49.2741751671 -25.432093844)
2014-05-14 11:43:00.000000,-25.432093844,-49.2741751671,POINT (-49.2741751671 -25.432093844)
2014-05-14 11:43:10.000000,-25.432093844,-49.2741751671,POINT (-49.2741751671 -25.432093844)
2014-05-14 11:43:20.000000,-25.432093844,-49.2741751671,POINT (-49.2741751671 -25.432093844)
2014-05-14 11:43:30.000000,-25.432093844,-49.2741751671,POINT (-49.2741751671 -25.432093844)
2014-05-14 11:43:40.000000,-25.432093844,-49.2741751671,POINT (-49.2741751671 -25.432093844)
2014-05-14 11:43:50.000000,-25.432093844,-49.2741751671,POINT (-49.2741751671 -25.432093844)
2014-05-14 11:44:00.000000,-25.432093844,-49.2741751671,POINT (-49.2741751671 -25.432093844)
2014-05-14 11:44:10.000000,-25.432093844,-49.2741751671,POINT (-49.2741751671 -25.432093844)
2014-05-14 11:44:20.000000,-25.432093844,-49.2741751671,POINT (-49.2741751671 -25.432093844)
2014-05-14 11:44:30.000000,-25.432093844,-49.2741751671,POINT (-49.2741751671 -25.432093844)
2014-05-14 11:44:40.000000,-25.432093844,-49.2741751671,POINT (-49.2741751671 -25.432093844)
2014-05-14 11:44:50.000000,-25.432093844,-49.2741751671,POINT (-49.2741751671 -25.432093844)
2014-05-14 11:45:00.000000,-25.432093844,-49.2741751671,POINT (-49.2741751671 -25.432093844)
2014-05-14 11:45:10.000000,-25.432093844,-49.2741751671,POINT (-49.2741751671 -25.432093844)
2014-05-14 11:45:20.000000,-25.432093844,-49.2741751671,POINT (-49.2741751671 -25.432093844)
2014-05-14 11:45:30.000000,-25.432093844,-49.2741751671,POINT (-49.2741751671 -25.432093844)
2014-05-14 11:45:40.000000,-25.432093844,-49.2741751671,POINT (-49.2741751671 -25.432093844)
2014-05-14 11:45:50.000000,-25.432093844,-49.2741751671,POINT (-49.2741751671 -25.432093844)
2014-05-14 11:46:00.000000,-25.432093844,-49.2741751671,POINT (-49.2741751671 -25.432093844)
2014-05-14 11:46:10.000000,-25.432093844,-49.2741751671,POINT (-49.2741751671 -25.432093844)
2014-05-14 11:46:20.000000,-25.432093844,-49.2741751671,POINT (-49.2741751671 -25.432093844)
2014-05-14 11:46:30.000000,-25.432093844,-49.2741751671,POINT (-49.2741751671 -25.432093844)
2014-05-14 11:46:40.000000,-25.432093844,-49.2741751671,POINT (-49.2741751671 -25.432093844)
2014-05-14 11:46:50.000000,-25.432093844,-49.2741751671,POINT (-49.2741751671 -25.432093844)
2014-05-14 11:47:00.000000,-25.432093844,-49.2741751671,POINT (-49.2741751671 -25.432093844)
2014-05-14 11:47:10.000000,-25.432093844,-49.2741751671,POINT (-49.2741751671 -25.432093844)
2014-05-14 11:47:20.000000,-25.432093844,-49.2741751671,POINT (-49.2741751671 -25.432093844)
2014-05-14 11:47:30.000000,-25.432093844,-49.2741751671,POINT (-49.2741751671 -25.432093844)
2014-05-14 11:47:40.000000,-25.432093844,-49.2741751671,POINT (-49.2741751671 -25.432093844)
2014-05-14 11:47:50.000000,-25.432093844,-49.2741751671,POINT (-49.2741751671 -25.432093844)
2014-05-14 11:48:00.000000,-25.432093844,-49.2741751671,POINT (-49.2741751671 -25.432093844)
2014-05-14 11:48:10.000000,-25.432093844,-49.2741751671,POINT (-49.2741751671 -25.432093844)
2014-05-14 11:48:20.000000,-25.432093844,-49.2741751671,POINT (-49.2741751671 -25.432093844)
2014-05-14 11:48:30.000000,-25.432093844,-49.2741751671,POINT (-49.2741751671 -25.432093844)
2014-05-14 11:48:40.000000,-25.432093844,-49.2741751671,POINT (-49.2741751671 -25.432093844)
2014-05-14 11:48:50.000000,-25.432093844,-49.2741751671,POINT (-49.2741751671 -25.432093844)
2014-05-14 11:49:00.000000,-25.432093844,-49.2741751671,POINT (-49.2741751671 -25.432093844)
2014-05-14 11:49:10.000000,-25.432093844,-49.2741751671,POINT (-49.2741751671 -25.432093844)
2014-05-14 11:49:20.000000,-25.432093844,-49.2741751671,POINT (-49.2741751671 -25.432093844)
2014-05-14 11:49:30.000000,-25.432093844,-49.2741751671,POINT (-49.2741751671 -25.432093844)
2014-05-14 11:49:40.000000,-25.432093844,-49.2741751671,POINT (-49.2741751671 -25.432093844)
2014-05-14 11:49:50.000000,-25.432093844,-49.2741751671,POINT (-49.2741751671 -25.432093844)
2014-05-14 11:50:00.000000,-25.432093844,-49.2741751671,POINT (-49.2741751671 -25.432093844)
2014-05-14 11:50:10.000000,-25.432093844,-49.2741751671,POINT (-49.2741751671 -25.432093844)
2014-05-14 11:50:20.000000,-25.432093844,-49.2741751671,POINT (-49.2741751671 -25.432093844)
2014-05-14 11:50:30.000000,-25.432093844,-49.2741751671,POINT (-49.2741751671 -25.432093844)
2014-05-14 11:50:40.000000,-25.432093844,-49.2741751671,POINT (-49.2741751671 -25.432093844)
2014-05-14 11:50:50.000000,-25.432093844,-49.2741751671,POINT (-49.2741751671 -25.432093844)
2014-05-14 11:51:00.000000,-25.432093844,-49.2741751671,POINT (-49.2741751671 -25.432093844)
2014-05-14 11:51:10.000000,-25.432093844,-49.2741751671,POINT (-49.2741751671 -25.432093844)
2014-05-14 11:51:20.000000,-25.432093844,-49.2741751671,POINT (-49.2741751671 -25.432093844)
2014-05-14 11:51:30.000000,-25.432093844,-49.2741751671,POINT (-49.2741751671 -25.432093844)
2014-05-14 11:51:40.000000,-25.432093844,-49.2741751671,POINT (-49.2741751671 -25.432093844)
2014-05-14 11:51:50.000000,-25.432093844,-49.2741751671,POINT (-49.2741751671 -25.432093844)
2014-05-14 11:52:00.000000,-25.432093844,-49.2741751671,POINT (-49.2741751671 -25.432093844)
2014-05-14 11:52:10.000000,-25.432093844,-49.2741751671,POINT (-49.2741751671 -25.432093844)
2014-05-14 11:52:20.000000,-25.432093844,-49.2741751671,POINT (-49.2741751671 -25.432093844)
2014-05-14 11:52:30.000000,-25.432093844,-49.2741751671,POINT (-49.2741751671 -25.432093844)
2014-05-14 11:52:40.000000,-25.432093844,-49.2741751671,POINT (-49.2741751671 -25.432093844)
2014-05-14 11:52:50.000000,-25.432093844,-49.2741751671,POINT (-49.2741751671 -25.432093844)
2014-05-14 11:53:00.000000,-25.432093844,-49.2741751671,POINT (-49.2741751671 -25.432093844)
2014-05-14 11:53:10.000000,-25.432093844,-49.2741751671,POINT (-49.2741751671 -25.432093844)
2014-05-14 11:53:20.000000,-25.432093844,-49.2741751671,POINT (-49.2741751671 -25.432093844)
2014-05-14 11:53:30.000000,-25.432093844,-49.2741751671,POINT (-49.2741751671 -25.432093844)
2014-05-14 11:53:40.000000,-25.432093844,-49.2741751671,POINT (-49.2741751671 -25.432093844)
2014-05-14 11:53:50.000000,-25.432093844,-49.2741751671,POINT (-49.2741751671 -25.432093844)
2014-05-14 11:54:00.000000,-25.432093844,-49.2741751671,POINT (-49.2741751671 -25.432093844)
2014-05-14 11:54:10.000000,-25.432093844,-49.2741751671,POINT (-49.2741751671 -25.432093844)
2014-05-14 11:54:20.000000,-25.432093844,-49.2741751671,POINT (-49.2741751671 -25.432093844)
2014-05-14 11:54:30.000000,-25.432093844,-49.2741751671,POINT (-49.2741751671 -25.432093844)
2014-05-14 11:54:40.000000,-25.432093844,-49.2741751671,POINT (-49.2741751671 -25.432093844)
2014-05-14 11:54:50.000000,-25.432093844,-49.2741751671,POINT (-49.2741751671 -25.432093844)
2014-05-14 11:55:00.000000,-25.432093844,-49.2741751671,POINT (-49.2741751671 -25.432093844)
2014-05-14 11:55:10.000000,-25.432093844,-49.2741751671,POINT (-49.2741751671 -25.432093844)
2014-05-14 11:55:20.000000,-25.432093844,-49.2741751671,POINT (-49.2741751671 -25.432093844)
2014-05-14 11:55:30.000000,-25.432093844,-49.2741751671,POINT (-49.2741751671 -25.432093844)
2014-05-14 11:55:40.000000,-25.432093844,-49.2741751671,POINT (-49.2741751671 -25.432093844)
2014-05-14 11:55:51.568893,-25.4315361,-49.2750427,POINT (-49.2750427 -25.4315361)
2014-05-14 11:56:01.568893,-25.431441739130435,-49.2750823,POINT (-49.2750823 -25.431441739130435)
2014-05-14 11:56:11.568893,-25.431347378260867,-49.2751219,POINT (-49.2751219 -25.431347378260867)
2014-05-14 11:56:21.568893,-25.431430930434782,-49.27555058695652,POINT (-49.27555058695652 -25.431430930434782)
2014-05-14 11:56:31.568893,-25.431532273913042,-49.276018182608695,POINT (-49.276018182608695 -25.431532273913042)
2014-05-14 11:56:41.568893,-25.43169747826087,-49.276479165217395,POINT (-49.276479165217395 -25.43169747826087)
2014-05-14 11:56:51.568893,-25.43187687391304,-49.27693867826087,POINT (-49.27693867826087 -25.43187687391304)
2014-05-14 11:57:01.568893,-25.432066495652172,-49.27742191304348,POINT (-49.27742191304348 -25.432066495652172)
2014-05-14 11:57:11.568893,-25.43225995217391,-49.27791404347826,POINT (-49.27791404347826 -25.43225995217391)
2014-05-14 11:57:21.568893,-25.432529982608695,-49.27860123043478,POINT (-49.27860123043478 -25.432529982608695)
2014-05-14 11:57:31.568893,-25.432843769565217,-49.27939987826087,POINT (-49.27939987826087 -25.432843769565217)
2014-05-14 11:57:41.568893,-25.43310671304348,-49.280068926086955,POINT (-49.280068926086955 -25.43310671304348)
2014-05-14 11:57:51.568893,-25.433327286956523,-49.280629973913044,POINT (-49.280629973913044 -25.433327286956523)
2014-05-14 11:58:01.568893,-25.433547795652174,-49.28119095652174,POINT (-49.28119095652174 -25.433547795652174)
2014-05-14 11:58:11.568893,-25.433768226086958,-49.28175186086957,POINT (-49.28175186086957 -25.433768226086958)
2014-05-14 11:58:21.568893,-25.43400670869565,-49.282358539130435,POINT (-49.282358539130435 -25.43400670869565)
2014-05-14 11:58:31.568893,-25.434276782608695,-49.28304532173913,POINT (-49.28304532173913 -25.434276782608695)
2014-05-14 11:58:41.568893,-25.434620447826088,-49.2834441826087,POINT (-49.2834441826087 -25.434620447826088)
2014-05-14 11:58:51.568893,-25.435160356521738,-49.283075252173916,POINT (-49.283075252173916 -25.435160356521738)
2014-05-14 11:59:01.568893,-25.43566781304348,-49.28270059130435,POINT (-49.28270059130435 -25.43566781304348)
2014-05-14 11:59:11.568893,-25.43602923478261,-49.28230014347827,POINT (-49.28230014347827 -25.43602923478261)
2014-05-14 11:59:21.568893,-25.43640564347826,-49.28198965217391,POINT (-49.28198965217391 -25.43640564347826)
2014-05-14 11:59:31.568893,-25.43693192173913,-49.28257872608696,POINT (-49.28257872608696 -25.43693192173913)
2014-05-14 11:59:41.568893,-25.4374582,-49.2831678,POINT (-49.2831678 -25.4374582)
2014-05-14 12:00:00.000000,-25.4366927703,-49.2835909916,POINT (-49.2835909916 -25.4366927703)
2014-05-14 12:00:10.000000,-25.4366927703,-49.2835909916,POINT (-49.2835909916 -25.4366927703)
2014-05-14 12:00:20.000000,-25.4366927703,-49.2835909916,POINT (-49.2835909916 -25.4366927703)
2014-05-14 12:00:30.000000,-25.4366927703,-49.2835909916,POINT (-49.2835909916 -25.4366927703)
2014-05-14 12:00:40.000000,-25.4366927703,-49.2835909916,POINT (-49.2835909916 -25.4366927703)
2014-05-14 12:00:50.000000,-25.4366927703,-49.2835909916,POINT (-49.2835909916 -25.4366927703)
2014-05-14 12:01:00.000000,-25.4366927703,-49.2835909916,POINT (-49.2835909916 -25.4366927703)
2014-05-14 12:01:10.000000,-25.4366927703,-49.2835909916,POINT (-49.2835909916 -25.4366927703)
2014-05-14 12:01:20.000000,-25.4366927703,-49.2835909916,POINT (-49.2835909916 -25.4366927703)
2014-05-14 12:01:30.000000,-25.4366927703,-49.2835909916,POINT (-49.2835909916 -25.4366927703)
2014-05-14 12:01:40.000000,-25.4366927703,-49.2835909916,POINT (-49.2835909916 -25.4366927703)
2014-05-14 12:01:50.000000,-25.4366927703,-49.2835909916,POINT (-49.2835909916 -25.4366927703)
2014-05-14 12:02:00.000000,-25.4366927703,-49.2835909916,POINT (-49.2835909916 -25.4366927703)
2014-05-14 12:02:10.000000,-25.4366927703,-49.2835909916,POINT (-49.2835909916 -25.4366927703)
2014-05-14 12:02:20.000000,-25.4366927703,-49.2835909916,POINT (-49.2835909916 -25.4366927703)
2014-05-14 12:02:30.000000,-25.4366927703,-49.2835909916,POINT (-49.2835909916 -25.4366927703)
2014-05-14 12:02:40.000000,-25.4366927703,-49.2835909916,POINT (-49.2835909916 -25.4366927703)
2014-05-14 12:02:50.000000,-25.4366927703,-49.2835909916,POINT (-49.2835909916 -25.4366927703)
2014-05-14 12:03:00.000000,-25.4366927703,-49.2835909916,POINT (-49.2835909916 -25.4366927703)
2014-05-14 12:03:10.000000,-25.4366927703,-49.2835909916,POINT (-49.2835909916 -25.4366927703)
2014-05-14 12:03:20.000000,-25.4366927703,-49.2835909916,POINT (-49.2835909916 -25.4366927703)
2014-05-14 12:03:30.000000,-25.4366927703,-49.2835909916,POINT (-49.2835909916 -25.4366927703)
2014-05-14 12:03:40.000000,-25.4366927703,-49.2835909916,POINT (-49.2835909916 -25.4366927703)
2014-05-14 12:03:50.000000,-25.4366927703,-49.2835909916,POINT (-49.2835909916 -25.4366927703)
2014-05-14 12:04:00.000000,-25.4366927703,-49.2835909916,POINT (-49.2835909916 -25.4366927703)
2014-05-14 12:04:10.000000,-25.4366927703,-49.2835909916,POINT (-49.2835909916 -25.4366927703)
2014-05-14 12:04:20.000000,-25.4366927703,-49.2835909916,POINT (-49.2835909916 -25.4366927703)
2014-05-14 12:04:30.000000,-25.4366927703,-49.2835909916,POINT (-49.2835909916 -25.4366927703)
2014-05-14 12:04:40.000000,-25.4366927703,-49.2835909916,POINT (-49.2835909916 -25.4366927703)
2014-05-14 12:04:50.000000,-25.4366927703,-49.2835909916,POINT (-49.2835909916 -25.4366927703)
2014-05-14 12:05:00.000000,-25.4366927703,-49.2835909916,POINT (-49.2835909916 -25.4366927703)
2014-05-14 12:05:10.000000,-25.4366927703,-49.2835909916,POINT (-49.2835909916 -25.4366927703)
2014-05-14 12:05:20.000000,-25.4366927703,-49.2835909916,POINT (-49.2835909916 -25.4366927703)
2014-05-14 12:05:30.000000,-25.4366927703,-49.2835909916,POINT (-49.2835909916 -25.4366927703)
2014-05-14 12:05:40.000000,-25.4366927703,-49.2835909916,POINT (-49.2835909916 -25.4366927703)
2014-05-14 12:05:50.000000,-25.4366927703,-49.2835909916,POINT (-49.2835909916 -25.4366927703)
2014-05-14 12:06:00.000000,-25.4366927703,-49.2835909916,POINT (-49.2835909916 -25.4366927703)
2014-05-14 12:06:10.000000,-25.4366927703,-49.2835909916,POINT (-49.2835909916 -25.4366927703)
2014-05-14 12:06:20.000000,-25.4366927703,-49.2835909916,POINT (-49.2835909916 -25.4366927703)
2014-05-14 12:06:30.000000,-25.4366927703,-49.2835909916,POINT (-49.2835909916 -25.4366927703)
2014-05-14 12:06:40.000000,-25.4366927703,-49.2835909916,POINT (-49.2835909916 -25.4366927703)
2014-05-14 12:06:50.000000,-25.4366927703,-49.2835909916,POINT (-49.2835909916 -25.4366927703)
2014-05-14 12:07:00.000000,-25.4366927703,-49.2835909916,POINT (-49.2835909916 -25.4366927703)
2014-05-14 12:07:10.000000,-25.4366927703,-49.2835909916,POINT (-49.2835909916 -25.4366927703)
2014-05-14 12:07:20.000000,-25.4366927703,-49.2835909916,POINT (-49.2835909916 -25.4366927703)
2014-05-14 12:07:30.000000,-25.4366927703,-49.2835909916,POINT (-49.2835909916 -25.4366927703)
2014-05-14 12:07:40.000000,-25.4366927703,-49.2835909916,POINT (-49.2835909916 -25.4366927703)
2014-05-14 12:07:50.000000,-25.4366927703,-49.2835909916,POINT (-49.2835909916 -25.4366927703)
2014-05-14 12:08:00.000000,-25.4366927703,-49.2835909916,POINT (-49.2835909916 -25.4366927703)
2014-05-14 12:08:10.000000,-25.4366927703,-49.2835909916,POINT (-49.2835909916 -25.4366927703)
2014-05-14 12:08:20.000000,-25.4366927703,-49.2835909916,POINT (-49.2835909916 -25.4366927703)
2014-05-14 12:08:30.000000,-25.4366927703,-49.2835909916,POINT (-49.2835909916 -25.4366927703)
2014-05-14 12:08:40.000000,-25.4366927703,-49.2835909916,POINT (-49.2835909916 -25.4366927703)
2014-05-14 12:08:50.000000,-25.4366927703,-49.2835909916,POINT (-49.2835909916 -25.4366927703)
2014-05-14 12:09:00.000000,-25.4366927703,-49.2835909916,POINT (-49.2835909916 -25.4366927703)
2014-05-14 12:09:10.000000,-25.4366927703,-49.2835909916,POINT (-49.2835909916 -25.4366927703)
2014-05-14 12:09:20.000000,-25.4366927703,-49.2835909916,POINT (-49.2835909916 -25.4366927703)
2014-05-14 12:09:30.000000,-25.4366927703,-49.2835909916,POINT (-49.2835909916 -25.4366927703)
2014-05-14 12:09:40.000000,-25.4366927703,-49.2835909916,POINT (-49.2835909916 -25.4366927703)
2014-05-14 12:09:50.000000,-25.4366927703,-49.2835909916,POINT (-49.2835909916 -25.4366927703)
2014-05-14 12:10:00.000000,-25.4366927703,-49.2835909916,POINT (-49.2835909916 -25.4366927703)
2014-05-14 12:10:10.000000,-25.4366927703,-49.2835909916,POINT (-49.2835909916 -25.4366927703)
2014-05-14 12:10:20.000000,-25.4366927703,-49.2835909916,POINT (-49.2835909916 -25.4366927703)
2014-05-14 12:10:30.000000,-25.4366927703,-49.2835909916,POINT (-49.2835909916 -25.4366927703)
2014-05-14 12:10:40.000000,-25.4366927703,-49.2835909916,POINT (-49.2835909916 -25.4366927703)
2014-05-14 12:10:50.000000,-25.4366927703,-49.2835909916,POINT (-49.2835909916 -25.4366927703)
2014-05-14 12:11:00.000000,-25.4366927703,-49.2835909916,POINT (-49.2835909916 -25.4366927703)
2014-05-14 12:11:10.000000,-25.4366927703,-49.2835909916,POINT (-49.2835909916 -25.4366927703)
2014-05-14 12:11:20.000000,-25.4366927703,-49.2835909916,POINT (-49.2835909916 -25.4366927703)
2014-05-14 12:11:30.000000,-25.4366927703,-49.2835909916,POINT (-49.2835909916 -25.4366927703)
2014-05-14 12:11:40.000000,-25.4366927703,-49.2835909916,POINT (-49.2835909916 -25.4366927703)
2014-05-14 12:11:50.000000,-25.4366927703,-49.2835909916,POINT (-49.2835909916 -25.4366927703)
2014-05-14 12:12:00.000000,-25.4366927703,-49.2835909916,POINT (-49.2835909916 -25.4366927703)
2014-05-14 12:12:10.000000,-25.4366927703,-49.2835909916,POINT (-49.2835909916 -25.4366927703)
2014-05-14 12:12:20.000000,-25.4366927703,-49.2835909916,POINT (-49.2835909916 -25.4366927703)
2014-05-14 12:12:30.000000,-25.4366927703,-49.2835909916,POINT (-49.2835909916 -25.4366927703)
2014-05-14 12:12:40.000000,-25.4366927703,-49.2835909916,POINT (-49.2835909916 -25.4366927703)
2014-05-14 12:12:50.000000,-25.4366927703,-49.2835909916,POINT (-49.2835909916 -25.4366927703)
2014-05-14 12:13:00.000000,-25.4366927703,-49.2835909916,POINT (-49.2835909916 -25.4366927703)
2014-05-14 12:13:10.000000,-25.4366927703,-49.2835909916,POINT (-49.2835909916 -25.4366927703)
2014-05-14 12:13:20.000000,-25.4366927703,-49.2835909916,POINT (-49.2835909916 -25.4366927703)
2014-05-14 12:13:30.000000,-25.4366927703,-49.2835909916,POINT (-49.2835909916 -25.4366927703)
2014-05-14 12:13:40.000000,-25.4366927703,-49.2835909916,POINT (-49.2835909916 -25.4366927703)
2014-05-14 12:13:50.000000,-25.4366927703,-49.2835909916,POINT (-49.2835909916 -25.4366927703)
2014-05-14 12:14:00.000000,-25.4366927703,-49.2835909916,POINT (-49.2835909916 -25.4366927703)
2014-05-14 12:14:10.000000,-25.4366927703,-49.2835909916,POINT (-49.2835909916 -25.4366927703)
2014-05-14 12:14:20.000000,-25.4366927703,-49.2835909916,POINT (-49.2835909916 -25.4366927703)
2014-05-14 12:14:30.000000,-25.4366927703,-49.2835909916,POINT (-49.2835909916 -25.4366927703)
2014-05-14 12:14:40.000000,-25.4366927703,-49.2835909916,POINT (-49.2835909916 -25.4366927703)
2014-05-14 12:14:50.000000,-25.4366927703,-49.2835909916,POINT (-49.2835909916 -25.4366927703)
2014-05-14 12:15:00.000000,-25.4366927703,-49.2835909916,POINT (-49.2835909916 -25.4366927703)
2014-05-14 12:15:10.000000,-25.4366927703,-49.2835909916,POINT (-49.2835909916 -25.4366927703)
2014-05-14 12:15:20.000000,-25.4366927703,-49.2835909916,POINT (-49.2835909916 -25.4366927703)
2014-05-14 12:15:30.000000,-25.4366927703,-49.2835909916,POINT (-49.2835909916 -25.4366927703)
2014-05-14 12:15:40.000000,-25.4366927703,-49.2835909916,POINT (-49.2835909916 -25.4366927703)
2014-05-14 12:15:50.000000,-25.4366927703,-49.2835909916,POINT (-49.2835909916 -25.4366927703)
2014-05-14 12:16:00.000000,-25.4366927703,-49.2835909916,POINT (-49.2835909916 -25.4366927703)
2014-05-14 12:16:10.000000,-25.4366927703,-49.2835909916,POINT (-49.2835909916 -25.4366927703)
2014-05-14 12:16:20.000000,-25.4366927703,-49.2835909916,POINT (-49.2835909916 -25.4366927703)
2014-05-14 12:16:30.000000,-25.4366927703,-49.2835909916,POINT (-49.2835909916 -25.4366927703)
2014-05-14 12:16:40.000000,-25.4366927703,-49.2835909916,POINT (-49.2835909916 -25.4366927703)
2014-05-14 12:16:50.000000,-25.4366927703,-49.2835909916,POINT (-49.2835909916 -25.4366927703)
2014-05-14 12:17:00.000000,-25.4366927703,-49.2835909916,POINT (-49.2835909916 -25.4366927703)
2014-05-14 12:17:10.000000,-25.4366927703,-49.2835909916,POINT (-49.2835909916 -25.4366927703)
2014-05-14 12:17:20.000000,-25.4366927703,-49.2835909916,POINT (-49.2835909916 -25.4366927703)
2014-05-14 12:17:30.000000,-25.4366927703,-49.2835909916,POINT (-49.2835909916 -25.4366927703)
2014-05-14 12:17:40.000000,-25.4366927703,-49.2835909916,POINT (-49.2835909916 -25.4366927703)
2014-05-14 12:17:50.000000,-25.4366927703,-49.2835909916,POINT (-49.2835909916 -25.4366927703)
2014-05-14 12:18:00.000000,-25.4366927703,-49.2835909916,POINT (-49.2835909916 -25.4366927703)
2014-05-14 12:18:10.000000,-25.4366927703,-49.2835909916,POINT (-49.2835909916 -25.4366927703)
2014-05-14 12:18:20.000000,-25.4366927703,-49.2835909916,POINT (-49.2835909916 -25.4366927703)
2014-05-14 12:18:30.000000,-25.4366927703,-49.2835909916,POINT (-49.2835909916 -25.4366927703)
2014-05-14 12:18:40.000000,-25.4366927703,-49.2835909916,POINT (-49.2835909916 -25.4366927703)
2014-05-14 12:18:50.000000,-25.4366927703,-49.2835909916,POINT (-49.2835909916 -25.4366927703)
2014-05-14 12:19:00.000000,-25.4366927703,-49.2835909916,POINT (-49.2835909916 -25.4366927703)
2014-05-14 12:19:10.000000,-25.4366927703,-49.2835909916,POINT (-49.2835909916 -25.4366927703)
2014-05-14 12:19:20.000000,-25.4366927703,-49.2835909916,POINT (-49.2835909916 -25.4366927703)
2014-05-14 12:19:30.000000,-25.4366927703,-49.2835909916,POINT (-49.2835909916 -25.4366927703)
2014-05-14 12:19:40.000000,-25.4366927703,-49.2835909916,POINT (-49.2835909916 -25.4366927703)
2014-05-14 12:19:50.000000,-25.4366927703,-49.2835909916,POINT (-49.2835909916 -25.4366927703)
2014-05-14 12:20:00.000000,-25.4366927703,-49.2835909916,POINT (-49.2835909916 -25.4366927703)
2014-05-14 12:20:10.000000,-25.4366927703,-49.2835909916,POINT (-49.2835909916 -25.4366927703)
2014-05-14 12:20:20.000000,-25.4366927703,-49.2835909916,POINT (-49.2835909916 -25.4366927703)
2014-05-14 12:20:30.000000,-25.4366927703,-49.2835909916,POINT (-49.2835909916 -25.4366927703)
2014-05-14 12:20:40.000000,-25.4366927703,-49.2835909916,POINT (-49.2835909916 -25.4366927703)
2014-05-14 12:20:50.000000,-25.4366927703,-49.2835909916,POINT (-49.2835909916 -25.4366927703)
2014-05-14 12:21:00.000000,-25.4366927703,-49.2835909916,POINT (-49.2835909916 -25.4366927703)
2014-05-14 12:21:10.000000,-25.4366927703,-49.2835909916,POINT (-49.2835909916 -25.4366927703)
2014-05-14 12:21:20.000000,-25.4366927703,-49.2835909916,POINT (-49.2835909916 -25.4366927703)
2014-05-14 12:21:30.000000,-25.4366927703,-49.2835909916,POINT (-49.2835909916 -25.4366927703)
2014-05-14 12:21:40.000000,-25.4366927703,-49.2835909916,POINT (-49.2835909916 -25.4366927703)
2014-05-14 12:21:50.000000,-25.4366927703,-49.2835909916,POINT (-49.2835909916 -25.4366927703)
2014-05-14 12:22:00.000000,-25.4366927703,-49.2835909916,POINT (-49.2835909916 -25.4366927703)
2014-05-14 12:22:10.000000,-25.4366927703,-49.2835909916,POINT (-49.2835909916 -25.4366927703)
2014-05-14 12:22:20.000000,-25.4366927703,-49.2835909916,POINT (-49.2835909916 -25.4366927703)
2014-05-14 12:22:30.000000,-25.4366927703,-49.2835909916,POINT (-49.2835909916 -25.4366927703)
2014-05-14 12:22:40.000000,-25.4366927703,-49.2835909916,POINT (-49.2835909916 -25.4366927703)
2014-05-14 12:22:50.000000,-25.4366927703,-49.2835909916,POINT (-49.2835909916 -25.4366927703)
2014-05-14 12:23:00.000000,-25.4366927703,-49.2835909916,POINT (-49.2835909916 -25.4366927703)
2014-05-14 12:23:10.000000,-25.4366927703,-49.2835909916,POINT (-49.2835909916 -25.4366927703)
2014-05-14 12:23:20.000000,-25.4366927703,-49.2835909916,POINT (-49.2835909916 -25.4366927703)
2014-05-14 12:23:30.000000,-25.4366927703,-49.2835909916,POINT (-49.2835909916 -25.4366927703)
2014-05-14 12:23:40.000000,-25.4366927703,-49.2835909916,POINT (-49.2835909916 -25.4366927703)
2014-05-14 12:23:50.000000,-25.4366927703,-49.2835909916,POINT (-49.2835909916 -25.4366927703)
2014-05-14 12:24:00.000000,-25.4366927703,-49.2835909916,POINT (-49.2835909916 -25.4366927703)
2014-05-14 12:24:10.000000,-25.4366927703,-49.2835909916,POINT (-49.2835909916 -25.4366927703)
2014-05-14 12:24:20.000000,-25.4366927703,-49.2835909916,POINT (-49.2835909916 -25.4366927703)
2014-05-14 12:24:30.000000,-25.4366927703,-49.2835909916,POINT (-49.2835909916 -25.4366927703)
2014-05-14 12:24:40.000000,-25.4366927703,-49.2835909916,POINT (-49.2835909916 -25.4366927703)
2014-05-14 12:24:50.000000,-25.4366927703,-49.2835909916,POINT (-49.2835909916 -25.4366927703)
2014-05-14 12:25:00.000000,-25.4366927703,-49.2835909916,POINT (-49.2835909916 -25.4366927703)
2014-05-14 12:25:10.000000,-25.4366927703,-49.2835909916,POINT (-49.2835909916 -25.4366927703)
2014-05-14 12:25:20.000000,-25.4366927703,-49.2835909916,POINT (-49.2835909916 -25.4366927703)
2014-05-14 12:25:30.000000,-25.4366927703,-49.2835909916,POINT (-49.2835909916 -25.4366927703)
2014-05-14 12:25:40.000000,-25.4366927703,-49.2835909916,POINT (-49.2835909916 -25.4366927703)
2014-05-14 12:25:50.000000,-25.4366927703,-49.2835909916,POINT (-49.2835909916 -25.4366927703)
2014-05-14 12:26:00.000000,-25.4366927703,-49.2835909916,POINT (-49.2835909916 -25.4366927703)
2014-05-14 12:26:10.000000,-25.4366927703,-49.2835909916,POINT (-49.2835909916 -25.4366927703)
2014-05-14 12:26:20.000000,-25.4366927703,-49.2835909916,POINT (-49.2835909916 -25.4366927703)
2014-05-14 12:26:30.000000,-25.4366927703,-49.2835909916,POINT (-49.2835909916 -25.4366927703)
2014-05-14 12:26:40.000000,-25.4366927703,-49.2835909916,POINT (-49.2835909916 -25.4366927703)
2014-05-14 12:26:50.000000,-25.4366927703,-49.2835909916,POINT (-49.2835909916 -25.4366927703)
2014-05-14 12:27:00.000000,-25.4366927703,-49.2835909916,POINT (-49.2835909916 -25.4366927703)
2014-05-14 12:27:10.000000,-25.4366927703,-49.2835909916,POINT (-49.2835909916 -25.4366927703)
2014-05-14 12:27:20.000000,-25.4366927703,-49.2835909916,POINT (-49.2835909916 -25.4366927703)
2014-05-14 12:27:30.000000,-25.4366927703,-49.2835909916,POINT (-49.2835909916 -25.4366927703)
2014-05-14 12:27:40.000000,-25.4366927703,-49.2835909916,POINT (-49.2835909916 -25.4366927703)
2014-05-14 12:27:50.000000,-25.4366927703,-49.2835909916,POINT (-49.2835909916 -25.4366927703)
2014-05-14 12:28:00.000000,-25.4366927703,-49.2835909916,POINT (-49.2835909916 -25.4366927703)
2014-05-14 12:28:10.000000,-25.4366927703,-49.2835909916,POINT (-49.2835909916 -25.4366927703)
2014-05-14 12:28:20.000000,-25.4366927703,-49.2835909916,POINT (-49.2835909916 -25.4366927703)
2014-05-14 12:28:30.000000,-25.4366927703,-49.2835909916,POINT (-49.2835909916 -25.4366927703)
2014-05-14 12:28:40.000000,-25.4366927703,-49.2835909916,POINT (-49.2835909916 -25.4366927703)
2014-05-14 12:28:50.000000,-25.4366927703,-49.2835909916,POINT (-49.2835909916 -25.4366927703)
2014-05-14 12:29:00.000000,-25.4366927703,-49.2835909916,POINT (-49.2835909916 -25.4366927703)
2014-05-14 12:29:10.000000,-25.4366927703,-49.2835909916,POINT (-49.2835909916 -25.4366927703)
2014-05-14 12:29:20.000000,-25.4366927703,-49.2835909916,POINT (-49.2835909916 -25.4366927703)
2014-05-14 12:29:30.000000,-25.4366927703,-49.2835909916,POINT (-49.2835909916 -25.4366927703)
2014-05-14 12:29:40.000000,-25.4366927703,-49.2835909916,POINT (-49.2835909916 -25.4366927703)
2014-05-14 12:29:50.000000,-25.4366927703,-49.2835909916,POINT (-49.2835909916 -25.4366927703)
2014-05-14 12:30:00.000000,-25.4366927703,-49.2835909916,POINT (-49.2835909916 -25.4366927703)
2014-05-14 12:30:10.000000,-25.4366927703,-49.2835909916,POINT (-49.2835909916 -25.4366927703)
2014-05-14 12:30:20.000000,-25.4366927703,-49.2835909916,POINT (-49.2835909916 -25.4366927703)
2014-05-14 12:30:30.000000,-25.4366927703,-49.2835909916,POINT (-49.2835909916 -25.4366927703)
2014-05-14 12:30:40.000000,-25.4366927703,-49.2835909916,POINT (-49.2835909916 -25.4366927703)
2014-05-14 12:30:50.000000,-25.4366927703,-49.2835909916,POINT (-49.2835909916 -25.4366927703)
2014-05-14 12:31:00.000000,-25.4366927703,-49.2835909916,POINT (-49.2835909916 -25.4366927703)
2014-05-14 12:31:10.000000,-25.4366927703,-49.2835909916,POINT (-49.2835909916 -25.4366927703)
2014-05-14 12:31:20.000000,-25.4366927703,-49.2835909916,POINT (-49.2835909916 -25.4366927703)
2014-05-14 12:31:30.000000,-25.4366927703,-49.2835909916,POINT (-49.2835909916 -25.4366927703)
2014-05-14 12:31:40.000000,-25.4366927703,-49.2835909916,POINT (-49.2835909916 -25.4366927703)
2014-05-14 12:31:50.000000,-25.4366927703,-49.2835909916,POINT (-49.2835909916 -25.4366927703)
2014-05-14 12:32:00.000000,-25.4366927703,-49.2835909916,POINT (-49.2835909916 -25.4366927703)
2014-05-14 12:32:10.000000,-25.4366927703,-49.2835909916,POINT (-49.2835909916 -25.4366927703)
2014-05-14 12:32:20.000000,-25.4366927703,-49.2835909916,POINT (-49.2835909916 -25.4366927703)
2014-05-14 12:32:30.000000,-25.4366927703,-49.2835909916,POINT (-49.2835909916 -25.4366927703)
2014-05-14 12:32:40.000000,-25.4366927703,-49.2835909916,POINT (-49.2835909916 -25.4366927703)
2014-05-14 12:32:50.000000,-25.4366927703,-49.2835909916,POINT (-49.2835909916 -25.4366927703)
2014-05-14 12:33:00.000000,-25.4366927703,-49.2835909916,POINT (-49.2835909916 -25.4366927703)
2014-05-14 12:33:10.000000,-25.4366927703,-49.2835909916,POINT (-49.2835909916 -25.4366927703)
2014-05-14 12:33:20.000000,-25.4366927703,-49.2835909916,POINT (-49.2835909916 -25.4366927703)
2014-05-14 12:33:30.000000,-25.4366927703,-49.2835909916,POINT (-49.2835909916 -25.4366927703)
2014-05-14 12:33:40.000000,-25.4366927703,-49.2835909916,POINT (-49.2835909916 -25.4366927703)
2014-05-14 12:33:50.000000,-25.4366927703,-49.2835909916,POINT (-49.2835909916 -25.4366927703)
2014-05-14 12:34:00.000000,-25.4366927703,-49.2835909916,POINT (-49.2835909916 -25.4366927703)
2014-05-14 12:34:10.000000,-25.4366927703,-49.2835909916,POINT (-49.2835909916 -25.4366927703)
2014-05-14 12:34:20.000000,-25.4366927703,-49.2835909916,POINT (-49.2835909916 -25.4366927703)
2014-05-14 12:34:30.000000,-25.4366927703,-49.2835909916,POINT (-49.2835909916 -25.4366927703)
2014-05-14 12:34:40.000000,-25.4366927703,-49.2835909916,POINT (-49.2835909916 -25.4366927703)
2014-05-14 12:34:50.000000,-25.4366927703,-49.2835909916,POINT (-49.2835909916 -25.4366927703)
2014-05-14 12:35:00.000000,-25.4366927703,-49.2835909916,POINT (-49.2835909916 -25.4366927703)
2014-05-14 12:35:10.000000,-25.4366927703,-49.2835909916,POINT (-49.2835909916 -25.4366927703)
2014-05-14 12:35:20.000000,-25.4366927703,-49.2835909916,POINT (-49.2835909916 -25.4366927703)
2014-05-14 12:35:30.000000,-25.4366927703,-49.2835909916,POINT (-49.2835909916 -25.4366927703)
2014-05-14 12:35:40.000000,-25.4366927703,-49.2835909916,POINT (-49.2835909916 -25.4366927703)
2014-05-14 12:35:50.000000,-25.4366927703,-49.2835909916,POINT (-49.2835909916 -25.4366927703)
2014-05-14 12:36:00.000000,-25.4366927703,-49.2835909916,POINT (-49.2835909916 -25.4366927703)
2014-05-14 12:36:10.000000,-25.4366927703,-49.2835909916,POINT (-49.2835909916 -25.4366927703)
2014-05-14 12:36:20.000000,-25.4366927703,-49.2835909916,POINT (-49.2835909916 -25.4366927703)
2014-05-14 12:36:30.000000,-25.4366927703,-49.2835909916,POINT (-49.2835909916 -25.4366927703)
2014-05-14 12:36:40.000000,-25.4366927703,-49.2835909916,POINT (-49.2835909916 -25.4366927703)
2014-05-14 12:36:50.000000,-25.4366927703,-49.2835909916,POINT (-49.2835909916 -25.4366927703)
2014-05-14 12:37:00.000000,-25.4366927703,-49.2835909916,POINT (-49.2835909916 -25.4366927703)
2014-05-14 12:37:10.000000,-25.4366927703,-49.2835909916,POINT (-49.2835909916 -25.4366927703)
2014-05-14 12:37:20.000000,-25.4366927703,-49.2835909916,POINT (-49.2835909916 -25.4366927703)
2014-05-14 12:37:30.000000,-25.4366927703,-49.2835909916,POINT (-49.2835909916 -25.4366927703)
2014-05-14 12:37:40.000000,-25.4366927703,-49.2835909916,POINT (-49.2835909916 -25.4366927703)
2014-05-14 12:37:50.000000,-25.4366927703,-49.2835909916,POINT (-49.2835909916 -25.4366927703)
2014-05-14 12:38:00.000000,-25.4366927703,-49.2835909916,POINT (-49.2835909916 -25.4366927703)
2014-05-14 12:38:10.000000,-25.4366927703,-49.2835909916,POINT (-49.2835909916 -25.4366927703)
2014-05-14 12:38:20.000000,-25.4366927703,-49.2835909916,POINT (-49.2835909916 -25.4366927703)
2014-05-14 12:38:30.000000,-25.4366927703,-49.2835909916,POINT (-49.2835909916 -25.4366927703)
2014-05-14 12:38:40.000000,-25.4366927703,-49.2835909916,POINT (-49.2835909916 -25.4366927703)
2014-05-14 12:38:50.000000,-25.4366927703,-49.2835909916,POINT (-49.2835909916 -25.4366927703)
2014-05-14 12:39:00.000000,-25.4366927703,-49.2835909916,POINT (-49.2835909916 -25.4366927703)
2014-05-14 12:39:10.000000,-25.4366927703,-49.2835909916,POINT (-49.2835909916 -25.4366927703)
2014-05-14 12:39:20.000000,-25.4366927703,-49.2835909916,POINT (-49.2835909916 -25.4366927703)
2014-05-14 12:39:30.000000,-25.4366927703,-49.2835909916,POINT (-49.2835909916 -25.4366927703)
2014-05-14 12:39:40.000000,-25.4366927703,-49.2835909916,POINT (-49.2835909916 -25.4366927703)
2014-05-14 12:39:50.000000,-25.4366927703,-49.2835909916,POINT (-49.2835909916 -25.4366927703)
2014-05-14 12:40:00.000000,-25.4366927703,-49.2835909916,POINT (-49.2835909916 -25.4366927703)
2014-05-14 12:40:10.000000,-25.4366927703,-49.2835909916,POINT (-49.2835909916 -25.4366927703)
2014-05-14 12:40:20.000000,-25.4366927703,-49.2835909916,POINT (-49.2835909916 -25.4366927703)
2014-05-14 12:40:30.000000,-25.4366927703,-49.2835909916,POINT (-49.2835909916 -25.4366927703)
2014-05-14 12:40:40.000000,-25.4366927703,-49.2835909916,POINT (-49.2835909916 -25.4366927703)
2014-05-14 12:40:50.000000,-25.4366927703,-49.2835909916,POINT (-49.2835909916 -25.4366927703)
2014-05-14 12:41:00.000000,-25.4366927703,-49.2835909916,POINT (-49.2835909916 -25.4366927703)
2014-05-14 12:41:10.000000,-25.4366927703,-49.2835909916,POINT (-49.2835909916 -25.4366927703)
2014-05-14 12:41:20.000000,-25.4366927703,-49.2835909916,POINT (-49.2835909916 -25.4366927703)
2014-05-14 12:41:30.000000,-25.4366927703,-49.2835909916,POINT (-49.2835909916 -25.4366927703)
2014-05-14 12:41:40.000000,-25.4366927703,-49.2835909916,POINT (-49.2835909916 -25.4366927703)
2014-05-14 12:41:50.000000,-25.4366927703,-49.2835909916,POINT (-49.2835909916 -25.4366927703)
2014-05-14 12:42:00.000000,-25.4366927703,-49.2835909916,POINT (-49.2835909916 -25.4366927703)
2014-05-14 12:42:10.000000,-25.4366927703,-49.2835909916,POINT (-49.2835909916 -25.4366927703)
2014-05-14 12:42:20.000000,-25.4366927703,-49.2835909916,POINT (-49.2835909916 -25.4366927703)
2014-05-14 12:42:30.000000,-25.4366927703,-49.2835909916,POINT (-49.2835909916 -25.4366927703)
2014-05-14 12:42:40.000000,-25.4366927703,-49.2835909916,POINT (-49.2835909916 -25.4366927703)
2014-05-14 12:42:50.000000,-25.4366927703,-49.2835909916,POINT (-49.2835909916 -25.4366927703)
2014-05-14 12:43:00.000000,-25.4366927703,-49.2835909916,POINT (-49.2835909916 -25.4366927703)
2014-05-14 12:43:10.000000,-25.4366927703,-49.2835909916,POINT (-49.2835909916 -25.4366927703)
2014-05-14 12:43:20.000000,-25.4366927703,-49.2835909916,POINT (-49.2835909916 -25.4366927703)
2014-05-14 12:43:30.000000,-25.4366927703,-49.2835909916,POINT (-49.2835909916 -25.4366927703)
2014-05-14 12:43:40.000000,-25.4366927703,-49.2835909916,POINT (-49.2835909916 -25.4366927703)
2014-05-14 12:43:50.000000,-25.4366927703,-49.2835909916,POINT (-49.2835909916 -25.4366927703)
2014-05-14 12:44:00.000000,-25.4366927703,-49.2835909916,POINT (-49.2835909916 -25.4366927703)
2014-05-14 12:44:10.000000,-25.4366927703,-49.2835909916,POINT (-49.2835909916 -25.4366927703)
2014-05-14 12:44:20.000000,-25.4366927703,-49.2835909916,POINT (-49.2835909916 -25.4366927703)
2014-05-14 12:44:30.000000,-25.4366927703,-49.2835909916,POINT (-49.2835909916 -25.4366927703)
2014-05-14 12:44:40.000000,-25.4366927703,-49.2835909916,POINT (-49.2835909916 -25.4366927703)
2014-05-14 12:44:50.000000,-25.4366927703,-49.2835909916,POINT (-49.2835909916 -25.4366927703)
2014-05-14 12:45:00.000000,-25.4366927703,-49.2835909916,POINT (-49.2835909916 -25.4366927703)
2014-05-14 12:45:10.000000,-25.4366927703,-49.2835909916,POINT (-49.2835909916 -25.4366927703)
2014-05-14 12:45:20.000000,-25.4366927703,-49.2835909916,POINT (-49.2835909916 -25.4366927703)
2014-05-14 12:45:30.000000,-25.4366927703,-49.2835909916,POINT (-49.2835909916 -25.4366927703)
2014-05-14 12:45:40.000000,-25.4366927703,-49.2835909916,POINT (-49.2835909916 -25.4366927703)
2014-05-14 12:45:50.000000,-25.4366927703,-49.2835909916,POINT (-49.2835909916 -25.4366927703)
2014-05-14 12:46:00.000000,-25.4366927703,-49.2835909916,POINT (-49.2835909916 -25.4366927703)
2014-05-14 12:46:10.000000,-25.4366927703,-49.2835909916,POINT (-49.2835909916 -25.4366927703)
2014-05-14 12:46:20.000000,-25.4366927703,-49.2835909916,POINT (-49.2835909916 -25.4366927703)
2014-05-14 12:46:30.000000,-25.4366927703,-49.2835909916,POINT (-49.2835909916 -25.4366927703)
2014-05-14 12:46:40.000000,-25.4366927703,-49.2835909916,POINT (-49.2835909916 -25.4366927703)
2014-05-14 12:46:50.000000,-25.4366927703,-49.2835909916,POINT (-49.2835909916 -25.4366927703)
2014-05-14 12:47:00.000000,-25.4366927703,-49.2835909916,POINT (-49.2835909916 -25.4366927703)
2014-05-14 12:47:10.000000,-25.4366927703,-49.2835909916,POINT (-49.2835909916 -25.4366927703)
2014-05-14 12:47:20.000000,-25.4366927703,-49.2835909916,POINT (-49.2835909916 -25.4366927703)
2014-05-14 12:47:30.000000,-25.4366927703,-49.2835909916,POINT (-49.2835909916 -25.4366927703)
2014-05-14 12:47:40.000000,-25.4366927703,-49.2835909916,POINT (-49.2835909916 -25.4366927703)
2014-05-14 12:47:50.000000,-25.4366927703,-49.2835909916,POINT (-49.2835909916 -25.4366927703)
2014-05-14 12:48:00.000000,-25.4366927703,-49.2835909916,POINT (-49.2835909916 -25.4366927703)
2014-05-14 12:48:10.000000,-25.4366927703,-49.2835909916,POINT (-49.2835909916 -25.4366927703)
2014-05-14 12:48:20.000000,-25.4366927703,-49.2835909916,POINT (-49.2835909916 -25.4366927703)
2014-05-14 12:48:30.000000,-25.4366927703,-49.2835909916,POINT (-49.2835909916 -25.4366927703)
2014-05-14 12:48:40.000000,-25.4366927703,-49.2835909916,POINT (-49.2835909916 -25.4366927703)
2014-05-14 12:48:50.000000,-25.4366927703,-49.2835909916,POINT (-49.2835909916 -25.4366927703)
2014-05-14 12:49:00.000000,-25.4366927703,-49.2835909916,POINT (-49.2835909916 -25.4366927703)
2014-05-14 12:49:10.000000,-25.4366927703,-49.2835909916,POINT (-49.2835909916 -25.4366927703)
2014-05-14 12:49:20.000000,-25.4366927703,-49.2835909916,POINT (-49.2835909916 -25.4366927703)
2014-05-14 12:49:30.000000,-25.4366927703,-49.2835909916,POINT (-49.2835909916 -25.4366927703)
2014-05-14 12:49:40.000000,-25.4366927703,-49.2835909916,POINT (-49.2835909916 -25.4366927703)
2014-05-14 12:49:50.000000,-25.4366927703,-49.2835909916,POINT (-49.2835909916 -25.4366927703)
2014-05-14 12:50:00.000000,-25.4366927703,-49.2835909916,POINT (-49.2835909916 -25.4366927703)
2014-05-14 12:50:10.000000,-25.4366927703,-49.2835909916,POINT (-49.2835909916 -25.4366927703)
2014-05-14 12:50:20.000000,-25.4366927703,-49.2835909916,POINT (-49.2835909916 -25.4366927703)
2014-05-14 12:50:30.000000,-25.4366927703,-49.2835909916,POINT (-49.2835909916 -25.4366927703)
2014-05-14 12:50:40.000000,-25.4366927703,-49.2835909916,POINT (-49.2835909916 -25.4366927703)
2014-05-14 12:50:50.000000,-25.4366927703,-49.2835909916,POINT (-49.2835909916 -25.4366927703)
2014-05-14 12:51:00.000000,-25.4366927703,-49.2835909916,POINT (-49.2835909916 -25.4366927703)
2014-05-14 12:51:10.000000,-25.4366927703,-49.2835909916,POINT (-49.2835909916 -25.4366927703)
2014-05-14 12:51:20.000000,-25.4366927703,-49.2835909916,POINT (-49.2835909916 -25.4366927703)
2014-05-14 12:51:30.000000,-25.4366927703,-49.2835909916,POINT (-49.2835909916 -25.4366927703)
2014-05-14 12:51:40.000000,-25.4366927703,-49.2835909916,POINT (-49.2835909916 -25.4366927703)
2014-05-14 12:51:50.000000,-25.4366927703,-49.2835909916,POINT (-49.2835909916 -25.4366927703)
2014-05-14 12:52:00.000000,-25.4366927703,-49.2835909916,POINT (-49.2835909916 -25.4366927703)
2014-05-14 12:52:10.000000,-25.4366927703,-49.2835909916,POINT (-49.2835909916 -25.4366927703)
2014-05-14 12:52:20.000000,-25.4366927703,-49.2835909916,POINT (-49.2835909916 -25.4366927703)
2014-05-14 12:52:30.000000,-25.4366927703,-49.2835909916,POINT (-49.2835909916 -25.4366927703)
2014-05-14 12:52:40.000000,-25.4366927703,-49.2835909916,POINT (-49.2835909916 -25.4366927703)
2014-05-14 12:52:50.000000,-25.4366927703,-49.2835909916,POINT (-49.2835909916 -25.4366927703)
2014-05-14 12:53:00.000000,-25.4366927703,-49.2835909916,POINT (-49.2835909916 -25.4366927703)
2014-05-14 12:53:10.000000,-25.4366927703,-49.2835909916,POINT (-49.2835909916 -25.4366927703)
2014-05-14 12:53:20.000000,-25.4366927703,-49.2835909916,POINT (-49.2835909916 -25.4366927703)
2014-05-14 12:53:30.000000,-25.4366927703,-49.2835909916,POINT (-49.2835909916 -25.4366927703)
2014-05-14 12:53:40.000000,-25.4366927703,-49.2835909916,POINT (-49.2835909916 -25.4366927703)
2014-05-14 12:53:50.000000,-25.4366927703,-49.2835909916,POINT (-49.2835909916 -25.4366927703)
2014-05-14 12:54:00.000000,-25.4366927703,-49.2835909916,POINT (-49.2835909916 -25.4366927703)
2014-05-14 12:54:10.000000,-25.4366927703,-49.2835909916,POINT (-49.2835909916 -25.4366927703)
2014-05-14 12:54:20.000000,-25.4366927703,-49.2835909916,POINT (-49.2835909916 -25.4366927703)
2014-05-14 12:54:30.000000,-25.4366927703,-49.2835909916,POINT (-49.2835909916 -25.4366927703)
2014-05-14 12:54:40.000000,-25.4366927703,-49.2835909916,POINT (-49.2835909916 -25.4366927703)
2014-05-14 12:54:50.000000,-25.4366927703,-49.2835909916,POINT (-49.2835909916 -25.4366927703)
2014-05-14 12:55:00.000000,-25.4366927703,-49.2835909916,POINT (-49.2835909916 -25.4366927703)
2014-05-14 12:55:10.000000,-25.4366927703,-49.2835909916,POINT (-49.2835909916 -25.4366927703)
2014-05-14 12:55:20.000000,-25.4366927703,-49.2835909916,POINT (-49.2835909916 -25.4366927703)
2014-05-14 12:55:30.000000,-25.4366927703,-49.2835909916,POINT (-49.2835909916 -25.4366927703)
2014-05-14 12:55:40.000000,-25.4366927703,-49.2835909916,POINT (-49.2835909916 -25.4366927703)
2014-05-14 12:55:50.000000,-25.4366927703,-49.2835909916,POINT (-49.2835909916 -25.4366927703)
2014-05-14 12:56:00.000000,-25.4366927703,-49.2835909916,POINT (-49.2835909916 -25.4366927703)
2014-05-14 12:56:10.000000,-25.4366927703,-49.2835909916,POINT (-49.2835909916 -25.4366927703)
2014-05-14 12:56:20.000000,-25.4366927703,-49.2835909916,POINT (-49.2835909916 -25.4366927703)
2014-05-14 12:56:30.000000,-25.4366927703,-49.2835909916,POINT (-49.2835909916 -25.4366927703)
2014-05-14 12:56:40.000000,-25.4366927703,-49.2835909916,POINT (-49.2835909916 -25.4366927703)
2014-05-14 12:56:50.000000,-25.4366927703,-49.2835909916,POINT (-49.2835909916 -25.4366927703)
2014-05-14 12:57:00.000000,-25.4366927703,-49.2835909916,POINT (-49.2835909916 -25.4366927703)
2014-05-14 12:57:10.000000,-25.4366927703,-49.2835909916,POINT (-49.2835909916 -25.4366927703)
2014-05-14 12:57:20.000000,-25.4366927703,-49.2835909916,POINT (-49.2835909916 -25.4366927703)
2014-05-14 12:57:30.000000,-25.4366927703,-49.2835909916,POINT (-49.2835909916 -25.4366927703)
2014-05-14 12:57:40.000000,-25.4366927703,-49.2835909916,POINT (-49.2835909916 -25.4366927703)
2014-05-14 12:57:50.000000,-25.4366927703,-49.2835909916,POINT (-49.2835909916 -25.4366927703)
2014-05-14 12:58:00.000000,-25.4366927703,-49.2835909916,POINT (-49.2835909916 -25.4366927703)
2014-05-14 12:58:10.000000,-25.4366927703,-49.2835909916,POINT (-49.2835909916 -25.4366927703)
2014-05-14 12:58:20.000000,-25.4366927703,-49.2835909916,POINT (-49.2835909916 -25.4366927703)
2014-05-14 12:58:30.000000,-25.4366927703,-49.2835909916,POINT (-49.2835909916 -25.4366927703)
2014-05-14 12:58:40.000000,-25.4366927703,-49.2835909916,POINT (-49.2835909916 -25.4366927703)
2014-05-14 12:58:50.000000,-25.4366927703,-49.2835909916,POINT (-49.2835909916 -25.4366927703)
2014-05-14 12:59:00.000000,-25.4366927703,-49.2835909916,POINT (-49.2835909916 -25.4366927703)
2014-05-14 12:59:10.000000,-25.4366927703,-49.2835909916,POINT (-49.2835909916 -25.4366927703)
2014-05-14 12:59:20.000000,-25.4366927703,-49.2835909916,POINT (-49.2835909916 -25.4366927703)
2014-05-14 12:59:30.000000,-25.4366927703,-49.2835909916,POINT (-49.2835909916 -25.4366927703)
2014-05-14 12:59:40.000000,-25.4366927703,-49.2835909916,POINT (-49.2835909916 -25.4366927703)
2014-05-14 12:59:50.000000,-25.4366927703,-49.2835909916,POINT (-49.2835909916 -25.4366927703)
2014-05-14 13:00:00.000000,-25.4366927703,-49.2835909916,POINT (-49.2835909916 -25.4366927703)
2014-05-14 13:00:10.000000,-25.4366927703,-49.2835909916,POINT (-49.2835909916 -25.4366927703)
2014-05-14 13:00:20.000000,-25.4366927703,-49.2835909916,POINT (-49.2835909916 -25.4366927703)
2014-05-14 13:00:30.000000,-25.4366927703,-49.2835909916,POINT (-49.2835909916 -25.4366927703)
2014-05-14 13:00:40.000000,-25.4366927703,-49.2835909916,POINT (-49.2835909916 -25.4366927703)
2014-05-14 13:00:50.000000,-25.4366927703,-49.2835909916,POINT (-49.2835909916 -25.4366927703)
2014-05-14 13:01:00.000000,-25.4366927703,-49.2835909916,POINT (-49.2835909916 -25.4366927703)
2014-05-14 13:01:10.000000,-25.4366927703,-49.2835909916,POINT (-49.2835909916 -25.4366927703)
2014-05-14 13:01:20.000000,-25.4366927703,-49.2835909916,POINT (-49.2835909916 -25.4366927703)
2014-05-14 13:01:30.000000,-25.4366927703,-49.2835909916,POINT (-49.2835909916 -25.4366927703)
2014-05-14 13:01:40.000000,-25.4366927703,-49.2835909916,POINT (-49.2835909916 -25.4366927703)
2014-05-14 13:01:50.000000,-25.4366927703,-49.2835909916,POINT (-49.2835909916 -25.4366927703)
2014-05-14 13:02:00.000000,-25.4366927703,-49.2835909916,POINT (-49.2835909916 -25.4366927703)
2014-05-14 13:02:10.000000,-25.4366927703,-49.2835909916,POINT (-49.2835909916 -25.4366927703)
2014-05-14 13:02:20.000000,-25.4366927703,-49.2835909916,POINT (-49.2835909916 -25.4366927703)
2014-05-14 13:02:30.000000,-25.4366927703,-49.2835909916,POINT (-49.2835909916 -25.4366927703)
2014-05-14 13:02:40.000000,-25.4366927703,-49.2835909916,POINT (-49.2835909916 -25.4366927703)
2014-05-14 13:02:50.000000,-25.4366927703,-49.2835909916,POINT (-49.2835909916 -25.4366927703)
2014-05-14 13:03:00.000000,-25.4366927703,-49.2835909916,POINT (-49.2835909916 -25.4366927703)
2014-05-14 13:03:10.000000,-25.4366927703,-49.2835909916,POINT (-49.2835909916 -25.4366927703)
2014-05-14 13:03:20.000000,-25.4366927703,-49.2835909916,POINT (-49.2835909916 -25.4366927703)
2014-05-14 13:03:30.000000,-25.4366927703,-49.2835909916,POINT (-49.2835909916 -25.4366927703)
2014-05-14 13:03:40.000000,-25.4366927703,-49.2835909916,POINT (-49.2835909916 -25.4366927703)
2014-05-14 13:03:50.000000,-25.4366927703,-49.2835909916,POINT (-49.2835909916 -25.4366927703)
2014-05-14 13:04:00.000000,-25.4366927703,-49.2835909916,POINT (-49.2835909916 -25.4366927703)
2014-05-14 13:04:10.000000,-25.4366927703,-49.2835909916,POINT (-49.2835909916 -25.4366927703)
2014-05-14 13:04:20.000000,-25.4366927703,-49.2835909916,POINT (-49.2835909916 -25.4366927703)
2014-05-14 13:04:30.000000,-25.4366927703,-49.2835909916,POINT (-49.2835909916 -25.4366927703)
2014-05-14 13:04:40.000000,-25.4366927703,-49.2835909916,POINT (-49.2835909916 -25.4366927703)
2014-05-14 13:04:50.000000,-25.4366927703,-49.2835909916,POINT (-49.2835909916 -25.4366927703)
2014-05-14 13:05:00.000000,-25.4366927703,-49.2835909916,POINT (-49.2835909916 -25.4366927703)
2014-05-14 13:05:10.000000,-25.4366927703,-49.2835909916,POINT (-49.2835909916 -25.4366927703)
2014-05-14 13:05:20.000000,-25.4366927703,-49.2835909916,POINT (-49.2835909916 -25.4366927703)
2014-05-14 13:05:30.000000,-25.4366927703,-49.2835909916,POINT (-49.2835909916 -25.4366927703)
2014-05-14 13:05:40.000000,-25.4366927703,-49.2835909916,POINT (-49.2835909916 -25.4366927703)
2014-05-14 13:05:50.000000,-25.4366927703,-49.2835909916,POINT (-49.2835909916 -25.4366927703)
2014-05-14 13:06:00.000000,-25.4366927703,-49.2835909916,POINT (-49.2835909916 -25.4366927703)
2014-05-14 13:06:10.000000,-25.4366927703,-49.2835909916,POINT (-49.2835909916 -25.4366927703)
2014-05-14 13:06:20.000000,-25.4366927703,-49.2835909916,POINT (-49.2835909916 -25.4366927703)
2014-05-14 13:06:30.000000,-25.4366927703,-49.2835909916,POINT (-49.2835909916 -25.4366927703)
2014-05-14 13:06:40.000000,-25.4366927703,-49.2835909916,POINT (-49.2835909916 -25.4366927703)
2014-05-14 13:06:50.000000,-25.4366927703,-49.2835909916,POINT (-49.2835909916 -25.4366927703)
2014-05-14 13:07:00.000000,-25.4366927703,-49.2835909916,POINT (-49.2835909916 -25.4366927703)
2014-05-14 13:07:10.000000,-25.4366927703,-49.2835909916,POINT (-49.2835909916 -25.4366927703)
2014-05-14 13:07:20.000000,-25.4366927703,-49.2835909916,POINT (-49.2835909916 -25.4366927703)
2014-05-14 13:07:30.000000,-25.4366927703,-49.2835909916,POINT (-49.2835909916 -25.4366927703)
2014-05-14 13:07:40.000000,-25.4366927703,-49.2835909916,POINT (-49.2835909916 -25.4366927703)
2014-05-14 13:07:50.000000,-25.4366927703,-49.2835909916,POINT (-49.2835909916 -25.4366927703)
2014-05-14 13:08:00.000000,-25.4366927703,-49.2835909916,POINT (-49.2835909916 -25.4366927703)
2014-05-14 13:08:10.000000,-25.4366927703,-49.2835909916,POINT (-49.2835909916 -25.4366927703)
2014-05-14 13:08:20.000000,-25.4366927703,-49.2835909916,POINT (-49.2835909916 -25.4366927703)
2014-05-14 13:08:30.000000,-25.4366927703,-49.2835909916,POINT (-49.2835909916 -25.4366927703)
2014-05-14 13:08:40.000000,-25.4366927703,-49.2835909916,POINT (-49.2835909916 -25.4366927703)
2014-05-14 13:08:50.000000,-25.4366927703,-49.2835909916,POINT (-49.2835909916 -25.4366927703)
2014-05-14 13:09:00.000000,-25.4366927703,-49.2835909916,POINT (-49.2835909916 -25.4366927703)
2014-05-14 13:09:10.000000,-25.4366927703,-49.2835909916,POINT (-49.2835909916 -25.4366927703)
2014-05-14 13:09:20.000000,-25.4366927703,-49.2835909916,POINT (-49.2835909916 -25.4366927703)
2014-05-14 13:09:30.000000,-25.4366927703,-49.2835909916,POINT (-49.2835909916 -25.4366927703)
2014-05-14 13:09:40.000000,-25.4366927703,-49.2835909916,POINT (-49.2835909916 -25.4366927703)
2014-05-14 13:09:50.000000,-25.4366927703,-49.2835909916,POINT (-49.2835909916 -25.4366927703)
2014-05-14 13:10:00.000000,-25.4366927703,-49.2835909916,POINT (-49.2835909916 -25.4366927703)
2014-05-14 13:10:10.000000,-25.4366927703,-49.2835909916,POINT (-49.2835909916 -25.4366927703)
2014-05-14 13:10:20.000000,-25.4366927703,-49.2835909916,POINT (-49.2835909916 -25.4366927703)
2014-05-14 13:10:30.000000,-25.4366927703,-49.2835909916,POINT (-49.2835909916 -25.4366927703)
2014-05-14 13:10:40.000000,-25.4366927703,-49.2835909916,POINT (-49.2835909916 -25.4366927703)
2014-05-14 13:10:50.000000,-25.4366927703,-49.2835909916,POINT (-49.2835909916 -25.4366927703)
2014-05-14 13:11:00.000000,-25.4366927703,-49.2835909916,POINT (-49.2835909916 -25.4366927703)
2014-05-14 13:11:10.000000,-25.4366927703,-49.2835909916,POINT (-49.2835909916 -25.4366927703)
2014-05-14 13:11:20.000000,-25.4366927703,-49.2835909916,POINT (-49.2835909916 -25.4366927703)
2014-05-14 13:11:30.000000,-25.4366927703,-49.2835909916,POINT (-49.2835909916 -25.4366927703)
2014-05-14 13:11:40.000000,-25.4366927703,-49.2835909916,POINT (-49.2835909916 -25.4366927703)
2014-05-14 13:11:50.000000,-25.4366927703,-49.2835909916,POINT (-49.2835909916 -25.4366927703)
2014-05-14 13:12:00.000000,-25.4366927703,-49.2835909916,POINT (-49.2835909916 -25.4366927703)
2014-05-14 13:12:10.000000,-25.4366927703,-49.2835909916,POINT (-49.2835909916 -25.4366927703)
2014-05-14 13:12:20.000000,-25.4366927703,-49.2835909916,POINT (-49.2835909916 -25.4366927703)
2014-05-14 13:12:30.000000,-25.4366927703,-49.2835909916,POINT (-49.2835909916 -25.4366927703)
2014-05-14 13:12:40.000000,-25.4366927703,-49.2835909916,POINT (-49.2835909916 -25.4366927703)
2014-05-14 13:12:50.000000,-25.4366927703,-49.2835909916,POINT (-49.2835909916 -25.4366927703)
2014-05-14 13:13:00.000000,-25.4366927703,-49.2835909916,POINT (-49.2835909916 -25.4366927703)
2014-05-14 13:13:10.000000,-25.4366927703,-49.2835909916,POINT (-49.2835909916 -25.4366927703)
2014-05-14 13:13:20.000000,-25.4366927703,-49.2835909916,POINT (-49.2835909916 -25.4366927703)
2014-05-14 13:13:30.000000,-25.4366927703,-49.2835909916,POINT (-49.2835909916 -25.4366927703)
2014-05-14 13:13:40.000000,-25.4366927703,-49.2835909916,POINT (-49.2835909916 -25.4366927703)
2014-05-14 13:13:50.000000,-25.4366927703,-49.2835909916,POINT (-49.2835909916 -25.4366927703)
2014-05-14 13:14:00.000000,-25.4366927703,-49.2835909916,POINT (-49.2835909916 -25.4366927703)
2014-05-14 13:14:10.000000,-25.4366927703,-49.2835909916,POINT (-49.2835909916 -25.4366927703)
2014-05-14 13:14:20.000000,-25.4366927703,-49.2835909916,POINT (-49.2835909916 -25.4366927703)
2014-05-14 13:14:30.000000,-25.4366927703,-49.2835909916,POINT (-49.2835909916 -25.4366927703)
2014-05-14 13:14:40.000000,-25.4366927703,-49.2835909916,POINT (-49.2835909916 -25.4366927703)
2014-05-14 13:14:50.000000,-25.4366927703,-49.2835909916,POINT (-49.2835909916 -25.4366927703)
2014-05-14 13:15:00.000000,-25.4366927703,-49.2835909916,POINT (-49.2835909916 -25.4366927703)
2014-05-14 13:15:10.000000,-25.4366927703,-49.2835909916,POINT (-49.2835909916 -25.4366927703)
2014-05-14 13:15:20.000000,-25.4366927703,-49.2835909916,POINT (-49.2835909916 -25.4366927703)
2014-05-14 13:15:30.000000,-25.4366927703,-49.2835909916,POINT (-49.2835909916 -25.4366927703)
2014-05-14 13:15:40.000000,-25.4366927703,-49.2835909916,POINT (-49.2835909916 -25.4366927703)
2014-05-14 13:15:50.000000,-25.4366927703,-49.2835909916,POINT (-49.2835909916 -25.4366927703)
2014-05-14 13:16:00.000000,-25.4366927703,-49.2835909916,POINT (-49.2835909916 -25.4366927703)
2014-05-14 13:16:10.000000,-25.4366927703,-49.2835909916,POINT (-49.2835909916 -25.4366927703)
2014-05-14 13:16:20.000000,-25.4366927703,-49.2835909916,POINT (-49.2835909916 -25.4366927703)
2014-05-14 13:16:30.000000,-25.4366927703,-49.2835909916,POINT (-49.2835909916 -25.4366927703)
2014-05-14 13:16:40.000000,-25.4366927703,-49.2835909916,POINT (-49.2835909916 -25.4366927703)
2014-05-14 13:16:50.000000,-25.4366927703,-49.2835909916,POINT (-49.2835909916 -25.4366927703)
2014-05-14 13:17:00.000000,-25.4366927703,-49.2835909916,POINT (-49.2835909916 -25.4366927703)
2014-05-14 13:17:10.000000,-25.4366927703,-49.2835909916,POINT (-49.2835909916 -25.4366927703)
2014-05-14 13:17:20.000000,-25.4366927703,-49.2835909916,POINT (-49.2835909916 -25.4366927703)
2014-05-14 13:17:30.000000,-25.4366927703,-49.2835909916,POINT (-49.2835909916 -25.4366927703)
2014-05-14 13:17:40.000000,-25.4366927703,-49.2835909916,POINT (-49.2835909916 -25.4366927703)
2014-05-14 13:17:50.000000,-25.4366927703,-49.2835909916,POINT (-49.2835909916 -25.4366927703)
2014-05-14 13:18:00.000000,-25.4366927703,-49.2835909916,POINT (-49.2835909916 -25.4366927703)
2014-05-14 13:18:10.000000,-25.4366927703,-49.2835909916,POINT (-49.2835909916 -25.4366927703)
2014-05-14 13:18:20.000000,-25.4366927703,-49.2835909916,POINT (-49.2835909916 -25.4366927703)
2014-05-14 13:18:30.000000,-25.4366927703,-49.2835909916,POINT (-49.2835909916 -25.4366927703)
2014-05-14 13:18:40.000000,-25.4366927703,-49.2835909916,POINT (-49.2835909916 -25.4366927703)
2014-05-14 13:18:50.000000,-25.4366927703,-49.2835909916,POINT (-49.2835909916 -25.4366927703)
2014-05-14 13:19:00.000000,-25.4366927703,-49.2835909916,POINT (-49.2835909916 -25.4366927703)
2014-05-14 13:19:10.000000,-25.4366927703,-49.2835909916,POINT (-49.2835909916 -25.4366927703)
2014-05-14 13:19:20.000000,-25.4366927703,-49.2835909916,POINT (-49.2835909916 -25.4366927703)
2014-05-14 13:19:30.000000,-25.4366927703,-49.2835909916,POINT (-49.2835909916 -25.4366927703)
2014-05-14 13:19:40.000000,-25.4366927703,-49.2835909916,POINT (-49.2835909916 -25.4366927703)
2014-05-14 13:19:50.000000,-25.4366927703,-49.2835909916,POINT (-49.2835909916 -25.4366927703)
2014-05-14 13:20:00.000000,-25.4366927703,-49.2835909916,POINT (-49.2835909916 -25.4366927703)
2014-05-14 13:20:10.000000,-25.4366927703,-49.2835909916,POINT (-49.2835909916 -25.4366927703)
2014-05-14 13:20:20.000000,-25.4366927703,-49.2835909916,POINT (-49.2835909916 -25.4366927703)
2014-05-14 13:20:30.000000,-25.4366927703,-49.2835909916,POINT (-49.2835909916 -25.4366927703)
2014-05-14 13:20:40.000000,-25.4366927703,-49.2835909916,POINT (-49.2835909916 -25.4366927703)
2014-05-14 13:20:50.000000,-25.4366927703,-49.2835909916,POINT (-49.2835909916 -25.4366927703)
2014-05-14 13:21:00.000000,-25.4366927703,-49.2835909916,POINT (-49.2835909916 -25.4366927703)
2014-05-14 13:21:10.000000,-25.4366927703,-49.2835909916,POINT (-49.2835909916 -25.4366927703)
2014-05-14 13:21:20.000000,-25.4366927703,-49.2835909916,POINT (-49.2835909916 -25.4366927703)
2014-05-14 13:21:30.000000,-25.4366927703,-49.2835909916,POINT (-49.2835909916 -25.4366927703)
2014-05-14 13:21:40.000000,-25.4366927703,-49.2835909916,POINT (-49.2835909916 -25.4366927703)
2014-05-14 13:21:50.000000,-25.4366927703,-49.2835909916,POINT (-49.2835909916 -25.4366927703)
2014-05-14 13:22:00.000000,-25.4366927703,-49.2835909916,POINT (-49.2835909916 -25.4366927703)
2014-05-14 13:22:10.000000,-25.4366927703,-49.2835909916,POINT (-49.2835909916 -25.4366927703)
2014-05-14 13:22:20.000000,-25.4366927703,-49.2835909916,POINT (-49.2835909916 -25.4366927703)
2014-05-14 13:22:30.000000,-25.4366927703,-49.2835909916,POINT (-49.2835909916 -25.4366927703)
2014-05-14 13:22:40.000000,-25.4366927703,-49.2835909916,POINT (-49.2835909916 -25.4366927703)
2014-05-14 13:22:50.000000,-25.4366927703,-49.2835909916,POINT (-49.2835909916 -25.4366927703)
2014-05-14 13:23:00.000000,-25.4366927703,-49.2835909916,POINT (-49.2835909916 -25.4366927703)
2014-05-14 13:23:10.000000,-25.4366927703,-49.2835909916,POINT (-49.2835909916 -25.4366927703)
2014-05-14 13:23:20.000000,-25.4366927703,-49.2835909916,POINT (-49.2835909916 -25.4366927703)
2014-05-14 13:23:30.000000,-25.4366927703,-49.2835909916,POINT (-49.2835909916 -25.4366927703)
2014-05-14 13:23:40.000000,-25.4366927703,-49.2835909916,POINT (-49.2835909916 -25.4366927703)
2014-05-14 13:23:50.000000,-25.4366927703,-49.2835909916,POINT (-49.2835909916 -25.4366927703)
2014-05-14 13:24:00.000000,-25.4366927703,-49.2835909916,POINT (-49.2835909916 -25.4366927703)
2014-05-14 13:24:10.000000,-25.4366927703,-49.2835909916,POINT (-49.2835909916 -25.4366927703)
2014-05-14 13:24:20.000000,-25.4366927703,-49.2835909916,POINT (-49.2835909916 -25.4366927703)
2014-05-14 13:24:30.000000,-25.4366927703,-49.2835909916,POINT (-49.2835909916 -25.4366927703)
2014-05-14 13:24:40.000000,-25.4366927703,-49.2835909916,POINT (-49.2835909916 -25.4366927703)
2014-05-14 13:24:50.000000,-25.4366927703,-49.2835909916,POINT (-49.2835909916 -25.4366927703)
2014-05-14 13:25:00.000000,-25.4366927703,-49.2835909916,POINT (-49.2835909916 -25.4366927703)
2014-05-14 13:25:10.000000,-25.4366927703,-49.2835909916,POINT (-49.2835909916 -25.4366927703)
2014-05-14 13:25:20.000000,-25.4366927703,-49.2835909916,POINT (-49.2835909916 -25.4366927703)
2014-05-14 13:25:30.000000,-25.4366927703,-49.2835909916,POINT (-49.2835909916 -25.4366927703)
2014-05-14 13:25:40.000000,-25.4366927703,-49.2835909916,POINT (-49.2835909916 -25.4366927703)
2014-05-14 13:25:50.000000,-25.4366927703,-49.2835909916,POINT (-49.2835909916 -25.4366927703)
2014-05-14 13:26:00.000000,-25.4366927703,-49.2835909916,POINT (-49.2835909916 -25.4366927703)
2014-05-14 13:26:10.000000,-25.4366927703,-49.2835909916,POINT (-49.2835909916 -25.4366927703)
2014-05-14 13:26:20.000000,-25.4366927703,-49.2835909916,POINT (-49.2835909916 -25.4366927703)
2014-05-14 13:26:30.000000,-25.4366927703,-49.2835909916,POINT (-49.2835909916 -25.4366927703)
2014-05-14 13:26:40.000000,-25.4366927703,-49.2835909916,POINT (-49.2835909916 -25.4366927703)
2014-05-14 13:26:50.000000,-25.4366927703,-49.2835909916,POINT (-49.2835909916 -25.4366927703)
2014-05-14 13:27:00.000000,-25.4366927703,-49.2835909916,POINT (-49.2835909916 -25.4366927703)
2014-05-14 13:27:10.000000,-25.4366927703,-49.2835909916,POINT (-49.2835909916 -25.4366927703)
2014-05-14 13:27:20.000000,-25.4366927703,-49.2835909916,POINT (-49.2835909916 -25.4366927703)
2014-05-14 13:27:30.000000,-25.4366927703,-49.2835909916,POINT (-49.2835909916 -25.4366927703)
2014-05-14 13:27:40.000000,-25.4366927703,-49.2835909916,POINT (-49.2835909916 -25.4366927703)
2014-05-14 13:27:50.000000,-25.4366927703,-49.2835909916,POINT (-49.2835909916 -25.4366927703)
2014-05-14 13:28:00.000000,-25.4366927703,-49.2835909916,POINT (-49.2835909916 -25.4366927703)
2014-05-14 13:28:10.000000,-25.4366927703,-49.2835909916,POINT (-49.2835909916 -25.4366927703)
2014-05-14 13:28:20.000000,-25.4366927703,-49.2835909916,POINT (-49.2835909916 -25.4366927703)
2014-05-14 13:28:30.000000,-25.4366927703,-49.2835909916,POINT (-49.2835909916 -25.4366927703)
2014-05-14 13:28:40.000000,-25.4366927703,-49.2835909916,POINT (-49.2835909916 -25.4366927703)
2014-05-14 13:28:50.000000,-25.4366927703,-49.2835909916,POINT (-49.2835909916 -25.4366927703)
2014-05-14 13:29:00.000000,-25.4366927703,-49.2835909916,POINT (-49.2835909916 -25.4366927703)
2014-05-14 13:29:10.000000,-25.4366927703,-49.2835909916,POINT (-49.2835909916 -25.4366927703)
2014-05-14 13:29:20.000000,-25.4366927703,-49.2835909916,POINT (-49.2835909916 -25.4366927703)
2014-05-14 13:29:30.000000,-25.4366927703,-49.2835909916,POINT (-49.2835909916 -25.4366927703)
2014-05-14 13:29:40.000000,-25.4366927703,-49.2835909916,POINT (-49.2835909916 -25.4366927703)
2014-05-14 13:29:50.000000,-25.4366927703,-49.2835909916,POINT (-49.2835909916 -25.4366927703)
2014-05-14 13:30:00.000000,-25.4366927703,-49.2835909916,POINT (-49.2835909916 -25.4366927703)
2014-05-14 13:30:10.000000,-25.4366927703,-49.2835909916,POINT (-49.2835909916 -25.4366927703)
2014-05-14 13:30:20.000000,-25.4366927703,-49.2835909916,POINT (-49.2835909916 -25.4366927703)
2014-05-14 13:30:30.000000,-25.4366927703,-49.2835909916,POINT (-49.2835909916 -25.4366927703)
2014-05-14 13:30:40.000000,-25.4366927703,-49.2835909916,POINT (-49.2835909916 -25.4366927703)
2014-05-14 13:30:50.000000,-25.4366927703,-49.2835909916,POINT (-49.2835909916 -25.4366927703)
2014-05-14 13:31:00.000000,-25.4366927703,-49.2835909916,POINT (-49.2835909916 -25.4366927703)
2014-05-14 13:31:10.000000,-25.4366927703,-49.2835909916,POINT (-49.2835909916 -25.4366927703)
2014-05-14 13:31:20.000000,-25.4366927703,-49.2835909916,POINT (-49.2835909916 -25.4366927703)
2014-05-14 13:31:30.000000,-25.4366927703,-49.2835909916,POINT (-49.2835909916 -25.4366927703)
2014-05-14 13:31:40.000000,-25.4366927703,-49.2835909916,POINT (-49.2835909916 -25.4366927703)
2014-05-14 13:31:50.000000,-25.4366927703,-49.2835909916,POINT (-49.2835909916 -25.4366927703)
2014-05-14 13:32:00.000000,-25.4366927703,-49.2835909916,POINT (-49.2835909916 -25.4366927703)
2014-05-14 13:32:10.000000,-25.4366927703,-49.2835909916,POINT (-49.2835909916 -25.4366927703)
2014-05-14 13:32:20.000000,-25.4366927703,-49.2835909916,POINT (-49.2835909916 -25.4366927703)
2014-05-14 13:32:30.000000,-25.4366927703,-49.2835909916,POINT (-49.2835909916 -25.4366927703)
2014-05-14 13:32:40.000000,-25.4366927703,-49.2835909916,POINT (-49.2835909916 -25.4366927703)
2014-05-14 13:32:50.000000,-25.4366927703,-49.2835909916,POINT (-49.2835909916 -25.4366927703)
2014-05-14 13:33:00.000000,-25.4366927703,-49.2835909916,POINT (-49.2835909916 -25.4366927703)
2014-05-14 13:33:10.000000,-25.4366927703,-49.2835909916,POINT (-49.2835909916 -25.4366927703)
2014-05-14 13:33:20.000000,-25.4366927703,-49.2835909916,POINT (-49.2835909916 -25.4366927703)
2014-05-14 13:33:30.000000,-25.4366927703,-49.2835909916,POINT (-49.2835909916 -25.4366927703)
2014-05-14 13:33:40.000000,-25.4366927703,-49.2835909916,POINT (-49.2835909916 -25.4366927703)
2014-05-14 13:33:50.000000,-25.4366927703,-49.2835909916,POINT (-49.2835909916 -25.4366927703)
2014-05-14 13:34:00.000000,-25.4366927703,-49.2835909916,POINT (-49.2835909916 -25.4366927703)
2014-05-14 13:34:10.000000,-25.4366927703,-49.2835909916,POINT (-49.2835909916 -25.4366927703)
2014-05-14 13:34:20.000000,-25.4366927703,-49.2835909916,POINT (-49.2835909916 -25.4366927703)
2014-05-14 13:34:30.000000,-25.4366927703,-49.2835909916,POINT (-49.2835909916 -25.4366927703)
2014-05-14 13:34:40.000000,-25.4366927703,-49.2835909916,POINT (-49.2835909916 -25.4366927703)
2014-05-14 13:34:50.000000,-25.4366927703,-49.2835909916,POINT (-49.2835909916 -25.4366927703)
2014-05-14 13:35:00.000000,-25.4366927703,-49.2835909916,POINT (-49.2835909916 -25.4366927703)
2014-05-14 13:35:10.000000,-25.4366927703,-49.2835909916,POINT (-49.2835909916 -25.4366927703)
2014-05-14 13:35:20.000000,-25.4366927703,-49.2835909916,POINT (-49.2835909916 -25.4366927703)
2014-05-14 13:35:30.000000,-25.4366927703,-49.2835909916,POINT (-49.2835909916 -25.4366927703)
2014-05-14 13:35:40.000000,-25.4366927703,-49.2835909916,POINT (-49.2835909916 -25.4366927703)
2014-05-14 13:35:50.000000,-25.4366927703,-49.2835909916,POINT (-49.2835909916 -25.4366927703)
2014-05-14 13:36:00.000000,-25.4366927703,-49.2835909916,POINT (-49.2835909916 -25.4366927703)
2014-05-14 13:36:10.000000,-25.4366927703,-49.2835909916,POINT (-49.2835909916 -25.4366927703)
2014-05-14 13:36:20.000000,-25.4366927703,-49.2835909916,POINT (-49.2835909916 -25.4366927703)
2014-05-14 13:36:30.000000,-25.4366927703,-49.2835909916,POINT (-49.2835909916 -25.4366927703)
2014-05-14 13:36:40.000000,-25.4366927703,-49.2835909916,POINT (-49.2835909916 -25.4366927703)
2014-05-14 13:36:50.000000,-25.4366927703,-49.2835909916,POINT (-49.2835909916 -25.4366927703)
2014-05-14 13:37:00.000000,-25.4366927703,-49.2835909916,POINT (-49.2835909916 -25.4366927703)
2014-05-14 13:37:10.000000,-25.4366927703,-49.2835909916,POINT (-49.2835909916 -25.4366927703)
2014-05-14 13:37:20.000000,-25.4366927703,-49.2835909916,POINT (-49.2835909916 -25.4366927703)
2014-05-14 13:37:30.000000,-25.4366927703,-49.2835909916,POINT (-49.2835909916 -25.4366927703)
2014-05-14 13:37:40.000000,-25.4366927703,-49.2835909916,POINT (-49.2835909916 -25.4366927703)
2014-05-14 13:37:50.000000,-25.4366927703,-49.2835909916,POINT (-49.2835909916 -25.4366927703)
2014-05-14 13:38:00.000000,-25.4366927703,-49.2835909916,POINT (-49.2835909916 -25.4366927703)
2014-05-14 13:38:10.000000,-25.4366927703,-49.2835909916,POINT (-49.2835909916 -25.4366927703)
2014-05-14 13:38:20.000000,-25.4366927703,-49.2835909916,POINT (-49.2835909916 -25.4366927703)
2014-05-14 13:38:30.000000,-25.4366927703,-49.2835909916,POINT (-49.2835909916 -25.4366927703)
2014-05-14 13:38:40.000000,-25.4366927703,-49.2835909916,POINT (-49.2835909916 -25.4366927703)
2014-05-14 13:38:50.000000,-25.4366927703,-49.2835909916,POINT (-49.2835909916 -25.4366927703)
2014-05-14 13:39:00.000000,-25.4366927703,-49.2835909916,POINT (-49.2835909916 -25.4366927703)
2014-05-14 13:39:10.000000,-25.4366927703,-49.2835909916,POINT (-49.2835909916 -25.4366927703)
2014-05-14 13:39:20.000000,-25.4366927703,-49.2835909916,POINT (-49.2835909916 -25.4366927703)
2014-05-14 13:39:30.000000,-25.4366927703,-49.2835909916,POINT (-49.2835909916 -25.4366927703)
2014-05-14 13:39:40.000000,-25.4366927703,-49.2835909916,POINT (-49.2835909916 -25.4366927703)
2014-05-14 13:39:50.000000,-25.4366927703,-49.2835909916,POINT (-49.2835909916 -25.4366927703)
2014-05-14 13:40:00.000000,-25.4366927703,-49.2835909916,POINT (-49.2835909916 -25.4366927703)
2014-05-14 13:40:10.000000,-25.4366927703,-49.2835909916,POINT (-49.2835909916 -25.4366927703)
2014-05-14 13:40:20.000000,-25.4366927703,-49.2835909916,POINT (-49.2835909916 -25.4366927703)
2014-05-14 13:40:30.000000,-25.4366927703,-49.2835909916,POINT (-49.2835909916 -25.4366927703)
2014-05-14 13:40:40.000000,-25.4366927703,-49.2835909916,POINT (-49.2835909916 -25.4366927703)
2014-05-14 13:40:50.000000,-25.4366927703,-49.2835909916,POINT (-49.2835909916 -25.4366927703)
2014-05-14 13:41:00.000000,-25.4366927703,-49.2835909916,POINT (-49.2835909916 -25.4366927703)
2014-05-14 13:41:10.000000,-25.4366927703,-49.2835909916,POINT (-49.2835909916 -25.4366927703)
2014-05-14 13:41:20.000000,-25.4366927703,-49.2835909916,POINT (-49.2835909916 -25.4366927703)
2014-05-14 13:41:30.000000,-25.4366927703,-49.2835909916,POINT (-49.2835909916 -25.4366927703)
2014-05-14 13:41:40.000000,-25.4366927703,-49.2835909916,POINT (-49.2835909916 -25.4366927703)
2014-05-14 13:41:50.000000,-25.4366927703,-49.2835909916,POINT (-49.2835909916 -25.4366927703)
2014-05-14 13:42:00.000000,-25.4366927703,-49.2835909916,POINT (-49.2835909916 -25.4366927703)
2014-05-14 13:42:10.000000,-25.4366927703,-49.2835909916,POINT (-49.2835909916 -25.4366927703)
2014-05-14 13:42:20.000000,-25.4366927703,-49.2835909916,POINT (-49.2835909916 -25.4366927703)
2014-05-14 13:42:30.000000,-25.4366927703,-49.2835909916,POINT (-49.2835909916 -25.4366927703)
2014-05-14 13:42:40.000000,-25.4366927703,-49.2835909916,POINT (-49.2835909916 -25.4366927703)
2014-05-14 13:42:50.000000,-25.4366927703,-49.2835909916,POINT (-49.2835909916 -25.4366927703)
2014-05-14 13:43:00.000000,-25.4366927703,-49.2835909916,POINT (-49.2835909916 -25.4366927703)
2014-05-14 13:43:10.000000,-25.4366927703,-49.2835909916,POINT (-49.2835909916 -25.4366927703)
2014-05-14 13:43:20.000000,-25.4366927703,-49.2835909916,POINT (-49.2835909916 -25.4366927703)
2014-05-14 13:43:30.000000,-25.4366927703,-49.2835909916,POINT (-49.2835909916 -25.4366927703)
2014-05-14 13:43:40.000000,-25.4366927703,-49.2835909916,POINT (-49.2835909916 -25.4366927703)
2014-05-14 13:43:50.000000,-25.4366927703,-49.2835909916,POINT (-49.2835909916 -25.4366927703)
2014-05-14 13:44:00.000000,-25.4366927703,-49.2835909916,POINT (-49.2835909916 -25.4366927703)
2014-05-14 13:44:10.000000,-25.4366927703,-49.2835909916,POINT (-49.2835909916 -25.4366927703)
2014-05-14 13:44:20.000000,-25.4366927703,-49.2835909916,POINT (-49.2835909916 -25.4366927703)
2014-05-14 13:44:30.000000,-25.4366927703,-49.2835909916,POINT (-49.2835909916 -25.4366927703)
2014-05-14 13:44:40.000000,-25.4366927703,-49.2835909916,POINT (-49.2835909916 -25.4366927703)
2014-05-14 13:44:50.000000,-25.4366927703,-49.2835909916,POINT (-49.2835909916 -25.4366927703)
2014-05-14 13:45:00.000000,-25.4366927703,-49.2835909916,POINT (-49.2835909916 -25.4366927703)
2014-05-14 13:45:10.000000,-25.4366927703,-49.2835909916,POINT (-49.2835909916 -25.4366927703)
2014-05-14 13:45:20.000000,-25.4366927703,-49.2835909916,POINT (-49.2835909916 -25.4366927703)
2014-05-14 13:45:30.000000,-25.4366927703,-49.2835909916,POINT (-49.2835909916 -25.4366927703)
2014-05-14 13:45:40.000000,-25.4366927703,-49.2835909916,POINT (-49.2835909916 -25.4366927703)
2014-05-14 13:45:50.000000,-25.4366927703,-49.2835909916,POINT (-49.2835909916 -25.4366927703)
2014-05-14 13:46:00.000000,-25.4366927703,-49.2835909916,POINT (-49.2835909916 -25.4366927703)
2014-05-14 13:46:10.000000,-25.4366927703,-49.2835909916,POINT (-49.2835909916 -25.4366927703)
2014-05-14 13:46:20.000000,-25.4366927703,-49.2835909916,POINT (-49.2835909916 -25.4366927703)
2014-05-14 13:46:30.000000,-25.4366927703,-49.2835909916,POINT (-49.2835909916 -25.4366927703)
2014-05-14 13:46:40.000000,-25.4366927703,-49.2835909916,POINT (-49.2835909916 -25.4366927703)
2014-05-14 13:46:50.000000,-25.4366927703,-49.2835909916,POINT (-49.2835909916 -25.4366927703)
2014-05-14 13:47:00.000000,-25.4366927703,-49.2835909916,POINT (-49.2835909916 -25.4366927703)
2014-05-14 13:47:10.000000,-25.4366927703,-49.2835909916,POINT (-49.2835909916 -25.4366927703)
2014-05-14 13:47:20.000000,-25.4366927703,-49.2835909916,POINT (-49.2835909916 -25.4366927703)
2014-05-14 13:47:30.000000,-25.4366927703,-49.2835909916,POINT (-49.2835909916 -25.4366927703)
2014-05-14 13:47:40.000000,-25.4366927703,-49.2835909916,POINT (-49.2835909916 -25.4366927703)
2014-05-14 13:47:50.000000,-25.4366927703,-49.2835909916,POINT (-49.2835909916 -25.4366927703)
2014-05-14 13:48:00.000000,-25.4366927703,-49.2835909916,POINT (-49.2835909916 -25.4366927703)
2014-05-14 13:48:10.000000,-25.4366927703,-49.2835909916,POINT (-49.2835909916 -25.4366927703)
2014-05-14 13:48:20.000000,-25.4366927703,-49.2835909916,POINT (-49.2835909916 -25.4366927703)
2014-05-14 13:48:30.000000,-25.4366927703,-49.2835909916,POINT (-49.2835909916 -25.4366927703)
2014-05-14 13:48:40.000000,-25.4366927703,-49.2835909916,POINT (-49.2835909916 -25.4366927703)
2014-05-14 13:48:50.000000,-25.4366927703,-49.2835909916,POINT (-49.2835909916 -25.4366927703)
2014-05-14 13:49:00.000000,-25.4366927703,-49.2835909916,POINT (-49.2835909916 -25.4366927703)
2014-05-14 13:49:10.000000,-25.4366927703,-49.2835909916,POINT (-49.2835909916 -25.4366927703)
2014-05-14 13:49:20.000000,-25.4366927703,-49.2835909916,POINT (-49.2835909916 -25.4366927703)
2014-05-14 13:49:30.000000,-25.4366927703,-49.2835909916,POINT (-49.2835909916 -25.4366927703)
2014-05-14 13:49:40.000000,-25.4366927703,-49.2835909916,POINT (-49.2835909916 -25.4366927703)
2014-05-14 13:49:50.000000,-25.4366927703,-49.2835909916,POINT (-49.2835909916 -25.4366927703)
2014-05-14 13:50:00.000000,-25.4366927703,-49.2835909916,POINT (-49.2835909916 -25.4366927703)
2014-05-14 13:50:10.000000,-25.4366927703,-49.2835909916,POINT (-49.2835909916 -25.4366927703)
2014-05-14 13:50:20.000000,-25.4366927703,-49.2835909916,POINT (-49.2835909916 -25.4366927703)
2014-05-14 13:50:30.000000,-25.4366927703,-49.2835909916,POINT (-49.2835909916 -25.4366927703)
2014-05-14 13:50:40.000000,-25.4366927703,-49.2835909916,POINT (-49.2835909916 -25.4366927703)
2014-05-14 13:50:50.000000,-25.4366927703,-49.2835909916,POINT (-49.2835909916 -25.4366927703)
2014-05-14 13:51:00.000000,-25.4366927703,-49.2835909916,POINT (-49.2835909916 -25.4366927703)
2014-05-14 13:51:10.000000,-25.4366927703,-49.2835909916,POINT (-49.2835909916 -25.4366927703)
2014-05-14 13:51:20.000000,-25.4366927703,-49.2835909916,POINT (-49.2835909916 -25.4366927703)
2014-05-14 13:51:30.000000,-25.4366927703,-49.2835909916,POINT (-49.2835909916 -25.4366927703)
2014-05-14 13:51:40.000000,-25.4366927703,-49.2835909916,POINT (-49.2835909916 -25.4366927703)
2014-05-14 13:51:50.000000,-25.4366927703,-49.2835909916,POINT (-49.2835909916 -25.4366927703)
2014-05-14 13:52:00.000000,-25.4366927703,-49.2835909916,POINT (-49.2835909916 -25.4366927703)
2014-05-14 13:52:10.000000,-25.4366927703,-49.2835909916,POINT (-49.2835909916 -25.4366927703)
2014-05-14 13:52:20.000000,-25.4366927703,-49.2835909916,POINT (-49.2835909916 -25.4366927703)
2014-05-14 13:52:30.000000,-25.4366927703,-49.2835909916,POINT (-49.2835909916 -25.4366927703)
2014-05-14 13:52:40.000000,-25.4366927703,-49.2835909916,POINT (-49.2835909916 -25.4366927703)
2014-05-14 13:52:50.000000,-25.4366927703,-49.2835909916,POINT (-49.2835909916 -25.4366927703)
2014-05-14 13:53:00.000000,-25.4366927703,-49.2835909916,POINT (-49.2835909916 -25.4366927703)
2014-05-14 13:53:10.000000,-25.4366927703,-49.2835909916,POINT (-49.2835909916 -25.4366927703)
2014-05-14 13:53:20.000000,-25.4366927703,-49.2835909916,POINT (-49.2835909916 -25.4366927703)
2014-05-14 13:53:30.000000,-25.4366927703,-49.2835909916,POINT (-49.2835909916 -25.4366927703)
2014-05-14 13:53:40.000000,-25.4366927703,-49.2835909916,POINT (-49.2835909916 -25.4366927703)
2014-05-14 13:53:50.000000,-25.4366927703,-49.2835909916,POINT (-49.2835909916 -25.4366927703)
2014-05-14 13:54:00.000000,-25.4366927703,-49.2835909916,POINT (-49.2835909916 -25.4366927703)
2014-05-14 13:54:10.000000,-25.4366927703,-49.2835909916,POINT (-49.2835909916 -25.4366927703)
2014-05-14 13:54:20.000000,-25.4366927703,-49.2835909916,POINT (-49.2835909916 -25.4366927703)
2014-05-14 13:54:30.000000,-25.4366927703,-49.2835909916,POINT (-49.2835909916 -25.4366927703)
2014-05-14 13:54:40.000000,-25.4366927703,-49.2835909916,POINT (-49.2835909916 -25.4366927703)
2014-05-14 13:54:50.000000,-25.4366927703,-49.2835909916,POINT (-49.2835909916 -25.4366927703)
2014-05-14 13:55:00.000000,-25.4366927703,-49.2835909916,POINT (-49.2835909916 -25.4366927703)
2014-05-14 13:55:10.000000,-25.4366927703,-49.2835909916,POINT (-49.2835909916 -25.4366927703)
2014-05-14 13:55:20.000000,-25.4366927703,-49.2835909916,POINT (-49.2835909916 -25.4366927703)
2014-05-14 13:55:30.000000,-25.4366927703,-49.2835909916,POINT (-49.2835909916 -25.4366927703)
2014-05-14 13:55:40.000000,-25.4366927703,-49.2835909916,POINT (-49.2835909916 -25.4366927703)
2014-05-14 13:55:50.000000,-25.4366927703,-49.2835909916,POINT (-49.2835909916 -25.4366927703)
2014-05-14 13:56:00.000000,-25.4366927703,-49.2835909916,POINT (-49.2835909916 -25.4366927703)
2014-05-14 13:56:10.000000,-25.4366927703,-49.2835909916,POINT (-49.2835909916 -25.4366927703)
2014-05-14 13:56:20.000000,-25.4366927703,-49.2835909916,POINT (-49.2835909916 -25.4366927703)
2014-05-14 13:56:30.000000,-25.4366927703,-49.2835909916,POINT (-49.2835909916 -25.4366927703)
2014-05-14 13:56:40.000000,-25.4366927703,-49.2835909916,POINT (-49.2835909916 -25.4366927703)
2014-05-14 13:56:50.000000,-25.4366927703,-49.2835909916,POINT (-49.2835909916 -25.4366927703)
2014-05-14 13:57:00.000000,-25.4366927703,-49.2835909916,POINT (-49.2835909916 -25.4366927703)
2014-05-14 13:57:10.000000,-25.4366927703,-49.2835909916,POINT (-49.2835909916 -25.4366927703)
2014-05-14 13:57:20.000000,-25.4366927703,-49.2835909916,POINT (-49.2835909916 -25.4366927703)
2014-05-14 13:57:30.000000,-25.4366927703,-49.2835909916,POINT (-49.2835909916 -25.4366927703)
2014-05-14 13:57:40.000000,-25.4366927703,-49.2835909916,POINT (-49.2835909916 -25.4366927703)
2014-05-14 13:57:50.000000,-25.4366927703,-49.2835909916,POINT (-49.2835909916 -25.4366927703)
2014-05-14 13:58:00.000000,-25.4366927703,-49.2835909916,POINT (-49.2835909916 -25.4366927703)
2014-05-14 13:58:10.000000,-25.4366927703,-49.2835909916,POINT (-49.2835909916 -25.4366927703)
2014-05-14 13:58:20.000000,-25.4366927703,-49.2835909916,POINT (-49.2835909916 -25.4366927703)
2014-05-14 13:58:30.000000,-25.4366927703,-49.2835909916,POINT (-49.2835909916 -25.4366927703)
2014-05-14 13:58:40.000000,-25.4366927703,-49.2835909916,POINT (-49.2835909916 -25.4366927703)
2014-05-14 13:58:50.000000,-25.4366927703,-49.2835909916,POINT (-49.2835909916 -25.4366927703)
2014-05-14 13:59:00.000000,-25.4366927703,-49.2835909916,POINT (-49.2835909916 -25.4366927703)
2014-05-14 13:59:10.000000,-25.4366927703,-49.2835909916,POINT (-49.2835909916 -25.4366927703)
2014-05-14 13:59:20.000000,-25.4366927703,-49.2835909916,POINT (-49.2835909916 -25.4366927703)
2014-05-14 13:59:30.000000,-25.4366927703,-49.2835909916,POINT (-49.2835909916 -25.4366927703)
2014-05-14 13:59:40.000000,-25.4366927703,-49.2835909916,POINT (-49.2835909916 -25.4366927703)
2014-05-14 13:59:50.000000,-25.4366927703,-49.2835909916,POINT (-49.2835909916 -25.4366927703)
2014-05-14 14:00:00.000000,-25.4366927703,-49.2835909916,POINT (-49.2835909916 -25.4366927703)
2014-05-14 14:00:10.000000,-25.4366927703,-49.2835909916,POINT (-49.2835909916 -25.4366927703)
2014-05-14 14:00:20.000000,-25.4366927703,-49.2835909916,POINT (-49.2835909916 -25.4366927703)
2014-05-14 14:00:30.000000,-25.4366927703,-49.2835909916,POINT (-49.2835909916 -25.4366927703)
2014-05-14 14:00:40.000000,-25.4366927703,-49.2835909916,POINT (-49.2835909916 -25.4366927703)
2014-05-14 14:00:50.000000,-25.4366927703,-49.2835909916,POINT (-49.2835909916 -25.4366927703)
2014-05-14 14:01:00.000000,-25.4366927703,-49.2835909916,POINT (-49.2835909916 -25.4366927703)
2014-05-14 14:01:10.000000,-25.4366927703,-49.2835909916,POINT (-49.2835909916 -25.4366927703)
2014-05-14 14:01:20.000000,-25.4366927703,-49.2835909916,POINT (-49.2835909916 -25.4366927703)
2014-05-14 14:01:30.000000,-25.4366927703,-49.2835909916,POINT (-49.2835909916 -25.4366927703)
2014-05-14 14:01:40.000000,-25.4366927703,-49.2835909916,POINT (-49.2835909916 -25.4366927703)
2014-05-14 14:01:50.000000,-25.4366927703,-49.2835909916,POINT (-49.2835909916 -25.4366927703)
2014-05-14 14:02:00.000000,-25.4366927703,-49.2835909916,POINT (-49.2835909916 -25.4366927703)
2014-05-14 14:02:10.000000,-25.4366927703,-49.2835909916,POINT (-49.2835909916 -25.4366927703)
2014-05-14 14:02:20.000000,-25.4366927703,-49.2835909916,POINT (-49.2835909916 -25.4366927703)
2014-05-14 14:02:30.000000,-25.4366927703,-49.2835909916,POINT (-49.2835909916 -25.4366927703)
2014-05-14 14:02:40.000000,-25.4366927703,-49.2835909916,POINT (-49.2835909916 -25.4366927703)
2014-05-14 14:02:50.000000,-25.4366927703,-49.2835909916,POINT (-49.2835909916 -25.4366927703)
2014-05-14 14:03:00.000000,-25.4366927703,-49.2835909916,POINT (-49.2835909916 -25.4366927703)
2014-05-14 14:03:10.000000,-25.4366927703,-49.2835909916,POINT (-49.2835909916 -25.4366927703)
2014-05-14 14:03:20.000000,-25.4366927703,-49.2835909916,POINT (-49.2835909916 -25.4366927703)
2014-05-14 14:03:30.000000,-25.4366927703,-49.2835909916,POINT (-49.2835909916 -25.4366927703)
2014-05-14 14:03:40.000000,-25.4366927703,-49.2835909916,POINT (-49.2835909916 -25.4366927703)
2014-05-14 14:03:50.000000,-25.4366927703,-49.2835909916,POINT (-49.2835909916 -25.4366927703)
2014-05-14 14:04:00.000000,-25.4366927703,-49.2835909916,POINT (-49.2835909916 -25.4366927703)
2014-05-14 14:04:10.000000,-25.4366927703,-49.2835909916,POINT (-49.2835909916 -25.4366927703)
2014-05-14 14:04:20.000000,-25.4366927703,-49.2835909916,POINT (-49.2835909916 -25.4366927703)
2014-05-14 14:04:30.000000,-25.4366927703,-49.2835909916,POINT (-49.2835909916 -25.4366927703)
2014-05-14 14:04:40.000000,-25.4366927703,-49.2835909916,POINT (-49.2835909916 -25.4366927703)
2014-05-14 14:04:50.000000,-25.4366927703,-49.2835909916,POINT (-49.2835909916 -25.4366927703)
2014-05-14 14:05:00.000000,-25.4366927703,-49.2835909916,POINT (-49.2835909916 -25.4366927703)
2014-05-14 14:05:10.000000,-25.4366927703,-49.2835909916,POINT (-49.2835909916 -25.4366927703)
2014-05-14 14:05:20.000000,-25.4366927703,-49.2835909916,POINT (-49.2835909916 -25.4366927703)
2014-05-14 14:05:30.000000,-25.4366927703,-49.2835909916,POINT (-49.2835909916 -25.4366927703)
2014-05-14 14:05:40.000000,-25.4366927703,-49.2835909916,POINT (-49.2835909916 -25.4366927703)
2014-05-14 14:05:50.000000,-25.4366927703,-49.2835909916,POINT (-49.2835909916 -25.4366927703)
2014-05-14 14:06:00.000000,-25.4366927703,-49.2835909916,POINT (-49.2835909916 -25.4366927703)
2014-05-14 14:06:10.000000,-25.4366927703,-49.2835909916,POINT (-49.2835909916 -25.4366927703)
2014-05-14 14:06:20.000000,-25.4366927703,-49.2835909916,POINT (-49.2835909916 -25.4366927703)
2014-05-14 14:06:30.000000,-25.4366927703,-49.2835909916,POINT (-49.2835909916 -25.4366927703)
2014-05-14 14:06:40.000000,-25.4366927703,-49.2835909916,POINT (-49.2835909916 -25.4366927703)
2014-05-14 14:06:50.000000,-25.4366927703,-49.2835909916,POINT (-49.2835909916 -25.4366927703)
2014-05-14 14:07:00.000000,-25.4366927703,-49.2835909916,POINT (-49.2835909916 -25.4366927703)
2014-05-14 14:07:10.000000,-25.4366927703,-49.2835909916,POINT (-49.2835909916 -25.4366927703)
2014-05-14 14:07:20.000000,-25.4366927703,-49.2835909916,POINT (-49.2835909916 -25.4366927703)
2014-05-14 14:07:30.000000,-25.4366927703,-49.2835909916,POINT (-49.2835909916 -25.4366927703)
2014-05-14 14:07:40.000000,-25.4366927703,-49.2835909916,POINT (-49.2835909916 -25.4366927703)
2014-05-14 14:07:50.000000,-25.4366927703,-49.2835909916,POINT (-49.2835909916 -25.4366927703)
2014-05-14 14:08:00.000000,-25.4366927703,-49.2835909916,POINT (-49.2835909916 -25.4366927703)
2014-05-14 14:08:10.000000,-25.4366927703,-49.2835909916,POINT (-49.2835909916 -25.4366927703)
2014-05-14 14:08:20.000000,-25.4366927703,-49.2835909916,POINT (-49.2835909916 -25.4366927703)
2014-05-14 14:08:30.000000,-25.4366927703,-49.2835909916,POINT (-49.2835909916 -25.4366927703)
2014-05-14 14:08:40.000000,-25.4366927703,-49.2835909916,POINT (-49.2835909916 -25.4366927703)
2014-05-14 14:08:50.000000,-25.4366927703,-49.2835909916,POINT (-49.2835909916 -25.4366927703)
2014-05-14 14:09:00.000000,-25.4366927703,-49.2835909916,POINT (-49.2835909916 -25.4366927703)
2014-05-14 14:09:10.000000,-25.4366927703,-49.2835909916,POINT (-49.2835909916 -25.4366927703)
2014-05-14 14:09:20.000000,-25.4366927703,-49.2835909916,POINT (-49.2835909916 -25.4366927703)
2014-05-14 14:09:30.000000,-25.4366927703,-49.2835909916,POINT (-49.2835909916 -25.4366927703)
2014-05-14 14:09:40.000000,-25.4366927703,-49.2835909916,POINT (-49.2835909916 -25.4366927703)
2014-05-14 14:09:50.000000,-25.4366927703,-49.2835909916,POINT (-49.2835909916 -25.4366927703)
2014-05-14 14:10:00.000000,-25.4366927703,-49.2835909916,POINT (-49.2835909916 -25.4366927703)
2014-05-14 14:10:10.000000,-25.4366927703,-49.2835909916,POINT (-49.2835909916 -25.4366927703)
2014-05-14 14:10:20.000000,-25.4366927703,-49.2835909916,POINT (-49.2835909916 -25.4366927703)
2014-05-14 14:10:30.000000,-25.4366927703,-49.2835909916,POINT (-49.2835909916 -25.4366927703)
2014-05-14 14:10:40.000000,-25.4366927703,-49.2835909916,POINT (-49.2835909916 -25.4366927703)
2014-05-14 14:10:50.000000,-25.4366927703,-49.2835909916,POINT (-49.2835909916 -25.4366927703)
2014-05-14 14:11:00.000000,-25.4366927703,-49.2835909916,POINT (-49.2835909916 -25.4366927703)
2014-05-14 14:11:10.000000,-25.4366927703,-49.2835909916,POINT (-49.2835909916 -25.4366927703)
2014-05-14 14:11:20.000000,-25.4366927703,-49.2835909916,POINT (-49.2835909916 -25.4366927703)
2014-05-14 14:11:30.000000,-25.4366927703,-49.2835909916,POINT (-49.2835909916 -25.4366927703)
2014-05-14 14:11:40.000000,-25.4366927703,-49.2835909916,POINT (-49.2835909916 -25.4366927703)
2014-05-14 14:11:50.000000,-25.4366927703,-49.2835909916,POINT (-49.2835909916 -25.4366927703)
2014-05-14 14:12:00.000000,-25.4366927703,-49.2835909916,POINT (-49.2835909916 -25.4366927703)
2014-05-14 14:12:10.000000,-25.4366927703,-49.2835909916,POINT (-49.2835909916 -25.4366927703)
2014-05-14 14:12:20.000000,-25.4366927703,-49.2835909916,POINT (-49.2835909916 -25.4366927703)
2014-05-14 14:12:30.000000,-25.4366927703,-49.2835909916,POINT (-49.2835909916 -25.4366927703)
2014-05-14 14:12:40.000000,-25.4366927703,-49.2835909916,POINT (-49.2835909916 -25.4366927703)
2014-05-14 14:12:50.000000,-25.4366927703,-49.2835909916,POINT (-49.2835909916 -25.4366927703)
2014-05-14 14:13:00.000000,-25.4366927703,-49.2835909916,POINT (-49.2835909916 -25.4366927703)
2014-05-14 14:13:10.000000,-25.4366927703,-49.2835909916,POINT (-49.2835909916 -25.4366927703)
2014-05-14 14:13:20.000000,-25.4366927703,-49.2835909916,POINT (-49.2835909916 -25.4366927703)
2014-05-14 14:13:30.000000,-25.4366927703,-49.2835909916,POINT (-49.2835909916 -25.4366927703)
2014-05-14 14:13:40.000000,-25.4366927703,-49.2835909916,POINT (-49.2835909916 -25.4366927703)
2014-05-14 14:13:50.000000,-25.4366927703,-49.2835909916,POINT (-49.2835909916 -25.4366927703)
2014-05-14 14:14:00.000000,-25.4366927703,-49.2835909916,POINT (-49.2835909916 -25.4366927703)
2014-05-14 14:14:10.000000,-25.4366927703,-49.2835909916,POINT (-49.2835909916 -25.4366927703)
2014-05-14 14:14:20.000000,-25.4366927703,-49.2835909916,POINT (-49.2835909916 -25.4366927703)
2014-05-14 14:14:30.000000,-25.4366927703,-49.2835909916,POINT (-49.2835909916 -25.4366927703)
2014-05-14 14:14:40.000000,-25.4366927703,-49.2835909916,POINT (-49.2835909916 -25.4366927703)
2014-05-14 14:14:50.000000,-25.4366927703,-49.2835909916,POINT (-49.2835909916 -25.4366927703)
2014-05-14 14:15:00.000000,-25.4366927703,-49.2835909916,POINT (-49.2835909916 -25.4366927703)
2014-05-14 14:15:10.000000,-25.4366927703,-49.2835909916,POINT (-49.2835909916 -25.4366927703)
2014-05-14 14:15:20.000000,-25.4366927703,-49.2835909916,POINT (-49.2835909916 -25.4366927703)
2014-05-14 14:15:30.000000,-25.4366927703,-49.2835909916,POINT (-49.2835909916 -25.4366927703)
2014-05-14 14:15:40.000000,-25.4366927703,-49.2835909916,POINT (-49.2835909916 -25.4366927703)
2014-05-14 14:15:50.000000,-25.4366927703,-49.2835909916,POINT (-49.2835909916 -25.4366927703)
2014-05-14 14:16:00.000000,-25.4366927703,-49.2835909916,POINT (-49.2835909916 -25.4366927703)
2014-05-14 14:16:10.000000,-25.4366927703,-49.2835909916,POINT (-49.2835909916 -25.4366927703)
2014-05-14 14:16:20.000000,-25.4366927703,-49.2835909916,POINT (-49.2835909916 -25.4366927703)
2014-05-14 14:16:30.000000,-25.4366927703,-49.2835909916,POINT (-49.2835909916 -25.4366927703)
2014-05-14 14:16:40.000000,-25.4366927703,-49.2835909916,POINT (-49.2835909916 -25.4366927703)
2014-05-14 14:16:50.000000,-25.4366927703,-49.2835909916,POINT (-49.2835909916 -25.4366927703)
2014-05-14 14:17:00.000000,-25.4366927703,-49.2835909916,POINT (-49.2835909916 -25.4366927703)
2014-05-14 14:17:10.000000,-25.4366927703,-49.2835909916,POINT (-49.2835909916 -25.4366927703)
2014-05-14 14:17:20.000000,-25.4366927703,-49.2835909916,POINT (-49.2835909916 -25.4366927703)
2014-05-14 14:17:30.000000,-25.4366927703,-49.2835909916,POINT (-49.2835909916 -25.4366927703)
2014-05-14 14:17:40.000000,-25.4366927703,-49.2835909916,POINT (-49.2835909916 -25.4366927703)
2014-05-14 14:17:50.000000,-25.4366927703,-49.2835909916,POINT (-49.2835909916 -25.4366927703)
2014-05-14 14:18:00.000000,-25.4366927703,-49.2835909916,POINT (-49.2835909916 -25.4366927703)
2014-05-14 14:18:10.000000,-25.4366927703,-49.2835909916,POINT (-49.2835909916 -25.4366927703)
2014-05-14 14:18:20.000000,-25.4366927703,-49.2835909916,POINT (-49.2835909916 -25.4366927703)
2014-05-14 14:18:30.000000,-25.4366927703,-49.2835909916,POINT (-49.2835909916 -25.4366927703)
2014-05-14 14:18:40.000000,-25.4366927703,-49.2835909916,POINT (-49.2835909916 -25.4366927703)
2014-05-14 14:18:50.000000,-25.4366927703,-49.2835909916,POINT (-49.2835909916 -25.4366927703)
2014-05-14 14:19:00.000000,-25.4366927703,-49.2835909916,POINT (-49.2835909916 -25.4366927703)
2014-05-14 14:19:10.000000,-25.4366927703,-49.2835909916,POINT (-49.2835909916 -25.4366927703)
2014-05-14 14:19:20.000000,-25.4366927703,-49.2835909916,POINT (-49.2835909916 -25.4366927703)
2014-05-14 14:19:30.000000,-25.4366927703,-49.2835909916,POINT (-49.2835909916 -25.4366927703)
2014-05-14 14:19:40.000000,-25.4366927703,-49.2835909916,POINT (-49.2835909916 -25.4366927703)
2014-05-14 14:19:50.000000,-25.4366927703,-49.2835909916,POINT (-49.2835909916 -25.4366927703)
2014-05-14 14:20:00.000000,-25.4366927703,-49.2835909916,POINT (-49.2835909916 -25.4366927703)
2014-05-14 14:20:10.000000,-25.4366927703,-49.2835909916,POINT (-49.2835909916 -25.4366927703)
2014-05-14 14:20:20.000000,-25.4366927703,-49.2835909916,POINT (-49.2835909916 -25.4366927703)
2014-05-14 14:20:30.000000,-25.4366927703,-49.2835909916,POINT (-49.2835909916 -25.4366927703)
2014-05-14 14:20:40.000000,-25.4366927703,-49.2835909916,POINT (-49.2835909916 -25.4366927703)
2014-05-14 14:20:50.000000,-25.4366927703,-49.2835909916,POINT (-49.2835909916 -25.4366927703)
2014-05-14 14:21:00.000000,-25.4366927703,-49.2835909916,POINT (-49.2835909916 -25.4366927703)
2014-05-14 14:21:10.000000,-25.4366927703,-49.2835909916,POINT (-49.2835909916 -25.4366927703)
2014-05-14 14:21:20.000000,-25.4366927703,-49.2835909916,POINT (-49.2835909916 -25.4366927703)
2014-05-14 14:21:30.000000,-25.4366927703,-49.2835909916,POINT (-49.2835909916 -25.4366927703)
2014-05-14 14:21:40.000000,-25.4366927703,-49.2835909916,POINT (-49.2835909916 -25.4366927703)
2014-05-14 14:21:50.000000,-25.4366927703,-49.2835909916,POINT (-49.2835909916 -25.4366927703)
2014-05-14 14:22:00.000000,-25.4366927703,-49.2835909916,POINT (-49.2835909916 -25.4366927703)
2014-05-14 14:22:10.000000,-25.4366927703,-49.2835909916,POINT (-49.2835909916 -25.4366927703)
2014-05-14 14:22:20.000000,-25.4366927703,-49.2835909916,POINT (-49.2835909916 -25.4366927703)
2014-05-14 14:22:30.000000,-25.4366927703,-49.2835909916,POINT (-49.2835909916 -25.4366927703)
2014-05-14 14:22:40.000000,-25.4366927703,-49.2835909916,POINT (-49.2835909916 -25.4366927703)
2014-05-14 14:22:50.000000,-25.4366927703,-49.2835909916,POINT (-49.2835909916 -25.4366927703)
2014-05-14 14:23:00.000000,-25.4366927703,-49.2835909916,POINT (-49.2835909916 -25.4366927703)
2014-05-14 14:23:10.000000,-25.4366927703,-49.2835909916,POINT (-49.2835909916 -25.4366927703)
2014-05-14 14:23:20.000000,-25.4366927703,-49.2835909916,POINT (-49.2835909916 -25.4366927703)
2014-05-14 14:23:30.000000,-25.4366927703,-49.2835909916,POINT (-49.2835909916 -25.4366927703)
2014-05-14 14:23:40.000000,-25.4366927703,-49.2835909916,POINT (-49.2835909916 -25.4366927703)
2014-05-14 14:23:50.000000,-25.4366927703,-49.2835909916,POINT (-49.2835909916 -25.4366927703)
2014-05-14 14:24:00.000000,-25.4366927703,-49.2835909916,POINT (-49.2835909916 -25.4366927703)
2014-05-14 14:24:10.000000,-25.4366927703,-49.2835909916,POINT (-49.2835909916 -25.4366927703)
2014-05-14 14:24:20.000000,-25.4366927703,-49.2835909916,POINT (-49.2835909916 -25.4366927703)
2014-05-14 14:24:30.000000,-25.4366927703,-49.2835909916,POINT (-49.2835909916 -25.4366927703)
2014-05-14 14:24:40.000000,-25.4366927703,-49.2835909916,POINT (-49.2835909916 -25.4366927703)
2014-05-14 14:24:50.000000,-25.4366927703,-49.2835909916,POINT (-49.2835909916 -25.4366927703)
2014-05-14 14:25:00.000000,-25.4366927703,-49.2835909916,POINT (-49.2835909916 -25.4366927703)
2014-05-14 14:25:10.000000,-25.4366927703,-49.2835909916,POINT (-49.2835909916 -25.4366927703)
2014-05-14 14:25:20.000000,-25.4366927703,-49.2835909916,POINT (-49.2835909916 -25.4366927703)
2014-05-14 14:25:30.000000,-25.4366927703,-49.2835909916,POINT (-49.2835909916 -25.4366927703)
2014-05-14 14:25:40.000000,-25.4366927703,-49.2835909916,POINT (-49.2835909916 -25.4366927703)
2014-05-14 14:25:50.000000,-25.4366927703,-49.2835909916,POINT (-49.2835909916 -25.4366927703)
2014-05-14 14:26:00.000000,-25.4366927703,-49.2835909916,POINT (-49.2835909916 -25.4366927703)
2014-05-14 14:26:10.000000,-25.4366927703,-49.2835909916,POINT (-49.2835909916 -25.4366927703)
2014-05-14 14:26:20.000000,-25.4366927703,-49.2835909916,POINT (-49.2835909916 -25.4366927703)
2014-05-14 14:26:30.000000,-25.4366927703,-49.2835909916,POINT (-49.2835909916 -25.4366927703)
2014-05-14 14:26:40.000000,-25.4366927703,-49.2835909916,POINT (-49.2835909916 -25.4366927703)
2014-05-14 14:26:50.000000,-25.4366927703,-49.2835909916,POINT (-49.2835909916 -25.4366927703)
2014-05-14 14:27:00.000000,-25.4366927703,-49.2835909916,POINT (-49.2835909916 -25.4366927703)
2014-05-14 14:27:10.000000,-25.4366927703,-49.2835909916,POINT (-49.2835909916 -25.4366927703)
2014-05-14 14:27:20.000000,-25.4366927703,-49.2835909916,POINT (-49.2835909916 -25.4366927703)
2014-05-14 14:27:30.000000,-25.4366927703,-49.2835909916,POINT (-49.2835909916 -25.4366927703)
2014-05-14 14:27:40.000000,-25.4366927703,-49.2835909916,POINT (-49.2835909916 -25.4366927703)
2014-05-14 14:27:50.000000,-25.4366927703,-49.2835909916,POINT (-49.2835909916 -25.4366927703)
2014-05-14 14:28:00.000000,-25.4366927703,-49.2835909916,POINT (-49.2835909916 -25.4366927703)
2014-05-14 14:28:10.000000,-25.4366927703,-49.2835909916,POINT (-49.2835909916 -25.4366927703)
2014-05-14 14:28:20.000000,-25.4366927703,-49.2835909916,POINT (-49.2835909916 -25.4366927703)
2014-05-14 14:28:30.000000,-25.4366927703,-49.2835909916,POINT (-49.2835909916 -25.4366927703)
2014-05-14 14:28:40.000000,-25.4366927703,-49.2835909916,POINT (-49.2835909916 -25.4366927703)
2014-05-14 14:28:50.000000,-25.4366927703,-49.2835909916,POINT (-49.2835909916 -25.4366927703)
2014-05-14 14:29:00.000000,-25.4366927703,-49.2835909916,POINT (-49.2835909916 -25.4366927703)
2014-05-14 14:29:10.000000,-25.4366927703,-49.2835909916,POINT (-49.2835909916 -25.4366927703)
2014-05-14 14:29:20.000000,-25.4366927703,-49.2835909916,POINT (-49.2835909916 -25.4366927703)
2014-05-14 14:29:30.000000,-25.4366927703,-49.2835909916,POINT (-49.2835909916 -25.4366927703)
2014-05-14 14:29:40.000000,-25.4366927703,-49.2835909916,POINT (-49.2835909916 -25.4366927703)
2014-05-14 14:29:50.000000,-25.4366927703,-49.2835909916,POINT (-49.2835909916 -25.4366927703)
2014-05-14 14:30:00.000000,-25.4366927703,-49.2835909916,POINT (-49.2835909916 -25.4366927703)
2014-05-14 14:30:10.000000,-25.4366927703,-49.2835909916,POINT (-49.2835909916 -25.4366927703)
2014-05-14 14:30:20.000000,-25.4366927703,-49.2835909916,POINT (-49.2835909916 -25.4366927703)
2014-05-14 14:30:30.000000,-25.4366927703,-49.2835909916,POINT (-49.2835909916 -25.4366927703)
2014-05-14 14:30:40.000000,-25.4366927703,-49.2835909916,POINT (-49.2835909916 -25.4366927703)
2014-05-14 14:30:50.000000,-25.4366927703,-49.2835909916,POINT (-49.2835909916 -25.4366927703)
2014-05-14 14:31:00.000000,-25.4366927703,-49.2835909916,POINT (-49.2835909916 -25.4366927703)
2014-05-14 14:31:10.000000,-25.4366927703,-49.2835909916,POINT (-49.2835909916 -25.4366927703)
2014-05-14 14:31:20.000000,-25.4366927703,-49.2835909916,POINT (-49.2835909916 -25.4366927703)
2014-05-14 14:31:30.000000,-25.4366927703,-49.2835909916,POINT (-49.2835909916 -25.4366927703)
2014-05-14 14:31:40.000000,-25.4366927703,-49.2835909916,POINT (-49.2835909916 -25.4366927703)
2014-05-14 14:31:50.000000,-25.4366927703,-49.2835909916,POINT (-49.2835909916 -25.4366927703)
2014-05-14 14:32:00.000000,-25.4366927703,-49.2835909916,POINT (-49.2835909916 -25.4366927703)
2014-05-14 14:32:10.000000,-25.4366927703,-49.2835909916,POINT (-49.2835909916 -25.4366927703)
2014-05-14 14:32:20.000000,-25.4366927703,-49.2835909916,POINT (-49.2835909916 -25.4366927703)
2014-05-14 14:32:30.000000,-25.4366927703,-49.2835909916,POINT (-49.2835909916 -25.4366927703)
2014-05-14 14:32:40.000000,-25.4366927703,-49.2835909916,POINT (-49.2835909916 -25.4366927703)
2014-05-14 14:32:50.000000,-25.4366927703,-49.2835909916,POINT (-49.2835909916 -25.4366927703)
2014-05-14 14:33:00.000000,-25.4366927703,-49.2835909916,POINT (-49.2835909916 -25.4366927703)
2014-05-14 14:33:10.000000,-25.4366927703,-49.2835909916,POINT (-49.2835909916 -25.4366927703)
2014-05-14 14:33:20.000000,-25.4366927703,-49.2835909916,POINT (-49.2835909916 -25.4366927703)
2014-05-14 14:33:30.000000,-25.4366927703,-49.2835909916,POINT (-49.2835909916 -25.4366927703)
2014-05-14 14:33:40.000000,-25.4366927703,-49.2835909916,POINT (-49.2835909916 -25.4366927703)
2014-05-14 14:33:50.000000,-25.4366927703,-49.2835909916,POINT (-49.2835909916 -25.4366927703)
2014-05-14 14:34:00.000000,-25.4366927703,-49.2835909916,POINT (-49.2835909916 -25.4366927703)
2014-05-14 14:34:10.000000,-25.4366927703,-49.2835909916,POINT (-49.2835909916 -25.4366927703)
2014-05-14 14:34:20.000000,-25.4366927703,-49.2835909916,POINT (-49.2835909916 -25.4366927703)
2014-05-14 14:34:30.000000,-25.4366927703,-49.2835909916,POINT (-49.2835909916 -25.4366927703)
2014-05-14 14:34:40.000000,-25.4366927703,-49.2835909916,POINT (-49.2835909916 -25.4366927703)
2014-05-14 14:34:50.000000,-25.4366927703,-49.2835909916,POINT (-49.2835909916 -25.4366927703)
2014-05-14 14:35:00.000000,-25.4366927703,-49.2835909916,POINT (-49.2835909916 -25.4366927703)
2014-05-14 14:35:10.000000,-25.4366927703,-49.2835909916,POINT (-49.2835909916 -25.4366927703)
2014-05-14 14:35:20.000000,-25.4366927703,-49.2835909916,POINT (-49.2835909916 -25.4366927703)
2014-05-14 14:35:30.000000,-25.4366927703,-49.2835909916,POINT (-49.2835909916 -25.4366927703)
2014-05-14 14:35:40.000000,-25.4366927703,-49.2835909916,POINT (-49.2835909916 -25.4366927703)
2014-05-14 14:35:50.000000,-25.4366927703,-49.2835909916,POINT (-49.2835909916 -25.4366927703)
2014-05-14 14:36:00.000000,-25.4366927703,-49.2835909916,POINT (-49.2835909916 -25.4366927703)
2014-05-14 14:36:10.000000,-25.4366927703,-49.2835909916,POINT (-49.2835909916 -25.4366927703)
2014-05-14 14:36:20.000000,-25.4366927703,-49.2835909916,POINT (-49.2835909916 -25.4366927703)
2014-05-14 14:36:30.000000,-25.4366927703,-49.2835909916,POINT (-49.2835909916 -25.4366927703)
2014-05-14 14:36:40.000000,-25.4366927703,-49.2835909916,POINT (-49.2835909916 -25.4366927703)
2014-05-14 14:36:50.000000,-25.4366927703,-49.2835909916,POINT (-49.2835909916 -25.4366927703)
2014-05-14 14:37:00.000000,-25.4366927703,-49.2835909916,POINT (-49.2835909916 -25.4366927703)
2014-05-14 14:37:10.000000,-25.4366927703,-49.2835909916,POINT (-49.2835909916 -25.4366927703)
2014-05-14 14:37:20.000000,-25.4366927703,-49.2835909916,POINT (-49.2835909916 -25.4366927703)
2014-05-14 14:37:30.000000,-25.4366927703,-49.2835909916,POINT (-49.2835909916 -25.4366927703)
2014-05-14 14:37:40.000000,-25.4366927703,-49.2835909916,POINT (-49.2835909916 -25.4366927703)
2014-05-14 14:37:50.000000,-25.4366927703,-49.2835909916,POINT (-49.2835909916 -25.4366927703)
2014-05-14 14:38:00.000000,-25.4366927703,-49.2835909916,POINT (-49.2835909916 -25.4366927703)
2014-05-14 14:38:10.000000,-25.4366927703,-49.2835909916,POINT (-49.2835909916 -25.4366927703)
2014-05-14 14:38:20.000000,-25.4366927703,-49.2835909916,POINT (-49.2835909916 -25.4366927703)
2014-05-14 14:38:30.000000,-25.4366927703,-49.2835909916,POINT (-49.2835909916 -25.4366927703)
2014-05-14 14:38:40.000000,-25.4366927703,-49.2835909916,POINT (-49.2835909916 -25.4366927703)
2014-05-14 14:38:50.000000,-25.4366927703,-49.2835909916,POINT (-49.2835909916 -25.4366927703)
2014-05-14 14:39:00.000000,-25.4366927703,-49.2835909916,POINT (-49.2835909916 -25.4366927703)
2014-05-14 14:39:10.000000,-25.4366927703,-49.2835909916,POINT (-49.2835909916 -25.4366927703)
2014-05-14 14:39:20.000000,-25.4366927703,-49.2835909916,POINT (-49.2835909916 -25.4366927703)
2014-05-14 14:39:30.000000,-25.4366927703,-49.2835909916,POINT (-49.2835909916 -25.4366927703)
2014-05-14 14:39:40.000000,-25.4366927703,-49.2835909916,POINT (-49.2835909916 -25.4366927703)
2014-05-14 14:39:50.000000,-25.4366927703,-49.2835909916,POINT (-49.2835909916 -25.4366927703)
2014-05-14 14:40:00.000000,-25.4366927703,-49.2835909916,POINT (-49.2835909916 -25.4366927703)
2014-05-14 14:40:10.000000,-25.4366927703,-49.2835909916,POINT (-49.2835909916 -25.4366927703)
2014-05-14 14:40:20.000000,-25.4366927703,-49.2835909916,POINT (-49.2835909916 -25.4366927703)
2014-05-14 14:40:30.000000,-25.4366927703,-49.2835909916,POINT (-49.2835909916 -25.4366927703)
2014-05-14 14:40:40.000000,-25.4366927703,-49.2835909916,POINT (-49.2835909916 -25.4366927703)
2014-05-14 14:40:50.000000,-25.4366927703,-49.2835909916,POINT (-49.2835909916 -25.4366927703)
2014-05-14 14:41:00.000000,-25.4366927703,-49.2835909916,POINT (-49.2835909916 -25.4366927703)
2014-05-14 14:41:10.000000,-25.4366927703,-49.2835909916,POINT (-49.2835909916 -25.4366927703)
2014-05-14 14:41:20.000000,-25.4366927703,-49.2835909916,POINT (-49.2835909916 -25.4366927703)
2014-05-14 14:41:30.000000,-25.4366927703,-49.2835909916,POINT (-49.2835909916 -25.4366927703)
2014-05-14 14:41:40.000000,-25.4366927703,-49.2835909916,POINT (-49.2835909916 -25.4366927703)
2014-05-14 14:41:50.000000,-25.4366927703,-49.2835909916,POINT (-49.2835909916 -25.4366927703)
2014-05-14 14:42:00.000000,-25.4366927703,-49.2835909916,POINT (-49.2835909916 -25.4366927703)
2014-05-14 14:42:10.000000,-25.4366927703,-49.2835909916,POINT (-49.2835909916 -25.4366927703)
2014-05-14 14:42:20.000000,-25.4366927703,-49.2835909916,POINT (-49.2835909916 -25.4366927703)
2014-05-14 14:42:30.000000,-25.4366927703,-49.2835909916,POINT (-49.2835909916 -25.4366927703)
2014-05-14 14:42:40.000000,-25.4366927703,-49.2835909916,POINT (-49.2835909916 -25.4366927703)
2014-05-14 14:42:50.000000,-25.4366927703,-49.2835909916,POINT (-49.2835909916 -25.4366927703)
2014-05-14 14:43:00.000000,-25.4366927703,-49.2835909916,POINT (-49.2835909916 -25.4366927703)
2014-05-14 14:43:10.000000,-25.4366927703,-49.2835909916,POINT (-49.2835909916 -25.4366927703)
2014-05-14 14:43:20.000000,-25.4366927703,-49.2835909916,POINT (-49.2835909916 -25.4366927703)
2014-05-14 14:43:30.000000,-25.4366927703,-49.2835909916,POINT (-49.2835909916 -25.4366927703)
2014-05-14 14:43:40.000000,-25.4366927703,-49.2835909916,POINT (-49.2835909916 -25.4366927703)
2014-05-14 14:43:50.000000,-25.4366927703,-49.2835909916,POINT (-49.2835909916 -25.4366927703)
2014-05-14 14:44:00.000000,-25.4366927703,-49.2835909916,POINT (-49.2835909916 -25.4366927703)
2014-05-14 14:44:10.000000,-25.4366927703,-49.2835909916,POINT (-49.2835909916 -25.4366927703)
2014-05-14 14:44:20.000000,-25.4366927703,-49.2835909916,POINT (-49.2835909916 -25.4366927703)
2014-05-14 14:44:30.000000,-25.4366927703,-49.2835909916,POINT (-49.2835909916 -25.4366927703)
2014-05-14 14:44:40.000000,-25.4366927703,-49.2835909916,POINT (-49.2835909916 -25.4366927703)
2014-05-14 14:44:50.000000,-25.4366927703,-49.2835909916,POINT (-49.2835909916 -25.4366927703)
2014-05-14 14:45:00.000000,-25.4366927703,-49.2835909916,POINT (-49.2835909916 -25.4366927703)
2014-05-14 14:45:10.000000,-25.4366927703,-49.2835909916,POINT (-49.2835909916 -25.4366927703)
2014-05-14 14:45:20.000000,-25.4366927703,-49.2835909916,POINT (-49.2835909916 -25.4366927703)
2014-05-14 14:45:30.000000,-25.4366927703,-49.2835909916,POINT (-49.2835909916 -25.4366927703)
2014-05-14 14:45:40.000000,-25.4366927703,-49.2835909916,POINT (-49.2835909916 -25.4366927703)
2014-05-14 14:45:50.000000,-25.4366927703,-49.2835909916,POINT (-49.2835909916 -25.4366927703)
2014-05-14 14:46:00.000000,-25.4366927703,-49.2835909916,POINT (-49.2835909916 -25.4366927703)
2014-05-14 14:46:10.000000,-25.4366927703,-49.2835909916,POINT (-49.2835909916 -25.4366927703)
2014-05-14 14:46:20.000000,-25.4366927703,-49.2835909916,POINT (-49.2835909916 -25.4366927703)
2014-05-14 14:46:30.000000,-25.4366927703,-49.2835909916,POINT (-49.2835909916 -25.4366927703)
2014-05-14 14:46:40.000000,-25.4366927703,-49.2835909916,POINT (-49.2835909916 -25.4366927703)
2014-05-14 14:46:50.000000,-25.4366927703,-49.2835909916,POINT (-49.2835909916 -25.4366927703)
2014-05-14 14:47:00.000000,-25.4366927703,-49.2835909916,POINT (-49.2835909916 -25.4366927703)
2014-05-14 14:47:10.000000,-25.4366927703,-49.2835909916,POINT (-49.2835909916 -25.4366927703)
2014-05-14 14:47:20.000000,-25.4366927703,-49.2835909916,POINT (-49.2835909916 -25.4366927703)
2014-05-14 14:47:30.000000,-25.4366927703,-49.2835909916,POINT (-49.2835909916 -25.4366927703)
2014-05-14 14:47:40.000000,-25.4366927703,-49.2835909916,POINT (-49.2835909916 -25.4366927703)
2014-05-14 14:47:50.000000,-25.4366927703,-49.2835909916,POINT (-49.2835909916 -25.4366927703)
2014-05-14 14:48:00.000000,-25.4366927703,-49.2835909916,POINT (-49.2835909916 -25.4366927703)
2014-05-14 14:48:10.000000,-25.4366927703,-49.2835909916,POINT (-49.2835909916 -25.4366927703)
2014-05-14 14:48:20.000000,-25.4366927703,-49.2835909916,POINT (-49.2835909916 -25.4366927703)
2014-05-14 14:48:30.000000,-25.4366927703,-49.2835909916,POINT (-49.2835909916 -25.4366927703)
2014-05-14 14:48:40.000000,-25.4366927703,-49.2835909916,POINT (-49.2835909916 -25.4366927703)
2014-05-14 14:48:50.000000,-25.4366927703,-49.2835909916,POINT (-49.2835909916 -25.4366927703)
2014-05-14 14:49:00.000000,-25.4366927703,-49.2835909916,POINT (-49.2835909916 -25.4366927703)
2014-05-14 14:49:10.000000,-25.4366927703,-49.2835909916,POINT (-49.2835909916 -25.4366927703)
2014-05-14 14:49:20.000000,-25.4366927703,-49.2835909916,POINT (-49.2835909916 -25.4366927703)
2014-05-14 14:49:30.000000,-25.4366927703,-49.2835909916,POINT (-49.2835909916 -25.4366927703)
2014-05-14 14:49:40.000000,-25.4366927703,-49.2835909916,POINT (-49.2835909916 -25.4366927703)
2014-05-14 14:49:50.000000,-25.4366927703,-49.2835909916,POINT (-49.2835909916 -25.4366927703)
2014-05-14 14:50:00.000000,-25.4366927703,-49.2835909916,POINT (-49.2835909916 -25.4366927703)
2014-05-14 14:50:10.000000,-25.4366927703,-49.2835909916,POINT (-49.2835909916 -25.4366927703)
2014-05-14 14:50:20.000000,-25.4366927703,-49.2835909916,POINT (-49.2835909916 -25.4366927703)
2014-05-14 14:50:30.000000,-25.4366927703,-49.2835909916,POINT (-49.2835909916 -25.4366927703)
2014-05-14 14:50:40.000000,-25.4366927703,-49.2835909916,POINT (-49.2835909916 -25.4366927703)
2014-05-14 14:50:50.000000,-25.4366927703,-49.2835909916,POINT (-49.2835909916 -25.4366927703)
2014-05-14 14:51:00.000000,-25.4366927703,-49.2835909916,POINT (-49.2835909916 -25.4366927703)
2014-05-14 14:51:10.000000,-25.4366927703,-49.2835909916,POINT (-49.2835909916 -25.4366927703)
2014-05-14 14:51:20.000000,-25.4366927703,-49.2835909916,POINT (-49.2835909916 -25.4366927703)
2014-05-14 14:51:30.000000,-25.4366927703,-49.2835909916,POINT (-49.2835909916 -25.4366927703)
2014-05-14 14:51:40.000000,-25.4366927703,-49.2835909916,POINT (-49.2835909916 -25.4366927703)
2014-05-14 14:51:50.000000,-25.4366927703,-49.2835909916,POINT (-49.2835909916 -25.4366927703)
2014-05-14 14:52:00.000000,-25.4366927703,-49.2835909916,POINT (-49.2835909916 -25.4366927703)
2014-05-14 14:52:10.000000,-25.4366927703,-49.2835909916,POINT (-49.2835909916 -25.4366927703)
2014-05-14 14:52:20.000000,-25.4366927703,-49.2835909916,POINT (-49.2835909916 -25.4366927703)
2014-05-14 14:52:30.000000,-25.4366927703,-49.2835909916,POINT (-49.2835909916 -25.4366927703)
2014-05-14 14:52:40.000000,-25.4366927703,-49.2835909916,POINT (-49.2835909916 -25.4366927703)
2014-05-14 14:52:50.000000,-25.4366927703,-49.2835909916,POINT (-49.2835909916 -25.4366927703)
2014-05-14 14:53:00.000000,-25.4366927703,-49.2835909916,POINT (-49.2835909916 -25.4366927703)
2014-05-14 14:53:10.000000,-25.4366927703,-49.2835909916,POINT (-49.2835909916 -25.4366927703)
2014-05-14 14:53:20.000000,-25.4366927703,-49.2835909916,POINT (-49.2835909916 -25.4366927703)
2014-05-14 14:53:30.000000,-25.4366927703,-49.2835909916,POINT (-49.2835909916 -25.4366927703)
2014-05-14 14:53:40.000000,-25.4366927703,-49.2835909916,POINT (-49.2835909916 -25.4366927703)
2014-05-14 14:53:50.000000,-25.4366927703,-49.2835909916,POINT (-49.2835909916 -25.4366927703)
2014-05-14 14:54:00.000000,-25.4366927703,-49.2835909916,POINT (-49.2835909916 -25.4366927703)
2014-05-14 14:54:10.000000,-25.4366927703,-49.2835909916,POINT (-49.2835909916 -25.4366927703)
2014-05-14 14:54:20.000000,-25.4366927703,-49.2835909916,POINT (-49.2835909916 -25.4366927703)
2014-05-14 14:54:30.000000,-25.4366927703,-49.2835909916,POINT (-49.2835909916 -25.4366927703)
2014-05-14 14:54:40.000000,-25.4366927703,-49.2835909916,POINT (-49.2835909916 -25.4366927703)
2014-05-14 14:54:50.000000,-25.4366927703,-49.2835909916,POINT (-49.2835909916 -25.4366927703)
2014-05-14 14:55:00.000000,-25.4366927703,-49.2835909916,POINT (-49.2835909916 -25.4366927703)
2014-05-14 14:55:10.000000,-25.4366927703,-49.2835909916,POINT (-49.2835909916 -25.4366927703)
2014-05-14 14:55:20.000000,-25.4366927703,-49.2835909916,POINT (-49.2835909916 -25.4366927703)
2014-05-14 14:55:30.000000,-25.4366927703,-49.2835909916,POINT (-49.2835909916 -25.4366927703)
2014-05-14 14:55:40.000000,-25.4366927703,-49.2835909916,POINT (-49.2835909916 -25.4366927703)
2014-05-14 14:55:50.000000,-25.4366927703,-49.2835909916,POINT (-49.2835909916 -25.4366927703)
2014-05-14 14:56:00.000000,-25.4366927703,-49.2835909916,POINT (-49.2835909916 -25.4366927703)
2014-05-14 14:56:10.000000,-25.4366927703,-49.2835909916,POINT (-49.2835909916 -25.4366927703)
2014-05-14 14:56:20.000000,-25.4366927703,-49.2835909916,POINT (-49.2835909916 -25.4366927703)
2014-05-14 14:56:30.000000,-25.4366927703,-49.2835909916,POINT (-49.2835909916 -25.4366927703)
2014-05-14 14:56:40.000000,-25.4366927703,-49.2835909916,POINT (-49.2835909916 -25.4366927703)
2014-05-14 14:56:50.000000,-25.4366927703,-49.2835909916,POINT (-49.2835909916 -25.4366927703)
2014-05-14 14:57:00.000000,-25.4366927703,-49.2835909916,POINT (-49.2835909916 -25.4366927703)
2014-05-14 14:57:10.000000,-25.4366927703,-49.2835909916,POINT (-49.2835909916 -25.4366927703)
2014-05-14 14:57:20.000000,-25.4366927703,-49.2835909916,POINT (-49.2835909916 -25.4366927703)
2014-05-14 14:57:30.000000,-25.4366927703,-49.2835909916,POINT (-49.2835909916 -25.4366927703)
2014-05-14 14:57:40.000000,-25.4366927703,-49.2835909916,POINT (-49.2835909916 -25.4366927703)
2014-05-14 14:57:50.000000,-25.4366927703,-49.2835909916,POINT (-49.2835909916 -25.4366927703)
2014-05-14 14:58:00.000000,-25.4366927703,-49.2835909916,POINT (-49.2835909916 -25.4366927703)
2014-05-14 14:58:10.000000,-25.4366927703,-49.2835909916,POINT (-49.2835909916 -25.4366927703)
2014-05-14 14:58:20.000000,-25.4366927703,-49.2835909916,POINT (-49.2835909916 -25.4366927703)
2014-05-14 14:58:30.000000,-25.4366927703,-49.2835909916,POINT (-49.2835909916 -25.4366927703)
2014-05-14 14:58:40.000000,-25.4366927703,-49.2835909916,POINT (-49.2835909916 -25.4366927703)
2014-05-14 14:58:50.000000,-25.4366927703,-49.2835909916,POINT (-49.2835909916 -25.4366927703)
2014-05-14 14:59:00.000000,-25.4366927703,-49.2835909916,POINT (-49.2835909916 -25.4366927703)
2014-05-14 14:59:10.000000,-25.4366927703,-49.2835909916,POINT (-49.2835909916 -25.4366927703)
2014-05-14 14:59:20.000000,-25.4366927703,-49.2835909916,POINT (-49.2835909916 -25.4366927703)
2014-05-14 14:59:30.000000,-25.4366927703,-49.2835909916,POINT (-49.2835909916 -25.4366927703)
2014-05-14 14:59:40.000000,-25.4366927703,-49.2835909916,POINT (-49.2835909916 -25.4366927703)
2014-05-14 14:59:50.000000,-25.4366927703,-49.2835909916,POINT (-49.2835909916 -25.4366927703)
2014-05-14 15:00:00.000000,-25.4366927703,-49.2835909916,POINT (-49.2835909916 -25.4366927703)
2014-05-14 15:00:10.000000,-25.4366927703,-49.2835909916,POINT (-49.2835909916 -25.4366927703)
2014-05-14 15:00:20.000000,-25.4366927703,-49.2835909916,POINT (-49.2835909916 -25.4366927703)
2014-05-14 15:00:30.000000,-25.4366927703,-49.2835909916,POINT (-49.2835909916 -25.4366927703)
2014-05-14 15:00:40.000000,-25.4366927703,-49.2835909916,POINT (-49.2835909916 -25.4366927703)
2014-05-14 15:00:50.000000,-25.4366927703,-49.2835909916,POINT (-49.2835909916 -25.4366927703)
2014-05-14 15:01:00.000000,-25.4366927703,-49.2835909916,POINT (-49.2835909916 -25.4366927703)
2014-05-14 15:01:10.000000,-25.4366927703,-49.2835909916,POINT (-49.2835909916 -25.4366927703)
2014-05-14 15:01:20.000000,-25.4366927703,-49.2835909916,POINT (-49.2835909916 -25.4366927703)
2014-05-14 15:01:30.000000,-25.4366927703,-49.2835909916,POINT (-49.2835909916 -25.4366927703)
2014-05-14 15:01:40.000000,-25.4366927703,-49.2835909916,POINT (-49.2835909916 -25.4366927703)
2014-05-14 15:01:50.000000,-25.4366927703,-49.2835909916,POINT (-49.2835909916 -25.4366927703)
2014-05-14 15:02:00.000000,-25.4366927703,-49.2835909916,POINT (-49.2835909916 -25.4366927703)
2014-05-14 15:02:10.000000,-25.4366927703,-49.2835909916,POINT (-49.2835909916 -25.4366927703)
2014-05-14 15:02:20.000000,-25.4366927703,-49.2835909916,POINT (-49.2835909916 -25.4366927703)
2014-05-14 15:02:30.000000,-25.4366927703,-49.2835909916,POINT (-49.2835909916 -25.4366927703)
2014-05-14 15:02:40.000000,-25.4366927703,-49.2835909916,POINT (-49.2835909916 -25.4366927703)
2014-05-14 15:02:50.000000,-25.4366927703,-49.2835909916,POINT (-49.2835909916 -25.4366927703)
2014-05-14 15:03:00.000000,-25.4366927703,-49.2835909916,POINT (-49.2835909916 -25.4366927703)
2014-05-14 15:03:10.000000,-25.4366927703,-49.2835909916,POINT (-49.2835909916 -25.4366927703)
2014-05-14 15:03:20.000000,-25.4366927703,-49.2835909916,POINT (-49.2835909916 -25.4366927703)
2014-05-14 15:03:30.000000,-25.4366927703,-49.2835909916,POINT (-49.2835909916 -25.4366927703)
2014-05-14 15:03:40.000000,-25.4366927703,-49.2835909916,POINT (-49.2835909916 -25.4366927703)
2014-05-14 15:03:50.000000,-25.4366927703,-49.2835909916,POINT (-49.2835909916 -25.4366927703)
2014-05-14 15:04:00.000000,-25.4366927703,-49.2835909916,POINT (-49.2835909916 -25.4366927703)
2014-05-14 15:04:10.000000,-25.4366927703,-49.2835909916,POINT (-49.2835909916 -25.4366927703)
2014-05-14 15:04:20.000000,-25.4366927703,-49.2835909916,POINT (-49.2835909916 -25.4366927703)
2014-05-14 15:04:30.000000,-25.4366927703,-49.2835909916,POINT (-49.2835909916 -25.4366927703)
2014-05-14 15:04:40.000000,-25.4366927703,-49.2835909916,POINT (-49.2835909916 -25.4366927703)
2014-05-14 15:04:50.000000,-25.4366927703,-49.2835909916,POINT (-49.2835909916 -25.4366927703)
2014-05-14 15:05:00.000000,-25.4366927703,-49.2835909916,POINT (-49.2835909916 -25.4366927703)
2014-05-14 15:05:10.000000,-25.4366927703,-49.2835909916,POINT (-49.2835909916 -25.4366927703)
2014-05-14 15:05:20.000000,-25.4366927703,-49.2835909916,POINT (-49.2835909916 -25.4366927703)
2014-05-14 15:05:30.000000,-25.4366927703,-49.2835909916,POINT (-49.2835909916 -25.4366927703)
2014-05-14 15:05:40.000000,-25.4366927703,-49.2835909916,POINT (-49.2835909916 -25.4366927703)
2014-05-14 15:05:50.000000,-25.4366927703,-49.2835909916,POINT (-49.2835909916 -25.4366927703)
2014-05-14 15:06:00.000000,-25.4366927703,-49.2835909916,POINT (-49.2835909916 -25.4366927703)
2014-05-14 15:06:10.000000,-25.4366927703,-49.2835909916,POINT (-49.2835909916 -25.4366927703)
2014-05-14 15:06:20.000000,-25.4366927703,-49.2835909916,POINT (-49.2835909916 -25.4366927703)
2014-05-14 15:06:30.000000,-25.4366927703,-49.2835909916,POINT (-49.2835909916 -25.4366927703)
2014-05-14 15:06:40.000000,-25.4366927703,-49.2835909916,POINT (-49.2835909916 -25.4366927703)
2014-05-14 15:06:50.000000,-25.4366927703,-49.2835909916,POINT (-49.2835909916 -25.4366927703)
2014-05-14 15:07:00.000000,-25.4366927703,-49.2835909916,POINT (-49.2835909916 -25.4366927703)
2014-05-14 15:07:10.000000,-25.4366927703,-49.2835909916,POINT (-49.2835909916 -25.4366927703)
2014-05-14 15:07:20.000000,-25.4366927703,-49.2835909916,POINT (-49.2835909916 -25.4366927703)
2014-05-14 15:07:30.000000,-25.4366927703,-49.2835909916,POINT (-49.2835909916 -25.4366927703)
2014-05-14 15:07:40.000000,-25.4366927703,-49.2835909916,POINT (-49.2835909916 -25.4366927703)
2014-05-14 15:07:50.000000,-25.4366927703,-49.2835909916,POINT (-49.2835909916 -25.4366927703)
2014-05-14 15:08:00.000000,-25.4366927703,-49.2835909916,POINT (-49.2835909916 -25.4366927703)
2014-05-14 15:08:10.000000,-25.4366927703,-49.2835909916,POINT (-49.2835909916 -25.4366927703)
2014-05-14 15:08:20.000000,-25.4366927703,-49.2835909916,POINT (-49.2835909916 -25.4366927703)
2014-05-14 15:08:30.000000,-25.4366927703,-49.2835909916,POINT (-49.2835909916 -25.4366927703)
2014-05-14 15:08:40.000000,-25.4366927703,-49.2835909916,POINT (-49.2835909916 -25.4366927703)
2014-05-14 15:08:50.000000,-25.4366927703,-49.2835909916,POINT (-49.2835909916 -25.4366927703)
2014-05-14 15:09:00.000000,-25.4366927703,-49.2835909916,POINT (-49.2835909916 -25.4366927703)
2014-05-14 15:09:10.000000,-25.4366927703,-49.2835909916,POINT (-49.2835909916 -25.4366927703)
2014-05-14 15:09:20.000000,-25.4366927703,-49.2835909916,POINT (-49.2835909916 -25.4366927703)
2014-05-14 15:09:30.000000,-25.4366927703,-49.2835909916,POINT (-49.2835909916 -25.4366927703)
2014-05-14 15:09:40.000000,-25.4366927703,-49.2835909916,POINT (-49.2835909916 -25.4366927703)
2014-05-14 15:09:50.000000,-25.4366927703,-49.2835909916,POINT (-49.2835909916 -25.4366927703)
2014-05-14 15:10:00.000000,-25.4366927703,-49.2835909916,POINT (-49.2835909916 -25.4366927703)
2014-05-14 15:10:10.000000,-25.4366927703,-49.2835909916,POINT (-49.2835909916 -25.4366927703)
2014-05-14 15:10:20.000000,-25.4366927703,-49.2835909916,POINT (-49.2835909916 -25.4366927703)
2014-05-14 15:10:30.000000,-25.4366927703,-49.2835909916,POINT (-49.2835909916 -25.4366927703)
2014-05-14 15:10:40.000000,-25.4366927703,-49.2835909916,POINT (-49.2835909916 -25.4366927703)
2014-05-14 15:10:50.000000,-25.4366927703,-49.2835909916,POINT (-49.2835909916 -25.4366927703)
2014-05-14 15:11:00.000000,-25.4366927703,-49.2835909916,POINT (-49.2835909916 -25.4366927703)
2014-05-14 15:11:10.000000,-25.4366927703,-49.2835909916,POINT (-49.2835909916 -25.4366927703)
2014-05-14 15:11:20.000000,-25.4366927703,-49.2835909916,POINT (-49.2835909916 -25.4366927703)
2014-05-14 15:11:30.000000,-25.4366927703,-49.2835909916,POINT (-49.2835909916 -25.4366927703)
2014-05-14 15:11:40.000000,-25.4366927703,-49.2835909916,POINT (-49.2835909916 -25.4366927703)
2014-05-14 15:11:50.000000,-25.4366927703,-49.2835909916,POINT (-49.2835909916 -25.4366927703)
2014-05-14 15:12:00.000000,-25.4366927703,-49.2835909916,POINT (-49.2835909916 -25.4366927703)
2014-05-14 15:12:10.000000,-25.4366927703,-49.2835909916,POINT (-49.2835909916 -25.4366927703)
2014-05-14 15:12:20.000000,-25.4366927703,-49.2835909916,POINT (-49.2835909916 -25.4366927703)
2014-05-14 15:12:30.000000,-25.4366927703,-49.2835909916,POINT (-49.2835909916 -25.4366927703)
2014-05-14 15:12:40.000000,-25.4366927703,-49.2835909916,POINT (-49.2835909916 -25.4366927703)
2014-05-14 15:12:50.000000,-25.4366927703,-49.2835909916,POINT (-49.2835909916 -25.4366927703)
2014-05-14 15:13:00.000000,-25.4366927703,-49.2835909916,POINT (-49.2835909916 -25.4366927703)
2014-05-14 15:13:10.000000,-25.4366927703,-49.2835909916,POINT (-49.2835909916 -25.4366927703)
2014-05-14 15:13:20.000000,-25.4366927703,-49.2835909916,POINT (-49.2835909916 -25.4366927703)
2014-05-14 15:13:30.000000,-25.4366927703,-49.2835909916,POINT (-49.2835909916 -25.4366927703)
2014-05-14 15:13:40.000000,-25.4366927703,-49.2835909916,POINT (-49.2835909916 -25.4366927703)
2014-05-14 15:13:50.000000,-25.4366927703,-49.2835909916,POINT (-49.2835909916 -25.4366927703)
2014-05-14 15:14:00.000000,-25.4366927703,-49.2835909916,POINT (-49.2835909916 -25.4366927703)
2014-05-14 15:14:10.000000,-25.4366927703,-49.2835909916,POINT (-49.2835909916 -25.4366927703)
2014-05-14 15:14:20.000000,-25.4366927703,-49.2835909916,POINT (-49.2835909916 -25.4366927703)
2014-05-14 15:14:30.000000,-25.4366927703,-49.2835909916,POINT (-49.2835909916 -25.4366927703)
2014-05-14 15:14:40.000000,-25.4366927703,-49.2835909916,POINT (-49.2835909916 -25.4366927703)
2014-05-14 15:14:50.000000,-25.4366927703,-49.2835909916,POINT (-49.2835909916 -25.4366927703)
2014-05-14 15:15:00.000000,-25.4366927703,-49.2835909916,POINT (-49.2835909916 -25.4366927703)
2014-05-14 15:15:10.000000,-25.4366927703,-49.2835909916,POINT (-49.2835909916 -25.4366927703)
2014-05-14 15:15:20.000000,-25.4366927703,-49.2835909916,POINT (-49.2835909916 -25.4366927703)
2014-05-14 15:15:30.000000,-25.4366927703,-49.2835909916,POINT (-49.2835909916 -25.4366927703)
2014-05-14 15:15:40.000000,-25.4366927703,-49.2835909916,POINT (-49.2835909916 -25.4366927703)
2014-05-14 15:15:50.000000,-25.4366927703,-49.2835909916,POINT (-49.2835909916 -25.4366927703)
2014-05-14 15:16:00.000000,-25.4366927703,-49.2835909916,POINT (-49.2835909916 -25.4366927703)
2014-05-14 15:16:10.000000,-25.4366927703,-49.2835909916,POINT (-49.2835909916 -25.4366927703)
2014-05-14 15:16:20.000000,-25.4366927703,-49.2835909916,POINT (-49.2835909916 -25.4366927703)
2014-05-14 15:16:30.000000,-25.4366927703,-49.2835909916,POINT (-49.2835909916 -25.4366927703)
2014-05-14 15:16:40.000000,-25.4366927703,-49.2835909916,POINT (-49.2835909916 -25.4366927703)
2014-05-14 15:16:50.000000,-25.4366927703,-49.2835909916,POINT (-49.2835909916 -25.4366927703)
2014-05-14 15:17:00.000000,-25.4366927703,-49.2835909916,POINT (-49.2835909916 -25.4366927703)
2014-05-14 15:17:10.000000,-25.4366927703,-49.2835909916,POINT (-49.2835909916 -25.4366927703)
2014-05-14 15:17:20.000000,-25.4366927703,-49.2835909916,POINT (-49.2835909916 -25.4366927703)
2014-05-14 15:17:30.000000,-25.4366927703,-49.2835909916,POINT (-49.2835909916 -25.4366927703)
2014-05-14 15:17:40.000000,-25.4366927703,-49.2835909916,POINT (-49.2835909916 -25.4366927703)
2014-05-14 15:17:50.000000,-25.4366927703,-49.2835909916,POINT (-49.2835909916 -25.4366927703)
2014-05-14 15:18:00.000000,-25.4366927703,-49.2835909916,POINT (-49.2835909916 -25.4366927703)
2014-05-14 15:18:10.000000,-25.4366927703,-49.2835909916,POINT (-49.2835909916 -25.4366927703)
2014-05-14 15:18:20.000000,-25.4366927703,-49.2835909916,POINT (-49.2835909916 -25.4366927703)
2014-05-14 15:18:30.000000,-25.4366927703,-49.2835909916,POINT (-49.2835909916 -25.4366927703)
2014-05-14 15:18:40.000000,-25.4366927703,-49.2835909916,POINT (-49.2835909916 -25.4366927703)
2014-05-14 15:18:50.000000,-25.4366927703,-49.2835909916,POINT (-49.2835909916 -25.4366927703)
2014-05-14 15:19:00.000000,-25.4366927703,-49.2835909916,POINT (-49.2835909916 -25.4366927703)
2014-05-14 15:19:10.000000,-25.4366927703,-49.2835909916,POINT (-49.2835909916 -25.4366927703)
2014-05-14 15:19:20.000000,-25.4366927703,-49.2835909916,POINT (-49.2835909916 -25.4366927703)
2014-05-14 15:19:30.000000,-25.4366927703,-49.2835909916,POINT (-49.2835909916 -25.4366927703)
2014-05-14 15:19:40.000000,-25.4366927703,-49.2835909916,POINT (-49.2835909916 -25.4366927703)
2014-05-14 15:19:50.000000,-25.4366927703,-49.2835909916,POINT (-49.2835909916 -25.4366927703)
2014-05-14 15:20:00.000000,-25.4366927703,-49.2835909916,POINT (-49.2835909916 -25.4366927703)
2014-05-14 15:20:10.000000,-25.4366927703,-49.2835909916,POINT (-49.2835909916 -25.4366927703)
2014-05-14 15:20:20.000000,-25.4366927703,-49.2835909916,POINT (-49.2835909916 -25.4366927703)
2014-05-14 15:20:30.000000,-25.4366927703,-49.2835909916,POINT (-49.2835909916 -25.4366927703)
2014-05-14 15:20:40.000000,-25.4366927703,-49.2835909916,POINT (-49.2835909916 -25.4366927703)
2014-05-14 15:20:50.000000,-25.4366927703,-49.2835909916,POINT (-49.2835909916 -25.4366927703)
2014-05-14 15:21:00.000000,-25.4366927703,-49.2835909916,POINT (-49.2835909916 -25.4366927703)
2014-05-14 15:21:10.000000,-25.4366927703,-49.2835909916,POINT (-49.2835909916 -25.4366927703)
2014-05-14 15:21:20.000000,-25.4366927703,-49.2835909916,POINT (-49.2835909916 -25.4366927703)
2014-05-14 15:21:30.000000,-25.4366927703,-49.2835909916,POINT (-49.2835909916 -25.4366927703)
2014-05-14 15:21:40.000000,-25.4366927703,-49.2835909916,POINT (-49.2835909916 -25.4366927703)
2014-05-14 15:21:50.000000,-25.4366927703,-49.2835909916,POINT (-49.2835909916 -25.4366927703)
2014-05-14 15:22:00.000000,-25.4366927703,-49.2835909916,POINT (-49.2835909916 -25.4366927703)
2014-05-14 15:22:10.000000,-25.4366927703,-49.2835909916,POINT (-49.2835909916 -25.4366927703)
2014-05-14 15:22:20.000000,-25.4366927703,-49.2835909916,POINT (-49.2835909916 -25.4366927703)
2014-05-14 15:22:30.000000,-25.4366927703,-49.2835909916,POINT (-49.2835909916 -25.4366927703)
2014-05-14 15:22:40.000000,-25.4366927703,-49.2835909916,POINT (-49.2835909916 -25.4366927703)
2014-05-14 15:22:50.000000,-25.4366927703,-49.2835909916,POINT (-49.2835909916 -25.4366927703)
2014-05-14 15:23:00.000000,-25.4366927703,-49.2835909916,POINT (-49.2835909916 -25.4366927703)
2014-05-14 15:23:10.000000,-25.4366927703,-49.2835909916,POINT (-49.2835909916 -25.4366927703)
2014-05-14 15:23:20.000000,-25.4366927703,-49.2835909916,POINT (-49.2835909916 -25.4366927703)
2014-05-14 15:23:30.000000,-25.4366927703,-49.2835909916,POINT (-49.2835909916 -25.4366927703)
2014-05-14 15:23:40.000000,-25.4366927703,-49.2835909916,POINT (-49.2835909916 -25.4366927703)
2014-05-14 15:23:50.000000,-25.4366927703,-49.2835909916,POINT (-49.2835909916 -25.4366927703)
2014-05-14 15:24:00.000000,-25.4366927703,-49.2835909916,POINT (-49.2835909916 -25.4366927703)
2014-05-14 15:24:10.000000,-25.4366927703,-49.2835909916,POINT (-49.2835909916 -25.4366927703)
2014-05-14 15:24:20.000000,-25.4366927703,-49.2835909916,POINT (-49.2835909916 -25.4366927703)
2014-05-14 15:24:30.000000,-25.4366927703,-49.2835909916,POINT (-49.2835909916 -25.4366927703)
2014-05-14 15:24:40.000000,-25.4366927703,-49.2835909916,POINT (-49.2835909916 -25.4366927703)
2014-05-14 15:24:50.000000,-25.4366927703,-49.2835909916,POINT (-49.2835909916 -25.4366927703)
2014-05-14 15:25:00.000000,-25.4366927703,-49.2835909916,POINT (-49.2835909916 -25.4366927703)
2014-05-14 15:25:10.000000,-25.4366927703,-49.2835909916,POINT (-49.2835909916 -25.4366927703)
2014-05-14 15:25:20.000000,-25.4366927703,-49.2835909916,POINT (-49.2835909916 -25.4366927703)
2014-05-14 15:25:30.000000,-25.4366927703,-49.2835909916,POINT (-49.2835909916 -25.4366927703)
2014-05-14 15:25:40.000000,-25.4366927703,-49.2835909916,POINT (-49.2835909916 -25.4366927703)
2014-05-14 15:25:50.000000,-25.4366927703,-49.2835909916,POINT (-49.2835909916 -25.4366927703)
2014-05-14 15:26:00.000000,-25.4366927703,-49.2835909916,POINT (-49.2835909916 -25.4366927703)
2014-05-14 15:26:10.000000,-25.4366927703,-49.2835909916,POINT (-49.2835909916 -25.4366927703)
2014-05-14 15:26:20.000000,-25.4366927703,-49.2835909916,POINT (-49.2835909916 -25.4366927703)
2014-05-14 15:26:30.000000,-25.4366927703,-49.2835909916,POINT (-49.2835909916 -25.4366927703)
2014-05-14 15:26:40.000000,-25.4366927703,-49.2835909916,POINT (-49.2835909916 -25.4366927703)
2014-05-14 15:26:50.000000,-25.4366927703,-49.2835909916,POINT (-49.2835909916 -25.4366927703)
2014-05-14 15:27:00.000000,-25.4366927703,-49.2835909916,POINT (-49.2835909916 -25.4366927703)
2014-05-14 15:27:10.000000,-25.4366927703,-49.2835909916,POINT (-49.2835909916 -25.4366927703)
2014-05-14 15:27:20.000000,-25.4366927703,-49.2835909916,POINT (-49.2835909916 -25.4366927703)
2014-05-14 15:27:30.000000,-25.4366927703,-49.2835909916,POINT (-49.2835909916 -25.4366927703)
2014-05-14 15:27:40.000000,-25.4366927703,-49.2835909916,POINT (-49.2835909916 -25.4366927703)
2014-05-14 15:27:50.000000,-25.4366927703,-49.2835909916,POINT (-49.2835909916 -25.4366927703)
2014-05-14 15:28:00.000000,-25.4366927703,-49.2835909916,POINT (-49.2835909916 -25.4366927703)
2014-05-14 15:28:10.000000,-25.4366927703,-49.2835909916,POINT (-49.2835909916 -25.4366927703)
2014-05-14 15:28:20.000000,-25.4366927703,-49.2835909916,POINT (-49.2835909916 -25.4366927703)
2014-05-14 15:28:30.000000,-25.4366927703,-49.2835909916,POINT (-49.2835909916 -25.4366927703)
2014-05-14 15:28:40.000000,-25.4366927703,-49.2835909916,POINT (-49.2835909916 -25.4366927703)
2014-05-14 15:28:50.000000,-25.4366927703,-49.2835909916,POINT (-49.2835909916 -25.4366927703)
2014-05-14 15:29:00.000000,-25.4366927703,-49.2835909916,POINT (-49.2835909916 -25.4366927703)
2014-05-14 15:29:10.000000,-25.4366927703,-49.2835909916,POINT (-49.2835909916 -25.4366927703)
2014-05-14 15:29:20.000000,-25.4366927703,-49.2835909916,POINT (-49.2835909916 -25.4366927703)
2014-05-14 15:29:30.000000,-25.4366927703,-49.2835909916,POINT (-49.2835909916 -25.4366927703)
2014-05-14 15:29:40.000000,-25.4366927703,-49.2835909916,POINT (-49.2835909916 -25.4366927703)
2014-05-14 15:29:50.000000,-25.4366927703,-49.2835909916,POINT (-49.2835909916 -25.4366927703)
2014-05-14 15:30:00.000000,-25.4366927703,-49.2835909916,POINT (-49.2835909916 -25.4366927703)
2014-05-14 15:30:10.000000,-25.4366927703,-49.2835909916,POINT (-49.2835909916 -25.4366927703)
2014-05-14 15:30:20.000000,-25.4366927703,-49.2835909916,POINT (-49.2835909916 -25.4366927703)
2014-05-14 15:30:30.000000,-25.4366927703,-49.2835909916,POINT (-49.2835909916 -25.4366927703)
2014-05-14 15:30:40.000000,-25.4366927703,-49.2835909916,POINT (-49.2835909916 -25.4366927703)
2014-05-14 15:30:50.000000,-25.4366927703,-49.2835909916,POINT (-49.2835909916 -25.4366927703)
2014-05-14 15:31:00.000000,-25.4366927703,-49.2835909916,POINT (-49.2835909916 -25.4366927703)
2014-05-14 15:31:10.000000,-25.4366927703,-49.2835909916,POINT (-49.2835909916 -25.4366927703)
2014-05-14 15:31:20.000000,-25.4366927703,-49.2835909916,POINT (-49.2835909916 -25.4366927703)
2014-05-14 15:31:30.000000,-25.4366927703,-49.2835909916,POINT (-49.2835909916 -25.4366927703)
2014-05-14 15:31:40.000000,-25.4366927703,-49.2835909916,POINT (-49.2835909916 -25.4366927703)
2014-05-14 15:31:50.000000,-25.4366927703,-49.2835909916,POINT (-49.2835909916 -25.4366927703)
2014-05-14 15:32:00.000000,-25.4366927703,-49.2835909916,POINT (-49.2835909916 -25.4366927703)
2014-05-14 15:32:10.000000,-25.4366927703,-49.2835909916,POINT (-49.2835909916 -25.4366927703)
2014-05-14 15:32:20.000000,-25.4366927703,-49.2835909916,POINT (-49.2835909916 -25.4366927703)
2014-05-14 15:32:30.000000,-25.4366927703,-49.2835909916,POINT (-49.2835909916 -25.4366927703)
2014-05-14 15:32:40.000000,-25.4366927703,-49.2835909916,POINT (-49.2835909916 -25.4366927703)
2014-05-14 15:32:50.000000,-25.4366927703,-49.2835909916,POINT (-49.2835909916 -25.4366927703)
2014-05-14 15:33:00.000000,-25.4366927703,-49.2835909916,POINT (-49.2835909916 -25.4366927703)
2014-05-14 15:33:10.000000,-25.4366927703,-49.2835909916,POINT (-49.2835909916 -25.4366927703)
2014-05-14 15:33:20.000000,-25.4366927703,-49.2835909916,POINT (-49.2835909916 -25.4366927703)
2014-05-14 15:33:30.000000,-25.4366927703,-49.2835909916,POINT (-49.2835909916 -25.4366927703)
2014-05-14 15:33:40.000000,-25.4366927703,-49.2835909916,POINT (-49.2835909916 -25.4366927703)
2014-05-14 15:33:50.000000,-25.4366927703,-49.2835909916,POINT (-49.2835909916 -25.4366927703)
2014-05-14 15:34:00.000000,-25.4366927703,-49.2835909916,POINT (-49.2835909916 -25.4366927703)
2014-05-14 15:34:10.000000,-25.4366927703,-49.2835909916,POINT (-49.2835909916 -25.4366927703)
2014-05-14 15:34:20.000000,-25.4366927703,-49.2835909916,POINT (-49.2835909916 -25.4366927703)
2014-05-14 15:34:30.000000,-25.4366927703,-49.2835909916,POINT (-49.2835909916 -25.4366927703)
2014-05-14 15:34:40.000000,-25.4366927703,-49.2835909916,POINT (-49.2835909916 -25.4366927703)
2014-05-14 15:34:50.000000,-25.4366927703,-49.2835909916,POINT (-49.2835909916 -25.4366927703)
2014-05-14 15:35:00.000000,-25.4366927703,-49.2835909916,POINT (-49.2835909916 -25.4366927703)
2014-05-14 15:35:10.000000,-25.4366927703,-49.2835909916,POINT (-49.2835909916 -25.4366927703)
2014-05-14 15:35:20.000000,-25.4366927703,-49.2835909916,POINT (-49.2835909916 -25.4366927703)
2014-05-14 15:35:30.000000,-25.4366927703,-49.2835909916,POINT (-49.2835909916 -25.4366927703)
2014-05-14 15:35:40.000000,-25.4366927703,-49.2835909916,POINT (-49.2835909916 -25.4366927703)
2014-05-14 15:35:50.000000,-25.4366927703,-49.2835909916,POINT (-49.2835909916 -25.4366927703)
2014-05-14 15:36:00.000000,-25.4366927703,-49.2835909916,POINT (-49.2835909916 -25.4366927703)
2014-05-14 15:36:10.000000,-25.4366927703,-49.2835909916,POINT (-49.2835909916 -25.4366927703)
2014-05-14 15:36:20.000000,-25.4366927703,-49.2835909916,POINT (-49.2835909916 -25.4366927703)
2014-05-14 15:36:30.000000,-25.4366927703,-49.2835909916,POINT (-49.2835909916 -25.4366927703)
2014-05-14 15:36:40.000000,-25.4366927703,-49.2835909916,POINT (-49.2835909916 -25.4366927703)
2014-05-14 15:36:50.000000,-25.4366927703,-49.2835909916,POINT (-49.2835909916 -25.4366927703)
2014-05-14 15:37:00.000000,-25.4366927703,-49.2835909916,POINT (-49.2835909916 -25.4366927703)
2014-05-14 15:37:10.000000,-25.4366927703,-49.2835909916,POINT (-49.2835909916 -25.4366927703)
2014-05-14 15:37:20.000000,-25.4366927703,-49.2835909916,POINT (-49.2835909916 -25.4366927703)
2014-05-14 15:37:30.000000,-25.4366927703,-49.2835909916,POINT (-49.2835909916 -25.4366927703)
2014-05-14 15:37:40.000000,-25.4366927703,-49.2835909916,POINT (-49.2835909916 -25.4366927703)
2014-05-14 15:37:50.000000,-25.4366927703,-49.2835909916,POINT (-49.2835909916 -25.4366927703)
2014-05-14 15:38:00.000000,-25.4366927703,-49.2835909916,POINT (-49.2835909916 -25.4366927703)
2014-05-14 15:38:10.000000,-25.4366927703,-49.2835909916,POINT (-49.2835909916 -25.4366927703)
2014-05-14 15:38:20.000000,-25.4366927703,-49.2835909916,POINT (-49.2835909916 -25.4366927703)
2014-05-14 15:38:30.000000,-25.4366927703,-49.2835909916,POINT (-49.2835909916 -25.4366927703)
2014-05-14 15:38:40.000000,-25.4366927703,-49.2835909916,POINT (-49.2835909916 -25.4366927703)
2014-05-14 15:38:50.000000,-25.4366927703,-49.2835909916,POINT (-49.2835909916 -25.4366927703)
2014-05-14 15:39:00.000000,-25.4366927703,-49.2835909916,POINT (-49.2835909916 -25.4366927703)
2014-05-14 15:39:10.000000,-25.4366927703,-49.2835909916,POINT (-49.2835909916 -25.4366927703)
2014-05-14 15:39:20.000000,-25.4366927703,-49.2835909916,POINT (-49.2835909916 -25.4366927703)
2014-05-14 15:39:30.000000,-25.4366927703,-49.2835909916,POINT (-49.2835909916 -25.4366927703)
2014-05-14 15:39:40.000000,-25.4366927703,-49.2835909916,POINT (-49.2835909916 -25.4366927703)
2014-05-14 15:39:50.000000,-25.4366927703,-49.2835909916,POINT (-49.2835909916 -25.4366927703)
2014-05-14 15:40:00.000000,-25.4366927703,-49.2835909916,POINT (-49.2835909916 -25.4366927703)
2014-05-14 15:40:10.000000,-25.4366927703,-49.2835909916,POINT (-49.2835909916 -25.4366927703)
2014-05-14 15:40:20.000000,-25.4366927703,-49.2835909916,POINT (-49.2835909916 -25.4366927703)
2014-05-14 15:40:30.000000,-25.4366927703,-49.2835909916,POINT (-49.2835909916 -25.4366927703)
2014-05-14 15:40:40.000000,-25.4366927703,-49.2835909916,POINT (-49.2835909916 -25.4366927703)
2014-05-14 15:40:50.000000,-25.4366927703,-49.2835909916,POINT (-49.2835909916 -25.4366927703)
2014-05-14 15:41:00.000000,-25.4366927703,-49.2835909916,POINT (-49.2835909916 -25.4366927703)
2014-05-14 15:41:10.000000,-25.4366927703,-49.2835909916,POINT (-49.2835909916 -25.4366927703)
2014-05-14 15:41:20.000000,-25.4366927703,-49.2835909916,POINT (-49.2835909916 -25.4366927703)
2014-05-14 15:41:30.000000,-25.4366927703,-49.2835909916,POINT (-49.2835909916 -25.4366927703)
2014-05-14 15:41:40.000000,-25.4366927703,-49.2835909916,POINT (-49.2835909916 -25.4366927703)
2014-05-14 15:41:50.000000,-25.4366927703,-49.2835909916,POINT (-49.2835909916 -25.4366927703)
2014-05-14 15:42:00.000000,-25.4366927703,-49.2835909916,POINT (-49.2835909916 -25.4366927703)
2014-05-14 15:42:10.000000,-25.4366927703,-49.2835909916,POINT (-49.2835909916 -25.4366927703)
2014-05-14 15:42:20.000000,-25.4366927703,-49.2835909916,POINT (-49.2835909916 -25.4366927703)
2014-05-14 15:42:30.000000,-25.4366927703,-49.2835909916,POINT (-49.2835909916 -25.4366927703)
2014-05-14 15:42:40.000000,-25.4366927703,-49.2835909916,POINT (-49.2835909916 -25.4366927703)
2014-05-14 15:42:50.000000,-25.4366927703,-49.2835909916,POINT (-49.2835909916 -25.4366927703)
2014-05-14 15:43:00.000000,-25.4366927703,-49.2835909916,POINT (-49.2835909916 -25.4366927703)
2014-05-14 15:43:10.000000,-25.4366927703,-49.2835909916,POINT (-49.2835909916 -25.4366927703)
2014-05-14 15:43:20.000000,-25.4366927703,-49.2835909916,POINT (-49.2835909916 -25.4366927703)
2014-05-14 15:43:30.000000,-25.4366927703,-49.2835909916,POINT (-49.2835909916 -25.4366927703)
2014-05-14 15:43:40.000000,-25.4366927703,-49.2835909916,POINT (-49.2835909916 -25.4366927703)
2014-05-14 15:43:50.000000,-25.4366927703,-49.2835909916,POINT (-49.2835909916 -25.4366927703)
2014-05-14 15:44:00.000000,-25.4366927703,-49.2835909916,POINT (-49.2835909916 -25.4366927703)
2014-05-14 15:44:10.000000,-25.4366927703,-49.2835909916,POINT (-49.2835909916 -25.4366927703)
2014-05-14 15:44:20.000000,-25.4366927703,-49.2835909916,POINT (-49.2835909916 -25.4366927703)
2014-05-14 15:44:30.000000,-25.4366927703,-49.2835909916,POINT (-49.2835909916 -25.4366927703)
2014-05-14 15:44:40.000000,-25.4366927703,-49.2835909916,POINT (-49.2835909916 -25.4366927703)
2014-05-14 15:44:50.000000,-25.4366927703,-49.2835909916,POINT (-49.2835909916 -25.4366927703)
2014-05-14 15:45:00.000000,-25.4366927703,-49.2835909916,POINT (-49.2835909916 -25.4366927703)
2014-05-14 15:45:10.000000,-25.4366927703,-49.2835909916,POINT (-49.2835909916 -25.4366927703)
2014-05-14 15:45:20.000000,-25.4366927703,-49.2835909916,POINT (-49.2835909916 -25.4366927703)
2014-05-14 15:45:30.000000,-25.4366927703,-49.2835909916,POINT (-49.2835909916 -25.4366927703)
2014-05-14 15:45:40.000000,-25.4366927703,-49.2835909916,POINT (-49.2835909916 -25.4366927703)
2014-05-14 15:45:50.000000,-25.4366927703,-49.2835909916,POINT (-49.2835909916 -25.4366927703)
2014-05-14 15:46:00.000000,-25.4366927703,-49.2835909916,POINT (-49.2835909916 -25.4366927703)
2014-05-14 15:46:10.000000,-25.4366927703,-49.2835909916,POINT (-49.2835909916 -25.4366927703)
2014-05-14 15:46:20.000000,-25.4366927703,-49.2835909916,POINT (-49.2835909916 -25.4366927703)
2014-05-14 15:46:30.000000,-25.4366927703,-49.2835909916,POINT (-49.2835909916 -25.4366927703)
2014-05-14 15:46:40.000000,-25.4366927703,-49.2835909916,POINT (-49.2835909916 -25.4366927703)
2014-05-14 15:46:50.000000,-25.4366927703,-49.2835909916,POINT (-49.2835909916 -25.4366927703)
2014-05-14 15:47:00.000000,-25.4366927703,-49.2835909916,POINT (-49.2835909916 -25.4366927703)
2014-05-14 15:47:10.000000,-25.4366927703,-49.2835909916,POINT (-49.2835909916 -25.4366927703)
2014-05-14 15:47:20.000000,-25.4366927703,-49.2835909916,POINT (-49.2835909916 -25.4366927703)
2014-05-14 15:47:30.000000,-25.4366927703,-49.2835909916,POINT (-49.2835909916 -25.4366927703)
2014-05-14 15:47:40.000000,-25.4366927703,-49.2835909916,POINT (-49.2835909916 -25.4366927703)
2014-05-14 15:47:50.000000,-25.4366927703,-49.2835909916,POINT (-49.2835909916 -25.4366927703)
2014-05-14 15:48:00.000000,-25.4366927703,-49.2835909916,POINT (-49.2835909916 -25.4366927703)
2014-05-14 15:48:10.000000,-25.4366927703,-49.2835909916,POINT (-49.2835909916 -25.4366927703)
2014-05-14 15:48:20.000000,-25.4366927703,-49.2835909916,POINT (-49.2835909916 -25.4366927703)
2014-05-14 15:48:30.000000,-25.4366927703,-49.2835909916,POINT (-49.2835909916 -25.4366927703)
2014-05-14 15:48:40.000000,-25.4366927703,-49.2835909916,POINT (-49.2835909916 -25.4366927703)
2014-05-14 15:48:50.000000,-25.4366927703,-49.2835909916,POINT (-49.2835909916 -25.4366927703)
2014-05-14 15:49:00.000000,-25.4366927703,-49.2835909916,POINT (-49.2835909916 -25.4366927703)
2014-05-14 15:49:10.000000,-25.4366927703,-49.2835909916,POINT (-49.2835909916 -25.4366927703)
2014-05-14 15:49:20.000000,-25.4366927703,-49.2835909916,POINT (-49.2835909916 -25.4366927703)
2014-05-14 15:49:30.000000,-25.4366927703,-49.2835909916,POINT (-49.2835909916 -25.4366927703)
2014-05-14 15:49:40.000000,-25.4366927703,-49.2835909916,POINT (-49.2835909916 -25.4366927703)
2014-05-14 15:49:50.000000,-25.4366927703,-49.2835909916,POINT (-49.2835909916 -25.4366927703)
2014-05-14 15:50:00.000000,-25.4366927703,-49.2835909916,POINT (-49.2835909916 -25.4366927703)
2014-05-14 15:50:10.000000,-25.4366927703,-49.2835909916,POINT (-49.2835909916 -25.4366927703)
2014-05-14 15:50:20.000000,-25.4366927703,-49.2835909916,POINT (-49.2835909916 -25.4366927703)
2014-05-14 15:50:30.000000,-25.4366927703,-49.2835909916,POINT (-49.2835909916 -25.4366927703)
2014-05-14 15:50:40.000000,-25.4366927703,-49.2835909916,POINT (-49.2835909916 -25.4366927703)
2014-05-14 15:50:50.000000,-25.4366927703,-49.2835909916,POINT (-49.2835909916 -25.4366927703)
2014-05-14 15:51:00.000000,-25.4366927703,-49.2835909916,POINT (-49.2835909916 -25.4366927703)
2014-05-14 15:51:10.000000,-25.4366927703,-49.2835909916,POINT (-49.2835909916 -25.4366927703)
2014-05-14 15:51:20.000000,-25.4366927703,-49.2835909916,POINT (-49.2835909916 -25.4366927703)
2014-05-14 15:51:30.000000,-25.4366927703,-49.2835909916,POINT (-49.2835909916 -25.4366927703)
2014-05-14 15:51:40.000000,-25.4366927703,-49.2835909916,POINT (-49.2835909916 -25.4366927703)
2014-05-14 15:51:50.000000,-25.4366927703,-49.2835909916,POINT (-49.2835909916 -25.4366927703)
2014-05-14 15:52:00.000000,-25.4366927703,-49.2835909916,POINT (-49.2835909916 -25.4366927703)
2014-05-14 15:52:10.000000,-25.4366927703,-49.2835909916,POINT (-49.2835909916 -25.4366927703)
2014-05-14 15:52:20.000000,-25.4366927703,-49.2835909916,POINT (-49.2835909916 -25.4366927703)
2014-05-14 15:52:30.000000,-25.4366927703,-49.2835909916,POINT (-49.2835909916 -25.4366927703)
2014-05-14 15:52:40.000000,-25.4366927703,-49.2835909916,POINT (-49.2835909916 -25.4366927703)
2014-05-14 15:52:50.000000,-25.4366927703,-49.2835909916,POINT (-49.2835909916 -25.4366927703)
2014-05-14 15:53:00.000000,-25.4366927703,-49.2835909916,POINT (-49.2835909916 -25.4366927703)
2014-05-14 15:53:10.000000,-25.4366927703,-49.2835909916,POINT (-49.2835909916 -25.4366927703)
2014-05-14 15:53:20.000000,-25.4366927703,-49.2835909916,POINT (-49.2835909916 -25.4366927703)
2014-05-14 15:53:30.000000,-25.4366927703,-49.2835909916,POINT (-49.2835909916 -25.4366927703)
2014-05-14 15:53:40.000000,-25.4366927703,-49.2835909916,POINT (-49.2835909916 -25.4366927703)
2014-05-14 15:53:50.000000,-25.4366927703,-49.2835909916,POINT (-49.2835909916 -25.4366927703)
2014-05-14 15:54:00.000000,-25.4366927703,-49.2835909916,POINT (-49.2835909916 -25.4366927703)
2014-05-14 15:54:10.000000,-25.4366927703,-49.2835909916,POINT (-49.2835909916 -25.4366927703)
2014-05-14 15:54:20.000000,-25.4366927703,-49.2835909916,POINT (-49.2835909916 -25.4366927703)
2014-05-14 15:54:30.000000,-25.4366927703,-49.2835909916,POINT (-49.2835909916 -25.4366927703)
2014-05-14 15:54:40.000000,-25.4366927703,-49.2835909916,POINT (-49.2835909916 -25.4366927703)
2014-05-14 15:54:50.000000,-25.4366927703,-49.2835909916,POINT (-49.2835909916 -25.4366927703)
2014-05-14 15:55:00.000000,-25.4366927703,-49.2835909916,POINT (-49.2835909916 -25.4366927703)
2014-05-14 15:55:10.000000,-25.4366927703,-49.2835909916,POINT (-49.2835909916 -25.4366927703)
2014-05-14 15:55:20.000000,-25.4366927703,-49.2835909916,POINT (-49.2835909916 -25.4366927703)
2014-05-14 15:55:30.000000,-25.4366927703,-49.2835909916,POINT (-49.2835909916 -25.4366927703)
2014-05-14 15:55:40.000000,-25.4366927703,-49.2835909916,POINT (-49.2835909916 -25.4366927703)
2014-05-14 15:55:50.000000,-25.4366927703,-49.2835909916,POINT (-49.2835909916 -25.4366927703)
2014-05-14 15:56:00.000000,-25.4366927703,-49.2835909916,POINT (-49.2835909916 -25.4366927703)
2014-05-14 15:56:10.000000,-25.4366927703,-49.2835909916,POINT (-49.2835909916 -25.4366927703)
2014-05-14 15:56:20.000000,-25.4366927703,-49.2835909916,POINT (-49.2835909916 -25.4366927703)
2014-05-14 15:56:30.000000,-25.4366927703,-49.2835909916,POINT (-49.2835909916 -25.4366927703)
2014-05-14 15:56:40.000000,-25.4366927703,-49.2835909916,POINT (-49.2835909916 -25.4366927703)
2014-05-14 15:56:50.000000,-25.4366927703,-49.2835909916,POINT (-49.2835909916 -25.4366927703)
2014-05-14 15:57:00.000000,-25.4366927703,-49.2835909916,POINT (-49.2835909916 -25.4366927703)
2014-05-14 15:57:10.000000,-25.4366927703,-49.2835909916,POINT (-49.2835909916 -25.4366927703)
2014-05-14 15:57:20.000000,-25.4366927703,-49.2835909916,POINT (-49.2835909916 -25.4366927703)
2014-05-14 15:57:30.000000,-25.4366927703,-49.2835909916,POINT (-49.2835909916 -25.4366927703)
2014-05-14 15:57:40.000000,-25.4366927703,-49.2835909916,POINT (-49.2835909916 -25.4366927703)
2014-05-14 15:57:50.000000,-25.4366927703,-49.2835909916,POINT (-49.2835909916 -25.4366927703)
2014-05-14 15:58:00.000000,-25.4366927703,-49.2835909916,POINT (-49.2835909916 -25.4366927703)
2014-05-14 15:58:10.000000,-25.4366927703,-49.2835909916,POINT (-49.2835909916 -25.4366927703)
2014-05-14 15:58:20.000000,-25.4366927703,-49.2835909916,POINT (-49.2835909916 -25.4366927703)
2014-05-14 15:58:30.000000,-25.4366927703,-49.2835909916,POINT (-49.2835909916 -25.4366927703)
2014-05-14 15:58:40.000000,-25.4366927703,-49.2835909916,POINT (-49.2835909916 -25.4366927703)
2014-05-14 15:58:50.000000,-25.4366927703,-49.2835909916,POINT (-49.2835909916 -25.4366927703)
2014-05-14 15:59:00.000000,-25.4366927703,-49.2835909916,POINT (-49.2835909916 -25.4366927703)
2014-05-14 15:59:10.000000,-25.4366927703,-49.2835909916,POINT (-49.2835909916 -25.4366927703)
2014-05-14 15:59:20.000000,-25.4366927703,-49.2835909916,POINT (-49.2835909916 -25.4366927703)
2014-05-14 15:59:30.000000,-25.4366927703,-49.2835909916,POINT (-49.2835909916 -25.4366927703)
2014-05-14 15:59:40.000000,-25.4366927703,-49.2835909916,POINT (-49.2835909916 -25.4366927703)
2014-05-14 15:59:50.000000,-25.4366927703,-49.2835909916,POINT (-49.2835909916 -25.4366927703)
2014-05-14 16:00:00.000000,-25.4366927703,-49.2835909916,POINT (-49.2835909916 -25.4366927703)
2014-05-14 16:00:10.000000,-25.4366927703,-49.2835909916,POINT (-49.2835909916 -25.4366927703)
2014-05-14 16:00:20.000000,-25.4366927703,-49.2835909916,POINT (-49.2835909916 -25.4366927703)
2014-05-14 16:00:30.000000,-25.4366927703,-49.2835909916,POINT (-49.2835909916 -25.4366927703)
2014-05-14 16:00:40.000000,-25.4366927703,-49.2835909916,POINT (-49.2835909916 -25.4366927703)
2014-05-14 16:00:50.000000,-25.4366927703,-49.2835909916,POINT (-49.2835909916 -25.4366927703)
2014-05-14 16:01:00.000000,-25.4366927703,-49.2835909916,POINT (-49.2835909916 -25.4366927703)
2014-05-14 16:01:10.000000,-25.4366927703,-49.2835909916,POINT (-49.2835909916 -25.4366927703)
2014-05-14 16:01:20.000000,-25.4366927703,-49.2835909916,POINT (-49.2835909916 -25.4366927703)
2014-05-14 16:01:30.000000,-25.4366927703,-49.2835909916,POINT (-49.2835909916 -25.4366927703)
2014-05-14 16:01:40.000000,-25.4366927703,-49.2835909916,POINT (-49.2835909916 -25.4366927703)
2014-05-14 16:01:50.000000,-25.4366927703,-49.2835909916,POINT (-49.2835909916 -25.4366927703)
2014-05-14 16:02:00.000000,-25.4366927703,-49.2835909916,POINT (-49.2835909916 -25.4366927703)
2014-05-14 16:02:10.000000,-25.4366927703,-49.2835909916,POINT (-49.2835909916 -25.4366927703)
2014-05-14 16:02:20.000000,-25.4366927703,-49.2835909916,POINT (-49.2835909916 -25.4366927703)
2014-05-14 16:02:30.000000,-25.4366927703,-49.2835909916,POINT (-49.2835909916 -25.4366927703)
2014-05-14 16:02:40.000000,-25.4366927703,-49.2835909916,POINT (-49.2835909916 -25.4366927703)
2014-05-14 16:02:50.000000,-25.4366927703,-49.2835909916,POINT (-49.2835909916 -25.4366927703)
2014-05-14 16:03:00.000000,-25.4366927703,-49.2835909916,POINT (-49.2835909916 -25.4366927703)
2014-05-14 16:03:10.000000,-25.4366927703,-49.2835909916,POINT (-49.2835909916 -25.4366927703)
2014-05-14 16:03:20.000000,-25.4366927703,-49.2835909916,POINT (-49.2835909916 -25.4366927703)
2014-05-14 16:03:30.000000,-25.4366927703,-49.2835909916,POINT (-49.2835909916 -25.4366927703)
2014-05-14 16:03:40.000000,-25.4366927703,-49.2835909916,POINT (-49.2835909916 -25.4366927703)
2014-05-14 16:03:50.000000,-25.4366927703,-49.2835909916,POINT (-49.2835909916 -25.4366927703)
2014-05-14 16:04:00.000000,-25.4366927703,-49.2835909916,POINT (-49.2835909916 -25.4366927703)
2014-05-14 16:04:10.000000,-25.4366927703,-49.2835909916,POINT (-49.2835909916 -25.4366927703)
2014-05-14 16:04:20.000000,-25.4366927703,-49.2835909916,POINT (-49.2835909916 -25.4366927703)
2014-05-14 16:04:30.000000,-25.4366927703,-49.2835909916,POINT (-49.2835909916 -25.4366927703)
2014-05-14 16:04:40.000000,-25.4366927703,-49.2835909916,POINT (-49.2835909916 -25.4366927703)
2014-05-14 16:04:50.000000,-25.4366927703,-49.2835909916,POINT (-49.2835909916 -25.4366927703)
2014-05-14 16:05:00.000000,-25.4366927703,-49.2835909916,POINT (-49.2835909916 -25.4366927703)
2014-05-14 16:05:10.000000,-25.4366927703,-49.2835909916,POINT (-49.2835909916 -25.4366927703)
2014-05-14 16:05:20.000000,-25.4366927703,-49.2835909916,POINT (-49.2835909916 -25.4366927703)
2014-05-14 16:05:30.000000,-25.4366927703,-49.2835909916,POINT (-49.2835909916 -25.4366927703)
2014-05-14 16:05:40.000000,-25.4366927703,-49.2835909916,POINT (-49.2835909916 -25.4366927703)
2014-05-14 16:05:50.000000,-25.4366927703,-49.2835909916,POINT (-49.2835909916 -25.4366927703)
2014-05-14 16:06:00.000000,-25.4366927703,-49.2835909916,POINT (-49.2835909916 -25.4366927703)
2014-05-14 16:06:10.000000,-25.4366927703,-49.2835909916,POINT (-49.2835909916 -25.4366927703)
2014-05-14 16:06:20.000000,-25.4366927703,-49.2835909916,POINT (-49.2835909916 -25.4366927703)
2014-05-14 16:06:30.000000,-25.4366927703,-49.2835909916,POINT (-49.2835909916 -25.4366927703)
2014-05-14 16:06:40.000000,-25.4366927703,-49.2835909916,POINT (-49.2835909916 -25.4366927703)
2014-05-14 16:06:50.000000,-25.4366927703,-49.2835909916,POINT (-49.2835909916 -25.4366927703)
2014-05-14 16:07:00.000000,-25.4366927703,-49.2835909916,POINT (-49.2835909916 -25.4366927703)
2014-05-14 16:07:10.000000,-25.4366927703,-49.2835909916,POINT (-49.2835909916 -25.4366927703)
2014-05-14 16:07:20.000000,-25.4366927703,-49.2835909916,POINT (-49.2835909916 -25.4366927703)
2014-05-14 16:07:30.000000,-25.4366927703,-49.2835909916,POINT (-49.2835909916 -25.4366927703)
2014-05-14 16:07:40.000000,-25.4366927703,-49.2835909916,POINT (-49.2835909916 -25.4366927703)
2014-05-14 16:07:50.000000,-25.4366927703,-49.2835909916,POINT (-49.2835909916 -25.4366927703)
2014-05-14 16:08:00.000000,-25.4366927703,-49.2835909916,POINT (-49.2835909916 -25.4366927703)
2014-05-14 16:08:10.000000,-25.4366927703,-49.2835909916,POINT (-49.2835909916 -25.4366927703)
2014-05-14 16:08:20.000000,-25.4366927703,-49.2835909916,POINT (-49.2835909916 -25.4366927703)
2014-05-14 16:08:30.000000,-25.4366927703,-49.2835909916,POINT (-49.2835909916 -25.4366927703)
2014-05-14 16:08:40.000000,-25.4366927703,-49.2835909916,POINT (-49.2835909916 -25.4366927703)
2014-05-14 16:08:50.000000,-25.4366927703,-49.2835909916,POINT (-49.2835909916 -25.4366927703)
2014-05-14 16:09:00.000000,-25.4366927703,-49.2835909916,POINT (-49.2835909916 -25.4366927703)
2014-05-14 16:09:10.000000,-25.4366927703,-49.2835909916,POINT (-49.2835909916 -25.4366927703)
2014-05-14 16:09:20.000000,-25.4366927703,-49.2835909916,POINT (-49.2835909916 -25.4366927703)
2014-05-14 16:09:30.000000,-25.4366927703,-49.2835909916,POINT (-49.2835909916 -25.4366927703)
2014-05-14 16:09:40.000000,-25.4366927703,-49.2835909916,POINT (-49.2835909916 -25.4366927703)
2014-05-14 16:09:50.000000,-25.4366927703,-49.2835909916,POINT (-49.2835909916 -25.4366927703)
2014-05-14 16:10:00.000000,-25.4366927703,-49.2835909916,POINT (-49.2835909916 -25.4366927703)
2014-05-14 16:10:10.000000,-25.4366927703,-49.2835909916,POINT (-49.2835909916 -25.4366927703)
2014-05-14 16:10:20.000000,-25.4366927703,-49.2835909916,POINT (-49.2835909916 -25.4366927703)
2014-05-14 16:10:30.000000,-25.4366927703,-49.2835909916,POINT (-49.2835909916 -25.4366927703)
2014-05-14 16:10:40.000000,-25.4366927703,-49.2835909916,POINT (-49.2835909916 -25.4366927703)
2014-05-14 16:10:50.000000,-25.4366927703,-49.2835909916,POINT (-49.2835909916 -25.4366927703)
2014-05-14 16:11:00.000000,-25.4366927703,-49.2835909916,POINT (-49.2835909916 -25.4366927703)
2014-05-14 16:11:10.000000,-25.4366927703,-49.2835909916,POINT (-49.2835909916 -25.4366927703)
2014-05-14 16:11:20.000000,-25.4366927703,-49.2835909916,POINT (-49.2835909916 -25.4366927703)
2014-05-14 16:11:30.000000,-25.4366927703,-49.2835909916,POINT (-49.2835909916 -25.4366927703)
2014-05-14 16:11:40.000000,-25.4366927703,-49.2835909916,POINT (-49.2835909916 -25.4366927703)
2014-05-14 16:11:50.000000,-25.4366927703,-49.2835909916,POINT (-49.2835909916 -25.4366927703)
2014-05-14 16:12:00.000000,-25.4366927703,-49.2835909916,POINT (-49.2835909916 -25.4366927703)
2014-05-14 16:12:10.000000,-25.4366927703,-49.2835909916,POINT (-49.2835909916 -25.4366927703)
2014-05-14 16:12:20.000000,-25.4366927703,-49.2835909916,POINT (-49.2835909916 -25.4366927703)
2014-05-14 16:12:30.000000,-25.4366927703,-49.2835909916,POINT (-49.2835909916 -25.4366927703)
2014-05-14 16:12:40.000000,-25.4366927703,-49.2835909916,POINT (-49.2835909916 -25.4366927703)
2014-05-14 16:12:50.000000,-25.4366927703,-49.2835909916,POINT (-49.2835909916 -25.4366927703)
2014-05-14 16:13:00.000000,-25.4366927703,-49.2835909916,POINT (-49.2835909916 -25.4366927703)
2014-05-14 16:13:10.000000,-25.4366927703,-49.2835909916,POINT (-49.2835909916 -25.4366927703)
2014-05-14 16:13:20.000000,-25.4366927703,-49.2835909916,POINT (-49.2835909916 -25.4366927703)
2014-05-14 16:13:30.000000,-25.4366927703,-49.2835909916,POINT (-49.2835909916 -25.4366927703)
2014-05-14 16:13:40.000000,-25.4366927703,-49.2835909916,POINT (-49.2835909916 -25.4366927703)
2014-05-14 16:13:50.000000,-25.4366927703,-49.2835909916,POINT (-49.2835909916 -25.4366927703)
2014-05-14 16:14:00.000000,-25.4366927703,-49.2835909916,POINT (-49.2835909916 -25.4366927703)
2014-05-14 16:14:10.000000,-25.4366927703,-49.2835909916,POINT (-49.2835909916 -25.4366927703)
2014-05-14 16:14:20.000000,-25.4366927703,-49.2835909916,POINT (-49.2835909916 -25.4366927703)
2014-05-14 16:14:30.000000,-25.4366927703,-49.2835909916,POINT (-49.2835909916 -25.4366927703)
2014-05-14 16:14:40.000000,-25.4366927703,-49.2835909916,POINT (-49.2835909916 -25.4366927703)
2014-05-14 16:14:50.000000,-25.4366927703,-49.2835909916,POINT (-49.2835909916 -25.4366927703)
2014-05-14 16:15:00.000000,-25.4366927703,-49.2835909916,POINT (-49.2835909916 -25.4366927703)
2014-05-14 16:15:10.000000,-25.4366927703,-49.2835909916,POINT (-49.2835909916 -25.4366927703)
2014-05-14 16:15:20.000000,-25.4366927703,-49.2835909916,POINT (-49.2835909916 -25.4366927703)
2014-05-14 16:15:30.000000,-25.4366927703,-49.2835909916,POINT (-49.2835909916 -25.4366927703)
2014-05-14 16:15:40.000000,-25.4366927703,-49.2835909916,POINT (-49.2835909916 -25.4366927703)
2014-05-14 16:15:50.000000,-25.4366927703,-49.2835909916,POINT (-49.2835909916 -25.4366927703)
2014-05-14 16:16:00.000000,-25.4366927703,-49.2835909916,POINT (-49.2835909916 -25.4366927703)
2014-05-14 16:16:10.000000,-25.4366927703,-49.2835909916,POINT (-49.2835909916 -25.4366927703)
2014-05-14 16:16:20.000000,-25.4366927703,-49.2835909916,POINT (-49.2835909916 -25.4366927703)
2014-05-14 16:16:30.000000,-25.4366927703,-49.2835909916,POINT (-49.2835909916 -25.4366927703)
2014-05-14 16:16:40.000000,-25.4366927703,-49.2835909916,POINT (-49.2835909916 -25.4366927703)
2014-05-14 16:16:50.000000,-25.4366927703,-49.2835909916,POINT (-49.2835909916 -25.4366927703)
2014-05-14 16:17:00.000000,-25.4366927703,-49.2835909916,POINT (-49.2835909916 -25.4366927703)
2014-05-14 16:17:10.000000,-25.4366927703,-49.2835909916,POINT (-49.2835909916 -25.4366927703)
2014-05-14 16:17:20.000000,-25.4366927703,-49.2835909916,POINT (-49.2835909916 -25.4366927703)
2014-05-14 16:17:30.000000,-25.4366927703,-49.2835909916,POINT (-49.2835909916 -25.4366927703)
2014-05-14 16:17:40.000000,-25.4366927703,-49.2835909916,POINT (-49.2835909916 -25.4366927703)
2014-05-14 16:17:50.000000,-25.4366927703,-49.2835909916,POINT (-49.2835909916 -25.4366927703)
2014-05-14 16:18:00.000000,-25.4366927703,-49.2835909916,POINT (-49.2835909916 -25.4366927703)
2014-05-14 16:18:10.000000,-25.4366927703,-49.2835909916,POINT (-49.2835909916 -25.4366927703)
2014-05-14 16:18:20.000000,-25.4366927703,-49.2835909916,POINT (-49.2835909916 -25.4366927703)
2014-05-14 16:18:30.000000,-25.4366927703,-49.2835909916,POINT (-49.2835909916 -25.4366927703)
2014-05-14 16:18:40.000000,-25.4366927703,-49.2835909916,POINT (-49.2835909916 -25.4366927703)
2014-05-14 16:18:50.000000,-25.4366927703,-49.2835909916,POINT (-49.2835909916 -25.4366927703)
2014-05-14 16:19:00.000000,-25.4366927703,-49.2835909916,POINT (-49.2835909916 -25.4366927703)
2014-05-14 16:19:10.000000,-25.4366927703,-49.2835909916,POINT (-49.2835909916 -25.4366927703)
2014-05-14 16:19:20.000000,-25.4366927703,-49.2835909916,POINT (-49.2835909916 -25.4366927703)
2014-05-14 16:19:30.000000,-25.4366927703,-49.2835909916,POINT (-49.2835909916 -25.4366927703)
2014-05-14 16:19:40.000000,-25.4366927703,-49.2835909916,POINT (-49.2835909916 -25.4366927703)
2014-05-14 16:19:50.000000,-25.4366927703,-49.2835909916,POINT (-49.2835909916 -25.4366927703)
2014-05-14 16:20:00.000000,-25.4366927703,-49.2835909916,POINT (-49.2835909916 -25.4366927703)
2014-05-14 16:20:10.000000,-25.4366927703,-49.2835909916,POINT (-49.2835909916 -25.4366927703)
2014-05-14 16:20:20.000000,-25.4366927703,-49.2835909916,POINT (-49.2835909916 -25.4366927703)
2014-05-14 16:20:30.000000,-25.4366927703,-49.2835909916,POINT (-49.2835909916 -25.4366927703)
2014-05-14 16:20:40.000000,-25.4366927703,-49.2835909916,POINT (-49.2835909916 -25.4366927703)
2014-05-14 16:20:50.000000,-25.4366927703,-49.2835909916,POINT (-49.2835909916 -25.4366927703)
2014-05-14 16:21:00.000000,-25.4366927703,-49.2835909916,POINT (-49.2835909916 -25.4366927703)
2014-05-14 16:21:10.000000,-25.4366927703,-49.2835909916,POINT (-49.2835909916 -25.4366927703)
2014-05-14 16:21:20.000000,-25.4366927703,-49.2835909916,POINT (-49.2835909916 -25.4366927703)
2014-05-14 16:21:30.000000,-25.4366927703,-49.2835909916,POINT (-49.2835909916 -25.4366927703)
2014-05-14 16:21:40.000000,-25.4366927703,-49.2835909916,POINT (-49.2835909916 -25.4366927703)
2014-05-14 16:21:50.000000,-25.4366927703,-49.2835909916,POINT (-49.2835909916 -25.4366927703)
2014-05-14 16:22:00.000000,-25.4366927703,-49.2835909916,POINT (-49.2835909916 -25.4366927703)
2014-05-14 16:22:10.000000,-25.4366927703,-49.2835909916,POINT (-49.2835909916 -25.4366927703)
2014-05-14 16:22:20.000000,-25.4366927703,-49.2835909916,POINT (-49.2835909916 -25.4366927703)
2014-05-14 16:22:30.000000,-25.4366927703,-49.2835909916,POINT (-49.2835909916 -25.4366927703)
2014-05-14 16:22:40.000000,-25.4366927703,-49.2835909916,POINT (-49.2835909916 -25.4366927703)
2014-05-14 16:22:50.000000,-25.4366927703,-49.2835909916,POINT (-49.2835909916 -25.4366927703)
2014-05-14 16:23:00.000000,-25.4366927703,-49.2835909916,POINT (-49.2835909916 -25.4366927703)
2014-05-14 16:23:10.000000,-25.4366927703,-49.2835909916,POINT (-49.2835909916 -25.4366927703)
2014-05-14 16:23:20.000000,-25.4366927703,-49.2835909916,POINT (-49.2835909916 -25.4366927703)
2014-05-14 16:23:30.000000,-25.4366927703,-49.2835909916,POINT (-49.2835909916 -25.4366927703)
2014-05-14 16:23:40.000000,-25.4366927703,-49.2835909916,POINT (-49.2835909916 -25.4366927703)
2014-05-14 16:23:50.000000,-25.4366927703,-49.2835909916,POINT (-49.2835909916 -25.4366927703)
2014-05-14 16:24:00.000000,-25.4366927703,-49.2835909916,POINT (-49.2835909916 -25.4366927703)
2014-05-14 16:24:10.000000,-25.4366927703,-49.2835909916,POINT (-49.2835909916 -25.4366927703)
2014-05-14 16:24:20.000000,-25.4366927703,-49.2835909916,POINT (-49.2835909916 -25.4366927703)
2014-05-14 16:24:30.000000,-25.4366927703,-49.2835909916,POINT (-49.2835909916 -25.4366927703)
2014-05-14 16:24:40.000000,-25.4366927703,-49.2835909916,POINT (-49.2835909916 -25.4366927703)
2014-05-14 16:24:50.000000,-25.4366927703,-49.2835909916,POINT (-49.2835909916 -25.4366927703)
2014-05-14 16:25:00.000000,-25.4366927703,-49.2835909916,POINT (-49.2835909916 -25.4366927703)
2014-05-14 16:25:10.000000,-25.4366927703,-49.2835909916,POINT (-49.2835909916 -25.4366927703)
2014-05-14 16:25:20.000000,-25.4366927703,-49.2835909916,POINT (-49.2835909916 -25.4366927703)
2014-05-14 16:25:30.000000,-25.4366927703,-49.2835909916,POINT (-49.2835909916 -25.4366927703)
2014-05-14 16:25:40.000000,-25.4366927703,-49.2835909916,POINT (-49.2835909916 -25.4366927703)
2014-05-14 16:25:50.000000,-25.4366927703,-49.2835909916,POINT (-49.2835909916 -25.4366927703)
2014-05-14 16:26:00.000000,-25.4366927703,-49.2835909916,POINT (-49.2835909916 -25.4366927703)
2014-05-14 16:26:10.000000,-25.4366927703,-49.2835909916,POINT (-49.2835909916 -25.4366927703)
2014-05-14 16:26:20.000000,-25.4366927703,-49.2835909916,POINT (-49.2835909916 -25.4366927703)
2014-05-14 16:26:30.000000,-25.4366927703,-49.2835909916,POINT (-49.2835909916 -25.4366927703)
2014-05-14 16:26:40.000000,-25.4366927703,-49.2835909916,POINT (-49.2835909916 -25.4366927703)
2014-05-14 16:26:50.000000,-25.4366927703,-49.2835909916,POINT (-49.2835909916 -25.4366927703)
2014-05-14 16:27:00.000000,-25.4366927703,-49.2835909916,POINT (-49.2835909916 -25.4366927703)
2014-05-14 16:27:10.000000,-25.4366927703,-49.2835909916,POINT (-49.2835909916 -25.4366927703)
2014-05-14 16:27:20.000000,-25.4366927703,-49.2835909916,POINT (-49.2835909916 -25.4366927703)
2014-05-14 16:27:30.000000,-25.4366927703,-49.2835909916,POINT (-49.2835909916 -25.4366927703)
2014-05-14 16:27:40.000000,-25.4366927703,-49.2835909916,POINT (-49.2835909916 -25.4366927703)
2014-05-14 16:27:50.000000,-25.4366927703,-49.2835909916,POINT (-49.2835909916 -25.4366927703)
2014-05-14 16:28:00.000000,-25.4366927703,-49.2835909916,POINT (-49.2835909916 -25.4366927703)
2014-05-14 16:28:10.000000,-25.4366927703,-49.2835909916,POINT (-49.2835909916 -25.4366927703)
2014-05-14 16:28:20.000000,-25.4366927703,-49.2835909916,POINT (-49.2835909916 -25.4366927703)
2014-05-14 16:28:30.000000,-25.4366927703,-49.2835909916,POINT (-49.2835909916 -25.4366927703)
2014-05-14 16:28:40.000000,-25.4366927703,-49.2835909916,POINT (-49.2835909916 -25.4366927703)
2014-05-14 16:28:50.000000,-25.4366927703,-49.2835909916,POINT (-49.2835909916 -25.4366927703)
2014-05-14 16:29:00.000000,-25.4366927703,-49.2835909916,POINT (-49.2835909916 -25.4366927703)
2014-05-14 16:29:10.000000,-25.4366927703,-49.2835909916,POINT (-49.2835909916 -25.4366927703)
2014-05-14 16:29:20.000000,-25.4366927703,-49.2835909916,POINT (-49.2835909916 -25.4366927703)
2014-05-14 16:29:30.000000,-25.4366927703,-49.2835909916,POINT (-49.2835909916 -25.4366927703)
2014-05-14 16:29:40.000000,-25.4366927703,-49.2835909916,POINT (-49.2835909916 -25.4366927703)
2014-05-14 16:29:50.000000,-25.4366927703,-49.2835909916,POINT (-49.2835909916 -25.4366927703)
2014-05-14 16:30:00.000000,-25.4366927703,-49.2835909916,POINT (-49.2835909916 -25.4366927703)
2014-05-14 16:30:10.000000,-25.4366927703,-49.2835909916,POINT (-49.2835909916 -25.4366927703)
2014-05-14 16:30:20.000000,-25.4366927703,-49.2835909916,POINT (-49.2835909916 -25.4366927703)
2014-05-14 16:30:30.000000,-25.4366927703,-49.2835909916,POINT (-49.2835909916 -25.4366927703)
2014-05-14 16:30:40.000000,-25.4366927703,-49.2835909916,POINT (-49.2835909916 -25.4366927703)
2014-05-14 16:30:50.000000,-25.4366927703,-49.2835909916,POINT (-49.2835909916 -25.4366927703)
2014-05-14 16:31:00.000000,-25.4366927703,-49.2835909916,POINT (-49.2835909916 -25.4366927703)
2014-05-14 16:31:10.000000,-25.4366927703,-49.2835909916,POINT (-49.2835909916 -25.4366927703)
2014-05-14 16:31:20.000000,-25.4366927703,-49.2835909916,POINT (-49.2835909916 -25.4366927703)
2014-05-14 16:31:30.000000,-25.4366927703,-49.2835909916,POINT (-49.2835909916 -25.4366927703)
2014-05-14 16:31:40.000000,-25.4366927703,-49.2835909916,POINT (-49.2835909916 -25.4366927703)
2014-05-14 16:31:50.000000,-25.4366927703,-49.2835909916,POINT (-49.2835909916 -25.4366927703)
2014-05-14 16:32:00.000000,-25.4366927703,-49.2835909916,POINT (-49.2835909916 -25.4366927703)
2014-05-14 16:32:10.000000,-25.4366927703,-49.2835909916,POINT (-49.2835909916 -25.4366927703)
2014-05-14 16:32:20.000000,-25.4366927703,-49.2835909916,POINT (-49.2835909916 -25.4366927703)
2014-05-14 16:32:30.000000,-25.4366927703,-49.2835909916,POINT (-49.2835909916 -25.4366927703)
2014-05-14 16:32:40.000000,-25.4366927703,-49.2835909916,POINT (-49.2835909916 -25.4366927703)
2014-05-14 16:32:50.000000,-25.4366927703,-49.2835909916,POINT (-49.2835909916 -25.4366927703)
2014-05-14 16:33:00.000000,-25.4366927703,-49.2835909916,POINT (-49.2835909916 -25.4366927703)
2014-05-14 16:33:10.000000,-25.4366927703,-49.2835909916,POINT (-49.2835909916 -25.4366927703)
2014-05-14 16:33:20.000000,-25.4366927703,-49.2835909916,POINT (-49.2835909916 -25.4366927703)
2014-05-14 16:33:30.000000,-25.4366927703,-49.2835909916,POINT (-49.2835909916 -25.4366927703)
2014-05-14 16:33:40.000000,-25.4366927703,-49.2835909916,POINT (-49.2835909916 -25.4366927703)
2014-05-14 16:33:50.000000,-25.4366927703,-49.2835909916,POINT (-49.2835909916 -25.4366927703)
2014-05-14 16:34:00.000000,-25.4366927703,-49.2835909916,POINT (-49.2835909916 -25.4366927703)
2014-05-14 16:34:10.000000,-25.4366927703,-49.2835909916,POINT (-49.2835909916 -25.4366927703)
2014-05-14 16:34:20.000000,-25.4366927703,-49.2835909916,POINT (-49.2835909916 -25.4366927703)
2014-05-14 16:34:30.000000,-25.4366927703,-49.2835909916,POINT (-49.2835909916 -25.4366927703)
2014-05-14 16:34:40.000000,-25.4366927703,-49.2835909916,POINT (-49.2835909916 -25.4366927703)
2014-05-14 16:34:50.000000,-25.4366927703,-49.2835909916,POINT (-49.2835909916 -25.4366927703)
2014-05-14 16:35:00.000000,-25.4366927703,-49.2835909916,POINT (-49.2835909916 -25.4366927703)
2014-05-14 16:35:10.000000,-25.4366927703,-49.2835909916,POINT (-49.2835909916 -25.4366927703)
2014-05-14 16:35:20.000000,-25.4366927703,-49.2835909916,POINT (-49.2835909916 -25.4366927703)
2014-05-14 16:35:30.000000,-25.4366927703,-49.2835909916,POINT (-49.2835909916 -25.4366927703)
2014-05-14 16:35:40.000000,-25.4366927703,-49.2835909916,POINT (-49.2835909916 -25.4366927703)
2014-05-14 16:35:50.000000,-25.4366927703,-49.2835909916,POINT (-49.2835909916 -25.4366927703)
2014-05-14 16:36:00.000000,-25.4366927703,-49.2835909916,POINT (-49.2835909916 -25.4366927703)
2014-05-14 16:36:10.000000,-25.4366927703,-49.2835909916,POINT (-49.2835909916 -25.4366927703)
2014-05-14 16:36:20.000000,-25.4366927703,-49.2835909916,POINT (-49.2835909916 -25.4366927703)
2014-05-14 16:36:30.000000,-25.4366927703,-49.2835909916,POINT (-49.2835909916 -25.4366927703)
2014-05-14 16:36:40.000000,-25.4366927703,-49.2835909916,POINT (-49.2835909916 -25.4366927703)
2014-05-14 16:36:50.000000,-25.4366927703,-49.2835909916,POINT (-49.2835909916 -25.4366927703)
2014-05-14 16:37:00.000000,-25.4366927703,-49.2835909916,POINT (-49.2835909916 -25.4366927703)
2014-05-14 16:37:10.000000,-25.4366927703,-49.2835909916,POINT (-49.2835909916 -25.4366927703)
2014-05-14 16:37:20.000000,-25.4366927703,-49.2835909916,POINT (-49.2835909916 -25.4366927703)
2014-05-14 16:37:30.000000,-25.4366927703,-49.2835909916,POINT (-49.2835909916 -25.4366927703)
2014-05-14 16:37:40.000000,-25.4366927703,-49.2835909916,POINT (-49.2835909916 -25.4366927703)
2014-05-14 16:37:50.000000,-25.4366927703,-49.2835909916,POINT (-49.2835909916 -25.4366927703)
2014-05-14 16:38:00.000000,-25.4366927703,-49.2835909916,POINT (-49.2835909916 -25.4366927703)
2014-05-14 16:38:10.000000,-25.4366927703,-49.2835909916,POINT (-49.2835909916 -25.4366927703)
2014-05-14 16:38:20.000000,-25.4366927703,-49.2835909916,POINT (-49.2835909916 -25.4366927703)
2014-05-14 16:38:30.000000,-25.4366927703,-49.2835909916,POINT (-49.2835909916 -25.4366927703)
2014-05-14 16:38:40.000000,-25.4366927703,-49.2835909916,POINT (-49.2835909916 -25.4366927703)
2014-05-14 16:38:50.000000,-25.4366927703,-49.2835909916,POINT (-49.2835909916 -25.4366927703)
2014-05-14 16:39:00.000000,-25.4366927703,-49.2835909916,POINT (-49.2835909916 -25.4366927703)
2014-05-14 16:39:10.000000,-25.4366927703,-49.2835909916,POINT (-49.2835909916 -25.4366927703)
2014-05-14 16:39:20.000000,-25.4366927703,-49.2835909916,POINT (-49.2835909916 -25.4366927703)
2014-05-14 16:39:30.000000,-25.4366927703,-49.2835909916,POINT (-49.2835909916 -25.4366927703)
2014-05-14 16:39:40.000000,-25.4366927703,-49.2835909916,POINT (-49.2835909916 -25.4366927703)
2014-05-14 16:39:50.000000,-25.4366927703,-49.2835909916,POINT (-49.2835909916 -25.4366927703)
2014-05-14 16:40:00.000000,-25.4366927703,-49.2835909916,POINT (-49.2835909916 -25.4366927703)
2014-05-14 16:40:10.000000,-25.4366927703,-49.2835909916,POINT (-49.2835909916 -25.4366927703)
2014-05-14 16:40:20.000000,-25.4366927703,-49.2835909916,POINT (-49.2835909916 -25.4366927703)
2014-05-14 16:40:30.000000,-25.4366927703,-49.2835909916,POINT (-49.2835909916 -25.4366927703)
2014-05-14 16:40:40.000000,-25.4366927703,-49.2835909916,POINT (-49.2835909916 -25.4366927703)
2014-05-14 16:40:50.000000,-25.4366927703,-49.2835909916,POINT (-49.2835909916 -25.4366927703)
2014-05-14 16:41:00.000000,-25.4366927703,-49.2835909916,POINT (-49.2835909916 -25.4366927703)
2014-05-14 16:41:10.000000,-25.4366927703,-49.2835909916,POINT (-49.2835909916 -25.4366927703)
2014-05-14 16:41:20.000000,-25.4366927703,-49.2835909916,POINT (-49.2835909916 -25.4366927703)
2014-05-14 16:41:30.000000,-25.4366927703,-49.2835909916,POINT (-49.2835909916 -25.4366927703)
2014-05-14 16:41:40.000000,-25.4366927703,-49.2835909916,POINT (-49.2835909916 -25.4366927703)
2014-05-14 16:41:50.000000,-25.4366927703,-49.2835909916,POINT (-49.2835909916 -25.4366927703)
2014-05-14 16:42:00.000000,-25.4366927703,-49.2835909916,POINT (-49.2835909916 -25.4366927703)
2014-05-14 16:42:10.000000,-25.4366927703,-49.2835909916,POINT (-49.2835909916 -25.4366927703)
2014-05-14 16:42:20.000000,-25.4366927703,-49.2835909916,POINT (-49.2835909916 -25.4366927703)
2014-05-14 16:42:30.000000,-25.4366927703,-49.2835909916,POINT (-49.2835909916 -25.4366927703)
2014-05-14 16:42:40.000000,-25.4366927703,-49.2835909916,POINT (-49.2835909916 -25.4366927703)
2014-05-14 16:42:50.000000,-25.4366927703,-49.2835909916,POINT (-49.2835909916 -25.4366927703)
2014-05-14 16:43:00.000000,-25.4366927703,-49.2835909916,POINT (-49.2835909916 -25.4366927703)
2014-05-14 16:43:10.000000,-25.4366927703,-49.2835909916,POINT (-49.2835909916 -25.4366927703)
2014-05-14 16:43:20.000000,-25.4366927703,-49.2835909916,POINT (-49.2835909916 -25.4366927703)
2014-05-14 16:43:30.000000,-25.4366927703,-49.2835909916,POINT (-49.2835909916 -25.4366927703)
2014-05-14 16:43:40.000000,-25.4366927703,-49.2835909916,POINT (-49.2835909916 -25.4366927703)
2014-05-14 16:43:50.000000,-25.4366927703,-49.2835909916,POINT (-49.2835909916 -25.4366927703)
2014-05-14 16:44:00.000000,-25.4366927703,-49.2835909916,POINT (-49.2835909916 -25.4366927703)
2014-05-14 16:44:10.000000,-25.4366927703,-49.2835909916,POINT (-49.2835909916 -25.4366927703)
2014-05-14 16:44:20.000000,-25.4366927703,-49.2835909916,POINT (-49.2835909916 -25.4366927703)
2014-05-14 16:44:30.000000,-25.4366927703,-49.2835909916,POINT (-49.2835909916 -25.4366927703)
2014-05-14 16:44:40.000000,-25.4366927703,-49.2835909916,POINT (-49.2835909916 -25.4366927703)
2014-05-14 16:44:50.000000,-25.4366927703,-49.2835909916,POINT (-49.2835909916 -25.4366927703)
2014-05-14 16:45:00.000000,-25.4366927703,-49.2835909916,POINT (-49.2835909916 -25.4366927703)
2014-05-14 16:45:10.000000,-25.4366927703,-49.2835909916,POINT (-49.2835909916 -25.4366927703)
2014-05-14 16:45:20.000000,-25.4366927703,-49.2835909916,POINT (-49.2835909916 -25.4366927703)
2014-05-14 16:45:30.000000,-25.4366927703,-49.2835909916,POINT (-49.2835909916 -25.4366927703)
2014-05-14 16:45:40.000000,-25.4366927703,-49.2835909916,POINT (-49.2835909916 -25.4366927703)
2014-05-14 16:45:50.000000,-25.4366927703,-49.2835909916,POINT (-49.2835909916 -25.4366927703)
2014-05-14 16:46:00.000000,-25.4366927703,-49.2835909916,POINT (-49.2835909916 -25.4366927703)
2014-05-14 16:46:10.000000,-25.4366927703,-49.2835909916,POINT (-49.2835909916 -25.4366927703)
2014-05-14 16:46:20.000000,-25.4366927703,-49.2835909916,POINT (-49.2835909916 -25.4366927703)
2014-05-14 16:46:30.000000,-25.4366927703,-49.2835909916,POINT (-49.2835909916 -25.4366927703)
2014-05-14 16:46:40.000000,-25.4366927703,-49.2835909916,POINT (-49.2835909916 -25.4366927703)
2014-05-14 16:46:50.000000,-25.4366927703,-49.2835909916,POINT (-49.2835909916 -25.4366927703)
2014-05-14 16:47:00.000000,-25.4366927703,-49.2835909916,POINT (-49.2835909916 -25.4366927703)
2014-05-14 16:47:10.000000,-25.4366927703,-49.2835909916,POINT (-49.2835909916 -25.4366927703)
2014-05-14 16:47:20.000000,-25.4366927703,-49.2835909916,POINT (-49.2835909916 -25.4366927703)
2014-05-14 16:47:30.000000,-25.4366927703,-49.2835909916,POINT (-49.2835909916 -25.4366927703)
2014-05-14 16:47:40.000000,-25.4366927703,-49.2835909916,POINT (-49.2835909916 -25.4366927703)
2014-05-14 16:47:50.000000,-25.4366927703,-49.2835909916,POINT (-49.2835909916 -25.4366927703)
2014-05-14 16:48:00.000000,-25.4366927703,-49.2835909916,POINT (-49.2835909916 -25.4366927703)
2014-05-14 16:48:10.000000,-25.4366927703,-49.2835909916,POINT (-49.2835909916 -25.4366927703)
2014-05-14 16:48:20.000000,-25.4366927703,-49.2835909916,POINT (-49.2835909916 -25.4366927703)
2014-05-14 16:48:30.000000,-25.4366927703,-49.2835909916,POINT (-49.2835909916 -25.4366927703)
2014-05-14 16:48:40.000000,-25.4366927703,-49.2835909916,POINT (-49.2835909916 -25.4366927703)
2014-05-14 16:48:50.000000,-25.4366927703,-49.2835909916,POINT (-49.2835909916 -25.4366927703)
2014-05-14 16:49:00.000000,-25.4366927703,-49.2835909916,POINT (-49.2835909916 -25.4366927703)
2014-05-14 16:49:10.000000,-25.4366927703,-49.2835909916,POINT (-49.2835909916 -25.4366927703)
2014-05-14 16:49:20.000000,-25.4366927703,-49.2835909916,POINT (-49.2835909916 -25.4366927703)
2014-05-14 16:49:30.000000,-25.4366927703,-49.2835909916,POINT (-49.2835909916 -25.4366927703)
2014-05-14 16:49:40.000000,-25.4366927703,-49.2835909916,POINT (-49.2835909916 -25.4366927703)
2014-05-14 16:49:50.000000,-25.4366927703,-49.2835909916,POINT (-49.2835909916 -25.4366927703)
2014-05-14 16:50:00.000000,-25.4366927703,-49.2835909916,POINT (-49.2835909916 -25.4366927703)
2014-05-14 16:50:10.000000,-25.4366927703,-49.2835909916,POINT (-49.2835909916 -25.4366927703)
2014-05-14 16:50:20.000000,-25.4366927703,-49.2835909916,POINT (-49.2835909916 -25.4366927703)
2014-05-14 16:50:30.000000,-25.4366927703,-49.2835909916,POINT (-49.2835909916 -25.4366927703)
2014-05-14 16:50:40.000000,-25.4366927703,-49.2835909916,POINT (-49.2835909916 -25.4366927703)
2014-05-14 16:50:50.000000,-25.4366927703,-49.2835909916,POINT (-49.2835909916 -25.4366927703)
2014-05-14 16:51:00.000000,-25.4366927703,-49.2835909916,POINT (-49.2835909916 -25.4366927703)
2014-05-14 16:51:10.000000,-25.4366927703,-49.2835909916,POINT (-49.2835909916 -25.4366927703)
2014-05-14 16:51:20.000000,-25.4366927703,-49.2835909916,POINT (-49.2835909916 -25.4366927703)
2014-05-14 16:51:30.000000,-25.4366927703,-49.2835909916,POINT (-49.2835909916 -25.4366927703)
2014-05-14 16:51:40.000000,-25.4366927703,-49.2835909916,POINT (-49.2835909916 -25.4366927703)
2014-05-14 16:51:50.000000,-25.4366927703,-49.2835909916,POINT (-49.2835909916 -25.4366927703)
2014-05-14 16:52:00.000000,-25.4366927703,-49.2835909916,POINT (-49.2835909916 -25.4366927703)
2014-05-14 16:52:10.000000,-25.4366927703,-49.2835909916,POINT (-49.2835909916 -25.4366927703)
2014-05-14 16:52:20.000000,-25.4366927703,-49.2835909916,POINT (-49.2835909916 -25.4366927703)
2014-05-14 16:52:30.000000,-25.4366927703,-49.2835909916,POINT (-49.2835909916 -25.4366927703)
2014-05-14 16:52:40.000000,-25.4366927703,-49.2835909916,POINT (-49.2835909916 -25.4366927703)
2014-05-14 16:52:50.000000,-25.4366927703,-49.2835909916,POINT (-49.2835909916 -25.4366927703)
2014-05-14 16:53:00.000000,-25.4366927703,-49.2835909916,POINT (-49.2835909916 -25.4366927703)
2014-05-14 16:53:10.000000,-25.4366927703,-49.2835909916,POINT (-49.2835909916 -25.4366927703)
2014-05-14 16:53:20.000000,-25.4366927703,-49.2835909916,POINT (-49.2835909916 -25.4366927703)
2014-05-14 16:53:30.000000,-25.4366927703,-49.2835909916,POINT (-49.2835909916 -25.4366927703)
2014-05-14 16:53:40.000000,-25.4366927703,-49.2835909916,POINT (-49.2835909916 -25.4366927703)
2014-05-14 16:53:50.000000,-25.4366927703,-49.2835909916,POINT (-49.2835909916 -25.4366927703)
2014-05-14 16:54:00.000000,-25.4366927703,-49.2835909916,POINT (-49.2835909916 -25.4366927703)
2014-05-14 16:54:10.000000,-25.4366927703,-49.2835909916,POINT (-49.2835909916 -25.4366927703)
2014-05-14 16:54:20.000000,-25.4366927703,-49.2835909916,POINT (-49.2835909916 -25.4366927703)
2014-05-14 16:54:30.000000,-25.4366927703,-49.2835909916,POINT (-49.2835909916 -25.4366927703)
2014-05-14 16:54:40.000000,-25.4366927703,-49.2835909916,POINT (-49.2835909916 -25.4366927703)
2014-05-14 16:54:50.000000,-25.4366927703,-49.2835909916,POINT (-49.2835909916 -25.4366927703)
2014-05-14 16:55:00.000000,-25.4366927703,-49.2835909916,POINT (-49.2835909916 -25.4366927703)
2014-05-14 16:55:10.000000,-25.4366927703,-49.2835909916,POINT (-49.2835909916 -25.4366927703)
2014-05-14 16:55:20.000000,-25.4366927703,-49.2835909916,POINT (-49.2835909916 -25.4366927703)
2014-05-14 16:55:30.000000,-25.4366927703,-49.2835909916,POINT (-49.2835909916 -25.4366927703)
2014-05-14 16:55:40.000000,-25.4366927703,-49.2835909916,POINT (-49.2835909916 -25.4366927703)
2014-05-14 16:55:50.000000,-25.4366927703,-49.2835909916,POINT (-49.2835909916 -25.4366927703)
2014-05-14 16:56:00.000000,-25.4366927703,-49.2835909916,POINT (-49.2835909916 -25.4366927703)
2014-05-14 16:56:10.000000,-25.4366927703,-49.2835909916,POINT (-49.2835909916 -25.4366927703)
2014-05-14 16:56:20.000000,-25.4366927703,-49.2835909916,POINT (-49.2835909916 -25.4366927703)
2014-05-14 16:56:30.000000,-25.4366927703,-49.2835909916,POINT (-49.2835909916 -25.4366927703)
2014-05-14 16:56:40.000000,-25.4366927703,-49.2835909916,POINT (-49.2835909916 -25.4366927703)
2014-05-14 16:56:50.000000,-25.4366927703,-49.2835909916,POINT (-49.2835909916 -25.4366927703)
2014-05-14 16:57:00.000000,-25.4366927703,-49.2835909916,POINT (-49.2835909916 -25.4366927703)
2014-05-14 16:57:10.000000,-25.4366927703,-49.2835909916,POINT (-49.2835909916 -25.4366927703)
2014-05-14 16:57:20.000000,-25.4366927703,-49.2835909916,POINT (-49.2835909916 -25.4366927703)
2014-05-14 16:57:30.000000,-25.4366927703,-49.2835909916,POINT (-49.2835909916 -25.4366927703)
2014-05-14 16:57:40.000000,-25.4366927703,-49.2835909916,POINT (-49.2835909916 -25.4366927703)
2014-05-14 16:57:50.000000,-25.4366927703,-49.2835909916,POINT (-49.2835909916 -25.4366927703)
2014-05-14 16:58:00.000000,-25.4366927703,-49.2835909916,POINT (-49.2835909916 -25.4366927703)
2014-05-14 16:58:10.000000,-25.4366927703,-49.2835909916,POINT (-49.2835909916 -25.4366927703)
2014-05-14 16:58:20.000000,-25.4366927703,-49.2835909916,POINT (-49.2835909916 -25.4366927703)
2014-05-14 16:58:30.000000,-25.4366927703,-49.2835909916,POINT (-49.2835909916 -25.4366927703)
2014-05-14 16:58:40.000000,-25.4366927703,-49.2835909916,POINT (-49.2835909916 -25.4366927703)
2014-05-14 16:58:50.000000,-25.4366927703,-49.2835909916,POINT (-49.2835909916 -25.4366927703)
2014-05-14 16:59:00.000000,-25.4366927703,-49.2835909916,POINT (-49.2835909916 -25.4366927703)
2014-05-14 16:59:10.000000,-25.4366927703,-49.2835909916,POINT (-49.2835909916 -25.4366927703)
2014-05-14 16:59:20.000000,-25.4366927703,-49.2835909916,POINT (-49.2835909916 -25.4366927703)
2014-05-14 16:59:30.000000,-25.4366927703,-49.2835909916,POINT (-49.2835909916 -25.4366927703)
2014-05-14 16:59:40.000000,-25.4366927703,-49.2835909916,POINT (-49.2835909916 -25.4366927703)
2014-05-14 16:59:50.000000,-25.4366927703,-49.2835909916,POINT (-49.2835909916 -25.4366927703)
2014-05-14 17:00:00.000000,-25.4366927703,-49.2835909916,POINT (-49.2835909916 -25.4366927703)
2014-05-14 17:00:10.000000,-25.4366927703,-49.2835909916,POINT (-49.2835909916 -25.4366927703)
2014-05-14 17:00:20.000000,-25.4366927703,-49.2835909916,POINT (-49.2835909916 -25.4366927703)
2014-05-14 17:00:30.000000,-25.4366927703,-49.2835909916,POINT (-49.2835909916 -25.4366927703)
2014-05-14 17:00:40.000000,-25.4366927703,-49.2835909916,POINT (-49.2835909916 -25.4366927703)
2014-05-14 17:00:50.000000,-25.4366927703,-49.2835909916,POINT (-49.2835909916 -25.4366927703)
2014-05-14 17:01:00.000000,-25.4366927703,-49.2835909916,POINT (-49.2835909916 -25.4366927703)
2014-05-14 17:01:10.000000,-25.4366927703,-49.2835909916,POINT (-49.2835909916 -25.4366927703)
2014-05-14 17:01:20.000000,-25.4366927703,-49.2835909916,POINT (-49.2835909916 -25.4366927703)
2014-05-14 17:01:30.000000,-25.4366927703,-49.2835909916,POINT (-49.2835909916 -25.4366927703)
2014-05-14 17:01:40.000000,-25.4366927703,-49.2835909916,POINT (-49.2835909916 -25.4366927703)
2014-05-14 17:01:50.000000,-25.4366927703,-49.2835909916,POINT (-49.2835909916 -25.4366927703)
2014-05-14 17:02:00.000000,-25.4366927703,-49.2835909916,POINT (-49.2835909916 -25.4366927703)
2014-05-14 17:02:10.000000,-25.4366927703,-49.2835909916,POINT (-49.2835909916 -25.4366927703)
2014-05-14 17:02:20.000000,-25.4366927703,-49.2835909916,POINT (-49.2835909916 -25.4366927703)
2014-05-14 17:02:30.000000,-25.4366927703,-49.2835909916,POINT (-49.2835909916 -25.4366927703)
2014-05-14 17:02:40.000000,-25.4366927703,-49.2835909916,POINT (-49.2835909916 -25.4366927703)
2014-05-14 17:02:50.000000,-25.4366927703,-49.2835909916,POINT (-49.2835909916 -25.4366927703)
2014-05-14 17:03:00.000000,-25.4366927703,-49.2835909916,POINT (-49.2835909916 -25.4366927703)
2014-05-14 17:03:10.000000,-25.4366927703,-49.2835909916,POINT (-49.2835909916 -25.4366927703)
2014-05-14 17:03:20.000000,-25.4366927703,-49.2835909916,POINT (-49.2835909916 -25.4366927703)
2014-05-14 17:03:30.000000,-25.4366927703,-49.2835909916,POINT (-49.2835909916 -25.4366927703)
2014-05-14 17:03:40.000000,-25.4366927703,-49.2835909916,POINT (-49.2835909916 -25.4366927703)
2014-05-14 17:03:50.000000,-25.4366927703,-49.2835909916,POINT (-49.2835909916 -25.4366927703)
2014-05-14 17:04:00.000000,-25.4366927703,-49.2835909916,POINT (-49.2835909916 -25.4366927703)
2014-05-14 17:04:10.000000,-25.4366927703,-49.2835909916,POINT (-49.2835909916 -25.4366927703)
2014-05-14 17:04:20.000000,-25.4366927703,-49.2835909916,POINT (-49.2835909916 -25.4366927703)
2014-05-14 17:04:30.000000,-25.4366927703,-49.2835909916,POINT (-49.2835909916 -25.4366927703)
2014-05-14 17:04:40.000000,-25.4366927703,-49.2835909916,POINT (-49.2835909916 -25.4366927703)
2014-05-14 17:04:50.000000,-25.4366927703,-49.2835909916,POINT (-49.2835909916 -25.4366927703)
2014-05-14 17:05:00.000000,-25.4366927703,-49.2835909916,POINT (-49.2835909916 -25.4366927703)
2014-05-14 17:05:10.000000,-25.4366927703,-49.2835909916,POINT (-49.2835909916 -25.4366927703)
2014-05-14 17:05:20.000000,-25.4366927703,-49.2835909916,POINT (-49.2835909916 -25.4366927703)
2014-05-14 17:05:30.000000,-25.4366927703,-49.2835909916,POINT (-49.2835909916 -25.4366927703)
2014-05-14 17:05:40.000000,-25.4366927703,-49.2835909916,POINT (-49.2835909916 -25.4366927703)
2014-05-14 17:05:50.000000,-25.4366927703,-49.2835909916,POINT (-49.2835909916 -25.4366927703)
2014-05-14 17:06:00.000000,-25.4366927703,-49.2835909916,POINT (-49.2835909916 -25.4366927703)
2014-05-14 17:06:10.000000,-25.4366927703,-49.2835909916,POINT (-49.2835909916 -25.4366927703)
2014-05-14 17:06:20.000000,-25.4366927703,-49.2835909916,POINT (-49.2835909916 -25.4366927703)
2014-05-14 17:06:30.000000,-25.4366927703,-49.2835909916,POINT (-49.2835909916 -25.4366927703)
2014-05-14 17:06:40.000000,-25.4366927703,-49.2835909916,POINT (-49.2835909916 -25.4366927703)
2014-05-14 17:06:50.000000,-25.4366927703,-49.2835909916,POINT (-49.2835909916 -25.4366927703)
2014-05-14 17:07:00.000000,-25.4366927703,-49.2835909916,POINT (-49.2835909916 -25.4366927703)
2014-05-14 17:07:10.000000,-25.4366927703,-49.2835909916,POINT (-49.2835909916 -25.4366927703)
2014-05-14 17:07:20.000000,-25.4366927703,-49.2835909916,POINT (-49.2835909916 -25.4366927703)
2014-05-14 17:07:30.000000,-25.4366927703,-49.2835909916,POINT (-49.2835909916 -25.4366927703)
2014-05-14 17:07:40.000000,-25.4366927703,-49.2835909916,POINT (-49.2835909916 -25.4366927703)
2014-05-14 17:07:50.000000,-25.4366927703,-49.2835909916,POINT (-49.2835909916 -25.4366927703)
2014-05-14 17:08:00.000000,-25.4366927703,-49.2835909916,POINT (-49.2835909916 -25.4366927703)
2014-05-14 17:08:10.000000,-25.4366927703,-49.2835909916,POINT (-49.2835909916 -25.4366927703)
2014-05-14 17:08:20.000000,-25.4366927703,-49.2835909916,POINT (-49.2835909916 -25.4366927703)
2014-05-14 17:08:30.000000,-25.4366927703,-49.2835909916,POINT (-49.2835909916 -25.4366927703)
2014-05-14 17:08:40.000000,-25.4366927703,-49.2835909916,POINT (-49.2835909916 -25.4366927703)
2014-05-14 17:08:50.000000,-25.4366927703,-49.2835909916,POINT (-49.2835909916 -25.4366927703)
2014-05-14 17:09:00.000000,-25.4366927703,-49.2835909916,POINT (-49.2835909916 -25.4366927703)
2014-05-14 17:09:10.000000,-25.4366927703,-49.2835909916,POINT (-49.2835909916 -25.4366927703)
2014-05-14 17:09:20.000000,-25.4366927703,-49.2835909916,POINT (-49.2835909916 -25.4366927703)
2014-05-14 17:09:30.000000,-25.4366927703,-49.2835909916,POINT (-49.2835909916 -25.4366927703)
2014-05-14 17:09:40.000000,-25.4366927703,-49.2835909916,POINT (-49.2835909916 -25.4366927703)
2014-05-14 17:09:50.000000,-25.4366927703,-49.2835909916,POINT (-49.2835909916 -25.4366927703)
2014-05-14 17:10:00.000000,-25.4366927703,-49.2835909916,POINT (-49.2835909916 -25.4366927703)
2014-05-14 17:10:10.000000,-25.4366927703,-49.2835909916,POINT (-49.2835909916 -25.4366927703)
2014-05-14 17:10:20.000000,-25.4366927703,-49.2835909916,POINT (-49.2835909916 -25.4366927703)
2014-05-14 17:10:30.000000,-25.4366927703,-49.2835909916,POINT (-49.2835909916 -25.4366927703)
2014-05-14 17:10:40.000000,-25.4366927703,-49.2835909916,POINT (-49.2835909916 -25.4366927703)
2014-05-14 17:10:50.000000,-25.4366927703,-49.2835909916,POINT (-49.2835909916 -25.4366927703)
2014-05-14 17:11:00.000000,-25.4366927703,-49.2835909916,POINT (-49.2835909916 -25.4366927703)
2014-05-14 17:11:10.000000,-25.4366927703,-49.2835909916,POINT (-49.2835909916 -25.4366927703)
2014-05-14 17:11:20.000000,-25.4366927703,-49.2835909916,POINT (-49.2835909916 -25.4366927703)
2014-05-14 17:11:30.000000,-25.4366927703,-49.2835909916,POINT (-49.2835909916 -25.4366927703)
2014-05-14 17:11:40.000000,-25.4366927703,-49.2835909916,POINT (-49.2835909916 -25.4366927703)
2014-05-14 17:11:50.000000,-25.4366927703,-49.2835909916,POINT (-49.2835909916 -25.4366927703)
2014-05-14 17:12:00.000000,-25.4366927703,-49.2835909916,POINT (-49.2835909916 -25.4366927703)
2014-05-14 17:12:10.000000,-25.4366927703,-49.2835909916,POINT (-49.2835909916 -25.4366927703)
2014-05-14 17:12:20.000000,-25.4366927703,-49.2835909916,POINT (-49.2835909916 -25.4366927703)
2014-05-14 17:12:30.000000,-25.4366927703,-49.2835909916,POINT (-49.2835909916 -25.4366927703)
2014-05-14 17:12:40.000000,-25.4366927703,-49.2835909916,POINT (-49.2835909916 -25.4366927703)
2014-05-14 17:12:50.000000,-25.4366927703,-49.2835909916,POINT (-49.2835909916 -25.4366927703)
2014-05-14 17:13:00.000000,-25.4366927703,-49.2835909916,POINT (-49.2835909916 -25.4366927703)
2014-05-14 17:13:10.000000,-25.4366927703,-49.2835909916,POINT (-49.2835909916 -25.4366927703)
2014-05-14 17:13:20.000000,-25.4366927703,-49.2835909916,POINT (-49.2835909916 -25.4366927703)
2014-05-14 17:13:30.000000,-25.4366927703,-49.2835909916,POINT (-49.2835909916 -25.4366927703)
2014-05-14 17:13:40.000000,-25.4366927703,-49.2835909916,POINT (-49.2835909916 -25.4366927703)
2014-05-14 17:13:50.000000,-25.4366927703,-49.2835909916,POINT (-49.2835909916 -25.4366927703)
2014-05-14 17:14:00.000000,-25.4366927703,-49.2835909916,POINT (-49.2835909916 -25.4366927703)
2014-05-14 17:14:10.000000,-25.4366927703,-49.2835909916,POINT (-49.2835909916 -25.4366927703)
2014-05-14 17:14:20.000000,-25.4366927703,-49.2835909916,POINT (-49.2835909916 -25.4366927703)
2014-05-14 17:14:30.000000,-25.4366927703,-49.2835909916,POINT (-49.2835909916 -25.4366927703)
2014-05-14 17:14:40.000000,-25.4366927703,-49.2835909916,POINT (-49.2835909916 -25.4366927703)
2014-05-14 17:14:50.000000,-25.4366927703,-49.2835909916,POINT (-49.2835909916 -25.4366927703)
2014-05-14 17:15:00.000000,-25.4366927703,-49.2835909916,POINT (-49.2835909916 -25.4366927703)
2014-05-14 17:15:10.000000,-25.4366927703,-49.2835909916,POINT (-49.2835909916 -25.4366927703)
2014-05-14 17:15:20.000000,-25.4366927703,-49.2835909916,POINT (-49.2835909916 -25.4366927703)
2014-05-14 17:15:30.000000,-25.4366927703,-49.2835909916,POINT (-49.2835909916 -25.4366927703)
2014-05-14 17:15:40.000000,-25.4366927703,-49.2835909916,POINT (-49.2835909916 -25.4366927703)
2014-05-14 17:15:50.000000,-25.4366927703,-49.2835909916,POINT (-49.2835909916 -25.4366927703)
2014-05-14 17:16:00.000000,-25.4366927703,-49.2835909916,POINT (-49.2835909916 -25.4366927703)
2014-05-14 17:16:10.000000,-25.4366927703,-49.2835909916,POINT (-49.2835909916 -25.4366927703)
2014-05-14 17:16:20.000000,-25.4366927703,-49.2835909916,POINT (-49.2835909916 -25.4366927703)
2014-05-14 17:16:30.000000,-25.4366927703,-49.2835909916,POINT (-49.2835909916 -25.4366927703)
2014-05-14 17:16:40.000000,-25.4366927703,-49.2835909916,POINT (-49.2835909916 -25.4366927703)
2014-05-14 17:16:50.000000,-25.4366927703,-49.2835909916,POINT (-49.2835909916 -25.4366927703)
2014-05-14 17:17:00.000000,-25.4366927703,-49.2835909916,POINT (-49.2835909916 -25.4366927703)
2014-05-14 17:17:10.000000,-25.4366927703,-49.2835909916,POINT (-49.2835909916 -25.4366927703)
2014-05-14 17:17:20.000000,-25.4366927703,-49.2835909916,POINT (-49.2835909916 -25.4366927703)
2014-05-14 17:17:30.000000,-25.4366927703,-49.2835909916,POINT (-49.2835909916 -25.4366927703)
2014-05-14 17:17:40.000000,-25.4366927703,-49.2835909916,POINT (-49.2835909916 -25.4366927703)
2014-05-14 17:17:50.000000,-25.4366927703,-49.2835909916,POINT (-49.2835909916 -25.4366927703)
2014-05-14 17:18:00.000000,-25.4366927703,-49.2835909916,POINT (-49.2835909916 -25.4366927703)
2014-05-14 17:18:10.000000,-25.4366927703,-49.2835909916,POINT (-49.2835909916 -25.4366927703)
2014-05-14 17:18:20.000000,-25.4366927703,-49.2835909916,POINT (-49.2835909916 -25.4366927703)
2014-05-14 17:18:30.000000,-25.4366927703,-49.2835909916,POINT (-49.2835909916 -25.4366927703)
2014-05-14 17:18:40.000000,-25.4366927703,-49.2835909916,POINT (-49.2835909916 -25.4366927703)
2014-05-14 17:18:50.000000,-25.4366927703,-49.2835909916,POINT (-49.2835909916 -25.4366927703)
2014-05-14 17:19:00.000000,-25.4366927703,-49.2835909916,POINT (-49.2835909916 -25.4366927703)
2014-05-14 17:19:10.000000,-25.4366927703,-49.2835909916,POINT (-49.2835909916 -25.4366927703)
2014-05-14 17:19:20.000000,-25.4366927703,-49.2835909916,POINT (-49.2835909916 -25.4366927703)
2014-05-14 17:19:30.000000,-25.4366927703,-49.2835909916,POINT (-49.2835909916 -25.4366927703)
2014-05-14 17:19:40.000000,-25.4366927703,-49.2835909916,POINT (-49.2835909916 -25.4366927703)
2014-05-14 17:19:50.000000,-25.4366927703,-49.2835909916,POINT (-49.2835909916 -25.4366927703)
2014-05-14 17:20:00.000000,-25.4366927703,-49.2835909916,POINT (-49.2835909916 -25.4366927703)
2014-05-14 17:20:10.000000,-25.4366927703,-49.2835909916,POINT (-49.2835909916 -25.4366927703)
2014-05-14 17:20:20.000000,-25.4366927703,-49.2835909916,POINT (-49.2835909916 -25.4366927703)
2014-05-14 17:20:30.000000,-25.4366927703,-49.2835909916,POINT (-49.2835909916 -25.4366927703)
2014-05-14 17:20:40.000000,-25.4366927703,-49.2835909916,POINT (-49.2835909916 -25.4366927703)
2014-05-14 17:20:50.000000,-25.4366927703,-49.2835909916,POINT (-49.2835909916 -25.4366927703)
2014-05-14 17:21:00.000000,-25.4366927703,-49.2835909916,POINT (-49.2835909916 -25.4366927703)
2014-05-14 17:21:10.000000,-25.4366927703,-49.2835909916,POINT (-49.2835909916 -25.4366927703)
2014-05-14 17:21:20.000000,-25.4366927703,-49.2835909916,POINT (-49.2835909916 -25.4366927703)
2014-05-14 17:21:30.000000,-25.4366927703,-49.2835909916,POINT (-49.2835909916 -25.4366927703)
2014-05-14 17:21:40.000000,-25.4366927703,-49.2835909916,POINT (-49.2835909916 -25.4366927703)
2014-05-14 17:21:50.000000,-25.4366927703,-49.2835909916,POINT (-49.2835909916 -25.4366927703)
2014-05-14 17:22:00.000000,-25.4366927703,-49.2835909916,POINT (-49.2835909916 -25.4366927703)
2014-05-14 17:22:10.000000,-25.4366927703,-49.2835909916,POINT (-49.2835909916 -25.4366927703)
2014-05-14 17:22:20.000000,-25.4366927703,-49.2835909916,POINT (-49.2835909916 -25.4366927703)
2014-05-14 17:22:30.000000,-25.4366927703,-49.2835909916,POINT (-49.2835909916 -25.4366927703)
2014-05-14 17:22:40.000000,-25.4366927703,-49.2835909916,POINT (-49.2835909916 -25.4366927703)
2014-05-14 17:22:50.000000,-25.4366927703,-49.2835909916,POINT (-49.2835909916 -25.4366927703)
2014-05-14 17:23:00.000000,-25.4366927703,-49.2835909916,POINT (-49.2835909916 -25.4366927703)
2014-05-14 17:23:10.000000,-25.4366927703,-49.2835909916,POINT (-49.2835909916 -25.4366927703)
2014-05-14 17:23:20.000000,-25.4366927703,-49.2835909916,POINT (-49.2835909916 -25.4366927703)
2014-05-14 17:23:30.000000,-25.4366927703,-49.2835909916,POINT (-49.2835909916 -25.4366927703)
2014-05-14 17:23:40.000000,-25.4366927703,-49.2835909916,POINT (-49.2835909916 -25.4366927703)
2014-05-14 17:23:50.000000,-25.4366927703,-49.2835909916,POINT (-49.2835909916 -25.4366927703)
2014-05-14 17:24:00.000000,-25.4366927703,-49.2835909916,POINT (-49.2835909916 -25.4366927703)
2014-05-14 17:24:10.000000,-25.4366927703,-49.2835909916,POINT (-49.2835909916 -25.4366927703)
2014-05-14 17:24:20.000000,-25.4366927703,-49.2835909916,POINT (-49.2835909916 -25.4366927703)
2014-05-14 17:24:30.000000,-25.4366927703,-49.2835909916,POINT (-49.2835909916 -25.4366927703)
2014-05-14 17:24:40.000000,-25.4366927703,-49.2835909916,POINT (-49.2835909916 -25.4366927703)
2014-05-14 17:24:50.000000,-25.4366927703,-49.2835909916,POINT (-49.2835909916 -25.4366927703)
2014-05-14 17:25:00.000000,-25.4366927703,-49.2835909916,POINT (-49.2835909916 -25.4366927703)
2014-05-14 17:25:10.000000,-25.4366927703,-49.2835909916,POINT (-49.2835909916 -25.4366927703)
2014-05-14 17:25:20.000000,-25.4366927703,-49.2835909916,POINT (-49.2835909916 -25.4366927703)
2014-05-14 17:25:30.000000,-25.4366927703,-49.2835909916,POINT (-49.2835909916 -25.4366927703)
2014-05-14 17:25:40.000000,-25.4366927703,-49.2835909916,POINT (-49.2835909916 -25.4366927703)
2014-05-14 17:25:50.000000,-25.4366927703,-49.2835909916,POINT (-49.2835909916 -25.4366927703)
2014-05-14 17:26:00.000000,-25.4366927703,-49.2835909916,POINT (-49.2835909916 -25.4366927703)
2014-05-14 17:26:10.000000,-25.4366927703,-49.2835909916,POINT (-49.2835909916 -25.4366927703)
2014-05-14 17:26:20.000000,-25.4366927703,-49.2835909916,POINT (-49.2835909916 -25.4366927703)
2014-05-14 17:26:30.000000,-25.4366927703,-49.2835909916,POINT (-49.2835909916 -25.4366927703)
2014-05-14 17:26:40.000000,-25.4366927703,-49.2835909916,POINT (-49.2835909916 -25.4366927703)
2014-05-14 17:26:50.000000,-25.4366927703,-49.2835909916,POINT (-49.2835909916 -25.4366927703)
2014-05-14 17:27:00.000000,-25.4366927703,-49.2835909916,POINT (-49.2835909916 -25.4366927703)
2014-05-14 17:27:10.000000,-25.4366927703,-49.2835909916,POINT (-49.2835909916 -25.4366927703)
2014-05-14 17:27:20.000000,-25.4366927703,-49.2835909916,POINT (-49.2835909916 -25.4366927703)
2014-05-14 17:27:30.000000,-25.4366927703,-49.2835909916,POINT (-49.2835909916 -25.4366927703)
2014-05-14 17:27:40.000000,-25.4366927703,-49.2835909916,POINT (-49.2835909916 -25.4366927703)
2014-05-14 17:27:50.000000,-25.4366927703,-49.2835909916,POINT (-49.2835909916 -25.4366927703)
2014-05-14 17:28:00.000000,-25.4366927703,-49.2835909916,POINT (-49.2835909916 -25.4366927703)
2014-05-14 17:28:10.000000,-25.4366927703,-49.2835909916,POINT (-49.2835909916 -25.4366927703)
2014-05-14 17:28:20.000000,-25.4366927703,-49.2835909916,POINT (-49.2835909916 -25.4366927703)
2014-05-14 17:28:30.000000,-25.4366927703,-49.2835909916,POINT (-49.2835909916 -25.4366927703)
2014-05-14 17:28:40.000000,-25.4366927703,-49.2835909916,POINT (-49.2835909916 -25.4366927703)
2014-05-14 17:28:50.000000,-25.4366927703,-49.2835909916,POINT (-49.2835909916 -25.4366927703)
2014-05-14 17:29:00.000000,-25.4366927703,-49.2835909916,POINT (-49.2835909916 -25.4366927703)
2014-05-14 17:29:10.000000,-25.4366927703,-49.2835909916,POINT (-49.2835909916 -25.4366927703)
2014-05-14 17:29:20.000000,-25.4366927703,-49.2835909916,POINT (-49.2835909916 -25.4366927703)
2014-05-14 17:29:30.000000,-25.4366927703,-49.2835909916,POINT (-49.2835909916 -25.4366927703)
2014-05-14 17:29:40.000000,-25.4366927703,-49.2835909916,POINT (-49.2835909916 -25.4366927703)
2014-05-14 17:29:50.000000,-25.4366927703,-49.2835909916,POINT (-49.2835909916 -25.4366927703)
2014-05-14 17:30:00.000000,-25.4366927703,-49.2835909916,POINT (-49.2835909916 -25.4366927703)
2014-05-14 17:30:10.000000,-25.4366927703,-49.2835909916,POINT (-49.2835909916 -25.4366927703)
2014-05-14 17:30:20.000000,-25.4366927703,-49.2835909916,POINT (-49.2835909916 -25.4366927703)
2014-05-14 17:30:30.000000,-25.4366927703,-49.2835909916,POINT (-49.2835909916 -25.4366927703)
2014-05-14 17:30:40.000000,-25.4366927703,-49.2835909916,POINT (-49.2835909916 -25.4366927703)
2014-05-14 17:30:50.000000,-25.4366927703,-49.2835909916,POINT (-49.2835909916 -25.4366927703)
2014-05-14 17:31:00.000000,-25.4366927703,-49.2835909916,POINT (-49.2835909916 -25.4366927703)
2014-05-14 17:31:10.000000,-25.4366927703,-49.2835909916,POINT (-49.2835909916 -25.4366927703)
2014-05-14 17:31:20.000000,-25.4366927703,-49.2835909916,POINT (-49.2835909916 -25.4366927703)
2014-05-14 17:31:30.000000,-25.4366927703,-49.2835909916,POINT (-49.2835909916 -25.4366927703)
2014-05-14 17:31:40.000000,-25.4366927703,-49.2835909916,POINT (-49.2835909916 -25.4366927703)
2014-05-14 17:31:50.000000,-25.4366927703,-49.2835909916,POINT (-49.2835909916 -25.4366927703)
2014-05-14 17:32:00.000000,-25.4366927703,-49.2835909916,POINT (-49.2835909916 -25.4366927703)
2014-05-14 17:32:10.000000,-25.4366927703,-49.2835909916,POINT (-49.2835909916 -25.4366927703)
2014-05-14 17:32:20.000000,-25.4366927703,-49.2835909916,POINT (-49.2835909916 -25.4366927703)
2014-05-14 17:32:30.000000,-25.4366927703,-49.2835909916,POINT (-49.2835909916 -25.4366927703)
2014-05-14 17:32:40.000000,-25.4366927703,-49.2835909916,POINT (-49.2835909916 -25.4366927703)
2014-05-14 17:32:50.000000,-25.4366927703,-49.2835909916,POINT (-49.2835909916 -25.4366927703)
2014-05-14 17:33:00.000000,-25.4366927703,-49.2835909916,POINT (-49.2835909916 -25.4366927703)
2014-05-14 17:33:10.000000,-25.4366927703,-49.2835909916,POINT (-49.2835909916 -25.4366927703)
2014-05-14 17:33:20.000000,-25.4366927703,-49.2835909916,POINT (-49.2835909916 -25.4366927703)
2014-05-14 17:33:30.000000,-25.4366927703,-49.2835909916,POINT (-49.2835909916 -25.4366927703)
2014-05-14 17:33:40.000000,-25.4366927703,-49.2835909916,POINT (-49.2835909916 -25.4366927703)
2014-05-14 17:33:50.000000,-25.4366927703,-49.2835909916,POINT (-49.2835909916 -25.4366927703)
2014-05-14 17:34:00.000000,-25.4366927703,-49.2835909916,POINT (-49.2835909916 -25.4366927703)
2014-05-14 17:34:10.000000,-25.4366927703,-49.2835909916,POINT (-49.2835909916 -25.4366927703)
2014-05-14 17:34:20.000000,-25.4366927703,-49.2835909916,POINT (-49.2835909916 -25.4366927703)
2014-05-14 17:34:30.000000,-25.4366927703,-49.2835909916,POINT (-49.2835909916 -25.4366927703)
2014-05-14 17:34:40.000000,-25.4366927703,-49.2835909916,POINT (-49.2835909916 -25.4366927703)
2014-05-14 17:34:50.000000,-25.4366927703,-49.2835909916,POINT (-49.2835909916 -25.4366927703)
2014-05-14 17:35:00.000000,-25.4366927703,-49.2835909916,POINT (-49.2835909916 -25.4366927703)
2014-05-14 17:35:10.000000,-25.4366927703,-49.2835909916,POINT (-49.2835909916 -25.4366927703)
2014-05-14 17:35:20.000000,-25.4366927703,-49.2835909916,POINT (-49.2835909916 -25.4366927703)
2014-05-14 17:35:30.000000,-25.4366927703,-49.2835909916,POINT (-49.2835909916 -25.4366927703)
2014-05-14 17:35:40.000000,-25.4366927703,-49.2835909916,POINT (-49.2835909916 -25.4366927703)
2014-05-14 17:35:50.000000,-25.4366927703,-49.2835909916,POINT (-49.2835909916 -25.4366927703)
2014-05-14 17:36:00.000000,-25.4366927703,-49.2835909916,POINT (-49.2835909916 -25.4366927703)
2014-05-14 17:36:10.000000,-25.4366927703,-49.2835909916,POINT (-49.2835909916 -25.4366927703)
2014-05-14 17:36:20.000000,-25.4366927703,-49.2835909916,POINT (-49.2835909916 -25.4366927703)
2014-05-14 17:36:30.000000,-25.4366927703,-49.2835909916,POINT (-49.2835909916 -25.4366927703)
2014-05-14 17:36:40.000000,-25.4366927703,-49.2835909916,POINT (-49.2835909916 -25.4366927703)
2014-05-14 17:36:50.000000,-25.4366927703,-49.2835909916,POINT (-49.2835909916 -25.4366927703)
2014-05-14 17:37:00.000000,-25.4366927703,-49.2835909916,POINT (-49.2835909916 -25.4366927703)
2014-05-14 17:37:10.000000,-25.4366927703,-49.2835909916,POINT (-49.2835909916 -25.4366927703)
2014-05-14 17:37:20.000000,-25.4366927703,-49.2835909916,POINT (-49.2835909916 -25.4366927703)
2014-05-14 17:37:30.000000,-25.4366927703,-49.2835909916,POINT (-49.2835909916 -25.4366927703)
2014-05-14 17:37:40.000000,-25.4366927703,-49.2835909916,POINT (-49.2835909916 -25.4366927703)
2014-05-14 17:37:50.000000,-25.4366927703,-49.2835909916,POINT (-49.2835909916 -25.4366927703)
2014-05-14 17:38:00.000000,-25.4366927703,-49.2835909916,POINT (-49.2835909916 -25.4366927703)
2014-05-14 17:38:10.000000,-25.4366927703,-49.2835909916,POINT (-49.2835909916 -25.4366927703)
2014-05-14 17:38:20.000000,-25.4366927703,-49.2835909916,POINT (-49.2835909916 -25.4366927703)
2014-05-14 17:38:30.000000,-25.4366927703,-49.2835909916,POINT (-49.2835909916 -25.4366927703)
2014-05-14 17:38:40.000000,-25.4366927703,-49.2835909916,POINT (-49.2835909916 -25.4366927703)
2014-05-14 17:38:50.000000,-25.4366927703,-49.2835909916,POINT (-49.2835909916 -25.4366927703)
2014-05-14 17:39:00.000000,-25.4366927703,-49.2835909916,POINT (-49.2835909916 -25.4366927703)
2014-05-14 17:39:10.000000,-25.4366927703,-49.2835909916,POINT (-49.2835909916 -25.4366927703)
2014-05-14 17:39:20.000000,-25.4366927703,-49.2835909916,POINT (-49.2835909916 -25.4366927703)
2014-05-14 17:39:30.000000,-25.4366927703,-49.2835909916,POINT (-49.2835909916 -25.4366927703)
2014-05-14 17:39:40.000000,-25.4366927703,-49.2835909916,POINT (-49.2835909916 -25.4366927703)
2014-05-14 17:39:50.000000,-25.4366927703,-49.2835909916,POINT (-49.2835909916 -25.4366927703)
2014-05-14 17:40:00.000000,-25.4366927703,-49.2835909916,POINT (-49.2835909916 -25.4366927703)
2014-05-14 17:40:10.000000,-25.4366927703,-49.2835909916,POINT (-49.2835909916 -25.4366927703)
2014-05-14 17:40:20.000000,-25.4366927703,-49.2835909916,POINT (-49.2835909916 -25.4366927703)
2014-05-14 17:40:30.000000,-25.4366927703,-49.2835909916,POINT (-49.2835909916 -25.4366927703)
2014-05-14 17:40:40.000000,-25.4366927703,-49.2835909916,POINT (-49.2835909916 -25.4366927703)
2014-05-14 17:40:50.000000,-25.4366927703,-49.2835909916,POINT (-49.2835909916 -25.4366927703)
2014-05-14 17:41:00.000000,-25.4366927703,-49.2835909916,POINT (-49.2835909916 -25.4366927703)
2014-05-14 17:41:10.000000,-25.4366927703,-49.2835909916,POINT (-49.2835909916 -25.4366927703)
2014-05-14 17:41:20.000000,-25.4366927703,-49.2835909916,POINT (-49.2835909916 -25.4366927703)
2014-05-14 17:41:30.000000,-25.4366927703,-49.2835909916,POINT (-49.2835909916 -25.4366927703)
2014-05-14 17:41:40.000000,-25.4366927703,-49.2835909916,POINT (-49.2835909916 -25.4366927703)
2014-05-14 17:41:50.000000,-25.4366927703,-49.2835909916,POINT (-49.2835909916 -25.4366927703)
2014-05-14 17:42:00.000000,-25.4366927703,-49.2835909916,POINT (-49.2835909916 -25.4366927703)
2014-05-14 17:42:10.000000,-25.4366927703,-49.2835909916,POINT (-49.2835909916 -25.4366927703)
2014-05-14 17:42:20.000000,-25.4366927703,-49.2835909916,POINT (-49.2835909916 -25.4366927703)
2014-05-14 17:42:30.000000,-25.4366927703,-49.2835909916,POINT (-49.2835909916 -25.4366927703)
2014-05-14 17:42:40.000000,-25.4366927703,-49.2835909916,POINT (-49.2835909916 -25.4366927703)
2014-05-14 17:42:50.000000,-25.4366927703,-49.2835909916,POINT (-49.2835909916 -25.4366927703)
2014-05-14 17:43:00.000000,-25.4366927703,-49.2835909916,POINT (-49.2835909916 -25.4366927703)
2014-05-14 17:43:10.000000,-25.4366927703,-49.2835909916,POINT (-49.2835909916 -25.4366927703)
2014-05-14 17:43:20.000000,-25.4366927703,-49.2835909916,POINT (-49.2835909916 -25.4366927703)
2014-05-14 17:43:30.000000,-25.4366927703,-49.2835909916,POINT (-49.2835909916 -25.4366927703)
2014-05-14 17:43:40.000000,-25.4366927703,-49.2835909916,POINT (-49.2835909916 -25.4366927703)
2014-05-14 17:43:50.000000,-25.4366927703,-49.2835909916,POINT (-49.2835909916 -25.4366927703)
2014-05-14 17:44:00.000000,-25.4366927703,-49.2835909916,POINT (-49.2835909916 -25.4366927703)
2014-05-14 17:44:10.000000,-25.4366927703,-49.2835909916,POINT (-49.2835909916 -25.4366927703)
2014-05-14 17:44:20.000000,-25.4366927703,-49.2835909916,POINT (-49.2835909916 -25.4366927703)
2014-05-14 17:44:30.000000,-25.4366927703,-49.2835909916,POINT (-49.2835909916 -25.4366927703)
2014-05-14 17:44:40.000000,-25.4366927703,-49.2835909916,POINT (-49.2835909916 -25.4366927703)
2014-05-14 17:44:50.000000,-25.4366927703,-49.2835909916,POINT (-49.2835909916 -25.4366927703)
2014-05-14 17:45:00.000000,-25.4366927703,-49.2835909916,POINT (-49.2835909916 -25.4366927703)
2014-05-14 17:45:10.000000,-25.4366927703,-49.2835909916,POINT (-49.2835909916 -25.4366927703)
2014-05-14 17:45:20.000000,-25.4366927703,-49.2835909916,POINT (-49.2835909916 -25.4366927703)
2014-05-14 17:45:30.000000,-25.4366927703,-49.2835909916,POINT (-49.2835909916 -25.4366927703)
2014-05-14 17:45:40.000000,-25.4366927703,-49.2835909916,POINT (-49.2835909916 -25.4366927703)
2014-05-14 17:45:50.000000,-25.4366927703,-49.2835909916,POINT (-49.2835909916 -25.4366927703)
2014-05-14 17:46:00.000000,-25.4366927703,-49.2835909916,POINT (-49.2835909916 -25.4366927703)
2014-05-14 17:46:10.000000,-25.4366927703,-49.2835909916,POINT (-49.2835909916 -25.4366927703)
2014-05-14 17:46:20.000000,-25.4366927703,-49.2835909916,POINT (-49.2835909916 -25.4366927703)
2014-05-14 17:46:30.000000,-25.4366927703,-49.2835909916,POINT (-49.2835909916 -25.4366927703)
2014-05-14 17:46:40.000000,-25.4366927703,-49.2835909916,POINT (-49.2835909916 -25.4366927703)
2014-05-14 17:46:50.000000,-25.4366927703,-49.2835909916,POINT (-49.2835909916 -25.4366927703)
2014-05-14 17:47:00.000000,-25.4366927703,-49.2835909916,POINT (-49.2835909916 -25.4366927703)
2014-05-14 17:47:10.000000,-25.4366927703,-49.2835909916,POINT (-49.2835909916 -25.4366927703)
2014-05-14 17:47:20.000000,-25.4366927703,-49.2835909916,POINT (-49.2835909916 -25.4366927703)
2014-05-14 17:47:30.000000,-25.4366927703,-49.2835909916,POINT (-49.2835909916 -25.4366927703)
2014-05-14 17:47:40.000000,-25.4366927703,-49.2835909916,POINT (-49.2835909916 -25.4366927703)
2014-05-14 17:47:50.000000,-25.4366927703,-49.2835909916,POINT (-49.2835909916 -25.4366927703)
2014-05-14 17:48:00.000000,-25.4366927703,-49.2835909916,POINT (-49.2835909916 -25.4366927703)
2014-05-14 17:48:10.000000,-25.4366927703,-49.2835909916,POINT (-49.2835909916 -25.4366927703)
2014-05-14 17:48:20.000000,-25.4366927703,-49.2835909916,POINT (-49.2835909916 -25.4366927703)
2014-05-14 17:48:30.000000,-25.4366927703,-49.2835909916,POINT (-49.2835909916 -25.4366927703)
2014-05-14 17:48:40.000000,-25.4366927703,-49.2835909916,POINT (-49.2835909916 -25.4366927703)
2014-05-14 17:48:50.000000,-25.4366927703,-49.2835909916,POINT (-49.2835909916 -25.4366927703)
2014-05-14 17:49:00.000000,-25.4366927703,-49.2835909916,POINT (-49.2835909916 -25.4366927703)
2014-05-14 17:49:10.000000,-25.4366927703,-49.2835909916,POINT (-49.2835909916 -25.4366927703)
2014-05-14 17:49:20.000000,-25.4366927703,-49.2835909916,POINT (-49.2835909916 -25.4366927703)
2014-05-14 17:49:30.000000,-25.4366927703,-49.2835909916,POINT (-49.2835909916 -25.4366927703)
2014-05-14 17:49:40.000000,-25.4366927703,-49.2835909916,POINT (-49.2835909916 -25.4366927703)
2014-05-14 17:49:50.000000,-25.4366927703,-49.2835909916,POINT (-49.2835909916 -25.4366927703)
2014-05-14 17:50:00.000000,-25.4366927703,-49.2835909916,POINT (-49.2835909916 -25.4366927703)
2014-05-14 17:50:10.000000,-25.4366927703,-49.2835909916,POINT (-49.2835909916 -25.4366927703)
2014-05-14 17:50:20.000000,-25.4366927703,-49.2835909916,POINT (-49.2835909916 -25.4366927703)
2014-05-14 17:50:30.000000,-25.4366927703,-49.2835909916,POINT (-49.2835909916 -25.4366927703)
2014-05-14 17:50:40.000000,-25.4366927703,-49.2835909916,POINT (-49.2835909916 -25.4366927703)
2014-05-14 17:50:50.000000,-25.4366927703,-49.2835909916,POINT (-49.2835909916 -25.4366927703)
2014-05-14 17:51:00.000000,-25.4366927703,-49.2835909916,POINT (-49.2835909916 -25.4366927703)
2014-05-14 17:51:10.000000,-25.4366927703,-49.2835909916,POINT (-49.2835909916 -25.4366927703)
2014-05-14 17:51:20.000000,-25.4366927703,-49.2835909916,POINT (-49.2835909916 -25.4366927703)
2014-05-14 17:51:30.000000,-25.4366927703,-49.2835909916,POINT (-49.2835909916 -25.4366927703)
2014-05-14 17:51:40.000000,-25.4366927703,-49.2835909916,POINT (-49.2835909916 -25.4366927703)
2014-05-14 17:51:50.000000,-25.4366927703,-49.2835909916,POINT (-49.2835909916 -25.4366927703)
2014-05-14 17:52:00.000000,-25.4366927703,-49.2835909916,POINT (-49.2835909916 -25.4366927703)
2014-05-14 17:52:10.000000,-25.4366927703,-49.2835909916,POINT (-49.2835909916 -25.4366927703)
2014-05-14 17:52:20.000000,-25.4366927703,-49.2835909916,POINT (-49.2835909916 -25.4366927703)
2014-05-14 17:52:30.000000,-25.4366927703,-49.2835909916,POINT (-49.2835909916 -25.4366927703)
2014-05-14 17:52:40.000000,-25.4366927703,-49.2835909916,POINT (-49.2835909916 -25.4366927703)
2014-05-14 17:52:50.000000,-25.4366927703,-49.2835909916,POINT (-49.2835909916 -25.4366927703)
2014-05-14 17:53:00.000000,-25.4366927703,-49.2835909916,POINT (-49.2835909916 -25.4366927703)
2014-05-14 17:53:10.000000,-25.4366927703,-49.2835909916,POINT (-49.2835909916 -25.4366927703)
2014-05-14 17:53:20.000000,-25.4366927703,-49.2835909916,POINT (-49.2835909916 -25.4366927703)
2014-05-14 17:53:30.000000,-25.4366927703,-49.2835909916,POINT (-49.2835909916 -25.4366927703)
2014-05-14 17:53:40.000000,-25.4366927703,-49.2835909916,POINT (-49.2835909916 -25.4366927703)
2014-05-14 17:53:50.000000,-25.4366927703,-49.2835909916,POINT (-49.2835909916 -25.4366927703)
2014-05-14 17:54:00.000000,-25.4366927703,-49.2835909916,POINT (-49.2835909916 -25.4366927703)
2014-05-14 17:54:10.000000,-25.4366927703,-49.2835909916,POINT (-49.2835909916 -25.4366927703)
2014-05-14 17:54:20.000000,-25.4366927703,-49.2835909916,POINT (-49.2835909916 -25.4366927703)
2014-05-14 17:54:30.000000,-25.4366927703,-49.2835909916,POINT (-49.2835909916 -25.4366927703)
2014-05-14 17:54:40.000000,-25.4366927703,-49.2835909916,POINT (-49.2835909916 -25.4366927703)
2014-05-14 17:54:50.000000,-25.4366927703,-49.2835909916,POINT (-49.2835909916 -25.4366927703)
2014-05-14 17:55:00.000000,-25.4366927703,-49.2835909916,POINT (-49.2835909916 -25.4366927703)
2014-05-14 17:55:10.000000,-25.4366927703,-49.2835909916,POINT (-49.2835909916 -25.4366927703)
2014-05-14 17:55:20.000000,-25.4366927703,-49.2835909916,POINT (-49.2835909916 -25.4366927703)
2014-05-14 17:55:30.000000,-25.4366927703,-49.2835909916,POINT (-49.2835909916 -25.4366927703)
2014-05-14 17:55:40.000000,-25.4366927703,-49.2835909916,POINT (-49.2835909916 -25.4366927703)
2014-05-14 17:55:50.000000,-25.4366927703,-49.2835909916,POINT (-49.2835909916 -25.4366927703)
2014-05-14 17:56:00.000000,-25.4366927703,-49.2835909916,POINT (-49.2835909916 -25.4366927703)
2014-05-14 17:56:10.000000,-25.4366927703,-49.2835909916,POINT (-49.2835909916 -25.4366927703)
2014-05-14 17:56:20.000000,-25.4366927703,-49.2835909916,POINT (-49.2835909916 -25.4366927703)
2014-05-14 17:56:30.000000,-25.4366927703,-49.2835909916,POINT (-49.2835909916 -25.4366927703)
2014-05-14 17:56:40.000000,-25.4366927703,-49.2835909916,POINT (-49.2835909916 -25.4366927703)
2014-05-14 17:56:50.000000,-25.4366927703,-49.2835909916,POINT (-49.2835909916 -25.4366927703)
2014-05-14 17:57:00.000000,-25.4366927703,-49.2835909916,POINT (-49.2835909916 -25.4366927703)
2014-05-14 17:57:10.000000,-25.4366927703,-49.2835909916,POINT (-49.2835909916 -25.4366927703)
2014-05-14 17:57:20.000000,-25.4366927703,-49.2835909916,POINT (-49.2835909916 -25.4366927703)
2014-05-14 17:57:30.000000,-25.4366927703,-49.2835909916,POINT (-49.2835909916 -25.4366927703)
2014-05-14 17:57:40.000000,-25.4366927703,-49.2835909916,POINT (-49.2835909916 -25.4366927703)
2014-05-14 17:57:50.000000,-25.4366927703,-49.2835909916,POINT (-49.2835909916 -25.4366927703)
2014-05-14 17:58:00.000000,-25.4366927703,-49.2835909916,POINT (-49.2835909916 -25.4366927703)
2014-05-14 17:58:10.000000,-25.4366927703,-49.2835909916,POINT (-49.2835909916 -25.4366927703)
2014-05-14 17:58:20.000000,-25.4366927703,-49.2835909916,POINT (-49.2835909916 -25.4366927703)
2014-05-14 17:58:30.000000,-25.4366927703,-49.2835909916,POINT (-49.2835909916 -25.4366927703)
2014-05-14 17:58:40.000000,-25.4366927703,-49.2835909916,POINT (-49.2835909916 -25.4366927703)
2014-05-14 17:58:50.000000,-25.4366927703,-49.2835909916,POINT (-49.2835909916 -25.4366927703)
2014-05-14 17:59:00.000000,-25.4366927703,-49.2835909916,POINT (-49.2835909916 -25.4366927703)
2014-05-14 17:59:10.000000,-25.4366927703,-49.2835909916,POINT (-49.2835909916 -25.4366927703)
2014-05-14 17:59:20.000000,-25.4366927703,-49.2835909916,POINT (-49.2835909916 -25.4366927703)
2014-05-14 17:59:30.000000,-25.4366927703,-49.2835909916,POINT (-49.2835909916 -25.4366927703)
2014-05-14 17:59:40.000000,-25.4366927703,-49.2835909916,POINT (-49.2835909916 -25.4366927703)
2014-05-14 17:59:50.000000,-25.4366927703,-49.2835909916,POINT (-49.2835909916 -25.4366927703)
2014-05-14 18:00:00.000000,-25.4366927703,-49.2835909916,POINT (-49.2835909916 -25.4366927703)
2014-05-14 18:00:10.000000,-25.4366927703,-49.2835909916,POINT (-49.2835909916 -25.4366927703)
2014-05-14 18:00:20.000000,-25.4366927703,-49.2835909916,POINT (-49.2835909916 -25.4366927703)
2014-05-14 18:00:30.000000,-25.4366927703,-49.2835909916,POINT (-49.2835909916 -25.4366927703)
2014-05-14 18:00:40.000000,-25.4366927703,-49.2835909916,POINT (-49.2835909916 -25.4366927703)
2014-05-14 18:00:50.000000,-25.4366927703,-49.2835909916,POINT (-49.2835909916 -25.4366927703)
2014-05-14 18:01:00.000000,-25.4366927703,-49.2835909916,POINT (-49.2835909916 -25.4366927703)
2014-05-14 18:01:10.000000,-25.4366927703,-49.2835909916,POINT (-49.2835909916 -25.4366927703)
2014-05-14 18:01:20.000000,-25.4366927703,-49.2835909916,POINT (-49.2835909916 -25.4366927703)
2014-05-14 18:01:30.000000,-25.4366927703,-49.2835909916,POINT (-49.2835909916 -25.4366927703)
2014-05-14 18:01:40.000000,-25.4366927703,-49.2835909916,POINT (-49.2835909916 -25.4366927703)
2014-05-14 18:01:50.000000,-25.4366927703,-49.2835909916,POINT (-49.2835909916 -25.4366927703)
2014-05-14 18:02:00.000000,-25.4366927703,-49.2835909916,POINT (-49.2835909916 -25.4366927703)
2014-05-14 18:02:10.000000,-25.4366927703,-49.2835909916,POINT (-49.2835909916 -25.4366927703)
2014-05-14 18:02:20.000000,-25.4366927703,-49.2835909916,POINT (-49.2835909916 -25.4366927703)
2014-05-14 18:02:30.000000,-25.4366927703,-49.2835909916,POINT (-49.2835909916 -25.4366927703)
2014-05-14 18:02:40.000000,-25.4366927703,-49.2835909916,POINT (-49.2835909916 -25.4366927703)
2014-05-14 18:02:50.000000,-25.4366927703,-49.2835909916,POINT (-49.2835909916 -25.4366927703)
2014-05-14 18:03:00.000000,-25.4366927703,-49.2835909916,POINT (-49.2835909916 -25.4366927703)
2014-05-14 18:03:10.000000,-25.4366927703,-49.2835909916,POINT (-49.2835909916 -25.4366927703)
2014-05-14 18:03:20.000000,-25.4366927703,-49.2835909916,POINT (-49.2835909916 -25.4366927703)
2014-05-14 18:03:30.000000,-25.4366927703,-49.2835909916,POINT (-49.2835909916 -25.4366927703)
2014-05-14 18:03:40.000000,-25.4366927703,-49.2835909916,POINT (-49.2835909916 -25.4366927703)
2014-05-14 18:03:50.000000,-25.4366927703,-49.2835909916,POINT (-49.2835909916 -25.4366927703)
2014-05-14 18:04:00.000000,-25.4366927703,-49.2835909916,POINT (-49.2835909916 -25.4366927703)
2014-05-14 18:04:10.000000,-25.4366927703,-49.2835909916,POINT (-49.2835909916 -25.4366927703)
2014-05-14 18:04:20.000000,-25.4366927703,-49.2835909916,POINT (-49.2835909916 -25.4366927703)
2014-05-14 18:04:30.000000,-25.4366927703,-49.2835909916,POINT (-49.2835909916 -25.4366927703)
2014-05-14 18:04:40.000000,-25.4366927703,-49.2835909916,POINT (-49.2835909916 -25.4366927703)
2014-05-14 18:04:50.000000,-25.4366927703,-49.2835909916,POINT (-49.2835909916 -25.4366927703)
2014-05-14 18:05:00.000000,-25.4366927703,-49.2835909916,POINT (-49.2835909916 -25.4366927703)
2014-05-14 18:05:10.000000,-25.4366927703,-49.2835909916,POINT (-49.2835909916 -25.4366927703)
2014-05-14 18:05:20.000000,-25.4366927703,-49.2835909916,POINT (-49.2835909916 -25.4366927703)
2014-05-14 18:05:30.000000,-25.4366927703,-49.2835909916,POINT (-49.2835909916 -25.4366927703)
2014-05-14 18:05:40.000000,-25.4366927703,-49.2835909916,POINT (-49.2835909916 -25.4366927703)
2014-05-14 18:05:50.000000,-25.4366927703,-49.2835909916,POINT (-49.2835909916 -25.4366927703)
2014-05-14 18:06:00.000000,-25.4366927703,-49.2835909916,POINT (-49.2835909916 -25.4366927703)
2014-05-14 18:06:10.000000,-25.4366927703,-49.2835909916,POINT (-49.2835909916 -25.4366927703)
2014-05-14 18:06:20.000000,-25.4366927703,-49.2835909916,POINT (-49.2835909916 -25.4366927703)
2014-05-14 18:06:30.000000,-25.4366927703,-49.2835909916,POINT (-49.2835909916 -25.4366927703)
2014-05-14 18:06:40.000000,-25.4366927703,-49.2835909916,POINT (-49.2835909916 -25.4366927703)
2014-05-14 18:06:50.000000,-25.4366927703,-49.2835909916,POINT (-49.2835909916 -25.4366927703)
2014-05-14 18:07:00.000000,-25.4366927703,-49.2835909916,POINT (-49.2835909916 -25.4366927703)
2014-05-14 18:07:10.000000,-25.4366927703,-49.2835909916,POINT (-49.2835909916 -25.4366927703)
2014-05-14 18:07:20.000000,-25.4366927703,-49.2835909916,POINT (-49.2835909916 -25.4366927703)
2014-05-14 18:07:30.000000,-25.4366927703,-49.2835909916,POINT (-49.2835909916 -25.4366927703)
2014-05-14 18:07:40.000000,-25.4366927703,-49.2835909916,POINT (-49.2835909916 -25.4366927703)
2014-05-14 18:07:50.000000,-25.4366927703,-49.2835909916,POINT (-49.2835909916 -25.4366927703)
2014-05-14 18:08:00.000000,-25.4366927703,-49.2835909916,POINT (-49.2835909916 -25.4366927703)
2014-05-14 18:08:10.000000,-25.4366927703,-49.2835909916,POINT (-49.2835909916 -25.4366927703)
2014-05-14 18:08:20.000000,-25.4366927703,-49.2835909916,POINT (-49.2835909916 -25.4366927703)
2014-05-14 18:08:30.000000,-25.4366927703,-49.2835909916,POINT (-49.2835909916 -25.4366927703)
2014-05-14 18:08:40.000000,-25.4366927703,-49.2835909916,POINT (-49.2835909916 -25.4366927703)
2014-05-14 18:08:50.000000,-25.4366927703,-49.2835909916,POINT (-49.2835909916 -25.4366927703)
2014-05-14 18:09:00.000000,-25.4366927703,-49.2835909916,POINT (-49.2835909916 -25.4366927703)
2014-05-14 18:09:10.000000,-25.4366927703,-49.2835909916,POINT (-49.2835909916 -25.4366927703)
2014-05-14 18:09:20.000000,-25.4366927703,-49.2835909916,POINT (-49.2835909916 -25.4366927703)
2014-05-14 18:09:30.000000,-25.4366927703,-49.2835909916,POINT (-49.2835909916 -25.4366927703)
2014-05-14 18:09:40.000000,-25.4366927703,-49.2835909916,POINT (-49.2835909916 -25.4366927703)
2014-05-14 18:09:50.000000,-25.4366927703,-49.2835909916,POINT (-49.2835909916 -25.4366927703)
2014-05-14 18:10:00.000000,-25.4366927703,-49.2835909916,POINT (-49.2835909916 -25.4366927703)
2014-05-14 18:10:10.000000,-25.4366927703,-49.2835909916,POINT (-49.2835909916 -25.4366927703)
2014-05-14 18:10:20.000000,-25.4366927703,-49.2835909916,POINT (-49.2835909916 -25.4366927703)
2014-05-14 18:10:30.000000,-25.4366927703,-49.2835909916,POINT (-49.2835909916 -25.4366927703)
2014-05-14 18:10:40.000000,-25.4366927703,-49.2835909916,POINT (-49.2835909916 -25.4366927703)
2014-05-14 18:10:50.000000,-25.4366927703,-49.2835909916,POINT (-49.2835909916 -25.4366927703)
2014-05-14 18:11:00.000000,-25.4366927703,-49.2835909916,POINT (-49.2835909916 -25.4366927703)
2014-05-14 18:11:10.000000,-25.4366927703,-49.2835909916,POINT (-49.2835909916 -25.4366927703)
2014-05-14 18:11:20.000000,-25.4366927703,-49.2835909916,POINT (-49.2835909916 -25.4366927703)
2014-05-14 18:11:30.000000,-25.4366927703,-49.2835909916,POINT (-49.2835909916 -25.4366927703)
2014-05-14 18:11:40.000000,-25.4366927703,-49.2835909916,POINT (-49.2835909916 -25.4366927703)
2014-05-14 18:11:50.000000,-25.4366927703,-49.2835909916,POINT (-49.2835909916 -25.4366927703)
2014-05-14 18:12:00.000000,-25.4366927703,-49.2835909916,POINT (-49.2835909916 -25.4366927703)
2014-05-14 18:12:10.000000,-25.4366927703,-49.2835909916,POINT (-49.2835909916 -25.4366927703)
2014-05-14 18:12:20.000000,-25.4366927703,-49.2835909916,POINT (-49.2835909916 -25.4366927703)
2014-05-14 18:12:30.000000,-25.4366927703,-49.2835909916,POINT (-49.2835909916 -25.4366927703)
2014-05-14 18:12:40.000000,-25.4366927703,-49.2835909916,POINT (-49.2835909916 -25.4366927703)
2014-05-14 18:12:50.000000,-25.4366927703,-49.2835909916,POINT (-49.2835909916 -25.4366927703)
2014-05-14 18:13:00.000000,-25.4366927703,-49.2835909916,POINT (-49.2835909916 -25.4366927703)
2014-05-14 18:13:10.000000,-25.4366927703,-49.2835909916,POINT (-49.2835909916 -25.4366927703)
2014-05-14 18:13:20.000000,-25.4366927703,-49.2835909916,POINT (-49.2835909916 -25.4366927703)
2014-05-14 18:13:30.000000,-25.4366927703,-49.2835909916,POINT (-49.2835909916 -25.4366927703)
2014-05-14 18:13:40.000000,-25.4366927703,-49.2835909916,POINT (-49.2835909916 -25.4366927703)
2014-05-14 18:13:50.000000,-25.4366927703,-49.2835909916,POINT (-49.2835909916 -25.4366927703)
2014-05-14 18:14:00.000000,-25.4366927703,-49.2835909916,POINT (-49.2835909916 -25.4366927703)
2014-05-14 18:14:10.000000,-25.4366927703,-49.2835909916,POINT (-49.2835909916 -25.4366927703)
2014-05-14 18:14:20.000000,-25.4366927703,-49.2835909916,POINT (-49.2835909916 -25.4366927703)
2014-05-14 18:14:30.000000,-25.4366927703,-49.2835909916,POINT (-49.2835909916 -25.4366927703)
2014-05-14 18:14:40.000000,-25.4366927703,-49.2835909916,POINT (-49.2835909916 -25.4366927703)
2014-05-14 18:14:50.000000,-25.4366927703,-49.2835909916,POINT (-49.2835909916 -25.4366927703)
2014-05-14 18:15:00.000000,-25.4366927703,-49.2835909916,POINT (-49.2835909916 -25.4366927703)
2014-05-14 18:15:10.000000,-25.4366927703,-49.2835909916,POINT (-49.2835909916 -25.4366927703)
2014-05-14 18:15:20.000000,-25.4366927703,-49.2835909916,POINT (-49.2835909916 -25.4366927703)
2014-05-14 18:15:30.000000,-25.4366927703,-49.2835909916,POINT (-49.2835909916 -25.4366927703)
2014-05-14 18:15:40.000000,-25.4366927703,-49.2835909916,POINT (-49.2835909916 -25.4366927703)
2014-05-14 18:15:50.000000,-25.4366927703,-49.2835909916,POINT (-49.2835909916 -25.4366927703)
2014-05-14 18:16:00.000000,-25.4366927703,-49.2835909916,POINT (-49.2835909916 -25.4366927703)
2014-05-14 18:16:10.000000,-25.4366927703,-49.2835909916,POINT (-49.2835909916 -25.4366927703)
2014-05-14 18:16:20.000000,-25.4366927703,-49.2835909916,POINT (-49.2835909916 -25.4366927703)
2014-05-14 18:16:30.000000,-25.4366927703,-49.2835909916,POINT (-49.2835909916 -25.4366927703)
2014-05-14 18:16:40.000000,-25.4366927703,-49.2835909916,POINT (-49.2835909916 -25.4366927703)
2014-05-14 18:16:50.000000,-25.4366927703,-49.2835909916,POINT (-49.2835909916 -25.4366927703)
2014-05-14 18:17:00.000000,-25.4366927703,-49.2835909916,POINT (-49.2835909916 -25.4366927703)
2014-05-14 18:17:10.000000,-25.4366927703,-49.2835909916,POINT (-49.2835909916 -25.4366927703)
2014-05-14 18:17:20.000000,-25.4366927703,-49.2835909916,POINT (-49.2835909916 -25.4366927703)
2014-05-14 18:17:30.000000,-25.4366927703,-49.2835909916,POINT (-49.2835909916 -25.4366927703)
2014-05-14 18:17:40.000000,-25.4366927703,-49.2835909916,POINT (-49.2835909916 -25.4366927703)
2014-05-14 18:17:50.000000,-25.4366927703,-49.2835909916,POINT (-49.2835909916 -25.4366927703)
2014-05-14 18:18:00.000000,-25.4366927703,-49.2835909916,POINT (-49.2835909916 -25.4366927703)
2014-05-14 18:18:10.000000,-25.4366927703,-49.2835909916,POINT (-49.2835909916 -25.4366927703)
2014-05-14 18:18:20.000000,-25.4366927703,-49.2835909916,POINT (-49.2835909916 -25.4366927703)
2014-05-14 18:18:30.000000,-25.4366927703,-49.2835909916,POINT (-49.2835909916 -25.4366927703)
2014-05-14 18:18:40.000000,-25.4366927703,-49.2835909916,POINT (-49.2835909916 -25.4366927703)
2014-05-14 18:18:50.000000,-25.4366927703,-49.2835909916,POINT (-49.2835909916 -25.4366927703)
2014-05-14 18:19:00.000000,-25.4366927703,-49.2835909916,POINT (-49.2835909916 -25.4366927703)
2014-05-14 18:19:10.000000,-25.4366927703,-49.2835909916,POINT (-49.2835909916 -25.4366927703)
2014-05-14 18:19:20.000000,-25.4366927703,-49.2835909916,POINT (-49.2835909916 -25.4366927703)
2014-05-14 18:19:30.000000,-25.4366927703,-49.2835909916,POINT (-49.2835909916 -25.4366927703)
2014-05-14 18:19:40.000000,-25.4366927703,-49.2835909916,POINT (-49.2835909916 -25.4366927703)
2014-05-14 18:19:50.000000,-25.4366927703,-49.2835909916,POINT (-49.2835909916 -25.4366927703)
2014-05-14 18:20:00.000000,-25.4366927703,-49.2835909916,POINT (-49.2835909916 -25.4366927703)
2014-05-14 18:20:10.000000,-25.4366927703,-49.2835909916,POINT (-49.2835909916 -25.4366927703)
2014-05-14 18:20:20.000000,-25.4366927703,-49.2835909916,POINT (-49.2835909916 -25.4366927703)
2014-05-14 18:20:30.000000,-25.4366927703,-49.2835909916,POINT (-49.2835909916 -25.4366927703)
2014-05-14 18:20:40.000000,-25.4366927703,-49.2835909916,POINT (-49.2835909916 -25.4366927703)
2014-05-14 18:20:50.000000,-25.4366927703,-49.2835909916,POINT (-49.2835909916 -25.4366927703)
2014-05-14 18:21:00.000000,-25.4366927703,-49.2835909916,POINT (-49.2835909916 -25.4366927703)
2014-05-14 18:21:10.000000,-25.4366927703,-49.2835909916,POINT (-49.2835909916 -25.4366927703)
2014-05-14 18:21:20.000000,-25.4366927703,-49.2835909916,POINT (-49.2835909916 -25.4366927703)
2014-05-14 18:21:30.000000,-25.4366927703,-49.2835909916,POINT (-49.2835909916 -25.4366927703)
2014-05-14 18:21:40.000000,-25.4366927703,-49.2835909916,POINT (-49.2835909916 -25.4366927703)
2014-05-14 18:21:50.000000,-25.4366927703,-49.2835909916,POINT (-49.2835909916 -25.4366927703)
2014-05-14 18:22:00.000000,-25.4366927703,-49.2835909916,POINT (-49.2835909916 -25.4366927703)
2014-05-14 18:22:10.000000,-25.4366927703,-49.2835909916,POINT (-49.2835909916 -25.4366927703)
2014-05-14 18:22:20.000000,-25.4366927703,-49.2835909916,POINT (-49.2835909916 -25.4366927703)
2014-05-14 18:22:30.000000,-25.4366927703,-49.2835909916,POINT (-49.2835909916 -25.4366927703)
2014-05-14 18:22:40.000000,-25.4366927703,-49.2835909916,POINT (-49.2835909916 -25.4366927703)
2014-05-14 18:22:50.000000,-25.4366927703,-49.2835909916,POINT (-49.2835909916 -25.4366927703)
2014-05-14 18:23:00.000000,-25.4366927703,-49.2835909916,POINT (-49.2835909916 -25.4366927703)
2014-05-14 18:23:10.000000,-25.4366927703,-49.2835909916,POINT (-49.2835909916 -25.4366927703)
2014-05-14 18:23:20.000000,-25.4366927703,-49.2835909916,POINT (-49.2835909916 -25.4366927703)
2014-05-14 18:23:30.000000,-25.4366927703,-49.2835909916,POINT (-49.2835909916 -25.4366927703)
2014-05-14 18:23:40.000000,-25.4366927703,-49.2835909916,POINT (-49.2835909916 -25.4366927703)
2014-05-14 18:23:50.000000,-25.4366927703,-49.2835909916,POINT (-49.2835909916 -25.4366927703)
2014-05-14 18:24:00.000000,-25.4366927703,-49.2835909916,POINT (-49.2835909916 -25.4366927703)
2014-05-14 18:24:10.000000,-25.4366927703,-49.2835909916,POINT (-49.2835909916 -25.4366927703)
2014-05-14 18:24:20.000000,-25.4366927703,-49.2835909916,POINT (-49.2835909916 -25.4366927703)
2014-05-14 18:24:30.000000,-25.4366927703,-49.2835909916,POINT (-49.2835909916 -25.4366927703)
2014-05-14 18:24:40.000000,-25.4366927703,-49.2835909916,POINT (-49.2835909916 -25.4366927703)
2014-05-14 18:24:50.000000,-25.4366927703,-49.2835909916,POINT (-49.2835909916 -25.4366927703)
2014-05-14 18:25:00.000000,-25.4366927703,-49.2835909916,POINT (-49.2835909916 -25.4366927703)
2014-05-14 18:25:10.000000,-25.4366927703,-49.2835909916,POINT (-49.2835909916 -25.4366927703)
2014-05-14 18:25:20.000000,-25.4366927703,-49.2835909916,POINT (-49.2835909916 -25.4366927703)
2014-05-14 18:25:30.000000,-25.4366927703,-49.2835909916,POINT (-49.2835909916 -25.4366927703)
2014-05-14 18:25:40.000000,-25.4366927703,-49.2835909916,POINT (-49.2835909916 -25.4366927703)
2014-05-14 18:25:50.000000,-25.4366927703,-49.2835909916,POINT (-49.2835909916 -25.4366927703)
2014-05-14 18:26:00.000000,-25.4366927703,-49.2835909916,POINT (-49.2835909916 -25.4366927703)
2014-05-14 18:26:10.000000,-25.4366927703,-49.2835909916,POINT (-49.2835909916 -25.4366927703)
2014-05-14 18:26:20.000000,-25.4366927703,-49.2835909916,POINT (-49.2835909916 -25.4366927703)
2014-05-14 18:26:30.000000,-25.4366927703,-49.2835909916,POINT (-49.2835909916 -25.4366927703)
2014-05-14 18:26:40.000000,-25.4366927703,-49.2835909916,POINT (-49.2835909916 -25.4366927703)
2014-05-14 18:26:50.000000,-25.4366927703,-49.2835909916,POINT (-49.2835909916 -25.4366927703)
2014-05-14 18:27:00.000000,-25.4366927703,-49.2835909916,POINT (-49.2835909916 -25.4366927703)
2014-05-14 18:27:10.000000,-25.4366927703,-49.2835909916,POINT (-49.2835909916 -25.4366927703)
2014-05-14 18:27:20.000000,-25.4366927703,-49.2835909916,POINT (-49.2835909916 -25.4366927703)
2014-05-14 18:27:30.000000,-25.4366927703,-49.2835909916,POINT (-49.2835909916 -25.4366927703)
2014-05-14 18:27:40.000000,-25.4366927703,-49.2835909916,POINT (-49.2835909916 -25.4366927703)
2014-05-14 18:27:50.000000,-25.4366927703,-49.2835909916,POINT (-49.2835909916 -25.4366927703)
2014-05-14 18:28:00.000000,-25.4366927703,-49.2835909916,POINT (-49.2835909916 -25.4366927703)
2014-05-14 18:28:10.000000,-25.4366927703,-49.2835909916,POINT (-49.2835909916 -25.4366927703)
2014-05-14 18:28:20.000000,-25.4366927703,-49.2835909916,POINT (-49.2835909916 -25.4366927703)
2014-05-14 18:28:30.000000,-25.4366927703,-49.2835909916,POINT (-49.2835909916 -25.4366927703)
2014-05-14 18:28:40.000000,-25.4366927703,-49.2835909916,POINT (-49.2835909916 -25.4366927703)
2014-05-14 18:28:50.000000,-25.4366927703,-49.2835909916,POINT (-49.2835909916 -25.4366927703)
2014-05-14 18:29:00.000000,-25.4366927703,-49.2835909916,POINT (-49.2835909916 -25.4366927703)
2014-05-14 18:29:10.000000,-25.4366927703,-49.2835909916,POINT (-49.2835909916 -25.4366927703)
2014-05-14 18:29:20.000000,-25.4366927703,-49.2835909916,POINT (-49.2835909916 -25.4366927703)
2014-05-14 18:29:30.000000,-25.4366927703,-49.2835909916,POINT (-49.2835909916 -25.4366927703)
2014-05-14 18:29:40.000000,-25.4366927703,-49.2835909916,POINT (-49.2835909916 -25.4366927703)
2014-05-14 18:29:50.000000,-25.4366927703,-49.2835909916,POINT (-49.2835909916 -25.4366927703)
2014-05-14 18:30:00.000000,-25.4366927703,-49.2835909916,POINT (-49.2835909916 -25.4366927703)
2014-05-14 18:30:10.000000,-25.4366927703,-49.2835909916,POINT (-49.2835909916 -25.4366927703)
2014-05-14 18:30:20.000000,-25.4366927703,-49.2835909916,POINT (-49.2835909916 -25.4366927703)
2014-05-14 18:30:30.000000,-25.4366927703,-49.2835909916,POINT (-49.2835909916 -25.4366927703)
2014-05-14 18:30:40.000000,-25.4366927703,-49.2835909916,POINT (-49.2835909916 -25.4366927703)
2014-05-14 18:30:50.000000,-25.4366927703,-49.2835909916,POINT (-49.2835909916 -25.4366927703)
2014-05-14 18:31:00.000000,-25.4366927703,-49.2835909916,POINT (-49.2835909916 -25.4366927703)
2014-05-14 18:31:10.000000,-25.4366927703,-49.2835909916,POINT (-49.2835909916 -25.4366927703)
2014-05-14 18:31:20.000000,-25.4366927703,-49.2835909916,POINT (-49.2835909916 -25.4366927703)
2014-05-14 18:31:30.000000,-25.4366927703,-49.2835909916,POINT (-49.2835909916 -25.4366927703)
2014-05-14 18:31:40.000000,-25.4366927703,-49.2835909916,POINT (-49.2835909916 -25.4366927703)
2014-05-14 18:31:50.000000,-25.4366927703,-49.2835909916,POINT (-49.2835909916 -25.4366927703)
2014-05-14 18:32:00.000000,-25.4366927703,-49.2835909916,POINT (-49.2835909916 -25.4366927703)
2014-05-14 18:32:10.000000,-25.4366927703,-49.2835909916,POINT (-49.2835909916 -25.4366927703)
2014-05-14 18:32:20.000000,-25.4366927703,-49.2835909916,POINT (-49.2835909916 -25.4366927703)
2014-05-14 18:32:30.000000,-25.4366927703,-49.2835909916,POINT (-49.2835909916 -25.4366927703)
2014-05-14 18:32:40.000000,-25.4366927703,-49.2835909916,POINT (-49.2835909916 -25.4366927703)
2014-05-14 18:32:50.000000,-25.4366927703,-49.2835909916,POINT (-49.2835909916 -25.4366927703)
2014-05-14 18:33:00.000000,-25.4366927703,-49.2835909916,POINT (-49.2835909916 -25.4366927703)
2014-05-14 18:33:10.000000,-25.4366927703,-49.2835909916,POINT (-49.2835909916 -25.4366927703)
2014-05-14 18:33:20.000000,-25.4366927703,-49.2835909916,POINT (-49.2835909916 -25.4366927703)
2014-05-14 18:33:30.000000,-25.4366927703,-49.2835909916,POINT (-49.2835909916 -25.4366927703)
2014-05-14 18:33:40.000000,-25.4366927703,-49.2835909916,POINT (-49.2835909916 -25.4366927703)
2014-05-14 18:33:50.000000,-25.4366927703,-49.2835909916,POINT (-49.2835909916 -25.4366927703)
2014-05-14 18:34:00.000000,-25.4366927703,-49.2835909916,POINT (-49.2835909916 -25.4366927703)
2014-05-14 18:34:10.000000,-25.4366927703,-49.2835909916,POINT (-49.2835909916 -25.4366927703)
2014-05-14 18:34:20.000000,-25.4366927703,-49.2835909916,POINT (-49.2835909916 -25.4366927703)
2014-05-14 18:34:30.000000,-25.4366927703,-49.2835909916,POINT (-49.2835909916 -25.4366927703)
2014-05-14 18:34:40.000000,-25.4366927703,-49.2835909916,POINT (-49.2835909916 -25.4366927703)
2014-05-14 18:34:50.000000,-25.4366927703,-49.2835909916,POINT (-49.2835909916 -25.4366927703)
2014-05-14 18:35:00.000000,-25.4366927703,-49.2835909916,POINT (-49.2835909916 -25.4366927703)
2014-05-14 18:35:10.000000,-25.4366927703,-49.2835909916,POINT (-49.2835909916 -25.4366927703)
2014-05-14 18:35:20.000000,-25.4366927703,-49.2835909916,POINT (-49.2835909916 -25.4366927703)
2014-05-14 18:35:30.000000,-25.4366927703,-49.2835909916,POINT (-49.2835909916 -25.4366927703)
2014-05-14 18:35:40.000000,-25.4366927703,-49.2835909916,POINT (-49.2835909916 -25.4366927703)
2014-05-14 18:35:50.000000,-25.4366927703,-49.2835909916,POINT (-49.2835909916 -25.4366927703)
2014-05-14 18:36:00.000000,-25.4366927703,-49.2835909916,POINT (-49.2835909916 -25.4366927703)
2014-05-14 18:36:10.000000,-25.4366927703,-49.2835909916,POINT (-49.2835909916 -25.4366927703)
2014-05-14 18:36:20.000000,-25.4366927703,-49.2835909916,POINT (-49.2835909916 -25.4366927703)
2014-05-14 18:36:30.000000,-25.4366927703,-49.2835909916,POINT (-49.2835909916 -25.4366927703)
2014-05-14 18:36:40.000000,-25.4366927703,-49.2835909916,POINT (-49.2835909916 -25.4366927703)
2014-05-14 18:36:50.000000,-25.4366927703,-49.2835909916,POINT (-49.2835909916 -25.4366927703)
2014-05-14 18:37:00.000000,-25.4366927703,-49.2835909916,POINT (-49.2835909916 -25.4366927703)
2014-05-14 18:37:10.000000,-25.4366927703,-49.2835909916,POINT (-49.2835909916 -25.4366927703)
2014-05-14 18:37:20.000000,-25.4366927703,-49.2835909916,POINT (-49.2835909916 -25.4366927703)
2014-05-14 18:37:30.000000,-25.4366927703,-49.2835909916,POINT (-49.2835909916 -25.4366927703)
2014-05-14 18:37:40.000000,-25.4366927703,-49.2835909916,POINT (-49.2835909916 -25.4366927703)
2014-05-14 18:37:50.000000,-25.4366927703,-49.2835909916,POINT (-49.2835909916 -25.4366927703)
2014-05-14 18:38:00.000000,-25.4366927703,-49.2835909916,POINT (-49.2835909916 -25.4366927703)
2014-05-14 18:38:10.000000,-25.4366927703,-49.2835909916,POINT (-49.2835909916 -25.4366927703)
2014-05-14 18:38:20.000000,-25.4366927703,-49.2835909916,POINT (-49.2835909916 -25.4366927703)
2014-05-14 18:38:30.000000,-25.4366927703,-49.2835909916,POINT (-49.2835909916 -25.4366927703)
2014-05-14 18:38:40.000000,-25.4366927703,-49.2835909916,POINT (-49.2835909916 -25.4366927703)
2014-05-14 18:38:50.000000,-25.4366927703,-49.2835909916,POINT (-49.2835909916 -25.4366927703)
2014-05-14 18:39:00.000000,-25.4366927703,-49.2835909916,POINT (-49.2835909916 -25.4366927703)
2014-05-14 18:39:10.000000,-25.4366927703,-49.2835909916,POINT (-49.2835909916 -25.4366927703)
2014-05-14 18:39:20.000000,-25.4366927703,-49.2835909916,POINT (-49.2835909916 -25.4366927703)
2014-05-14 18:39:30.000000,-25.4366927703,-49.2835909916,POINT (-49.2835909916 -25.4366927703)
2014-05-14 18:39:40.000000,-25.4366927703,-49.2835909916,POINT (-49.2835909916 -25.4366927703)
2014-05-14 18:39:50.000000,-25.4366927703,-49.2835909916,POINT (-49.2835909916 -25.4366927703)
2014-05-14 18:40:00.000000,-25.4366927703,-49.2835909916,POINT (-49.2835909916 -25.4366927703)
2014-05-14 18:40:10.000000,-25.4366927703,-49.2835909916,POINT (-49.2835909916 -25.4366927703)
2014-05-14 18:40:20.000000,-25.4366927703,-49.2835909916,POINT (-49.2835909916 -25.4366927703)
2014-05-14 18:40:30.000000,-25.4366927703,-49.2835909916,POINT (-49.2835909916 -25.4366927703)
2014-05-14 18:40:40.000000,-25.4366927703,-49.2835909916,POINT (-49.2835909916 -25.4366927703)
2014-05-14 18:40:50.000000,-25.4366927703,-49.2835909916,POINT (-49.2835909916 -25.4366927703)
2014-05-14 18:41:00.000000,-25.4366927703,-49.2835909916,POINT (-49.2835909916 -25.4366927703)
2014-05-14 18:41:10.000000,-25.4366927703,-49.2835909916,POINT (-49.2835909916 -25.4366927703)
2014-05-14 18:41:20.000000,-25.4366927703,-49.2835909916,POINT (-49.2835909916 -25.4366927703)
2014-05-14 18:41:30.000000,-25.4366927703,-49.2835909916,POINT (-49.2835909916 -25.4366927703)
2014-05-14 18:41:40.000000,-25.4366927703,-49.2835909916,POINT (-49.2835909916 -25.4366927703)
2014-05-14 18:41:50.000000,-25.4366927703,-49.2835909916,POINT (-49.2835909916 -25.4366927703)
2014-05-14 18:42:00.000000,-25.4366927703,-49.2835909916,POINT (-49.2835909916 -25.4366927703)
2014-05-14 18:42:10.000000,-25.4366927703,-49.2835909916,POINT (-49.2835909916 -25.4366927703)
2014-05-14 18:42:20.000000,-25.4366927703,-49.2835909916,POINT (-49.2835909916 -25.4366927703)
2014-05-14 18:42:30.000000,-25.4366927703,-49.2835909916,POINT (-49.2835909916 -25.4366927703)
2014-05-14 18:42:40.000000,-25.4366927703,-49.2835909916,POINT (-49.2835909916 -25.4366927703)
2014-05-14 18:42:50.000000,-25.4366927703,-49.2835909916,POINT (-49.2835909916 -25.4366927703)
2014-05-14 18:43:00.000000,-25.4366927703,-49.2835909916,POINT (-49.2835909916 -25.4366927703)
2014-05-14 18:43:10.000000,-25.4366927703,-49.2835909916,POINT (-49.2835909916 -25.4366927703)
2014-05-14 18:43:20.000000,-25.4366927703,-49.2835909916,POINT (-49.2835909916 -25.4366927703)
2014-05-14 18:43:30.000000,-25.4366927703,-49.2835909916,POINT (-49.2835909916 -25.4366927703)
2014-05-14 18:43:40.000000,-25.4366927703,-49.2835909916,POINT (-49.2835909916 -25.4366927703)
2014-05-14 18:43:50.000000,-25.4366927703,-49.2835909916,POINT (-49.2835909916 -25.4366927703)
2014-05-14 18:44:00.000000,-25.4366927703,-49.2835909916,POINT (-49.2835909916 -25.4366927703)
2014-05-14 18:44:10.000000,-25.4366927703,-49.2835909916,POINT (-49.2835909916 -25.4366927703)
2014-05-14 18:44:20.000000,-25.4366927703,-49.2835909916,POINT (-49.2835909916 -25.4366927703)
2014-05-14 18:44:30.000000,-25.4366927703,-49.2835909916,POINT (-49.2835909916 -25.4366927703)
2014-05-14 18:44:40.000000,-25.4366927703,-49.2835909916,POINT (-49.2835909916 -25.4366927703)
2014-05-14 18:44:50.000000,-25.4366927703,-49.2835909916,POINT (-49.2835909916 -25.4366927703)
2014-05-14 18:45:00.000000,-25.4366927703,-49.2835909916,POINT (-49.2835909916 -25.4366927703)
2014-05-14 18:45:10.000000,-25.4366927703,-49.2835909916,POINT (-49.2835909916 -25.4366927703)
2014-05-14 18:45:20.000000,-25.4366927703,-49.2835909916,POINT (-49.2835909916 -25.4366927703)
2014-05-14 18:45:30.000000,-25.4366927703,-49.2835909916,POINT (-49.2835909916 -25.4366927703)
2014-05-14 18:45:40.000000,-25.4366927703,-49.2835909916,POINT (-49.2835909916 -25.4366927703)
2014-05-14 18:45:50.000000,-25.4366927703,-49.2835909916,POINT (-49.2835909916 -25.4366927703)
2014-05-14 18:46:00.000000,-25.4366927703,-49.2835909916,POINT (-49.2835909916 -25.4366927703)
2014-05-14 18:46:10.000000,-25.4366927703,-49.2835909916,POINT (-49.2835909916 -25.4366927703)
2014-05-14 18:46:20.000000,-25.4366927703,-49.2835909916,POINT (-49.2835909916 -25.4366927703)
2014-05-14 18:46:30.000000,-25.4366927703,-49.2835909916,POINT (-49.2835909916 -25.4366927703)
2014-05-14 18:46:40.000000,-25.4366927703,-49.2835909916,POINT (-49.2835909916 -25.4366927703)
2014-05-14 18:46:50.000000,-25.4366927703,-49.2835909916,POINT (-49.2835909916 -25.4366927703)
2014-05-14 18:47:00.000000,-25.4366927703,-49.2835909916,POINT (-49.2835909916 -25.4366927703)
2014-05-14 18:47:10.000000,-25.4366927703,-49.2835909916,POINT (-49.2835909916 -25.4366927703)
2014-05-14 18:47:20.000000,-25.4366927703,-49.2835909916,POINT (-49.2835909916 -25.4366927703)
2014-05-14 18:47:30.000000,-25.4366927703,-49.2835909916,POINT (-49.2835909916 -25.4366927703)
2014-05-14 18:47:40.000000,-25.4366927703,-49.2835909916,POINT (-49.2835909916 -25.4366927703)
2014-05-14 18:47:50.000000,-25.4366927703,-49.2835909916,POINT (-49.2835909916 -25.4366927703)
2014-05-14 18:48:00.000000,-25.4366927703,-49.2835909916,POINT (-49.2835909916 -25.4366927703)
2014-05-14 18:48:10.000000,-25.4366927703,-49.2835909916,POINT (-49.2835909916 -25.4366927703)
2014-05-14 18:48:20.000000,-25.4366927703,-49.2835909916,POINT (-49.2835909916 -25.4366927703)
2014-05-14 18:48:30.000000,-25.4366927703,-49.2835909916,POINT (-49.2835909916 -25.4366927703)
2014-05-14 18:48:40.000000,-25.4366927703,-49.2835909916,POINT (-49.2835909916 -25.4366927703)
2014-05-14 18:48:50.000000,-25.4366927703,-49.2835909916,POINT (-49.2835909916 -25.4366927703)
2014-05-14 18:49:00.000000,-25.4366927703,-49.2835909916,POINT (-49.2835909916 -25.4366927703)
2014-05-14 18:49:10.000000,-25.4366927703,-49.2835909916,POINT (-49.2835909916 -25.4366927703)
2014-05-14 18:49:20.000000,-25.4366927703,-49.2835909916,POINT (-49.2835909916 -25.4366927703)
2014-05-14 18:49:30.000000,-25.4366927703,-49.2835909916,POINT (-49.2835909916 -25.4366927703)
2014-05-14 18:49:40.000000,-25.4366927703,-49.2835909916,POINT (-49.2835909916 -25.4366927703)
2014-05-14 18:49:50.000000,-25.4366927703,-49.2835909916,POINT (-49.2835909916 -25.4366927703)
2014-05-14 18:50:00.000000,-25.4366927703,-49.2835909916,POINT (-49.2835909916 -25.4366927703)
2014-05-14 18:50:10.000000,-25.4366927703,-49.2835909916,POINT (-49.2835909916 -25.4366927703)
2014-05-14 18:50:20.000000,-25.4366927703,-49.2835909916,POINT (-49.2835909916 -25.4366927703)
2014-05-14 18:50:30.000000,-25.4366927703,-49.2835909916,POINT (-49.2835909916 -25.4366927703)
2014-05-14 18:50:40.000000,-25.4366927703,-49.2835909916,POINT (-49.2835909916 -25.4366927703)
2014-05-14 18:50:50.000000,-25.4366927703,-49.2835909916,POINT (-49.2835909916 -25.4366927703)
2014-05-14 18:51:00.000000,-25.4366927703,-49.2835909916,POINT (-49.2835909916 -25.4366927703)
2014-05-14 18:51:10.000000,-25.4366927703,-49.2835909916,POINT (-49.2835909916 -25.4366927703)
2014-05-14 18:51:20.000000,-25.4366927703,-49.2835909916,POINT (-49.2835909916 -25.4366927703)
2014-05-14 18:51:30.000000,-25.4366927703,-49.2835909916,POINT (-49.2835909916 -25.4366927703)
2014-05-14 18:51:40.000000,-25.4366927703,-49.2835909916,POINT (-49.2835909916 -25.4366927703)
2014-05-14 18:51:50.000000,-25.4366927703,-49.2835909916,POINT (-49.2835909916 -25.4366927703)
2014-05-14 18:52:00.000000,-25.4366927703,-49.2835909916,POINT (-49.2835909916 -25.4366927703)
2014-05-14 18:52:10.000000,-25.4366927703,-49.2835909916,POINT (-49.2835909916 -25.4366927703)
2014-05-14 18:52:20.000000,-25.4366927703,-49.2835909916,POINT (-49.2835909916 -25.4366927703)
2014-05-14 18:52:30.000000,-25.4366927703,-49.2835909916,POINT (-49.2835909916 -25.4366927703)
2014-05-14 18:52:40.000000,-25.4366927703,-49.2835909916,POINT (-49.2835909916 -25.4366927703)
2014-05-14 18:52:50.000000,-25.4366927703,-49.2835909916,POINT (-49.2835909916 -25.4366927703)
2014-05-14 18:53:00.000000,-25.4366927703,-49.2835909916,POINT (-49.2835909916 -25.4366927703)
2014-05-14 18:53:10.000000,-25.4366927703,-49.2835909916,POINT (-49.2835909916 -25.4366927703)
2014-05-14 18:53:20.000000,-25.4366927703,-49.2835909916,POINT (-49.2835909916 -25.4366927703)
2014-05-14 18:53:30.000000,-25.4366927703,-49.2835909916,POINT (-49.2835909916 -25.4366927703)
2014-05-14 18:53:40.000000,-25.4366927703,-49.2835909916,POINT (-49.2835909916 -25.4366927703)
2014-05-14 18:53:50.000000,-25.4366927703,-49.2835909916,POINT (-49.2835909916 -25.4366927703)
2014-05-14 18:54:00.000000,-25.4366927703,-49.2835909916,POINT (-49.2835909916 -25.4366927703)
2014-05-14 18:54:10.000000,-25.4366927703,-49.2835909916,POINT (-49.2835909916 -25.4366927703)
2014-05-14 18:54:20.000000,-25.4366927703,-49.2835909916,POINT (-49.2835909916 -25.4366927703)
2014-05-14 18:54:30.000000,-25.4366927703,-49.2835909916,POINT (-49.2835909916 -25.4366927703)
2014-05-14 18:54:40.000000,-25.4366927703,-49.2835909916,POINT (-49.2835909916 -25.4366927703)
2014-05-14 18:54:50.000000,-25.4366927703,-49.2835909916,POINT (-49.2835909916 -25.4366927703)
2014-05-14 18:55:00.000000,-25.4366927703,-49.2835909916,POINT (-49.2835909916 -25.4366927703)
2014-05-14 18:55:10.000000,-25.4366927703,-49.2835909916,POINT (-49.2835909916 -25.4366927703)
2014-05-14 18:55:20.000000,-25.4366927703,-49.2835909916,POINT (-49.2835909916 -25.4366927703)
2014-05-14 18:55:30.000000,-25.4366927703,-49.2835909916,POINT (-49.2835909916 -25.4366927703)
2014-05-14 18:55:40.000000,-25.4366927703,-49.2835909916,POINT (-49.2835909916 -25.4366927703)
2014-05-14 18:55:50.000000,-25.4366927703,-49.2835909916,POINT (-49.2835909916 -25.4366927703)
2014-05-14 18:56:00.000000,-25.4366927703,-49.2835909916,POINT (-49.2835909916 -25.4366927703)
2014-05-14 18:56:10.000000,-25.4366927703,-49.2835909916,POINT (-49.2835909916 -25.4366927703)
2014-05-14 18:56:20.000000,-25.4366927703,-49.2835909916,POINT (-49.2835909916 -25.4366927703)
2014-05-14 18:56:30.000000,-25.4366927703,-49.2835909916,POINT (-49.2835909916 -25.4366927703)
2014-05-14 18:56:40.000000,-25.4366927703,-49.2835909916,POINT (-49.2835909916 -25.4366927703)
2014-05-14 18:56:50.000000,-25.4366927703,-49.2835909916,POINT (-49.2835909916 -25.4366927703)
2014-05-14 18:57:00.000000,-25.4366927703,-49.2835909916,POINT (-49.2835909916 -25.4366927703)
2014-05-14 18:57:10.000000,-25.4366927703,-49.2835909916,POINT (-49.2835909916 -25.4366927703)
2014-05-14 18:57:20.000000,-25.4366927703,-49.2835909916,POINT (-49.2835909916 -25.4366927703)
2014-05-14 18:57:30.000000,-25.4366927703,-49.2835909916,POINT (-49.2835909916 -25.4366927703)
2014-05-14 18:57:40.000000,-25.4366927703,-49.2835909916,POINT (-49.2835909916 -25.4366927703)
2014-05-14 18:57:50.000000,-25.4366927703,-49.2835909916,POINT (-49.2835909916 -25.4366927703)
2014-05-14 18:58:00.000000,-25.4366927703,-49.2835909916,POINT (-49.2835909916 -25.4366927703)
2014-05-14 18:58:10.000000,-25.4366927703,-49.2835909916,POINT (-49.2835909916 -25.4366927703)
2014-05-14 18:58:20.000000,-25.4366927703,-49.2835909916,POINT (-49.2835909916 -25.4366927703)
2014-05-14 18:58:30.000000,-25.4366927703,-49.2835909916,POINT (-49.2835909916 -25.4366927703)
2014-05-14 18:58:40.000000,-25.4366927703,-49.2835909916,POINT (-49.2835909916 -25.4366927703)
2014-05-14 18:58:50.000000,-25.4366927703,-49.2835909916,POINT (-49.2835909916 -25.4366927703)
2014-05-14 18:59:00.000000,-25.4366927703,-49.2835909916,POINT (-49.2835909916 -25.4366927703)
2014-05-14 18:59:10.000000,-25.4366927703,-49.2835909916,POINT (-49.2835909916 -25.4366927703)
2014-05-14 18:59:20.000000,-25.4366927703,-49.2835909916,POINT (-49.2835909916 -25.4366927703)
2014-05-14 18:59:30.000000,-25.4366927703,-49.2835909916,POINT (-49.2835909916 -25.4366927703)
2014-05-14 18:59:40.000000,-25.4366927703,-49.2835909916,POINT (-49.2835909916 -25.4366927703)
2014-05-14 18:59:50.000000,-25.4366927703,-49.2835909916,POINT (-49.2835909916 -25.4366927703)
2014-05-14 19:00:00.000000,-25.4366927703,-49.2835909916,POINT (-49.2835909916 -25.4366927703)
2014-05-14 19:00:10.000000,-25.4366927703,-49.2835909916,POINT (-49.2835909916 -25.4366927703)
2014-05-14 19:00:20.000000,-25.4366927703,-49.2835909916,POINT (-49.2835909916 -25.4366927703)
2014-05-14 19:00:30.000000,-25.4366927703,-49.2835909916,POINT (-49.2835909916 -25.4366927703)
2014-05-14 19:00:40.000000,-25.4366927703,-49.2835909916,POINT (-49.2835909916 -25.4366927703)
2014-05-14 19:00:50.000000,-25.4366927703,-49.2835909916,POINT (-49.2835909916 -25.4366927703)
2014-05-14 19:01:00.000000,-25.4366927703,-49.2835909916,POINT (-49.2835909916 -25.4366927703)
2014-05-14 19:01:10.000000,-25.4366927703,-49.2835909916,POINT (-49.2835909916 -25.4366927703)
2014-05-14 19:01:20.000000,-25.4366927703,-49.2835909916,POINT (-49.2835909916 -25.4366927703)
2014-05-14 19:01:30.000000,-25.4366927703,-49.2835909916,POINT (-49.2835909916 -25.4366927703)
2014-05-14 19:01:40.000000,-25.4366927703,-49.2835909916,POINT (-49.2835909916 -25.4366927703)
2014-05-14 19:01:50.000000,-25.4366927703,-49.2835909916,POINT (-49.2835909916 -25.4366927703)
2014-05-14 19:02:00.000000,-25.4366927703,-49.2835909916,POINT (-49.2835909916 -25.4366927703)
2014-05-14 19:02:10.000000,-25.4366927703,-49.2835909916,POINT (-49.2835909916 -25.4366927703)
2014-05-14 19:02:20.000000,-25.4366927703,-49.2835909916,POINT (-49.2835909916 -25.4366927703)
2014-05-14 19:02:30.000000,-25.4366927703,-49.2835909916,POINT (-49.2835909916 -25.4366927703)
2014-05-14 19:02:40.000000,-25.4366927703,-49.2835909916,POINT (-49.2835909916 -25.4366927703)
2014-05-14 19:02:50.000000,-25.4366927703,-49.2835909916,POINT (-49.2835909916 -25.4366927703)
2014-05-14 19:03:00.000000,-25.4366927703,-49.2835909916,POINT (-49.2835909916 -25.4366927703)
2014-05-14 19:03:10.000000,-25.4366927703,-49.2835909916,POINT (-49.2835909916 -25.4366927703)
2014-05-14 19:03:20.000000,-25.4366927703,-49.2835909916,POINT (-49.2835909916 -25.4366927703)
2014-05-14 19:03:30.000000,-25.4366927703,-49.2835909916,POINT (-49.2835909916 -25.4366927703)
2014-05-14 19:03:40.000000,-25.4366927703,-49.2835909916,POINT (-49.2835909916 -25.4366927703)
2014-05-14 19:03:50.000000,-25.4366927703,-49.2835909916,POINT (-49.2835909916 -25.4366927703)
2014-05-14 19:04:00.000000,-25.4366927703,-49.2835909916,POINT (-49.2835909916 -25.4366927703)
2014-05-14 19:04:10.000000,-25.4366927703,-49.2835909916,POINT (-49.2835909916 -25.4366927703)
2014-05-14 19:04:20.000000,-25.4366927703,-49.2835909916,POINT (-49.2835909916 -25.4366927703)
2014-05-14 19:04:30.000000,-25.4366927703,-49.2835909916,POINT (-49.2835909916 -25.4366927703)
2014-05-14 19:04:40.000000,-25.4366927703,-49.2835909916,POINT (-49.2835909916 -25.4366927703)
2014-05-14 19:04:50.000000,-25.4366927703,-49.2835909916,POINT (-49.2835909916 -25.4366927703)
2014-05-14 19:05:00.000000,-25.4366927703,-49.2835909916,POINT (-49.2835909916 -25.4366927703)
2014-05-14 19:05:10.000000,-25.4366927703,-49.2835909916,POINT (-49.2835909916 -25.4366927703)
2014-05-14 19:05:20.000000,-25.4366927703,-49.2835909916,POINT (-49.2835909916 -25.4366927703)
2014-05-14 19:05:30.000000,-25.4366927703,-49.2835909916,POINT (-49.2835909916 -25.4366927703)
2014-05-14 19:05:40.000000,-25.4366927703,-49.2835909916,POINT (-49.2835909916 -25.4366927703)
2014-05-14 19:05:50.000000,-25.4366927703,-49.2835909916,POINT (-49.2835909916 -25.4366927703)
2014-05-14 19:06:00.000000,-25.4366927703,-49.2835909916,POINT (-49.2835909916 -25.4366927703)
2014-05-14 19:06:10.000000,-25.4366927703,-49.2835909916,POINT (-49.2835909916 -25.4366927703)
2014-05-14 19:06:20.000000,-25.4366927703,-49.2835909916,POINT (-49.2835909916 -25.4366927703)
2014-05-14 19:06:30.000000,-25.4366927703,-49.2835909916,POINT (-49.2835909916 -25.4366927703)
2014-05-14 19:06:40.000000,-25.4366927703,-49.2835909916,POINT (-49.2835909916 -25.4366927703)
2014-05-14 19:06:50.000000,-25.4366927703,-49.2835909916,POINT (-49.2835909916 -25.4366927703)
2014-05-14 19:07:00.000000,-25.4366927703,-49.2835909916,POINT (-49.2835909916 -25.4366927703)
2014-05-14 19:07:10.000000,-25.4366927703,-49.2835909916,POINT (-49.2835909916 -25.4366927703)
2014-05-14 19:07:20.000000,-25.4366927703,-49.2835909916,POINT (-49.2835909916 -25.4366927703)
2014-05-14 19:07:30.000000,-25.4366927703,-49.2835909916,POINT (-49.2835909916 -25.4366927703)
2014-05-14 19:07:40.000000,-25.4366927703,-49.2835909916,POINT (-49.2835909916 -25.4366927703)
2014-05-14 19:07:50.000000,-25.4366927703,-49.2835909916,POINT (-49.2835909916 -25.4366927703)
2014-05-14 19:08:00.000000,-25.4366927703,-49.2835909916,POINT (-49.2835909916 -25.4366927703)
2014-05-14 19:08:10.000000,-25.4366927703,-49.2835909916,POINT (-49.2835909916 -25.4366927703)
2014-05-14 19:08:20.000000,-25.4366927703,-49.2835909916,POINT (-49.2835909916 -25.4366927703)
2014-05-14 19:08:30.000000,-25.4366927703,-49.2835909916,POINT (-49.2835909916 -25.4366927703)
2014-05-14 19:08:40.000000,-25.4366927703,-49.2835909916,POINT (-49.2835909916 -25.4366927703)
2014-05-14 19:08:50.000000,-25.4366927703,-49.2835909916,POINT (-49.2835909916 -25.4366927703)
2014-05-14 19:09:00.000000,-25.4366927703,-49.2835909916,POINT (-49.2835909916 -25.4366927703)
2014-05-14 19:09:10.000000,-25.4366927703,-49.2835909916,POINT (-49.2835909916 -25.4366927703)
2014-05-14 19:09:20.000000,-25.4366927703,-49.2835909916,POINT (-49.2835909916 -25.4366927703)
2014-05-14 19:09:30.000000,-25.4366927703,-49.2835909916,POINT (-49.2835909916 -25.4366927703)
2014-05-14 19:09:40.000000,-25.4366927703,-49.2835909916,POINT (-49.2835909916 -25.4366927703)
2014-05-14 19:09:50.000000,-25.4366927703,-49.2835909916,POINT (-49.2835909916 -25.4366927703)
2014-05-14 19:10:00.000000,-25.4366927703,-49.2835909916,POINT (-49.2835909916 -25.4366927703)
2014-05-14 19:10:10.000000,-25.4366927703,-49.2835909916,POINT (-49.2835909916 -25.4366927703)
2014-05-14 19:10:20.000000,-25.4366927703,-49.2835909916,POINT (-49.2835909916 -25.4366927703)
2014-05-14 19:10:30.000000,-25.4366927703,-49.2835909916,POINT (-49.2835909916 -25.4366927703)
2014-05-14 19:10:40.000000,-25.4366927703,-49.2835909916,POINT (-49.2835909916 -25.4366927703)
2014-05-14 19:10:50.000000,-25.4366927703,-49.2835909916,POINT (-49.2835909916 -25.4366927703)
2014-05-14 19:11:00.000000,-25.4366927703,-49.2835909916,POINT (-49.2835909916 -25.4366927703)
2014-05-14 19:11:10.000000,-25.4366927703,-49.2835909916,POINT (-49.2835909916 -25.4366927703)
2014-05-14 19:11:20.000000,-25.4366927703,-49.2835909916,POINT (-49.2835909916 -25.4366927703)
2014-05-14 19:11:30.000000,-25.4366927703,-49.2835909916,POINT (-49.2835909916 -25.4366927703)
2014-05-14 19:11:40.000000,-25.4366927703,-49.2835909916,POINT (-49.2835909916 -25.4366927703)
2014-05-14 19:11:50.000000,-25.4366927703,-49.2835909916,POINT (-49.2835909916 -25.4366927703)
2014-05-14 19:12:00.000000,-25.4366927703,-49.2835909916,POINT (-49.2835909916 -25.4366927703)
2014-05-14 19:12:10.000000,-25.4366927703,-49.2835909916,POINT (-49.2835909916 -25.4366927703)
2014-05-14 19:12:20.000000,-25.4366927703,-49.2835909916,POINT (-49.2835909916 -25.4366927703)
2014-05-14 19:12:30.000000,-25.4366927703,-49.2835909916,POINT (-49.2835909916 -25.4366927703)
2014-05-14 19:12:40.000000,-25.4366927703,-49.2835909916,POINT (-49.2835909916 -25.4366927703)
2014-05-14 19:12:50.000000,-25.4366927703,-49.2835909916,POINT (-49.2835909916 -25.4366927703)
2014-05-14 19:13:00.000000,-25.4366927703,-49.2835909916,POINT (-49.2835909916 -25.4366927703)
2014-05-14 19:13:10.000000,-25.4366927703,-49.2835909916,POINT (-49.2835909916 -25.4366927703)
2014-05-14 19:13:20.000000,-25.4366927703,-49.2835909916,POINT (-49.2835909916 -25.4366927703)
2014-05-14 19:13:30.000000,-25.4366927703,-49.2835909916,POINT (-49.2835909916 -25.4366927703)
2014-05-14 19:13:40.000000,-25.4366927703,-49.2835909916,POINT (-49.2835909916 -25.4366927703)
2014-05-14 19:13:50.000000,-25.4366927703,-49.2835909916,POINT (-49.2835909916 -25.4366927703)
2014-05-14 19:14:00.000000,-25.4366927703,-49.2835909916,POINT (-49.2835909916 -25.4366927703)
2014-05-14 19:14:10.000000,-25.4366927703,-49.2835909916,POINT (-49.2835909916 -25.4366927703)
2014-05-14 19:14:20.000000,-25.4366927703,-49.2835909916,POINT (-49.2835909916 -25.4366927703)
2014-05-14 19:14:30.000000,-25.4366927703,-49.2835909916,POINT (-49.2835909916 -25.4366927703)
2014-05-14 19:14:40.000000,-25.4366927703,-49.2835909916,POINT (-49.2835909916 -25.4366927703)
2014-05-14 19:14:50.000000,-25.4366927703,-49.2835909916,POINT (-49.2835909916 -25.4366927703)
2014-05-14 19:15:00.000000,-25.4366927703,-49.2835909916,POINT (-49.2835909916 -25.4366927703)
2014-05-14 19:15:10.000000,-25.4366927703,-49.2835909916,POINT (-49.2835909916 -25.4366927703)
2014-05-14 19:15:20.000000,-25.4366927703,-49.2835909916,POINT (-49.2835909916 -25.4366927703)
2014-05-14 19:15:30.000000,-25.4366927703,-49.2835909916,POINT (-49.2835909916 -25.4366927703)
2014-05-14 19:15:40.000000,-25.4366927703,-49.2835909916,POINT (-49.2835909916 -25.4366927703)
2014-05-14 19:15:50.000000,-25.4366927703,-49.2835909916,POINT (-49.2835909916 -25.4366927703)
2014-05-14 19:16:00.000000,-25.4366927703,-49.2835909916,POINT (-49.2835909916 -25.4366927703)
2014-05-14 19:16:10.000000,-25.4366927703,-49.2835909916,POINT (-49.2835909916 -25.4366927703)
2014-05-14 19:16:20.000000,-25.4366927703,-49.2835909916,POINT (-49.2835909916 -25.4366927703)
2014-05-14 19:16:30.000000,-25.4366927703,-49.2835909916,POINT (-49.2835909916 -25.4366927703)
2014-05-14 19:16:40.000000,-25.4366927703,-49.2835909916,POINT (-49.2835909916 -25.4366927703)
2014-05-14 19:16:50.000000,-25.4366927703,-49.2835909916,POINT (-49.2835909916 -25.4366927703)
2014-05-14 19:17:00.000000,-25.4366927703,-49.2835909916,POINT (-49.2835909916 -25.4366927703)
2014-05-14 19:17:10.000000,-25.4366927703,-49.2835909916,POINT (-49.2835909916 -25.4366927703)
2014-05-14 19:17:20.000000,-25.4366927703,-49.2835909916,POINT (-49.2835909916 -25.4366927703)
2014-05-14 19:17:30.000000,-25.4366927703,-49.2835909916,POINT (-49.2835909916 -25.4366927703)
2014-05-14 19:17:40.000000,-25.4366927703,-49.2835909916,POINT (-49.2835909916 -25.4366927703)
2014-05-14 19:17:50.000000,-25.4366927703,-49.2835909916,POINT (-49.2835909916 -25.4366927703)
2014-05-14 19:18:00.000000,-25.4366927703,-49.2835909916,POINT (-49.2835909916 -25.4366927703)
2014-05-14 19:18:10.000000,-25.4366927703,-49.2835909916,POINT (-49.2835909916 -25.4366927703)
2014-05-14 19:18:20.000000,-25.4366927703,-49.2835909916,POINT (-49.2835909916 -25.4366927703)
2014-05-14 19:18:30.000000,-25.4366927703,-49.2835909916,POINT (-49.2835909916 -25.4366927703)
2014-05-14 19:18:40.000000,-25.4366927703,-49.2835909916,POINT (-49.2835909916 -25.4366927703)
2014-05-14 19:18:50.000000,-25.4366927703,-49.2835909916,POINT (-49.2835909916 -25.4366927703)
2014-05-14 19:19:00.000000,-25.4366927703,-49.2835909916,POINT (-49.2835909916 -25.4366927703)
2014-05-14 19:19:10.000000,-25.4366927703,-49.2835909916,POINT (-49.2835909916 -25.4366927703)
2014-05-14 19:19:20.000000,-25.4366927703,-49.2835909916,POINT (-49.2835909916 -25.4366927703)
2014-05-14 19:19:30.000000,-25.4366927703,-49.2835909916,POINT (-49.2835909916 -25.4366927703)
2014-05-14 19:19:40.000000,-25.4366927703,-49.2835909916,POINT (-49.2835909916 -25.4366927703)
2014-05-14 19:19:50.000000,-25.4366927703,-49.2835909916,POINT (-49.2835909916 -25.4366927703)
2014-05-14 19:20:00.000000,-25.4366927703,-49.2835909916,POINT (-49.2835909916 -25.4366927703)
2014-05-14 19:20:10.000000,-25.4366927703,-49.2835909916,POINT (-49.2835909916 -25.4366927703)
2014-05-14 19:20:20.000000,-25.4366927703,-49.2835909916,POINT (-49.2835909916 -25.4366927703)
2014-05-14 19:20:30.000000,-25.4366927703,-49.2835909916,POINT (-49.2835909916 -25.4366927703)
2014-05-14 19:20:40.000000,-25.4366927703,-49.2835909916,POINT (-49.2835909916 -25.4366927703)
2014-05-14 19:20:50.000000,-25.4366927703,-49.2835909916,POINT (-49.2835909916 -25.4366927703)
2014-05-14 19:21:00.000000,-25.4366927703,-49.2835909916,POINT (-49.2835909916 -25.4366927703)
2014-05-14 19:21:10.000000,-25.4366927703,-49.2835909916,POINT (-49.2835909916 -25.4366927703)
2014-05-14 19:21:20.000000,-25.4366927703,-49.2835909916,POINT (-49.2835909916 -25.4366927703)
2014-05-14 19:21:30.000000,-25.4366927703,-49.2835909916,POINT (-49.2835909916 -25.4366927703)
2014-05-14 19:21:40.000000,-25.4366927703,-49.2835909916,POINT (-49.2835909916 -25.4366927703)
2014-05-14 19:21:50.000000,-25.4366927703,-49.2835909916,POINT (-49.2835909916 -25.4366927703)
2014-05-14 19:22:00.000000,-25.4366927703,-49.2835909916,POINT (-49.2835909916 -25.4366927703)
2014-05-14 19:22:10.000000,-25.4366927703,-49.2835909916,POINT (-49.2835909916 -25.4366927703)
2014-05-14 19:22:20.000000,-25.4366927703,-49.2835909916,POINT (-49.2835909916 -25.4366927703)
2014-05-14 19:22:30.000000,-25.4366927703,-49.2835909916,POINT (-49.2835909916 -25.4366927703)
2014-05-14 19:22:40.000000,-25.4366927703,-49.2835909916,POINT (-49.2835909916 -25.4366927703)
2014-05-14 19:22:50.000000,-25.4366927703,-49.2835909916,POINT (-49.2835909916 -25.4366927703)
2014-05-14 19:23:00.000000,-25.4366927703,-49.2835909916,POINT (-49.2835909916 -25.4366927703)
2014-05-14 19:23:10.000000,-25.4366927703,-49.2835909916,POINT (-49.2835909916 -25.4366927703)
2014-05-14 19:23:20.000000,-25.4366927703,-49.2835909916,POINT (-49.2835909916 -25.4366927703)
2014-05-14 19:23:30.000000,-25.4366927703,-49.2835909916,POINT (-49.2835909916 -25.4366927703)
2014-05-14 19:23:40.000000,-25.4366927703,-49.2835909916,POINT (-49.2835909916 -25.4366927703)
2014-05-14 19:23:50.000000,-25.4366927703,-49.2835909916,POINT (-49.2835909916 -25.4366927703)
2014-05-14 19:24:00.000000,-25.4366927703,-49.2835909916,POINT (-49.2835909916 -25.4366927703)
2014-05-14 19:24:10.000000,-25.4366927703,-49.2835909916,POINT (-49.2835909916 -25.4366927703)
2014-05-14 19:24:20.000000,-25.4366927703,-49.2835909916,POINT (-49.2835909916 -25.4366927703)
2014-05-14 19:24:30.000000,-25.4366927703,-49.2835909916,POINT (-49.2835909916 -25.4366927703)
2014-05-14 19:24:40.000000,-25.4366927703,-49.2835909916,POINT (-49.2835909916 -25.4366927703)
2014-05-14 19:24:50.000000,-25.4366927703,-49.2835909916,POINT (-49.2835909916 -25.4366927703)
2014-05-14 19:25:00.000000,-25.4366927703,-49.2835909916,POINT (-49.2835909916 -25.4366927703)
2014-05-14 19:25:10.000000,-25.4366927703,-49.2835909916,POINT (-49.2835909916 -25.4366927703)
2014-05-14 19:25:20.000000,-25.4366927703,-49.2835909916,POINT (-49.2835909916 -25.4366927703)
2014-05-14 19:25:30.000000,-25.4366927703,-49.2835909916,POINT (-49.2835909916 -25.4366927703)
2014-05-14 19:25:40.000000,-25.4366927703,-49.2835909916,POINT (-49.2835909916 -25.4366927703)
2014-05-14 19:25:50.000000,-25.4366927703,-49.2835909916,POINT (-49.2835909916 -25.4366927703)
2014-05-14 19:26:00.000000,-25.4366927703,-49.2835909916,POINT (-49.2835909916 -25.4366927703)
2014-05-14 19:26:10.000000,-25.4366927703,-49.2835909916,POINT (-49.2835909916 -25.4366927703)
2014-05-14 19:26:20.000000,-25.4366927703,-49.2835909916,POINT (-49.2835909916 -25.4366927703)
2014-05-14 19:26:30.000000,-25.4366927703,-49.2835909916,POINT (-49.2835909916 -25.4366927703)
2014-05-14 19:26:40.000000,-25.4366927703,-49.2835909916,POINT (-49.2835909916 -25.4366927703)
2014-05-14 19:26:50.000000,-25.4366927703,-49.2835909916,POINT (-49.2835909916 -25.4366927703)
2014-05-14 19:27:00.000000,-25.4366927703,-49.2835909916,POINT (-49.2835909916 -25.4366927703)
2014-05-14 19:27:10.000000,-25.4366927703,-49.2835909916,POINT (-49.2835909916 -25.4366927703)
2014-05-14 19:27:20.000000,-25.4366927703,-49.2835909916,POINT (-49.2835909916 -25.4366927703)
2014-05-14 19:27:30.000000,-25.4366927703,-49.2835909916,POINT (-49.2835909916 -25.4366927703)
2014-05-14 19:27:40.000000,-25.4366927703,-49.2835909916,POINT (-49.2835909916 -25.4366927703)
2014-05-14 19:27:50.000000,-25.4366927703,-49.2835909916,POINT (-49.2835909916 -25.4366927703)
2014-05-14 19:28:00.000000,-25.4366927703,-49.2835909916,POINT (-49.2835909916 -25.4366927703)
2014-05-14 19:28:10.000000,-25.4366927703,-49.2835909916,POINT (-49.2835909916 -25.4366927703)
2014-05-14 19:28:20.000000,-25.4366927703,-49.2835909916,POINT (-49.2835909916 -25.4366927703)
2014-05-14 19:28:30.000000,-25.4366927703,-49.2835909916,POINT (-49.2835909916 -25.4366927703)
2014-05-14 19:28:40.000000,-25.4366927703,-49.2835909916,POINT (-49.2835909916 -25.4366927703)
2014-05-14 19:28:50.000000,-25.4366927703,-49.2835909916,POINT (-49.2835909916 -25.4366927703)
2014-05-14 19:29:00.000000,-25.4366927703,-49.2835909916,POINT (-49.2835909916 -25.4366927703)
2014-05-14 19:29:10.000000,-25.4366927703,-49.2835909916,POINT (-49.2835909916 -25.4366927703)
2014-05-14 19:29:20.000000,-25.4366927703,-49.2835909916,POINT (-49.2835909916 -25.4366927703)
2014-05-14 19:29:30.000000,-25.4366927703,-49.2835909916,POINT (-49.2835909916 -25.4366927703)
2014-05-14 19:29:40.000000,-25.4366927703,-49.2835909916,POINT (-49.2835909916 -25.4366927703)
2014-05-14 19:29:50.000000,-25.4366927703,-49.2835909916,POINT (-49.2835909916 -25.4366927703)
2014-05-14 19:30:00.000000,-25.4366927703,-49.2835909916,POINT (-49.2835909916 -25.4366927703)
2014-05-14 19:30:10.000000,-25.4366927703,-49.2835909916,POINT (-49.2835909916 -25.4366927703)
2014-05-14 19:30:20.000000,-25.4366927703,-49.2835909916,POINT (-49.2835909916 -25.4366927703)
2014-05-14 19:30:30.000000,-25.4366927703,-49.2835909916,POINT (-49.2835909916 -25.4366927703)
2014-05-14 19:30:40.000000,-25.4366927703,-49.2835909916,POINT (-49.2835909916 -25.4366927703)
2014-05-14 19:30:50.000000,-25.4366927703,-49.2835909916,POINT (-49.2835909916 -25.4366927703)
2014-05-14 19:31:00.000000,-25.4366927703,-49.2835909916,POINT (-49.2835909916 -25.4366927703)
2014-05-14 19:31:10.000000,-25.4366927703,-49.2835909916,POINT (-49.2835909916 -25.4366927703)
2014-05-14 19:31:20.000000,-25.4366927703,-49.2835909916,POINT (-49.2835909916 -25.4366927703)
2014-05-14 19:31:30.000000,-25.4366927703,-49.2835909916,POINT (-49.2835909916 -25.4366927703)
2014-05-14 19:31:40.000000,-25.4366927703,-49.2835909916,POINT (-49.2835909916 -25.4366927703)
2014-05-14 19:31:50.000000,-25.4366927703,-49.2835909916,POINT (-49.2835909916 -25.4366927703)
2014-05-14 19:32:00.000000,-25.4366927703,-49.2835909916,POINT (-49.2835909916 -25.4366927703)
2014-05-14 19:32:10.000000,-25.4366927703,-49.2835909916,POINT (-49.2835909916 -25.4366927703)
2014-05-14 19:32:20.000000,-25.4366927703,-49.2835909916,POINT (-49.2835909916 -25.4366927703)
2014-05-14 19:32:30.000000,-25.4366927703,-49.2835909916,POINT (-49.2835909916 -25.4366927703)
2014-05-14 19:32:40.000000,-25.4366927703,-49.2835909916,POINT (-49.2835909916 -25.4366927703)
2014-05-14 19:32:50.000000,-25.4366927703,-49.2835909916,POINT (-49.2835909916 -25.4366927703)
2014-05-14 19:33:00.000000,-25.4366927703,-49.2835909916,POINT (-49.2835909916 -25.4366927703)
2014-05-14 19:33:10.000000,-25.4366927703,-49.2835909916,POINT (-49.2835909916 -25.4366927703)
2014-05-14 19:33:20.000000,-25.4366927703,-49.2835909916,POINT (-49.2835909916 -25.4366927703)
2014-05-14 19:33:30.000000,-25.4366927703,-49.2835909916,POINT (-49.2835909916 -25.4366927703)
2014-05-14 19:33:40.000000,-25.4366927703,-49.2835909916,POINT (-49.2835909916 -25.4366927703)
2014-05-14 19:33:50.000000,-25.4366927703,-49.2835909916,POINT (-49.2835909916 -25.4366927703)
2014-05-14 19:34:00.000000,-25.4366927703,-49.2835909916,POINT (-49.2835909916 -25.4366927703)
2014-05-14 19:34:10.000000,-25.4366927703,-49.2835909916,POINT (-49.2835909916 -25.4366927703)
2014-05-14 19:34:20.000000,-25.4366927703,-49.2835909916,POINT (-49.2835909916 -25.4366927703)
2014-05-14 19:34:30.000000,-25.4366927703,-49.2835909916,POINT (-49.2835909916 -25.4366927703)
2014-05-14 19:34:40.000000,-25.4366927703,-49.2835909916,POINT (-49.2835909916 -25.4366927703)
2014-05-14 19:34:50.000000,-25.4366927703,-49.2835909916,POINT (-49.2835909916 -25.4366927703)
2014-05-14 19:35:00.000000,-25.4366927703,-49.2835909916,POINT (-49.2835909916 -25.4366927703)
2014-05-14 19:35:10.000000,-25.4366927703,-49.2835909916,POINT (-49.2835909916 -25.4366927703)
2014-05-14 19:35:20.000000,-25.4366927703,-49.2835909916,POINT (-49.2835909916 -25.4366927703)
2014-05-14 19:35:30.000000,-25.4366927703,-49.2835909916,POINT (-49.2835909916 -25.4366927703)
2014-05-14 19:35:40.000000,-25.4366927703,-49.2835909916,POINT (-49.2835909916 -25.4366927703)
2014-05-14 19:35:50.000000,-25.4366927703,-49.2835909916,POINT (-49.2835909916 -25.4366927703)
2014-05-14 19:36:00.000000,-25.4366927703,-49.2835909916,POINT (-49.2835909916 -25.4366927703)
2014-05-14 19:36:10.000000,-25.4366927703,-49.2835909916,POINT (-49.2835909916 -25.4366927703)
2014-05-14 19:36:20.000000,-25.4366927703,-49.2835909916,POINT (-49.2835909916 -25.4366927703)
2014-05-14 19:36:30.000000,-25.4366927703,-49.2835909916,POINT (-49.2835909916 -25.4366927703)
2014-05-14 19:36:40.000000,-25.4366927703,-49.2835909916,POINT (-49.2835909916 -25.4366927703)
2014-05-14 19:36:50.000000,-25.4366927703,-49.2835909916,POINT (-49.2835909916 -25.4366927703)
2014-05-14 19:37:00.000000,-25.4366927703,-49.2835909916,POINT (-49.2835909916 -25.4366927703)
2014-05-14 19:37:10.000000,-25.4366927703,-49.2835909916,POINT (-49.2835909916 -25.4366927703)
2014-05-14 19:37:20.000000,-25.4366927703,-49.2835909916,POINT (-49.2835909916 -25.4366927703)
2014-05-14 19:37:30.000000,-25.4366927703,-49.2835909916,POINT (-49.2835909916 -25.4366927703)
2014-05-14 19:37:40.000000,-25.4366927703,-49.2835909916,POINT (-49.2835909916 -25.4366927703)
2014-05-14 19:37:50.000000,-25.4366927703,-49.2835909916,POINT (-49.2835909916 -25.4366927703)
2014-05-14 19:38:00.000000,-25.4366927703,-49.2835909916,POINT (-49.2835909916 -25.4366927703)
2014-05-14 19:38:10.000000,-25.4366927703,-49.2835909916,POINT (-49.2835909916 -25.4366927703)
2014-05-14 19:38:20.000000,-25.4366927703,-49.2835909916,POINT (-49.2835909916 -25.4366927703)
2014-05-14 19:38:30.000000,-25.4366927703,-49.2835909916,POINT (-49.2835909916 -25.4366927703)
2014-05-14 19:38:40.000000,-25.4366927703,-49.2835909916,POINT (-49.2835909916 -25.4366927703)
2014-05-14 19:38:50.000000,-25.4366927703,-49.2835909916,POINT (-49.2835909916 -25.4366927703)
2014-05-14 19:39:00.000000,-25.4366927703,-49.2835909916,POINT (-49.2835909916 -25.4366927703)
2014-05-14 19:39:10.000000,-25.4366927703,-49.2835909916,POINT (-49.2835909916 -25.4366927703)
2014-05-14 19:39:20.000000,-25.4366927703,-49.2835909916,POINT (-49.2835909916 -25.4366927703)
2014-05-14 19:39:30.000000,-25.4366927703,-49.2835909916,POINT (-49.2835909916 -25.4366927703)
2014-05-14 19:39:40.000000,-25.4366927703,-49.2835909916,POINT (-49.2835909916 -25.4366927703)
2014-05-14 19:39:50.000000,-25.4366927703,-49.2835909916,POINT (-49.2835909916 -25.4366927703)
2014-05-14 19:40:00.000000,-25.4366927703,-49.2835909916,POINT (-49.2835909916 -25.4366927703)
2014-05-14 19:40:10.000000,-25.4366927703,-49.2835909916,POINT (-49.2835909916 -25.4366927703)
2014-05-14 19:40:20.000000,-25.4366927703,-49.2835909916,POINT (-49.2835909916 -25.4366927703)
2014-05-14 19:40:30.000000,-25.4366927703,-49.2835909916,POINT (-49.2835909916 -25.4366927703)
2014-05-14 19:40:40.000000,-25.4366927703,-49.2835909916,POINT (-49.2835909916 -25.4366927703)
2014-05-14 19:40:50.000000,-25.4366927703,-49.2835909916,POINT (-49.2835909916 -25.4366927703)
2014-05-14 19:41:00.000000,-25.4366927703,-49.2835909916,POINT (-49.2835909916 -25.4366927703)
2014-05-14 19:41:10.000000,-25.4366927703,-49.2835909916,POINT (-49.2835909916 -25.4366927703)
2014-05-14 19:41:20.000000,-25.4366927703,-49.2835909916,POINT (-49.2835909916 -25.4366927703)
2014-05-14 19:41:30.000000,-25.4366927703,-49.2835909916,POINT (-49.2835909916 -25.4366927703)
2014-05-14 19:41:40.000000,-25.4366927703,-49.2835909916,POINT (-49.2835909916 -25.4366927703)
2014-05-14 19:41:50.000000,-25.4366927703,-49.2835909916,POINT (-49.2835909916 -25.4366927703)
2014-05-14 19:42:00.000000,-25.4366927703,-49.2835909916,POINT (-49.2835909916 -25.4366927703)
2014-05-14 19:42:10.000000,-25.4366927703,-49.2835909916,POINT (-49.2835909916 -25.4366927703)
2014-05-14 19:42:20.000000,-25.4366927703,-49.2835909916,POINT (-49.2835909916 -25.4366927703)
2014-05-14 19:42:30.000000,-25.4366927703,-49.2835909916,POINT (-49.2835909916 -25.4366927703)
2014-05-14 19:42:40.000000,-25.4366927703,-49.2835909916,POINT (-49.2835909916 -25.4366927703)
2014-05-14 19:42:50.000000,-25.4366927703,-49.2835909916,POINT (-49.2835909916 -25.4366927703)
2014-05-14 19:43:00.000000,-25.4366927703,-49.2835909916,POINT (-49.2835909916 -25.4366927703)
2014-05-14 19:43:10.000000,-25.4366927703,-49.2835909916,POINT (-49.2835909916 -25.4366927703)
2014-05-14 19:43:20.000000,-25.4366927703,-49.2835909916,POINT (-49.2835909916 -25.4366927703)
2014-05-14 19:43:30.000000,-25.4366927703,-49.2835909916,POINT (-49.2835909916 -25.4366927703)
2014-05-14 19:43:40.000000,-25.4366927703,-49.2835909916,POINT (-49.2835909916 -25.4366927703)
2014-05-14 19:43:50.000000,-25.4366927703,-49.2835909916,POINT (-49.2835909916 -25.4366927703)
2014-05-14 19:44:00.000000,-25.4366927703,-49.2835909916,POINT (-49.2835909916 -25.4366927703)
2014-05-14 19:44:10.000000,-25.4366927703,-49.2835909916,POINT (-49.2835909916 -25.4366927703)
2014-05-14 19:44:20.000000,-25.4366927703,-49.2835909916,POINT (-49.2835909916 -25.4366927703)
2014-05-14 19:44:30.000000,-25.4366927703,-49.2835909916,POINT (-49.2835909916 -25.4366927703)
2014-05-14 19:44:40.000000,-25.4366927703,-49.2835909916,POINT (-49.2835909916 -25.4366927703)
2014-05-14 19:44:50.000000,-25.4366927703,-49.2835909916,POINT (-49.2835909916 -25.4366927703)
2014-05-14 19:45:00.000000,-25.4366927703,-49.2835909916,POINT (-49.2835909916 -25.4366927703)
2014-05-14 19:45:10.000000,-25.4366927703,-49.2835909916,POINT (-49.2835909916 -25.4366927703)
2014-05-14 19:45:20.000000,-25.4366927703,-49.2835909916,POINT (-49.2835909916 -25.4366927703)
2014-05-14 19:45:30.000000,-25.4366927703,-49.2835909916,POINT (-49.2835909916 -25.4366927703)
2014-05-14 19:45:40.000000,-25.4366927703,-49.2835909916,POINT (-49.2835909916 -25.4366927703)
2014-05-14 19:45:50.000000,-25.4366927703,-49.2835909916,POINT (-49.2835909916 -25.4366927703)
2014-05-14 19:46:00.000000,-25.4366927703,-49.2835909916,POINT (-49.2835909916 -25.4366927703)
2014-05-14 19:46:10.000000,-25.4366927703,-49.2835909916,POINT (-49.2835909916 -25.4366927703)
2014-05-14 19:46:20.000000,-25.4366927703,-49.2835909916,POINT (-49.2835909916 -25.4366927703)
2014-05-14 19:46:30.000000,-25.4366927703,-49.2835909916,POINT (-49.2835909916 -25.4366927703)
2014-05-14 19:46:40.000000,-25.4366927703,-49.2835909916,POINT (-49.2835909916 -25.4366927703)
2014-05-14 19:46:50.000000,-25.4366927703,-49.2835909916,POINT (-49.2835909916 -25.4366927703)
2014-05-14 19:47:00.000000,-25.4366927703,-49.2835909916,POINT (-49.2835909916 -25.4366927703)
2014-05-14 19:47:10.000000,-25.4366927703,-49.2835909916,POINT (-49.2835909916 -25.4366927703)
2014-05-14 19:47:20.000000,-25.4366927703,-49.2835909916,POINT (-49.2835909916 -25.4366927703)
2014-05-14 19:47:30.000000,-25.4366927703,-49.2835909916,POINT (-49.2835909916 -25.4366927703)
2014-05-14 19:47:40.000000,-25.4366927703,-49.2835909916,POINT (-49.2835909916 -25.4366927703)
2014-05-14 19:47:50.000000,-25.4366927703,-49.2835909916,POINT (-49.2835909916 -25.4366927703)
2014-05-14 19:48:00.000000,-25.4366927703,-49.2835909916,POINT (-49.2835909916 -25.4366927703)
2014-05-14 19:48:10.000000,-25.4366927703,-49.2835909916,POINT (-49.2835909916 -25.4366927703)
2014-05-14 19:48:20.000000,-25.4366927703,-49.2835909916,POINT (-49.2835909916 -25.4366927703)
2014-05-14 19:48:30.000000,-25.4366927703,-49.2835909916,POINT (-49.2835909916 -25.4366927703)
2014-05-14 19:48:40.000000,-25.4366927703,-49.2835909916,POINT (-49.2835909916 -25.4366927703)
2014-05-14 19:48:50.000000,-25.4366927703,-49.2835909916,POINT (-49.2835909916 -25.4366927703)
2014-05-14 19:49:00.000000,-25.4366927703,-49.2835909916,POINT (-49.2835909916 -25.4366927703)
2014-05-14 19:49:10.000000,-25.4366927703,-49.2835909916,POINT (-49.2835909916 -25.4366927703)
2014-05-14 19:49:20.000000,-25.4366927703,-49.2835909916,POINT (-49.2835909916 -25.4366927703)
2014-05-14 19:49:30.000000,-25.4366927703,-49.2835909916,POINT (-49.2835909916 -25.4366927703)
2014-05-14 19:49:40.000000,-25.4366927703,-49.2835909916,POINT (-49.2835909916 -25.4366927703)
2014-05-14 19:49:50.000000,-25.4366927703,-49.2835909916,POINT (-49.2835909916 -25.4366927703)
2014-05-14 19:50:00.000000,-25.4366927703,-49.2835909916,POINT (-49.2835909916 -25.4366927703)
2014-05-14 19:50:10.000000,-25.4366927703,-49.2835909916,POINT (-49.2835909916 -25.4366927703)
2014-05-14 19:50:20.000000,-25.4366927703,-49.2835909916,POINT (-49.2835909916 -25.4366927703)
2014-05-14 19:50:30.000000,-25.4366927703,-49.2835909916,POINT (-49.2835909916 -25.4366927703)
2014-05-14 19:50:40.000000,-25.4366927703,-49.2835909916,POINT (-49.2835909916 -25.4366927703)
2014-05-14 19:50:50.000000,-25.4366927703,-49.2835909916,POINT (-49.2835909916 -25.4366927703)
2014-05-14 19:51:00.000000,-25.4366927703,-49.2835909916,POINT (-49.2835909916 -25.4366927703)
2014-05-14 19:51:10.000000,-25.4366927703,-49.2835909916,POINT (-49.2835909916 -25.4366927703)
2014-05-14 19:51:20.000000,-25.4366927703,-49.2835909916,POINT (-49.2835909916 -25.4366927703)
2014-05-14 19:51:30.000000,-25.4366927703,-49.2835909916,POINT (-49.2835909916 -25.4366927703)
2014-05-14 19:51:40.000000,-25.4366927703,-49.2835909916,POINT (-49.2835909916 -25.4366927703)
2014-05-14 19:51:50.000000,-25.4366927703,-49.2835909916,POINT (-49.2835909916 -25.4366927703)
2014-05-14 19:52:00.000000,-25.4366927703,-49.2835909916,POINT (-49.2835909916 -25.4366927703)
2014-05-14 19:52:10.000000,-25.4366927703,-49.2835909916,POINT (-49.2835909916 -25.4366927703)
2014-05-14 19:52:20.000000,-25.4366927703,-49.2835909916,POINT (-49.2835909916 -25.4366927703)
2014-05-14 19:52:30.000000,-25.4366927703,-49.2835909916,POINT (-49.2835909916 -25.4366927703)
2014-05-14 19:52:40.000000,-25.4366927703,-49.2835909916,POINT (-49.2835909916 -25.4366927703)
2014-05-14 19:52:50.000000,-25.4366927703,-49.2835909916,POINT (-49.2835909916 -25.4366927703)
2014-05-14 19:53:00.000000,-25.4366927703,-49.2835909916,POINT (-49.2835909916 -25.4366927703)
2014-05-14 19:53:10.000000,-25.4366927703,-49.2835909916,POINT (-49.2835909916 -25.4366927703)
2014-05-14 19:53:20.000000,-25.4366927703,-49.2835909916,POINT (-49.2835909916 -25.4366927703)
2014-05-14 19:53:30.000000,-25.4366927703,-49.2835909916,POINT (-49.2835909916 -25.4366927703)
2014-05-14 19:53:40.000000,-25.4366927703,-49.2835909916,POINT (-49.2835909916 -25.4366927703)
2014-05-14 19:53:50.000000,-25.4366927703,-49.2835909916,POINT (-49.2835909916 -25.4366927703)
2014-05-14 19:54:00.000000,-25.4366927703,-49.2835909916,POINT (-49.2835909916 -25.4366927703)
2014-05-14 19:54:10.000000,-25.4366927703,-49.2835909916,POINT (-49.2835909916 -25.4366927703)
2014-05-14 19:54:20.000000,-25.4366927703,-49.2835909916,POINT (-49.2835909916 -25.4366927703)
2014-05-14 19:54:30.000000,-25.4366927703,-49.2835909916,POINT (-49.2835909916 -25.4366927703)
2014-05-14 19:54:40.000000,-25.4366927703,-49.2835909916,POINT (-49.2835909916 -25.4366927703)
2014-05-14 19:54:50.000000,-25.4366927703,-49.2835909916,POINT (-49.2835909916 -25.4366927703)
2014-05-14 19:55:00.000000,-25.4366927703,-49.2835909916,POINT (-49.2835909916 -25.4366927703)
2014-05-14 19:55:10.000000,-25.4366927703,-49.2835909916,POINT (-49.2835909916 -25.4366927703)
2014-05-14 19:55:20.000000,-25.4366927703,-49.2835909916,POINT (-49.2835909916 -25.4366927703)
2014-05-14 19:55:30.000000,-25.4366927703,-49.2835909916,POINT (-49.2835909916 -25.4366927703)
2014-05-14 19:55:40.000000,-25.4366927703,-49.2835909916,POINT (-49.2835909916 -25.4366927703)
2014-05-14 19:55:50.000000,-25.4366927703,-49.2835909916,POINT (-49.2835909916 -25.4366927703)
2014-05-14 19:56:00.000000,-25.4366927703,-49.2835909916,POINT (-49.2835909916 -25.4366927703)
2014-05-14 19:56:10.000000,-25.4366927703,-49.2835909916,POINT (-49.2835909916 -25.4366927703)
2014-05-14 19:56:20.000000,-25.4366927703,-49.2835909916,POINT (-49.2835909916 -25.4366927703)
2014-05-14 19:56:30.000000,-25.4366927703,-49.2835909916,POINT (-49.2835909916 -25.4366927703)
2014-05-14 19:56:40.000000,-25.4366927703,-49.2835909916,POINT (-49.2835909916 -25.4366927703)
2014-05-14 19:56:50.000000,-25.4366927703,-49.2835909916,POINT (-49.2835909916 -25.4366927703)
2014-05-14 19:57:00.000000,-25.4366927703,-49.2835909916,POINT (-49.2835909916 -25.4366927703)
2014-05-14 19:57:10.000000,-25.4366927703,-49.2835909916,POINT (-49.2835909916 -25.4366927703)
2014-05-14 19:57:20.000000,-25.4366927703,-49.2835909916,POINT (-49.2835909916 -25.4366927703)
2014-05-14 19:57:30.000000,-25.4366927703,-49.2835909916,POINT (-49.2835909916 -25.4366927703)
2014-05-14 19:57:40.000000,-25.4366927703,-49.2835909916,POINT (-49.2835909916 -25.4366927703)
2014-05-14 19:57:50.000000,-25.4366927703,-49.2835909916,POINT (-49.2835909916 -25.4366927703)
2014-05-14 19:58:00.000000,-25.4366927703,-49.2835909916,POINT (-49.2835909916 -25.4366927703)
2014-05-14 19:58:10.000000,-25.4366927703,-49.2835909916,POINT (-49.2835909916 -25.4366927703)
2014-05-14 19:58:20.000000,-25.4366927703,-49.2835909916,POINT (-49.2835909916 -25.4366927703)
2014-05-14 19:58:30.000000,-25.4366927703,-49.2835909916,POINT (-49.2835909916 -25.4366927703)
2014-05-14 19:58:40.000000,-25.4366927703,-49.2835909916,POINT (-49.2835909916 -25.4366927703)
2014-05-14 19:58:50.000000,-25.4366927703,-49.2835909916,POINT (-49.2835909916 -25.4366927703)
2014-05-14 19:59:00.000000,-25.4366927703,-49.2835909916,POINT (-49.2835909916 -25.4366927703)
2014-05-14 19:59:10.000000,-25.4366927703,-49.2835909916,POINT (-49.2835909916 -25.4366927703)
2014-05-14 19:59:20.000000,-25.4366927703,-49.2835909916,POINT (-49.2835909916 -25.4366927703)
2014-05-14 19:59:30.000000,-25.4366927703,-49.2835909916,POINT (-49.2835909916 -25.4366927703)
2014-05-14 19:59:40.000000,-25.4366927703,-49.2835909916,POINT (-49.2835909916 -25.4366927703)
2014-05-14 19:59:50.000000,-25.4366927703,-49.2835909916,POINT (-49.2835909916 -25.4366927703)
2014-05-14 20:00:00.000000,-25.4366927703,-49.2835909916,POINT (-49.2835909916 -25.4366927703)
2014-05-14 20:00:10.000000,-25.4366927703,-49.2835909916,POINT (-49.2835909916 -25.4366927703)
2014-05-14 20:00:20.000000,-25.4366927703,-49.2835909916,POINT (-49.2835909916 -25.4366927703)
2014-05-14 20:00:30.000000,-25.4366927703,-49.2835909916,POINT (-49.2835909916 -25.4366927703)
2014-05-14 20:00:40.000000,-25.4366927703,-49.2835909916,POINT (-49.2835909916 -25.4366927703)
2014-05-14 20:00:50.000000,-25.4366927703,-49.2835909916,POINT (-49.2835909916 -25.4366927703)
2014-05-14 20:01:00.000000,-25.4366927703,-49.2835909916,POINT (-49.2835909916 -25.4366927703)
2014-05-14 20:01:10.000000,-25.4366927703,-49.2835909916,POINT (-49.2835909916 -25.4366927703)
2014-05-14 20:01:20.000000,-25.4366927703,-49.2835909916,POINT (-49.2835909916 -25.4366927703)
2014-05-14 20:01:30.000000,-25.4366927703,-49.2835909916,POINT (-49.2835909916 -25.4366927703)
2014-05-14 20:01:40.000000,-25.4366927703,-49.2835909916,POINT (-49.2835909916 -25.4366927703)
2014-05-14 20:01:50.000000,-25.4366927703,-49.2835909916,POINT (-49.2835909916 -25.4366927703)
2014-05-14 20:02:00.000000,-25.4366927703,-49.2835909916,POINT (-49.2835909916 -25.4366927703)
2014-05-14 20:02:10.000000,-25.4366927703,-49.2835909916,POINT (-49.2835909916 -25.4366927703)
2014-05-14 20:02:20.000000,-25.4366927703,-49.2835909916,POINT (-49.2835909916 -25.4366927703)
2014-05-14 20:02:30.000000,-25.4366927703,-49.2835909916,POINT (-49.2835909916 -25.4366927703)
2014-05-14 20:02:40.000000,-25.4366927703,-49.2835909916,POINT (-49.2835909916 -25.4366927703)
2014-05-14 20:02:50.000000,-25.4366927703,-49.2835909916,POINT (-49.2835909916 -25.4366927703)
2014-05-14 20:03:00.000000,-25.4366927703,-49.2835909916,POINT (-49.2835909916 -25.4366927703)
2014-05-14 20:03:10.000000,-25.4366927703,-49.2835909916,POINT (-49.2835909916 -25.4366927703)
2014-05-14 20:03:20.000000,-25.4366927703,-49.2835909916,POINT (-49.2835909916 -25.4366927703)
2014-05-14 20:03:30.000000,-25.4366927703,-49.2835909916,POINT (-49.2835909916 -25.4366927703)
2014-05-14 20:03:40.000000,-25.4366927703,-49.2835909916,POINT (-49.2835909916 -25.4366927703)
2014-05-14 20:03:50.000000,-25.4366927703,-49.2835909916,POINT (-49.2835909916 -25.4366927703)
2014-05-14 20:04:00.000000,-25.4366927703,-49.2835909916,POINT (-49.2835909916 -25.4366927703)
2014-05-14 20:04:10.000000,-25.4366927703,-49.2835909916,POINT (-49.2835909916 -25.4366927703)
2014-05-14 20:04:20.000000,-25.4366927703,-49.2835909916,POINT (-49.2835909916 -25.4366927703)
2014-05-14 20:04:30.000000,-25.4366927703,-49.2835909916,POINT (-49.2835909916 -25.4366927703)
2014-05-14 20:04:40.000000,-25.4366927703,-49.2835909916,POINT (-49.2835909916 -25.4366927703)
2014-05-14 20:04:50.000000,-25.4366927703,-49.2835909916,POINT (-49.2835909916 -25.4366927703)
2014-05-14 20:05:00.000000,-25.4366927703,-49.2835909916,POINT (-49.2835909916 -25.4366927703)
2014-05-14 20:05:10.000000,-25.4366927703,-49.2835909916,POINT (-49.2835909916 -25.4366927703)
2014-05-14 20:05:20.000000,-25.4366927703,-49.2835909916,POINT (-49.2835909916 -25.4366927703)
2014-05-14 20:05:30.000000,-25.4366927703,-49.2835909916,POINT (-49.2835909916 -25.4366927703)
2014-05-14 20:05:40.000000,-25.4366927703,-49.2835909916,POINT (-49.2835909916 -25.4366927703)
2014-05-14 20:05:50.000000,-25.4366927703,-49.2835909916,POINT (-49.2835909916 -25.4366927703)
2014-05-14 20:06:00.000000,-25.4366927703,-49.2835909916,POINT (-49.2835909916 -25.4366927703)
2014-05-14 20:06:10.000000,-25.4366927703,-49.2835909916,POINT (-49.2835909916 -25.4366927703)
2014-05-14 20:06:20.000000,-25.4366927703,-49.2835909916,POINT (-49.2835909916 -25.4366927703)
2014-05-14 20:06:30.000000,-25.4366927703,-49.2835909916,POINT (-49.2835909916 -25.4366927703)
2014-05-14 20:06:40.000000,-25.4366927703,-49.2835909916,POINT (-49.2835909916 -25.4366927703)
2014-05-14 20:06:50.000000,-25.4366927703,-49.2835909916,POINT (-49.2835909916 -25.4366927703)
2014-05-14 20:07:00.000000,-25.4366927703,-49.2835909916,POINT (-49.2835909916 -25.4366927703)
2014-05-14 20:07:10.000000,-25.4366927703,-49.2835909916,POINT (-49.2835909916 -25.4366927703)
2014-05-14 20:07:20.000000,-25.4366927703,-49.2835909916,POINT (-49.2835909916 -25.4366927703)
2014-05-14 20:07:30.000000,-25.4366927703,-49.2835909916,POINT (-49.2835909916 -25.4366927703)
2014-05-14 20:07:40.000000,-25.4366927703,-49.2835909916,POINT (-49.2835909916 -25.4366927703)
2014-05-14 20:07:50.000000,-25.4366927703,-49.2835909916,POINT (-49.2835909916 -25.4366927703)
2014-05-14 20:08:00.000000,-25.4366927703,-49.2835909916,POINT (-49.2835909916 -25.4366927703)
2014-05-14 20:08:10.000000,-25.4366927703,-49.2835909916,POINT (-49.2835909916 -25.4366927703)
2014-05-14 20:08:20.000000,-25.4366927703,-49.2835909916,POINT (-49.2835909916 -25.4366927703)
2014-05-14 20:08:30.000000,-25.4366927703,-49.2835909916,POINT (-49.2835909916 -25.4366927703)
2014-05-14 20:08:40.000000,-25.4366927703,-49.2835909916,POINT (-49.2835909916 -25.4366927703)
2014-05-14 20:08:50.000000,-25.4366927703,-49.2835909916,POINT (-49.2835909916 -25.4366927703)
2014-05-14 20:09:00.000000,-25.4366927703,-49.2835909916,POINT (-49.2835909916 -25.4366927703)
2014-05-14 20:09:10.000000,-25.4366927703,-49.2835909916,POINT (-49.2835909916 -25.4366927703)
2014-05-14 20:09:20.000000,-25.4366927703,-49.2835909916,POINT (-49.2835909916 -25.4366927703)
2014-05-14 20:09:30.000000,-25.4366927703,-49.2835909916,POINT (-49.2835909916 -25.4366927703)
2014-05-14 20:09:40.000000,-25.4366927703,-49.2835909916,POINT (-49.2835909916 -25.4366927703)
2014-05-14 20:09:50.000000,-25.4366927703,-49.2835909916,POINT (-49.2835909916 -25.4366927703)
2014-05-14 20:10:00.000000,-25.4366927703,-49.2835909916,POINT (-49.2835909916 -25.4366927703)
2014-05-14 20:10:10.000000,-25.4366927703,-49.2835909916,POINT (-49.2835909916 -25.4366927703)
2014-05-14 20:10:20.000000,-25.4366927703,-49.2835909916,POINT (-49.2835909916 -25.4366927703)
2014-05-14 20:10:30.000000,-25.4366927703,-49.2835909916,POINT (-49.2835909916 -25.4366927703)
2014-05-14 20:10:40.000000,-25.4366927703,-49.2835909916,POINT (-49.2835909916 -25.4366927703)
2014-05-14 20:10:50.000000,-25.4366927703,-49.2835909916,POINT (-49.2835909916 -25.4366927703)
2014-05-14 20:11:00.000000,-25.4366927703,-49.2835909916,POINT (-49.2835909916 -25.4366927703)
2014-05-14 20:11:10.000000,-25.4366927703,-49.2835909916,POINT (-49.2835909916 -25.4366927703)
2014-05-14 20:11:20.000000,-25.4366927703,-49.2835909916,POINT (-49.2835909916 -25.4366927703)
2014-05-14 20:11:30.000000,-25.4366927703,-49.2835909916,POINT (-49.2835909916 -25.4366927703)
2014-05-14 20:11:40.000000,-25.4366927703,-49.2835909916,POINT (-49.2835909916 -25.4366927703)
2014-05-14 20:11:50.000000,-25.4366927703,-49.2835909916,POINT (-49.2835909916 -25.4366927703)
2014-05-14 20:12:00.000000,-25.4366927703,-49.2835909916,POINT (-49.2835909916 -25.4366927703)
2014-05-14 20:12:10.000000,-25.4366927703,-49.2835909916,POINT (-49.2835909916 -25.4366927703)
2014-05-14 20:12:20.000000,-25.4366927703,-49.2835909916,POINT (-49.2835909916 -25.4366927703)
2014-05-14 20:12:30.000000,-25.4366927703,-49.2835909916,POINT (-49.2835909916 -25.4366927703)
2014-05-14 20:12:40.000000,-25.4366927703,-49.2835909916,POINT (-49.2835909916 -25.4366927703)
2014-05-14 20:12:50.000000,-25.4366927703,-49.2835909916,POINT (-49.2835909916 -25.4366927703)
2014-05-14 20:13:00.000000,-25.4366927703,-49.2835909916,POINT (-49.2835909916 -25.4366927703)
2014-05-14 20:13:10.000000,-25.4366927703,-49.2835909916,POINT (-49.2835909916 -25.4366927703)
2014-05-14 20:13:20.000000,-25.4366927703,-49.2835909916,POINT (-49.2835909916 -25.4366927703)
2014-05-14 20:13:30.000000,-25.4366927703,-49.2835909916,POINT (-49.2835909916 -25.4366927703)
2014-05-14 20:13:40.000000,-25.4366927703,-49.2835909916,POINT (-49.2835909916 -25.4366927703)
2014-05-14 20:13:50.000000,-25.4366927703,-49.2835909916,POINT (-49.2835909916 -25.4366927703)
2014-05-14 20:14:00.000000,-25.4366927703,-49.2835909916,POINT (-49.2835909916 -25.4366927703)
2014-05-14 20:14:10.000000,-25.4366927703,-49.2835909916,POINT (-49.2835909916 -25.4366927703)
2014-05-14 20:14:20.000000,-25.4366927703,-49.2835909916,POINT (-49.2835909916 -25.4366927703)
2014-05-14 20:14:30.000000,-25.4366927703,-49.2835909916,POINT (-49.2835909916 -25.4366927703)
2014-05-14 20:14:40.000000,-25.4366927703,-49.2835909916,POINT (-49.2835909916 -25.4366927703)
2014-05-14 20:14:50.000000,-25.4366927703,-49.2835909916,POINT (-49.2835909916 -25.4366927703)
2014-05-14 20:15:00.000000,-25.4366927703,-49.2835909916,POINT (-49.2835909916 -25.4366927703)
2014-05-14 20:15:10.000000,-25.4366927703,-49.2835909916,POINT (-49.2835909916 -25.4366927703)
2014-05-14 20:15:20.000000,-25.4366927703,-49.2835909916,POINT (-49.2835909916 -25.4366927703)
2014-05-14 20:15:30.000000,-25.4366927703,-49.2835909916,POINT (-49.2835909916 -25.4366927703)
2014-05-14 20:15:40.000000,-25.4366927703,-49.2835909916,POINT (-49.2835909916 -25.4366927703)
2014-05-14 20:15:50.000000,-25.4366927703,-49.2835909916,POINT (-49.2835909916 -25.4366927703)
2014-05-14 20:16:00.000000,-25.4366927703,-49.2835909916,POINT (-49.2835909916 -25.4366927703)
2014-05-14 20:16:10.000000,-25.4366927703,-49.2835909916,POINT (-49.2835909916 -25.4366927703)
2014-05-14 20:16:20.000000,-25.4366927703,-49.2835909916,POINT (-49.2835909916 -25.4366927703)
2014-05-14 20:16:30.000000,-25.4366927703,-49.2835909916,POINT (-49.2835909916 -25.4366927703)
2014-05-14 20:16:40.000000,-25.4366927703,-49.2835909916,POINT (-49.2835909916 -25.4366927703)
2014-05-14 20:16:50.000000,-25.4366927703,-49.2835909916,POINT (-49.2835909916 -25.4366927703)
2014-05-14 20:17:00.000000,-25.4366927703,-49.2835909916,POINT (-49.2835909916 -25.4366927703)
2014-05-14 20:17:10.000000,-25.4366927703,-49.2835909916,POINT (-49.2835909916 -25.4366927703)
2014-05-14 20:17:20.000000,-25.4366927703,-49.2835909916,POINT (-49.2835909916 -25.4366927703)
2014-05-14 20:17:30.000000,-25.4366927703,-49.2835909916,POINT (-49.2835909916 -25.4366927703)
2014-05-14 20:17:40.000000,-25.4366927703,-49.2835909916,POINT (-49.2835909916 -25.4366927703)
2014-05-14 20:17:50.000000,-25.4366927703,-49.2835909916,POINT (-49.2835909916 -25.4366927703)
2014-05-14 20:18:00.000000,-25.4366927703,-49.2835909916,POINT (-49.2835909916 -25.4366927703)
2014-05-14 20:18:10.000000,-25.4366927703,-49.2835909916,POINT (-49.2835909916 -25.4366927703)
2014-05-14 20:18:20.000000,-25.4366927703,-49.2835909916,POINT (-49.2835909916 -25.4366927703)
2014-05-14 20:18:30.000000,-25.4366927703,-49.2835909916,POINT (-49.2835909916 -25.4366927703)
2014-05-14 20:18:40.000000,-25.4366927703,-49.2835909916,POINT (-49.2835909916 -25.4366927703)
2014-05-14 20:18:50.000000,-25.4366927703,-49.2835909916,POINT (-49.2835909916 -25.4366927703)
2014-05-14 20:19:00.000000,-25.4366927703,-49.2835909916,POINT (-49.2835909916 -25.4366927703)
2014-05-14 20:19:10.000000,-25.4366927703,-49.2835909916,POINT (-49.2835909916 -25.4366927703)
2014-05-14 20:19:20.000000,-25.4366927703,-49.2835909916,POINT (-49.2835909916 -25.4366927703)
2014-05-14 20:19:30.000000,-25.4366927703,-49.2835909916,POINT (-49.2835909916 -25.4366927703)
2014-05-14 20:19:40.000000,-25.4366927703,-49.2835909916,POINT (-49.2835909916 -25.4366927703)
2014-05-14 20:19:50.000000,-25.4366927703,-49.2835909916,POINT (-49.2835909916 -25.4366927703)
2014-05-14 20:20:00.000000,-25.4366927703,-49.2835909916,POINT (-49.2835909916 -25.4366927703)
2014-05-14 20:20:10.000000,-25.4366927703,-49.2835909916,POINT (-49.2835909916 -25.4366927703)
2014-05-14 20:20:20.000000,-25.4366927703,-49.2835909916,POINT (-49.2835909916 -25.4366927703)
2014-05-14 20:20:30.000000,-25.4366927703,-49.2835909916,POINT (-49.2835909916 -25.4366927703)
2014-05-14 20:20:40.000000,-25.4366927703,-49.2835909916,POINT (-49.2835909916 -25.4366927703)
2014-05-14 20:20:50.000000,-25.4366927703,-49.2835909916,POINT (-49.2835909916 -25.4366927703)
2014-05-14 20:21:00.000000,-25.4366927703,-49.2835909916,POINT (-49.2835909916 -25.4366927703)
2014-05-14 20:21:10.000000,-25.4366927703,-49.2835909916,POINT (-49.2835909916 -25.4366927703)
2014-05-14 20:21:20.000000,-25.4366927703,-49.2835909916,POINT (-49.2835909916 -25.4366927703)
2014-05-14 20:21:30.000000,-25.4366927703,-49.2835909916,POINT (-49.2835909916 -25.4366927703)
2014-05-14 20:21:40.000000,-25.4366927703,-49.2835909916,POINT (-49.2835909916 -25.4366927703)
2014-05-14 20:21:50.000000,-25.4366927703,-49.2835909916,POINT (-49.2835909916 -25.4366927703)
2014-05-14 20:22:00.000000,-25.4366927703,-49.2835909916,POINT (-49.2835909916 -25.4366927703)
2014-05-14 20:22:10.000000,-25.4366927703,-49.2835909916,POINT (-49.2835909916 -25.4366927703)
2014-05-14 20:22:20.000000,-25.4366927703,-49.2835909916,POINT (-49.2835909916 -25.4366927703)
2014-05-14 20:22:30.000000,-25.4366927703,-49.2835909916,POINT (-49.2835909916 -25.4366927703)
2014-05-14 20:22:40.000000,-25.4366927703,-49.2835909916,POINT (-49.2835909916 -25.4366927703)
2014-05-14 20:22:50.000000,-25.4366927703,-49.2835909916,POINT (-49.2835909916 -25.4366927703)
2014-05-14 20:23:00.000000,-25.4366927703,-49.2835909916,POINT (-49.2835909916 -25.4366927703)
2014-05-14 20:23:10.000000,-25.4366927703,-49.2835909916,POINT (-49.2835909916 -25.4366927703)
2014-05-14 20:23:20.000000,-25.4366927703,-49.2835909916,POINT (-49.2835909916 -25.4366927703)
2014-05-14 20:23:30.000000,-25.4366927703,-49.2835909916,POINT (-49.2835909916 -25.4366927703)
2014-05-14 20:23:40.000000,-25.4366927703,-49.2835909916,POINT (-49.2835909916 -25.4366927703)
2014-05-14 20:23:50.000000,-25.4366927703,-49.2835909916,POINT (-49.2835909916 -25.4366927703)
2014-05-14 20:24:00.000000,-25.4366927703,-49.2835909916,POINT (-49.2835909916 -25.4366927703)
2014-05-14 20:24:10.000000,-25.4366927703,-49.2835909916,POINT (-49.2835909916 -25.4366927703)
2014-05-14 20:24:20.000000,-25.4366927703,-49.2835909916,POINT (-49.2835909916 -25.4366927703)
2014-05-14 20:24:30.000000,-25.4366927703,-49.2835909916,POINT (-49.2835909916 -25.4366927703)
2014-05-14 20:24:40.000000,-25.4366927703,-49.2835909916,POINT (-49.2835909916 -25.4366927703)
2014-05-14 20:24:50.000000,-25.4366927703,-49.2835909916,POINT (-49.2835909916 -25.4366927703)
2014-05-14 20:25:00.000000,-25.4366927703,-49.2835909916,POINT (-49.2835909916 -25.4366927703)
2014-05-14 20:25:10.000000,-25.4366927703,-49.2835909916,POINT (-49.2835909916 -25.4366927703)
2014-05-14 20:25:20.000000,-25.4366927703,-49.2835909916,POINT (-49.2835909916 -25.4366927703)
2014-05-14 20:25:30.000000,-25.4366927703,-49.2835909916,POINT (-49.2835909916 -25.4366927703)
2014-05-14 20:25:40.000000,-25.4366927703,-49.2835909916,POINT (-49.2835909916 -25.4366927703)
2014-05-14 20:25:50.000000,-25.4366927703,-49.2835909916,POINT (-49.2835909916 -25.4366927703)
2014-05-14 20:26:00.000000,-25.4366927703,-49.2835909916,POINT (-49.2835909916 -25.4366927703)
2014-05-14 20:26:10.000000,-25.4366927703,-49.2835909916,POINT (-49.2835909916 -25.4366927703)
2014-05-14 20:26:20.000000,-25.4366927703,-49.2835909916,POINT (-49.2835909916 -25.4366927703)
2014-05-14 20:26:30.000000,-25.4366927703,-49.2835909916,POINT (-49.2835909916 -25.4366927703)
2014-05-14 20:26:40.000000,-25.4366927703,-49.2835909916,POINT (-49.2835909916 -25.4366927703)
2014-05-14 20:26:50.000000,-25.4366927703,-49.2835909916,POINT (-49.2835909916 -25.4366927703)
2014-05-14 20:27:00.000000,-25.4366927703,-49.2835909916,POINT (-49.2835909916 -25.4366927703)
2014-05-14 20:27:10.000000,-25.4366927703,-49.2835909916,POINT (-49.2835909916 -25.4366927703)
2014-05-14 20:27:20.000000,-25.4366927703,-49.2835909916,POINT (-49.2835909916 -25.4366927703)
2014-05-14 20:27:30.000000,-25.4366927703,-49.2835909916,POINT (-49.2835909916 -25.4366927703)
2014-05-14 20:27:40.000000,-25.4366927703,-49.2835909916,POINT (-49.2835909916 -25.4366927703)
2014-05-14 20:27:50.000000,-25.4366927703,-49.2835909916,POINT (-49.2835909916 -25.4366927703)
2014-05-14 20:28:00.000000,-25.4366927703,-49.2835909916,POINT (-49.2835909916 -25.4366927703)
2014-05-14 20:28:10.000000,-25.4366927703,-49.2835909916,POINT (-49.2835909916 -25.4366927703)
2014-05-14 20:28:20.000000,-25.4366927703,-49.2835909916,POINT (-49.2835909916 -25.4366927703)
2014-05-14 20:28:30.000000,-25.4366927703,-49.2835909916,POINT (-49.2835909916 -25.4366927703)
2014-05-14 20:28:40.000000,-25.4366927703,-49.2835909916,POINT (-49.2835909916 -25.4366927703)
2014-05-14 20:28:50.000000,-25.4366927703,-49.2835909916,POINT (-49.2835909916 -25.4366927703)
2014-05-14 20:29:00.000000,-25.4366927703,-49.2835909916,POINT (-49.2835909916 -25.4366927703)
2014-05-14 20:29:10.000000,-25.4366927703,-49.2835909916,POINT (-49.2835909916 -25.4366927703)
2014-05-14 20:29:20.000000,-25.4366927703,-49.2835909916,POINT (-49.2835909916 -25.4366927703)
2014-05-14 20:29:30.000000,-25.4366927703,-49.2835909916,POINT (-49.2835909916 -25.4366927703)
2014-05-14 20:29:40.000000,-25.4366927703,-49.2835909916,POINT (-49.2835909916 -25.4366927703)
2014-05-14 20:29:50.000000,-25.4366927703,-49.2835909916,POINT (-49.2835909916 -25.4366927703)
2014-05-14 20:30:00.000000,-25.4366927703,-49.2835909916,POINT (-49.2835909916 -25.4366927703)
2014-05-14 20:30:10.000000,-25.4366927703,-49.2835909916,POINT (-49.2835909916 -25.4366927703)
2014-05-14 20:30:20.000000,-25.4366927703,-49.2835909916,POINT (-49.2835909916 -25.4366927703)
2014-05-14 20:30:30.000000,-25.4366927703,-49.2835909916,POINT (-49.2835909916 -25.4366927703)
2014-05-14 20:30:40.000000,-25.4366927703,-49.2835909916,POINT (-49.2835909916 -25.4366927703)
2014-05-14 20:30:50.000000,-25.4366927703,-49.2835909916,POINT (-49.2835909916 -25.4366927703)
2014-05-14 20:31:00.000000,-25.4366927703,-49.2835909916,POINT (-49.2835909916 -25.4366927703)
2014-05-14 20:31:10.000000,-25.4366927703,-49.2835909916,POINT (-49.2835909916 -25.4366927703)
2014-05-14 20:31:20.000000,-25.4366927703,-49.2835909916,POINT (-49.2835909916 -25.4366927703)
2014-05-14 20:31:30.000000,-25.4366927703,-49.2835909916,POINT (-49.2835909916 -25.4366927703)
2014-05-14 20:31:40.000000,-25.4366927703,-49.2835909916,POINT (-49.2835909916 -25.4366927703)
2014-05-14 20:31:50.000000,-25.4366927703,-49.2835909916,POINT (-49.2835909916 -25.4366927703)
2014-05-14 20:32:00.000000,-25.4366927703,-49.2835909916,POINT (-49.2835909916 -25.4366927703)
2014-05-14 20:32:10.000000,-25.4366927703,-49.2835909916,POINT (-49.2835909916 -25.4366927703)
2014-05-14 20:32:20.000000,-25.4366927703,-49.2835909916,POINT (-49.2835909916 -25.4366927703)
2014-05-14 20:32:30.000000,-25.4366927703,-49.2835909916,POINT (-49.2835909916 -25.4366927703)
2014-05-14 20:32:40.000000,-25.4366927703,-49.2835909916,POINT (-49.2835909916 -25.4366927703)
2014-05-14 20:32:50.000000,-25.4366927703,-49.2835909916,POINT (-49.2835909916 -25.4366927703)
2014-05-14 20:33:00.000000,-25.4366927703,-49.2835909916,POINT (-49.2835909916 -25.4366927703)
2014-05-14 20:33:10.000000,-25.4366927703,-49.2835909916,POINT (-49.2835909916 -25.4366927703)
2014-05-14 20:33:20.000000,-25.4366927703,-49.2835909916,POINT (-49.2835909916 -25.4366927703)
2014-05-14 20:33:30.000000,-25.4366927703,-49.2835909916,POINT (-49.2835909916 -25.4366927703)
2014-05-14 20:33:40.000000,-25.4366927703,-49.2835909916,POINT (-49.2835909916 -25.4366927703)
2014-05-14 20:33:50.000000,-25.4366927703,-49.2835909916,POINT (-49.2835909916 -25.4366927703)
2014-05-14 20:34:00.000000,-25.4366927703,-49.2835909916,POINT (-49.2835909916 -25.4366927703)
2014-05-14 20:34:10.000000,-25.4366927703,-49.2835909916,POINT (-49.2835909916 -25.4366927703)
2014-05-14 20:34:20.000000,-25.4366927703,-49.2835909916,POINT (-49.2835909916 -25.4366927703)
2014-05-14 20:34:30.000000,-25.4366927703,-49.2835909916,POINT (-49.2835909916 -25.4366927703)
2014-05-14 20:34:40.000000,-25.4366927703,-49.2835909916,POINT (-49.2835909916 -25.4366927703)
2014-05-14 20:34:50.000000,-25.4366927703,-49.2835909916,POINT (-49.2835909916 -25.4366927703)
2014-05-14 20:35:00.000000,-25.4366927703,-49.2835909916,POINT (-49.2835909916 -25.4366927703)
2014-05-14 20:35:10.000000,-25.4366927703,-49.2835909916,POINT (-49.2835909916 -25.4366927703)
2014-05-14 20:35:20.000000,-25.4366927703,-49.2835909916,POINT (-49.2835909916 -25.4366927703)
2014-05-14 20:35:30.000000,-25.4366927703,-49.2835909916,POINT (-49.2835909916 -25.4366927703)
2014-05-14 20:35:40.000000,-25.4366927703,-49.2835909916,POINT (-49.2835909916 -25.4366927703)
2014-05-14 20:35:50.000000,-25.4366927703,-49.2835909916,POINT (-49.2835909916 -25.4366927703)
2014-05-14 20:36:00.000000,-25.4366927703,-49.2835909916,POINT (-49.2835909916 -25.4366927703)
2014-05-14 20:36:10.000000,-25.4366927703,-49.2835909916,POINT (-49.2835909916 -25.4366927703)
2014-05-14 20:36:20.000000,-25.4366927703,-49.2835909916,POINT (-49.2835909916 -25.4366927703)
2014-05-14 20:36:30.000000,-25.4366927703,-49.2835909916,POINT (-49.2835909916 -25.4366927703)
2014-05-14 20:36:40.000000,-25.4366927703,-49.2835909916,POINT (-49.2835909916 -25.4366927703)
2014-05-14 20:36:50.000000,-25.4366927703,-49.2835909916,POINT (-49.2835909916 -25.4366927703)
2014-05-14 20:37:00.000000,-25.4366927703,-49.2835909916,POINT (-49.2835909916 -25.4366927703)
2014-05-14 20:37:10.000000,-25.4366927703,-49.2835909916,POINT (-49.2835909916 -25.4366927703)
2014-05-14 20:37:20.000000,-25.4366927703,-49.2835909916,POINT (-49.2835909916 -25.4366927703)
2014-05-14 20:37:30.000000,-25.4366927703,-49.2835909916,POINT (-49.2835909916 -25.4366927703)
2014-05-14 20:37:40.000000,-25.4366927703,-49.2835909916,POINT (-49.2835909916 -25.4366927703)
2014-05-14 20:37:50.000000,-25.4366927703,-49.2835909916,POINT (-49.2835909916 -25.4366927703)
2014-05-14 20:38:00.000000,-25.4366927703,-49.2835909916,POINT (-49.2835909916 -25.4366927703)
2014-05-14 20:38:10.000000,-25.4366927703,-49.2835909916,POINT (-49.2835909916 -25.4366927703)
2014-05-14 20:38:20.000000,-25.4366927703,-49.2835909916,POINT (-49.2835909916 -25.4366927703)
2014-05-14 20:38:30.000000,-25.4366927703,-49.2835909916,POINT (-49.2835909916 -25.4366927703)
2014-05-14 20:38:40.000000,-25.4366927703,-49.2835909916,POINT (-49.2835909916 -25.4366927703)
2014-05-14 20:38:50.000000,-25.4366927703,-49.2835909916,POINT (-49.2835909916 -25.4366927703)
2014-05-14 20:39:00.000000,-25.4366927703,-49.2835909916,POINT (-49.2835909916 -25.4366927703)
2014-05-14 20:39:10.000000,-25.4366927703,-49.2835909916,POINT (-49.2835909916 -25.4366927703)
2014-05-14 20:39:20.000000,-25.4366927703,-49.2835909916,POINT (-49.2835909916 -25.4366927703)
2014-05-14 20:39:30.000000,-25.4366927703,-49.2835909916,POINT (-49.2835909916 -25.4366927703)
2014-05-14 20:39:40.000000,-25.4366927703,-49.2835909916,POINT (-49.2835909916 -25.4366927703)
2014-05-14 20:39:50.000000,-25.4366927703,-49.2835909916,POINT (-49.2835909916 -25.4366927703)
2014-05-14 20:40:00.000000,-25.4366927703,-49.2835909916,POINT (-49.2835909916 -25.4366927703)
2014-05-14 20:40:10.000000,-25.4366927703,-49.2835909916,POINT (-49.2835909916 -25.4366927703)
2014-05-14 20:40:20.000000,-25.4366927703,-49.2835909916,POINT (-49.2835909916 -25.4366927703)
2014-05-14 20:40:30.000000,-25.4366927703,-49.2835909916,POINT (-49.2835909916 -25.4366927703)
2014-05-14 20:40:40.000000,-25.4366927703,-49.2835909916,POINT (-49.2835909916 -25.4366927703)
2014-05-14 20:40:50.000000,-25.4366927703,-49.2835909916,POINT (-49.2835909916 -25.4366927703)
2014-05-14 20:41:00.000000,-25.4366927703,-49.2835909916,POINT (-49.2835909916 -25.4366927703)
2014-05-14 20:41:10.000000,-25.4366927703,-49.2835909916,POINT (-49.2835909916 -25.4366927703)
2014-05-14 20:41:20.000000,-25.4366927703,-49.2835909916,POINT (-49.2835909916 -25.4366927703)
2014-05-14 20:41:30.000000,-25.4366927703,-49.2835909916,POINT (-49.2835909916 -25.4366927703)
2014-05-14 20:41:40.000000,-25.4366927703,-49.2835909916,POINT (-49.2835909916 -25.4366927703)
2014-05-14 20:41:50.000000,-25.4366927703,-49.2835909916,POINT (-49.2835909916 -25.4366927703)
2014-05-14 20:42:00.000000,-25.4366927703,-49.2835909916,POINT (-49.2835909916 -25.4366927703)
2014-05-14 20:42:10.000000,-25.4366927703,-49.2835909916,POINT (-49.2835909916 -25.4366927703)
2014-05-14 20:42:20.000000,-25.4366927703,-49.2835909916,POINT (-49.2835909916 -25.4366927703)
2014-05-14 20:42:30.000000,-25.4366927703,-49.2835909916,POINT (-49.2835909916 -25.4366927703)
2014-05-14 20:42:40.000000,-25.4366927703,-49.2835909916,POINT (-49.2835909916 -25.4366927703)
2014-05-14 20:42:50.000000,-25.4366927703,-49.2835909916,POINT (-49.2835909916 -25.4366927703)
2014-05-14 20:43:00.000000,-25.4366927703,-49.2835909916,POINT (-49.2835909916 -25.4366927703)
2014-05-14 20:43:10.000000,-25.4366927703,-49.2835909916,POINT (-49.2835909916 -25.4366927703)
2014-05-14 20:43:20.000000,-25.4366927703,-49.2835909916,POINT (-49.2835909916 -25.4366927703)
2014-05-14 20:43:30.000000,-25.4366927703,-49.2835909916,POINT (-49.2835909916 -25.4366927703)
2014-05-14 20:43:40.000000,-25.4366927703,-49.2835909916,POINT (-49.2835909916 -25.4366927703)
2014-05-14 20:43:50.000000,-25.4366927703,-49.2835909916,POINT (-49.2835909916 -25.4366927703)
2014-05-14 20:44:00.000000,-25.4366927703,-49.2835909916,POINT (-49.2835909916 -25.4366927703)
2014-05-14 20:44:10.000000,-25.4366927703,-49.2835909916,POINT (-49.2835909916 -25.4366927703)
2014-05-14 20:44:20.000000,-25.4366927703,-49.2835909916,POINT (-49.2835909916 -25.4366927703)
2014-05-14 20:44:30.000000,-25.4366927703,-49.2835909916,POINT (-49.2835909916 -25.4366927703)
2014-05-14 20:44:40.000000,-25.4366927703,-49.2835909916,POINT (-49.2835909916 -25.4366927703)
2014-05-14 20:44:50.000000,-25.4366927703,-49.2835909916,POINT (-49.2835909916 -25.4366927703)
2014-05-14 20:45:00.000000,-25.4366927703,-49.2835909916,POINT (-49.2835909916 -25.4366927703)
2014-05-14 20:45:10.000000,-25.4366927703,-49.2835909916,POINT (-49.2835909916 -25.4366927703)
2014-05-14 20:45:20.000000,-25.4366927703,-49.2835909916,POINT (-49.2835909916 -25.4366927703)
2014-05-14 20:45:30.000000,-25.4366927703,-49.2835909916,POINT (-49.2835909916 -25.4366927703)
2014-05-14 20:45:40.000000,-25.4366927703,-49.2835909916,POINT (-49.2835909916 -25.4366927703)
2014-05-14 20:45:50.000000,-25.4366927703,-49.2835909916,POINT (-49.2835909916 -25.4366927703)
2014-05-14 20:46:00.000000,-25.4366927703,-49.2835909916,POINT (-49.2835909916 -25.4366927703)
2014-05-14 20:46:10.000000,-25.4366927703,-49.2835909916,POINT (-49.2835909916 -25.4366927703)
2014-05-14 20:46:20.000000,-25.4366927703,-49.2835909916,POINT (-49.2835909916 -25.4366927703)
2014-05-14 20:46:30.000000,-25.4366927703,-49.2835909916,POINT (-49.2835909916 -25.4366927703)
2014-05-14 20:46:40.000000,-25.4366927703,-49.2835909916,POINT (-49.2835909916 -25.4366927703)
2014-05-14 20:46:50.000000,-25.4366927703,-49.2835909916,POINT (-49.2835909916 -25.4366927703)
2014-05-14 20:47:00.000000,-25.4366927703,-49.2835909916,POINT (-49.2835909916 -25.4366927703)
2014-05-14 20:47:10.000000,-25.4366927703,-49.2835909916,POINT (-49.2835909916 -25.4366927703)
2014-05-14 20:47:20.000000,-25.4366927703,-49.2835909916,POINT (-49.2835909916 -25.4366927703)
2014-05-14 20:47:30.000000,-25.4366927703,-49.2835909916,POINT (-49.2835909916 -25.4366927703)
2014-05-14 20:47:40.000000,-25.4366927703,-49.2835909916,POINT (-49.2835909916 -25.4366927703)
2014-05-14 20:47:50.000000,-25.4366927703,-49.2835909916,POINT (-49.2835909916 -25.4366927703)
2014-05-14 20:48:00.000000,-25.4366927703,-49.2835909916,POINT (-49.2835909916 -25.4366927703)
2014-05-14 20:48:10.000000,-25.4366927703,-49.2835909916,POINT (-49.2835909916 -25.4366927703)
2014-05-14 20:48:20.000000,-25.4366927703,-49.2835909916,POINT (-49.2835909916 -25.4366927703)
2014-05-14 20:48:30.000000,-25.4366927703,-49.2835909916,POINT (-49.2835909916 -25.4366927703)
2014-05-14 20:48:40.000000,-25.4366927703,-49.2835909916,POINT (-49.2835909916 -25.4366927703)
2014-05-14 20:48:50.000000,-25.4366927703,-49.2835909916,POINT (-49.2835909916 -25.4366927703)
2014-05-14 20:49:00.000000,-25.4366927703,-49.2835909916,POINT (-49.2835909916 -25.4366927703)
2014-05-14 20:49:10.000000,-25.4366927703,-49.2835909916,POINT (-49.2835909916 -25.4366927703)
2014-05-14 20:49:20.000000,-25.4366927703,-49.2835909916,POINT (-49.2835909916 -25.4366927703)
2014-05-14 20:49:30.000000,-25.4366927703,-49.2835909916,POINT (-49.2835909916 -25.4366927703)
2014-05-14 20:49:40.000000,-25.4366927703,-49.2835909916,POINT (-49.2835909916 -25.4366927703)
2014-05-14 20:49:50.000000,-25.4366927703,-49.2835909916,POINT (-49.2835909916 -25.4366927703)
2014-05-14 20:50:00.000000,-25.4366927703,-49.2835909916,POINT (-49.2835909916 -25.4366927703)
2014-05-14 20:50:10.000000,-25.4366927703,-49.2835909916,POINT (-49.2835909916 -25.4366927703)
2014-05-14 20:50:20.000000,-25.4366927703,-49.2835909916,POINT (-49.2835909916 -25.4366927703)
2014-05-14 20:50:30.000000,-25.4366927703,-49.2835909916,POINT (-49.2835909916 -25.4366927703)
2014-05-14 20:50:40.000000,-25.4366927703,-49.2835909916,POINT (-49.2835909916 -25.4366927703)
2014-05-14 20:50:50.000000,-25.4366927703,-49.2835909916,POINT (-49.2835909916 -25.4366927703)
2014-05-14 20:51:00.000000,-25.4366927703,-49.2835909916,POINT (-49.2835909916 -25.4366927703)
2014-05-14 20:51:10.000000,-25.4366927703,-49.2835909916,POINT (-49.2835909916 -25.4366927703)
2014-05-14 20:51:20.000000,-25.4366927703,-49.2835909916,POINT (-49.2835909916 -25.4366927703)
2014-05-14 20:51:30.000000,-25.4366927703,-49.2835909916,POINT (-49.2835909916 -25.4366927703)
2014-05-14 20:51:40.000000,-25.4366927703,-49.2835909916,POINT (-49.2835909916 -25.4366927703)
2014-05-14 20:51:50.000000,-25.4366927703,-49.2835909916,POINT (-49.2835909916 -25.4366927703)
2014-05-14 20:52:00.000000,-25.4366927703,-49.2835909916,POINT (-49.2835909916 -25.4366927703)
2014-05-14 20:52:10.000000,-25.4366927703,-49.2835909916,POINT (-49.2835909916 -25.4366927703)
2014-05-14 20:52:20.000000,-25.4366927703,-49.2835909916,POINT (-49.2835909916 -25.4366927703)
2014-05-14 20:52:30.000000,-25.4366927703,-49.2835909916,POINT (-49.2835909916 -25.4366927703)
2014-05-14 20:52:40.000000,-25.4366927703,-49.2835909916,POINT (-49.2835909916 -25.4366927703)
2014-05-14 20:52:50.000000,-25.4366927703,-49.2835909916,POINT (-49.2835909916 -25.4366927703)
2014-05-14 20:53:00.000000,-25.4366927703,-49.2835909916,POINT (-49.2835909916 -25.4366927703)
2014-05-14 20:53:10.000000,-25.4366927703,-49.2835909916,POINT (-49.2835909916 -25.4366927703)
2014-05-14 20:53:20.000000,-25.4366927703,-49.2835909916,POINT (-49.2835909916 -25.4366927703)
2014-05-14 20:53:30.000000,-25.4366927703,-49.2835909916,POINT (-49.2835909916 -25.4366927703)
2014-05-14 20:53:40.000000,-25.4366927703,-49.2835909916,POINT (-49.2835909916 -25.4366927703)
2014-05-14 20:53:50.000000,-25.4366927703,-49.2835909916,POINT (-49.2835909916 -25.4366927703)
2014-05-14 20:54:00.000000,-25.4366927703,-49.2835909916,POINT (-49.2835909916 -25.4366927703)
2014-05-14 20:54:10.000000,-25.4366927703,-49.2835909916,POINT (-49.2835909916 -25.4366927703)
2014-05-14 20:54:20.000000,-25.4366927703,-49.2835909916,POINT (-49.2835909916 -25.4366927703)
2014-05-14 20:54:30.000000,-25.4366927703,-49.2835909916,POINT (-49.2835909916 -25.4366927703)
2014-05-14 20:54:40.000000,-25.4366927703,-49.2835909916,POINT (-49.2835909916 -25.4366927703)
2014-05-14 20:54:50.000000,-25.4366927703,-49.2835909916,POINT (-49.2835909916 -25.4366927703)
2014-05-14 20:55:00.000000,-25.4366927703,-49.2835909916,POINT (-49.2835909916 -25.4366927703)
2014-05-14 20:55:10.000000,-25.4366927703,-49.2835909916,POINT (-49.2835909916 -25.4366927703)
2014-05-14 20:55:20.000000,-25.4366927703,-49.2835909916,POINT (-49.2835909916 -25.4366927703)
2014-05-14 20:55:30.000000,-25.4366927703,-49.2835909916,POINT (-49.2835909916 -25.4366927703)
2014-05-14 20:55:40.000000,-25.4366927703,-49.2835909916,POINT (-49.2835909916 -25.4366927703)
2014-05-14 20:55:50.000000,-25.4366927703,-49.2835909916,POINT (-49.2835909916 -25.4366927703)
2014-05-14 20:56:00.000000,-25.4366927703,-49.2835909916,POINT (-49.2835909916 -25.4366927703)
2014-05-14 20:56:10.000000,-25.4366927703,-49.2835909916,POINT (-49.2835909916 -25.4366927703)
2014-05-14 20:56:20.000000,-25.4366927703,-49.2835909916,POINT (-49.2835909916 -25.4366927703)
2014-05-14 20:56:30.000000,-25.4366927703,-49.2835909916,POINT (-49.2835909916 -25.4366927703)
2014-05-14 20:56:40.000000,-25.4366927703,-49.2835909916,POINT (-49.2835909916 -25.4366927703)
2014-05-14 20:56:50.000000,-25.4366927703,-49.2835909916,POINT (-49.2835909916 -25.4366927703)
2014-05-14 20:57:00.000000,-25.4366927703,-49.2835909916,POINT (-49.2835909916 -25.4366927703)
2014-05-14 20:57:10.000000,-25.4366927703,-49.2835909916,POINT (-49.2835909916 -25.4366927703)
2014-05-14 20:57:20.000000,-25.4366927703,-49.2835909916,POINT (-49.2835909916 -25.4366927703)
2014-05-14 20:57:30.000000,-25.4366927703,-49.2835909916,POINT (-49.2835909916 -25.4366927703)
2014-05-14 20:57:40.000000,-25.4366927703,-49.2835909916,POINT (-49.2835909916 -25.4366927703)
2014-05-14 20:57:50.000000,-25.4366927703,-49.2835909916,POINT (-49.2835909916 -25.4366927703)
2014-05-14 20:58:00.000000,-25.4366927703,-49.2835909916,POINT (-49.2835909916 -25.4366927703)
2014-05-14 20:58:10.000000,-25.4366927703,-49.2835909916,POINT (-49.2835909916 -25.4366927703)
2014-05-14 20:58:20.000000,-25.4366927703,-49.2835909916,POINT (-49.2835909916 -25.4366927703)
2014-05-14 20:58:30.000000,-25.4366927703,-49.2835909916,POINT (-49.2835909916 -25.4366927703)
2014-05-14 20:58:40.000000,-25.4366927703,-49.2835909916,POINT (-49.2835909916 -25.4366927703)
2014-05-14 20:58:50.000000,-25.4366927703,-49.2835909916,POINT (-49.2835909916 -25.4366927703)
2014-05-14 20:59:00.000000,-25.4366927703,-49.2835909916,POINT (-49.2835909916 -25.4366927703)
2014-05-14 20:59:10.000000,-25.4366927703,-49.2835909916,POINT (-49.2835909916 -25.4366927703)
2014-05-14 20:59:20.000000,-25.4366927703,-49.2835909916,POINT (-49.2835909916 -25.4366927703)
2014-05-14 20:59:30.000000,-25.4366927703,-49.2835909916,POINT (-49.2835909916 -25.4366927703)
2014-05-14 20:59:40.000000,-25.4366927703,-49.2835909916,POINT (-49.2835909916 -25.4366927703)
2014-05-14 20:59:50.000000,-25.4366927703,-49.2835909916,POINT (-49.2835909916 -25.4366927703)
2014-05-14 21:00:00.000000,-25.4366927703,-49.2835909916,POINT (-49.2835909916 -25.4366927703)
2014-05-14 21:00:10.000000,-25.4366927703,-49.2835909916,POINT (-49.2835909916 -25.4366927703)
2014-05-14 21:00:20.000000,-25.4366927703,-49.2835909916,POINT (-49.2835909916 -25.4366927703)
2014-05-14 21:00:30.000000,-25.4366927703,-49.2835909916,POINT (-49.2835909916 -25.4366927703)
2014-05-14 21:00:40.000000,-25.4366927703,-49.2835909916,POINT (-49.2835909916 -25.4366927703)
2014-05-14 21:00:50.000000,-25.4366927703,-49.2835909916,POINT (-49.2835909916 -25.4366927703)
2014-05-14 21:01:00.000000,-25.4366927703,-49.2835909916,POINT (-49.2835909916 -25.4366927703)
2014-05-14 21:01:10.000000,-25.4366927703,-49.2835909916,POINT (-49.2835909916 -25.4366927703)
2014-05-14 21:01:20.000000,-25.4366927703,-49.2835909916,POINT (-49.2835909916 -25.4366927703)
2014-05-14 21:01:30.000000,-25.4366927703,-49.2835909916,POINT (-49.2835909916 -25.4366927703)
2014-05-14 21:01:40.000000,-25.4366927703,-49.2835909916,POINT (-49.2835909916 -25.4366927703)
2014-05-14 21:01:50.000000,-25.4366927703,-49.2835909916,POINT (-49.2835909916 -25.4366927703)
2014-05-14 21:02:00.000000,-25.4366927703,-49.2835909916,POINT (-49.2835909916 -25.4366927703)
2014-05-14 21:02:10.000000,-25.4366927703,-49.2835909916,POINT (-49.2835909916 -25.4366927703)
2014-05-14 21:02:20.000000,-25.4366927703,-49.2835909916,POINT (-49.2835909916 -25.4366927703)
2014-05-14 21:02:30.000000,-25.4366927703,-49.2835909916,POINT (-49.2835909916 -25.4366927703)
2014-05-14 21:02:40.000000,-25.4366927703,-49.2835909916,POINT (-49.2835909916 -25.4366927703)
2014-05-14 21:02:50.000000,-25.4366927703,-49.2835909916,POINT (-49.2835909916 -25.4366927703)
2014-05-14 21:03:00.000000,-25.4366927703,-49.2835909916,POINT (-49.2835909916 -25.4366927703)
2014-05-14 21:03:10.000000,-25.4366927703,-49.2835909916,POINT (-49.2835909916 -25.4366927703)
2014-05-14 21:03:20.000000,-25.4366927703,-49.2835909916,POINT (-49.2835909916 -25.4366927703)
2014-05-14 21:03:30.000000,-25.4366927703,-49.2835909916,POINT (-49.2835909916 -25.4366927703)
2014-05-14 21:03:40.000000,-25.4366927703,-49.2835909916,POINT (-49.2835909916 -25.4366927703)
2014-05-14 21:03:50.000000,-25.4366927703,-49.2835909916,POINT (-49.2835909916 -25.4366927703)
2014-05-14 21:04:00.000000,-25.4366927703,-49.2835909916,POINT (-49.2835909916 -25.4366927703)
2014-05-14 21:04:10.000000,-25.4366927703,-49.2835909916,POINT (-49.2835909916 -25.4366927703)
2014-05-14 21:04:20.000000,-25.4366927703,-49.2835909916,POINT (-49.2835909916 -25.4366927703)
2014-05-14 21:04:30.000000,-25.4366927703,-49.2835909916,POINT (-49.2835909916 -25.4366927703)
2014-05-14 21:04:40.000000,-25.4366927703,-49.2835909916,POINT (-49.2835909916 -25.4366927703)
2014-05-14 21:04:50.000000,-25.4366927703,-49.2835909916,POINT (-49.2835909916 -25.4366927703)
2014-05-14 21:05:00.000000,-25.4366927703,-49.2835909916,POINT (-49.2835909916 -25.4366927703)
2014-05-14 21:05:10.000000,-25.4366927703,-49.2835909916,POINT (-49.2835909916 -25.4366927703)
2014-05-14 21:05:20.000000,-25.4366927703,-49.2835909916,POINT (-49.2835909916 -25.4366927703)
2014-05-14 21:05:30.000000,-25.4366927703,-49.2835909916,POINT (-49.2835909916 -25.4366927703)
2014-05-14 21:05:40.000000,-25.4366927703,-49.2835909916,POINT (-49.2835909916 -25.4366927703)
2014-05-14 21:05:50.000000,-25.4366927703,-49.2835909916,POINT (-49.2835909916 -25.4366927703)
2014-05-14 21:06:00.000000,-25.4366927703,-49.2835909916,POINT (-49.2835909916 -25.4366927703)
2014-05-14 21:06:10.000000,-25.4366927703,-49.2835909916,POINT (-49.2835909916 -25.4366927703)
2014-05-14 21:06:20.000000,-25.4366927703,-49.2835909916,POINT (-49.2835909916 -25.4366927703)
2014-05-14 21:06:30.000000,-25.4366927703,-49.2835909916,POINT (-49.2835909916 -25.4366927703)
2014-05-14 21:06:40.000000,-25.4366927703,-49.2835909916,POINT (-49.2835909916 -25.4366927703)
2014-05-14 21:06:50.000000,-25.4366927703,-49.2835909916,POINT (-49.2835909916 -25.4366927703)
2014-05-14 21:07:00.000000,-25.4366927703,-49.2835909916,POINT (-49.2835909916 -25.4366927703)
2014-05-14 21:07:10.000000,-25.4366927703,-49.2835909916,POINT (-49.2835909916 -25.4366927703)
2014-05-14 21:07:20.000000,-25.4366927703,-49.2835909916,POINT (-49.2835909916 -25.4366927703)
2014-05-14 21:07:30.000000,-25.4366927703,-49.2835909916,POINT (-49.2835909916 -25.4366927703)
2014-05-14 21:07:40.000000,-25.4366927703,-49.2835909916,POINT (-49.2835909916 -25.4366927703)
2014-05-14 21:07:50.000000,-25.4366927703,-49.2835909916,POINT (-49.2835909916 -25.4366927703)
2014-05-14 21:08:00.000000,-25.4366927703,-49.2835909916,POINT (-49.2835909916 -25.4366927703)
2014-05-14 21:08:10.000000,-25.4366927703,-49.2835909916,POINT (-49.2835909916 -25.4366927703)
2014-05-14 21:08:20.000000,-25.4366927703,-49.2835909916,POINT (-49.2835909916 -25.4366927703)
2014-05-14 21:08:30.000000,-25.4366927703,-49.2835909916,POINT (-49.2835909916 -25.4366927703)
2014-05-14 21:08:40.000000,-25.4366927703,-49.2835909916,POINT (-49.2835909916 -25.4366927703)
2014-05-14 21:08:50.000000,-25.4366927703,-49.2835909916,POINT (-49.2835909916 -25.4366927703)
2014-05-14 21:09:00.000000,-25.4366927703,-49.2835909916,POINT (-49.2835909916 -25.4366927703)
2014-05-14 21:09:10.000000,-25.4366927703,-49.2835909916,POINT (-49.2835909916 -25.4366927703)
2014-05-14 21:09:20.000000,-25.4366927703,-49.2835909916,POINT (-49.2835909916 -25.4366927703)
2014-05-14 21:09:30.000000,-25.4366927703,-49.2835909916,POINT (-49.2835909916 -25.4366927703)
2014-05-14 21:09:40.000000,-25.4366927703,-49.2835909916,POINT (-49.2835909916 -25.4366927703)
2014-05-14 21:09:50.000000,-25.4366927703,-49.2835909916,POINT (-49.2835909916 -25.4366927703)
2014-05-14 21:10:00.000000,-25.4366927703,-49.2835909916,POINT (-49.2835909916 -25.4366927703)
2014-05-14 21:10:10.000000,-25.4366927703,-49.2835909916,POINT (-49.2835909916 -25.4366927703)
2014-05-14 21:10:20.000000,-25.4366927703,-49.2835909916,POINT (-49.2835909916 -25.4366927703)
2014-05-14 21:10:30.000000,-25.4366927703,-49.2835909916,POINT (-49.2835909916 -25.4366927703)
2014-05-14 21:10:40.000000,-25.4366927703,-49.2835909916,POINT (-49.2835909916 -25.4366927703)
2014-05-14 21:10:50.000000,-25.4366927703,-49.2835909916,POINT (-49.2835909916 -25.4366927703)
2014-05-14 21:11:00.000000,-25.4366927703,-49.2835909916,POINT (-49.2835909916 -25.4366927703)
2014-05-14 21:11:10.000000,-25.4366927703,-49.2835909916,POINT (-49.2835909916 -25.4366927703)
2014-05-14 21:11:20.000000,-25.4366927703,-49.2835909916,POINT (-49.2835909916 -25.4366927703)
2014-05-14 21:11:30.000000,-25.4366927703,-49.2835909916,POINT (-49.2835909916 -25.4366927703)
2014-05-14 21:11:40.000000,-25.4366927703,-49.2835909916,POINT (-49.2835909916 -25.4366927703)
2014-05-14 21:11:50.000000,-25.4366927703,-49.2835909916,POINT (-49.2835909916 -25.4366927703)
2014-05-14 21:12:00.000000,-25.4366927703,-49.2835909916,POINT (-49.2835909916 -25.4366927703)
2014-05-14 21:12:10.000000,-25.4366927703,-49.2835909916,POINT (-49.2835909916 -25.4366927703)
2014-05-14 21:12:20.000000,-25.4366927703,-49.2835909916,POINT (-49.2835909916 -25.4366927703)
2014-05-14 21:12:30.000000,-25.4366927703,-49.2835909916,POINT (-49.2835909916 -25.4366927703)
2014-05-14 21:12:40.000000,-25.4366927703,-49.2835909916,POINT (-49.2835909916 -25.4366927703)
2014-05-14 21:12:50.000000,-25.4366927703,-49.2835909916,POINT (-49.2835909916 -25.4366927703)
2014-05-14 21:13:00.000000,-25.4366927703,-49.2835909916,POINT (-49.2835909916 -25.4366927703)
2014-05-14 21:13:10.000000,-25.4366927703,-49.2835909916,POINT (-49.2835909916 -25.4366927703)
2014-05-14 21:13:20.000000,-25.4366927703,-49.2835909916,POINT (-49.2835909916 -25.4366927703)
2014-05-14 21:13:30.000000,-25.4366927703,-49.2835909916,POINT (-49.2835909916 -25.4366927703)
2014-05-14 21:13:40.000000,-25.4366927703,-49.2835909916,POINT (-49.2835909916 -25.4366927703)
2014-05-14 21:13:50.000000,-25.4366927703,-49.2835909916,POINT (-49.2835909916 -25.4366927703)
2014-05-14 21:14:00.000000,-25.4366927703,-49.2835909916,POINT (-49.2835909916 -25.4366927703)
2014-05-14 21:14:10.000000,-25.4366927703,-49.2835909916,POINT (-49.2835909916 -25.4366927703)
2014-05-14 21:14:20.000000,-25.4366927703,-49.2835909916,POINT (-49.2835909916 -25.4366927703)
2014-05-14 21:14:30.000000,-25.4366927703,-49.2835909916,POINT (-49.2835909916 -25.4366927703)
2014-05-14 21:14:40.000000,-25.4366927703,-49.2835909916,POINT (-49.2835909916 -25.4366927703)
2014-05-14 21:14:50.000000,-25.4366927703,-49.2835909916,POINT (-49.2835909916 -25.4366927703)
2014-05-14 21:15:00.000000,-25.4366927703,-49.2835909916,POINT (-49.2835909916 -25.4366927703)
2014-05-14 21:15:10.000000,-25.4366927703,-49.2835909916,POINT (-49.2835909916 -25.4366927703)
2014-05-14 21:15:20.000000,-25.4366927703,-49.2835909916,POINT (-49.2835909916 -25.4366927703)
2014-05-14 21:15:30.000000,-25.4366927703,-49.2835909916,POINT (-49.2835909916 -25.4366927703)
2014-05-14 21:15:40.000000,-25.4366927703,-49.2835909916,POINT (-49.2835909916 -25.4366927703)
2014-05-14 21:15:50.000000,-25.4366927703,-49.2835909916,POINT (-49.2835909916 -25.4366927703)
2014-05-14 21:16:00.000000,-25.4366927703,-49.2835909916,POINT (-49.2835909916 -25.4366927703)
2014-05-14 21:16:10.000000,-25.4366927703,-49.2835909916,POINT (-49.2835909916 -25.4366927703)
2014-05-14 21:16:20.000000,-25.4366927703,-49.2835909916,POINT (-49.2835909916 -25.4366927703)
2014-05-14 21:16:30.000000,-25.4366927703,-49.2835909916,POINT (-49.2835909916 -25.4366927703)
2014-05-14 21:16:40.000000,-25.4366927703,-49.2835909916,POINT (-49.2835909916 -25.4366927703)
2014-05-14 21:16:50.000000,-25.4366927703,-49.2835909916,POINT (-49.2835909916 -25.4366927703)
2014-05-14 21:17:00.000000,-25.4366927703,-49.2835909916,POINT (-49.2835909916 -25.4366927703)
2014-05-14 21:17:10.000000,-25.4366927703,-49.2835909916,POINT (-49.2835909916 -25.4366927703)
2014-05-14 21:17:20.000000,-25.4366927703,-49.2835909916,POINT (-49.2835909916 -25.4366927703)
2014-05-14 21:17:30.000000,-25.4366927703,-49.2835909916,POINT (-49.2835909916 -25.4366927703)
2014-05-14 21:17:40.000000,-25.4366927703,-49.2835909916,POINT (-49.2835909916 -25.4366927703)
2014-05-14 21:17:50.000000,-25.4366927703,-49.2835909916,POINT (-49.2835909916 -25.4366927703)
2014-05-14 21:18:00.000000,-25.4366927703,-49.2835909916,POINT (-49.2835909916 -25.4366927703)
2014-05-14 21:18:10.000000,-25.4366927703,-49.2835909916,POINT (-49.2835909916 -25.4366927703)
2014-05-14 21:18:20.000000,-25.4366927703,-49.2835909916,POINT (-49.2835909916 -25.4366927703)
2014-05-14 21:18:30.000000,-25.4366927703,-49.2835909916,POINT (-49.2835909916 -25.4366927703)
2014-05-14 21:18:40.000000,-25.4366927703,-49.2835909916,POINT (-49.2835909916 -25.4366927703)
2014-05-14 21:18:50.000000,-25.4366927703,-49.2835909916,POINT (-49.2835909916 -25.4366927703)
2014-05-14 21:19:00.000000,-25.4366927703,-49.2835909916,POINT (-49.2835909916 -25.4366927703)
2014-05-14 21:19:10.000000,-25.4366927703,-49.2835909916,POINT (-49.2835909916 -25.4366927703)
2014-05-14 21:19:20.000000,-25.4366927703,-49.2835909916,POINT (-49.2835909916 -25.4366927703)
2014-05-14 21:19:30.000000,-25.4366927703,-49.2835909916,POINT (-49.2835909916 -25.4366927703)
2014-05-14 21:19:40.000000,-25.4366927703,-49.2835909916,POINT (-49.2835909916 -25.4366927703)
2014-05-14 21:19:50.000000,-25.4366927703,-49.2835909916,POINT (-49.2835909916 -25.4366927703)
2014-05-14 21:20:00.000000,-25.4366927703,-49.2835909916,POINT (-49.2835909916 -25.4366927703)
2014-05-14 21:20:10.000000,-25.4366927703,-49.2835909916,POINT (-49.2835909916 -25.4366927703)
2014-05-14 21:20:20.000000,-25.4366927703,-49.2835909916,POINT (-49.2835909916 -25.4366927703)
2014-05-14 21:20:30.000000,-25.4366927703,-49.2835909916,POINT (-49.2835909916 -25.4366927703)
2014-05-14 21:20:40.000000,-25.4366927703,-49.2835909916,POINT (-49.2835909916 -25.4366927703)
2014-05-14 21:20:50.000000,-25.4366927703,-49.2835909916,POINT (-49.2835909916 -25.4366927703)
2014-05-14 21:21:00.000000,-25.4366927703,-49.2835909916,POINT (-49.2835909916 -25.4366927703)
2014-05-14 21:21:10.000000,-25.4366927703,-49.2835909916,POINT (-49.2835909916 -25.4366927703)
2014-05-14 21:21:20.000000,-25.4366927703,-49.2835909916,POINT (-49.2835909916 -25.4366927703)
2014-05-14 21:21:30.000000,-25.4366927703,-49.2835909916,POINT (-49.2835909916 -25.4366927703)
2014-05-14 21:21:40.000000,-25.4366927703,-49.2835909916,POINT (-49.2835909916 -25.4366927703)
2014-05-14 21:21:50.000000,-25.4366927703,-49.2835909916,POINT (-49.2835909916 -25.4366927703)
2014-05-14 21:22:00.000000,-25.4366927703,-49.2835909916,POINT (-49.2835909916 -25.4366927703)
2014-05-14 21:22:10.000000,-25.4366927703,-49.2835909916,POINT (-49.2835909916 -25.4366927703)
2014-05-14 21:22:20.000000,-25.4366927703,-49.2835909916,POINT (-49.2835909916 -25.4366927703)
2014-05-14 21:22:30.000000,-25.4366927703,-49.2835909916,POINT (-49.2835909916 -25.4366927703)
2014-05-14 21:22:40.000000,-25.4366927703,-49.2835909916,POINT (-49.2835909916 -25.4366927703)
2014-05-14 21:22:50.000000,-25.4366927703,-49.2835909916,POINT (-49.2835909916 -25.4366927703)
2014-05-14 21:23:00.000000,-25.4366927703,-49.2835909916,POINT (-49.2835909916 -25.4366927703)
2014-05-14 21:23:10.000000,-25.4366927703,-49.2835909916,POINT (-49.2835909916 -25.4366927703)
2014-05-14 21:23:20.000000,-25.4366927703,-49.2835909916,POINT (-49.2835909916 -25.4366927703)
2014-05-14 21:23:30.000000,-25.4366927703,-49.2835909916,POINT (-49.2835909916 -25.4366927703)
2014-05-14 21:23:40.000000,-25.4366927703,-49.2835909916,POINT (-49.2835909916 -25.4366927703)
2014-05-14 21:23:50.000000,-25.4366927703,-49.2835909916,POINT (-49.2835909916 -25.4366927703)
2014-05-14 21:24:00.000000,-25.4366927703,-49.2835909916,POINT (-49.2835909916 -25.4366927703)
2014-05-14 21:24:10.000000,-25.4366927703,-49.2835909916,POINT (-49.2835909916 -25.4366927703)
2014-05-14 21:24:20.000000,-25.4366927703,-49.2835909916,POINT (-49.2835909916 -25.4366927703)
2014-05-14 21:24:30.000000,-25.4366927703,-49.2835909916,POINT (-49.2835909916 -25.4366927703)
2014-05-14 21:24:40.000000,-25.4366927703,-49.2835909916,POINT (-49.2835909916 -25.4366927703)
2014-05-14 21:24:50.000000,-25.4366927703,-49.2835909916,POINT (-49.2835909916 -25.4366927703)
2014-05-14 21:25:00.000000,-25.4366927703,-49.2835909916,POINT (-49.2835909916 -25.4366927703)
2014-05-14 21:25:10.000000,-25.4366927703,-49.2835909916,POINT (-49.2835909916 -25.4366927703)
2014-05-14 21:25:20.000000,-25.4366927703,-49.2835909916,POINT (-49.2835909916 -25.4366927703)
2014-05-14 21:25:30.000000,-25.4366927703,-49.2835909916,POINT (-49.2835909916 -25.4366927703)
2014-05-14 21:25:40.000000,-25.4366927703,-49.2835909916,POINT (-49.2835909916 -25.4366927703)
2014-05-14 21:25:50.000000,-25.4366927703,-49.2835909916,POINT (-49.2835909916 -25.4366927703)
2014-05-14 21:26:00.000000,-25.4366927703,-49.2835909916,POINT (-49.2835909916 -25.4366927703)
2014-05-14 21:26:10.000000,-25.4366927703,-49.2835909916,POINT (-49.2835909916 -25.4366927703)
2014-05-14 21:26:20.000000,-25.4366927703,-49.2835909916,POINT (-49.2835909916 -25.4366927703)
2014-05-14 21:26:30.000000,-25.4366927703,-49.2835909916,POINT (-49.2835909916 -25.4366927703)
2014-05-14 21:26:40.000000,-25.4366927703,-49.2835909916,POINT (-49.2835909916 -25.4366927703)
2014-05-14 21:26:50.000000,-25.4366927703,-49.2835909916,POINT (-49.2835909916 -25.4366927703)
2014-05-14 21:27:00.000000,-25.4366927703,-49.2835909916,POINT (-49.2835909916 -25.4366927703)
2014-05-14 21:27:10.000000,-25.4366927703,-49.2835909916,POINT (-49.2835909916 -25.4366927703)
2014-05-14 21:27:20.000000,-25.4366927703,-49.2835909916,POINT (-49.2835909916 -25.4366927703)
2014-05-14 21:27:30.000000,-25.4366927703,-49.2835909916,POINT (-49.2835909916 -25.4366927703)
2014-05-14 21:27:40.000000,-25.4366927703,-49.2835909916,POINT (-49.2835909916 -25.4366927703)
2014-05-14 21:27:50.000000,-25.4366927703,-49.2835909916,POINT (-49.2835909916 -25.4366927703)
2014-05-14 21:28:00.000000,-25.4366927703,-49.2835909916,POINT (-49.2835909916 -25.4366927703)
2014-05-14 21:28:10.000000,-25.4366927703,-49.2835909916,POINT (-49.2835909916 -25.4366927703)
2014-05-14 21:28:20.000000,-25.4366927703,-49.2835909916,POINT (-49.2835909916 -25.4366927703)
2014-05-14 21:28:30.000000,-25.4366927703,-49.2835909916,POINT (-49.2835909916 -25.4366927703)
2014-05-14 21:28:40.000000,-25.4366927703,-49.2835909916,POINT (-49.2835909916 -25.4366927703)
2014-05-14 21:28:50.000000,-25.4366927703,-49.2835909916,POINT (-49.2835909916 -25.4366927703)
2014-05-14 21:29:00.000000,-25.4366927703,-49.2835909916,POINT (-49.2835909916 -25.4366927703)
2014-05-14 21:29:10.000000,-25.4366927703,-49.2835909916,POINT (-49.2835909916 -25.4366927703)
2014-05-14 21:29:20.000000,-25.4366927703,-49.2835909916,POINT (-49.2835909916 -25.4366927703)
2014-05-14 21:29:30.000000,-25.4366927703,-49.2835909916,POINT (-49.2835909916 -25.4366927703)
2014-05-14 21:29:40.000000,-25.4366927703,-49.2835909916,POINT (-49.2835909916 -25.4366927703)
2014-05-14 21:29:50.000000,-25.4366927703,-49.2835909916,POINT (-49.2835909916 -25.4366927703)
2014-05-14 21:30:00.000000,-25.4366927703,-49.2835909916,POINT (-49.2835909916 -25.4366927703)
2014-05-14 21:30:10.000000,-25.4366927703,-49.2835909916,POINT (-49.2835909916 -25.4366927703)
2014-05-14 21:30:20.000000,-25.4366927703,-49.2835909916,POINT (-49.2835909916 -25.4366927703)
2014-05-14 21:30:30.000000,-25.4366927703,-49.2835909916,POINT (-49.2835909916 -25.4366927703)
2014-05-14 21:30:40.000000,-25.4366927703,-49.2835909916,POINT (-49.2835909916 -25.4366927703)
2014-05-14 21:30:50.000000,-25.4366927703,-49.2835909916,POINT (-49.2835909916 -25.4366927703)
2014-05-14 21:31:00.000000,-25.4366927703,-49.2835909916,POINT (-49.2835909916 -25.4366927703)
2014-05-14 21:31:10.000000,-25.4366927703,-49.2835909916,POINT (-49.2835909916 -25.4366927703)
2014-05-14 21:31:20.000000,-25.4366927703,-49.2835909916,POINT (-49.2835909916 -25.4366927703)
2014-05-14 21:31:30.000000,-25.4366927703,-49.2835909916,POINT (-49.2835909916 -25.4366927703)
2014-05-14 21:31:40.000000,-25.4366927703,-49.2835909916,POINT (-49.2835909916 -25.4366927703)
2014-05-14 21:31:50.000000,-25.4366927703,-49.2835909916,POINT (-49.2835909916 -25.4366927703)
2014-05-14 21:32:00.000000,-25.4366927703,-49.2835909916,POINT (-49.2835909916 -25.4366927703)
2014-05-14 21:32:10.000000,-25.4366927703,-49.2835909916,POINT (-49.2835909916 -25.4366927703)
2014-05-14 21:32:20.000000,-25.4366927703,-49.2835909916,POINT (-49.2835909916 -25.4366927703)
2014-05-14 21:32:30.000000,-25.4366927703,-49.2835909916,POINT (-49.2835909916 -25.4366927703)
2014-05-14 21:32:40.000000,-25.4366927703,-49.2835909916,POINT (-49.2835909916 -25.4366927703)
2014-05-14 21:32:50.000000,-25.4366927703,-49.2835909916,POINT (-49.2835909916 -25.4366927703)
2014-05-14 21:33:00.000000,-25.4366927703,-49.2835909916,POINT (-49.2835909916 -25.4366927703)
2014-05-14 21:33:10.000000,-25.4366927703,-49.2835909916,POINT (-49.2835909916 -25.4366927703)
2014-05-14 21:33:20.000000,-25.4366927703,-49.2835909916,POINT (-49.2835909916 -25.4366927703)
2014-05-14 21:33:30.000000,-25.4366927703,-49.2835909916,POINT (-49.2835909916 -25.4366927703)
2014-05-14 21:33:40.000000,-25.4366927703,-49.2835909916,POINT (-49.2835909916 -25.4366927703)
2014-05-14 21:33:50.000000,-25.4366927703,-49.2835909916,POINT (-49.2835909916 -25.4366927703)
2014-05-14 21:34:00.000000,-25.4366927703,-49.2835909916,POINT (-49.2835909916 -25.4366927703)
2014-05-14 21:34:10.000000,-25.4366927703,-49.2835909916,POINT (-49.2835909916 -25.4366927703)
2014-05-14 21:34:20.000000,-25.4366927703,-49.2835909916,POINT (-49.2835909916 -25.4366927703)
2014-05-14 21:34:30.000000,-25.4366927703,-49.2835909916,POINT (-49.2835909916 -25.4366927703)
2014-05-14 21:34:40.000000,-25.4366927703,-49.2835909916,POINT (-49.2835909916 -25.4366927703)
2014-05-14 21:34:50.000000,-25.4366927703,-49.2835909916,POINT (-49.2835909916 -25.4366927703)
2014-05-14 21:35:00.000000,-25.4366927703,-49.2835909916,POINT (-49.2835909916 -25.4366927703)
2014-05-14 21:35:10.000000,-25.4366927703,-49.2835909916,POINT (-49.2835909916 -25.4366927703)
2014-05-14 21:35:20.000000,-25.4366927703,-49.2835909916,POINT (-49.2835909916 -25.4366927703)
2014-05-14 21:35:30.000000,-25.4366927703,-49.2835909916,POINT (-49.2835909916 -25.4366927703)
2014-05-14 21:35:40.000000,-25.4366927703,-49.2835909916,POINT (-49.2835909916 -25.4366927703)
2014-05-14 21:35:50.000000,-25.4366927703,-49.2835909916,POINT (-49.2835909916 -25.4366927703)
2014-05-14 21:36:00.000000,-25.4366927703,-49.2835909916,POINT (-49.2835909916 -25.4366927703)
2014-05-14 21:36:10.000000,-25.4366927703,-49.2835909916,POINT (-49.2835909916 -25.4366927703)
2014-05-14 21:36:20.000000,-25.4366927703,-49.2835909916,POINT (-49.2835909916 -25.4366927703)
2014-05-14 21:36:30.000000,-25.4366927703,-49.2835909916,POINT (-49.2835909916 -25.4366927703)
2014-05-14 21:36:40.000000,-25.4366927703,-49.2835909916,POINT (-49.2835909916 -25.4366927703)
2014-05-14 21:36:50.000000,-25.4366927703,-49.2835909916,POINT (-49.2835909916 -25.4366927703)
2014-05-14 21:37:00.000000,-25.4366927703,-49.2835909916,POINT (-49.2835909916 -25.4366927703)
2014-05-14 21:37:10.000000,-25.4366927703,-49.2835909916,POINT (-49.2835909916 -25.4366927703)
2014-05-14 21:37:20.000000,-25.4366927703,-49.2835909916,POINT (-49.2835909916 -25.4366927703)
2014-05-14 21:37:30.000000,-25.4366927703,-49.2835909916,POINT (-49.2835909916 -25.4366927703)
2014-05-14 21:37:40.000000,-25.4366927703,-49.2835909916,POINT (-49.2835909916 -25.4366927703)
2014-05-14 21:37:50.000000,-25.4366927703,-49.2835909916,POINT (-49.2835909916 -25.4366927703)
2014-05-14 21:38:00.000000,-25.4366927703,-49.2835909916,POINT (-49.2835909916 -25.4366927703)
2014-05-14 21:38:10.000000,-25.4366927703,-49.2835909916,POINT (-49.2835909916 -25.4366927703)
2014-05-14 21:38:20.000000,-25.4366927703,-49.2835909916,POINT (-49.2835909916 -25.4366927703)
2014-05-14 21:38:30.000000,-25.4366927703,-49.2835909916,POINT (-49.2835909916 -25.4366927703)
2014-05-14 21:38:40.000000,-25.4366927703,-49.2835909916,POINT (-49.2835909916 -25.4366927703)
2014-05-14 21:38:50.000000,-25.4366927703,-49.2835909916,POINT (-49.2835909916 -25.4366927703)
2014-05-14 21:39:00.000000,-25.4366927703,-49.2835909916,POINT (-49.2835909916 -25.4366927703)
2014-05-14 21:39:10.000000,-25.4366927703,-49.2835909916,POINT (-49.2835909916 -25.4366927703)
2014-05-14 21:39:20.000000,-25.4366927703,-49.2835909916,POINT (-49.2835909916 -25.4366927703)
2014-05-14 21:39:30.000000,-25.4366927703,-49.2835909916,POINT (-49.2835909916 -25.4366927703)
2014-05-14 21:39:40.000000,-25.4366927703,-49.2835909916,POINT (-49.2835909916 -25.4366927703)
2014-05-14 21:39:50.000000,-25.4366927703,-49.2835909916,POINT (-49.2835909916 -25.4366927703)
2014-05-14 21:40:00.000000,-25.4366927703,-49.2835909916,POINT (-49.2835909916 -25.4366927703)
2014-05-14 21:40:10.000000,-25.4366927703,-49.2835909916,POINT (-49.2835909916 -25.4366927703)
2014-05-14 21:40:20.000000,-25.4366927703,-49.2835909916,POINT (-49.2835909916 -25.4366927703)
2014-05-14 21:40:30.000000,-25.4366927703,-49.2835909916,POINT (-49.2835909916 -25.4366927703)
2014-05-14 21:40:40.000000,-25.4366927703,-49.2835909916,POINT (-49.2835909916 -25.4366927703)
2014-05-14 21:40:50.000000,-25.4366927703,-49.2835909916,POINT (-49.2835909916 -25.4366927703)
2014-05-14 21:41:00.000000,-25.4366927703,-49.2835909916,POINT (-49.2835909916 -25.4366927703)
2014-05-14 21:41:10.000000,-25.4366927703,-49.2835909916,POINT (-49.2835909916 -25.4366927703)
2014-05-14 21:41:20.000000,-25.4366927703,-49.2835909916,POINT (-49.2835909916 -25.4366927703)
2014-05-14 21:41:30.000000,-25.4366927703,-49.2835909916,POINT (-49.2835909916 -25.4366927703)
2014-05-14 21:41:40.000000,-25.4366927703,-49.2835909916,POINT (-49.2835909916 -25.4366927703)
2014-05-14 21:41:50.000000,-25.4366927703,-49.2835909916,POINT (-49.2835909916 -25.4366927703)
2014-05-14 21:42:00.000000,-25.4366927703,-49.2835909916,POINT (-49.2835909916 -25.4366927703)
2014-05-14 21:42:10.000000,-25.4366927703,-49.2835909916,POINT (-49.2835909916 -25.4366927703)
2014-05-14 21:42:20.000000,-25.4366927703,-49.2835909916,POINT (-49.2835909916 -25.4366927703)
2014-05-14 21:42:30.000000,-25.4366927703,-49.2835909916,POINT (-49.2835909916 -25.4366927703)
2014-05-14 21:42:40.000000,-25.4366927703,-49.2835909916,POINT (-49.2835909916 -25.4366927703)
2014-05-14 21:42:50.000000,-25.4366927703,-49.2835909916,POINT (-49.2835909916 -25.4366927703)
2014-05-14 21:43:00.000000,-25.4366927703,-49.2835909916,POINT (-49.2835909916 -25.4366927703)
2014-05-14 21:43:10.000000,-25.4366927703,-49.2835909916,POINT (-49.2835909916 -25.4366927703)
2014-05-14 21:43:20.000000,-25.4366927703,-49.2835909916,POINT (-49.2835909916 -25.4366927703)
2014-05-14 21:43:30.000000,-25.4366927703,-49.2835909916,POINT (-49.2835909916 -25.4366927703)
2014-05-14 21:43:40.000000,-25.4366927703,-49.2835909916,POINT (-49.2835909916 -25.4366927703)
2014-05-14 21:43:50.000000,-25.4366927703,-49.2835909916,POINT (-49.2835909916 -25.4366927703)
2014-05-14 21:44:00.000000,-25.4366927703,-49.2835909916,POINT (-49.2835909916 -25.4366927703)
2014-05-14 21:44:10.000000,-25.4366927703,-49.2835909916,POINT (-49.2835909916 -25.4366927703)
2014-05-14 21:44:20.000000,-25.4366927703,-49.2835909916,POINT (-49.2835909916 -25.4366927703)
2014-05-14 21:44:30.000000,-25.4366927703,-49.2835909916,POINT (-49.2835909916 -25.4366927703)
2014-05-14 21:44:40.000000,-25.4366927703,-49.2835909916,POINT (-49.2835909916 -25.4366927703)
2014-05-14 21:44:50.000000,-25.4366927703,-49.2835909916,POINT (-49.2835909916 -25.4366927703)
2014-05-14 21:45:00.000000,-25.4366927703,-49.2835909916,POINT (-49.2835909916 -25.4366927703)
2014-05-14 21:45:10.000000,-25.4366927703,-49.2835909916,POINT (-49.2835909916 -25.4366927703)
2014-05-14 21:45:20.000000,-25.4366927703,-49.2835909916,POINT (-49.2835909916 -25.4366927703)
2014-05-14 21:45:30.000000,-25.4366927703,-49.2835909916,POINT (-49.2835909916 -25.4366927703)
2014-05-14 21:45:40.000000,-25.4366927703,-49.2835909916,POINT (-49.2835909916 -25.4366927703)
2014-05-14 21:45:50.000000,-25.4366927703,-49.2835909916,POINT (-49.2835909916 -25.4366927703)
2014-05-14 21:46:00.000000,-25.4366927703,-49.2835909916,POINT (-49.2835909916 -25.4366927703)
2014-05-14 21:46:10.000000,-25.4366927703,-49.2835909916,POINT (-49.2835909916 -25.4366927703)
2014-05-14 21:46:20.000000,-25.4366927703,-49.2835909916,POINT (-49.2835909916 -25.4366927703)
2014-05-14 21:46:30.000000,-25.4366927703,-49.2835909916,POINT (-49.2835909916 -25.4366927703)
2014-05-14 21:46:40.000000,-25.4366927703,-49.2835909916,POINT (-49.2835909916 -25.4366927703)
2014-05-14 21:46:50.000000,-25.4366927703,-49.2835909916,POINT (-49.2835909916 -25.4366927703)
2014-05-14 21:47:00.000000,-25.4366927703,-49.2835909916,POINT (-49.2835909916 -25.4366927703)
2014-05-14 21:47:10.000000,-25.4366927703,-49.2835909916,POINT (-49.2835909916 -25.4366927703)
2014-05-14 21:47:20.000000,-25.4366927703,-49.2835909916,POINT (-49.2835909916 -25.4366927703)
2014-05-14 21:47:30.000000,-25.4366927703,-49.2835909916,POINT (-49.2835909916 -25.4366927703)
2014-05-14 21:47:40.000000,-25.4366927703,-49.2835909916,POINT (-49.2835909916 -25.4366927703)
2014-05-14 21:47:50.000000,-25.4366927703,-49.2835909916,POINT (-49.2835909916 -25.4366927703)
2014-05-14 21:48:00.000000,-25.4366927703,-49.2835909916,POINT (-49.2835909916 -25.4366927703)
2014-05-14 21:48:10.000000,-25.4366927703,-49.2835909916,POINT (-49.2835909916 -25.4366927703)
2014-05-14 21:48:20.000000,-25.4366927703,-49.2835909916,POINT (-49.2835909916 -25.4366927703)
2014-05-14 21:48:30.000000,-25.4366927703,-49.2835909916,POINT (-49.2835909916 -25.4366927703)
2014-05-14 21:48:40.000000,-25.4366927703,-49.2835909916,POINT (-49.2835909916 -25.4366927703)
2014-05-14 21:48:50.000000,-25.4366927703,-49.2835909916,POINT (-49.2835909916 -25.4366927703)
2014-05-14 21:49:00.000000,-25.4366927703,-49.2835909916,POINT (-49.2835909916 -25.4366927703)
2014-05-14 21:49:10.000000,-25.4366927703,-49.2835909916,POINT (-49.2835909916 -25.4366927703)
2014-05-14 21:49:20.000000,-25.4366927703,-49.2835909916,POINT (-49.2835909916 -25.4366927703)
2014-05-14 21:49:30.000000,-25.4366927703,-49.2835909916,POINT (-49.2835909916 -25.4366927703)
2014-05-14 21:49:40.000000,-25.4366927703,-49.2835909916,POINT (-49.2835909916 -25.4366927703)
2014-05-14 21:49:50.000000,-25.4366927703,-49.2835909916,POINT (-49.2835909916 -25.4366927703)
2014-05-14 21:50:00.000000,-25.4366927703,-49.2835909916,POINT (-49.2835909916 -25.4366927703)
2014-05-14 21:50:10.000000,-25.4366927703,-49.2835909916,POINT (-49.2835909916 -25.4366927703)
2014-05-14 21:50:20.000000,-25.4366927703,-49.2835909916,POINT (-49.2835909916 -25.4366927703)
2014-05-14 21:50:30.000000,-25.4366927703,-49.2835909916,POINT (-49.2835909916 -25.4366927703)
2014-05-14 21:50:40.000000,-25.4366927703,-49.2835909916,POINT (-49.2835909916 -25.4366927703)
2014-05-14 21:50:50.000000,-25.4366927703,-49.2835909916,POINT (-49.2835909916 -25.4366927703)
2014-05-14 21:51:00.000000,-25.4366927703,-49.2835909916,POINT (-49.2835909916 -25.4366927703)
2014-05-14 21:51:10.000000,-25.4366927703,-49.2835909916,POINT (-49.2835909916 -25.4366927703)
2014-05-14 21:51:20.000000,-25.4366927703,-49.2835909916,POINT (-49.2835909916 -25.4366927703)
2014-05-14 21:51:30.000000,-25.4366927703,-49.2835909916,POINT (-49.2835909916 -25.4366927703)
2014-05-14 21:51:44.492414,-25.4374582,-49.2831678,POINT (-49.2831678 -25.4374582)
2014-05-14 21:51:54.492414,-25.436793375,-49.282423647916666,POINT (-49.282423647916666 -25.436793375)
2014-05-14 21:52:04.492414,-25.436588195833334,-49.2816807875,POINT (-49.2816807875 -25.436588195833334)
2014-05-14 21:52:14.492414,-25.43725634375,-49.28094038125,POINT (-49.28094038125 -25.43725634375)
2014-05-14 21:52:24.492414,-25.43773540833333,-49.2804096,POINT (-49.2804096 -25.43773540833333)
2014-05-14 21:52:34.492414,-25.4381282375,-49.27997441666666,POINT (-49.27997441666666 -25.4381282375)
2014-05-14 21:52:44.492414,-25.438488925,-49.2795747,POINT (-49.2795747 -25.438488925)
2014-05-14 21:52:54.492414,-25.438759275000002,-49.27927512916666,POINT (-49.27927512916666 -25.438759275000002)
2014-05-14 21:53:04.492414,-25.4388818,-49.279139433333334,POINT (-49.279139433333334 -25.4388818)
2014-05-14 21:53:14.492414,-25.438729793750003,-49.27856601875,POINT (-49.27856601875 -25.438729793750003)
2014-05-14 21:53:24.492414,-25.438481358333334,-49.27785232916667,POINT (-49.27785232916667 -25.438481358333334)
2014-05-14 21:53:34.492414,-25.43834300416667,-49.277496052083336,POINT (-49.277496052083336 -25.43834300416667)
2014-05-14 21:53:44.492414,-25.43820085,-49.277129900000006,POINT (-49.277129900000006 -25.43820085)
2014-05-14 21:53:54.492414,-25.4380533125,-49.27674975833333,POINT (-49.27674975833333 -25.4380533125)
2014-05-14 21:54:04.492414,-25.438003766666665,-49.2766221125,POINT (-49.2766221125 -25.438003766666665)
2014-05-14 21:54:14.492414,-25.437970181249998,-49.27653565,POINT (-49.27653565 -25.437970181249998)
2014-05-14 21:54:24.492414,-25.4378047,-49.27610983333333,POINT (-49.27610983333333 -25.4378047)
2014-05-14 21:54:34.492414,-25.43766985,-49.275762747916666,POINT (-49.275762747916666 -25.43766985)
2014-05-14 21:54:44.492414,-25.4375727,-49.2755125625,POINT (-49.2755125625 -25.4375727)
2014-05-14 21:54:54.492414,-25.4375057375,-49.275398556249996,POINT (-49.275398556249996 -25.4375057375)
2014-05-14 21:55:04.492414,-25.437425341666668,-49.27525751666666,POINT (-49.27525751666666 -25.437425341666668)
2014-05-14 21:55:14.492414,-25.43721176875,-49.2747254875,POINT (-49.2747254875 -25.43721176875)
2014-05-14 21:55:24.492414,-25.43697985,-49.2741462375,POINT (-49.2741462375 -25.43697985)
2014-05-14 21:55:34.492414,-25.436728275,-49.27351639375,POINT (-49.27351639375 -25.436728275)
2014-05-14 21:55:44.492414,-25.4365064,-49.272962050000004,POINT (-49.272962050000004 -25.4365064)
2014-05-14 21:55:54.492414,-25.43628170208333,-49.27240082083333,POINT (-49.27240082083333 -25.43628170208333)
2014-05-14 21:56:04.492414,-25.436013754166666,-49.27173104166666,POINT (-49.27173104166666 -25.436013754166666)
2014-05-14 21:56:14.492414,-25.43580199375,-49.271201918749995,POINT (-49.271201918749995 -25.43580199375)
2014-05-14 21:56:24.492414,-25.435642675,-49.270804074999994,POINT (-49.270804074999994 -25.435642675)
2014-05-14 21:56:34.492414,-25.435434450000002,-49.2702832625,POINT (-49.2702832625 -25.435434450000002)
2014-05-14 21:56:44.492414,-25.4352116875,-49.269726175,POINT (-49.269726175 -25.4352116875)
2014-05-14 21:56:54.492414,-25.43496319375,-49.26910545416666,POINT (-49.26910545416666 -25.43496319375)
2014-05-14 21:57:04.492414,-25.434651433333332,-49.268327,POINT (-49.268327 -25.434651433333332)
2014-05-14 21:57:14.492414,-25.43428826875,-49.267420387499996,POINT (-49.267420387499996 -25.43428826875)
2014-05-14 21:57:24.492414,-25.433775116666666,-49.266137479166666,POINT (-49.266137479166666 -25.433775116666666)
2014-05-14 21:57:34.492414,-25.4333407625,-49.26505571458333,POINT (-49.26505571458333 -25.4333407625)
2014-05-14 21:57:44.492414,-25.43320845,-49.264742575,POINT (-49.264742575 -25.43320845)
2014-05-14 21:57:54.492414,-25.433028572916665,-49.264316952083334,POINT (-49.264316952083334 -25.433028572916665)
2014-05-14 21:58:04.492414,-25.432815120833336,-49.263811929166664,POINT (-49.263811929166664 -25.432815120833336)
2014-05-14 21:58:14.492414,-25.43254305625,-49.26315491875,POINT (-49.26315491875 -25.43254305625)
2014-05-14 21:58:24.492414,-25.432291,-49.26254551666666,POINT (-49.26254551666666 -25.432291)
2014-05-14 21:58:34.492414,-25.4321028625,-49.262090639583334,POINT (-49.262090639583334 -25.4321028625)
2014-05-14 21:58:44.492414,-25.4320144,-49.2618776,POINT (-49.2618776 -25.4320144)
2014-05-14 21:58:54.492414,-25.43198685,-49.26181235,POINT (-49.26181235 -25.43198685)
2014-05-14 21:59:04.492414,-25.431799758333334,-49.26135918333333,POINT (-49.26135918333333 -25.431799758333334)
2014-05-14 21:59:14.492414,-25.431600893749998,-49.26087778125,POINT (-49.26087778125 -25.431600893749998)
2014-05-14 21:59:24.492414,-25.431388529166668,-49.260364420833334,POINT (-49.260364420833334 -25.431388529166668)
2014-05-14 21:59:34.492414,-25.431172839583333,-49.25984298541667,POINT (-49.25984298541667 -25.431172839583333)
2014-05-14 21:59:44.492414,-25.4309554,-49.2593173,POINT (-49.2593173 -25.4309554)
2014-05-14 22:00:00.000000,-25.4313851197,-49.258800163,POINT (-49.258800163 -25.4313851197)
2014-05-14 22:00:10.000000,-25.4313851197,-49.258800163,POINT (-49.258800163 -25.4313851197)
2014-05-14 22:00:20.000000,-25.4313851197,-49.258800163,POINT (-49.258800163 -25.4313851197)
2014-05-14 22:00:30.000000,-25.4313851197,-49.258800163,POINT (-49.258800163 -25.4313851197)
2014-05-14 22:00:40.000000,-25.4313851197,-49.258800163,POINT (-49.258800163 -25.4313851197)
2014-05-14 22:00:50.000000,-25.4313851197,-49.258800163,POINT (-49.258800163 -25.4313851197)
2014-05-14 22:01:00.000000,-25.4313851197,-49.258800163,POINT (-49.258800163 -25.4313851197)
2014-05-14 22:01:10.000000,-25.4313851197,-49.258800163,POINT (-49.258800163 -25.4313851197)
2014-05-14 22:01:20.000000,-25.4313851197,-49.258800163,POINT (-49.258800163 -25.4313851197)
2014-05-14 22:01:30.000000,-25.4313851197,-49.258800163,POINT (-49.258800163 -25.4313851197)
2014-05-14 22:01:40.000000,-25.4313851197,-49.258800163,POINT (-49.258800163 -25.4313851197)
2014-05-14 22:01:50.000000,-25.4313851197,-49.258800163,POINT (-49.258800163 -25.4313851197)
2014-05-14 22:02:00.000000,-25.4313851197,-49.258800163,POINT (-49.258800163 -25.4313851197)
2014-05-14 22:02:10.000000,-25.4313851197,-49.258800163,POINT (-49.258800163 -25.4313851197)
2014-05-14 22:02:20.000000,-25.4313851197,-49.258800163,POINT (-49.258800163 -25.4313851197)
2014-05-14 22:02:30.000000,-25.4313851197,-49.258800163,POINT (-49.258800163 -25.4313851197)
2014-05-14 22:02:40.000000,-25.4313851197,-49.258800163,POINT (-49.258800163 -25.4313851197)
2014-05-14 22:02:50.000000,-25.4313851197,-49.258800163,POINT (-49.258800163 -25.4313851197)
2014-05-14 22:03:00.000000,-25.4313851197,-49.258800163,POINT (-49.258800163 -25.4313851197)
2014-05-14 22:03:10.000000,-25.4313851197,-49.258800163,POINT (-49.258800163 -25.4313851197)
2014-05-14 22:03:20.000000,-25.4313851197,-49.258800163,POINT (-49.258800163 -25.4313851197)
2014-05-14 22:03:30.000000,-25.4313851197,-49.258800163,POINT (-49.258800163 -25.4313851197)
2014-05-14 22:03:40.000000,-25.4313851197,-49.258800163,POINT (-49.258800163 -25.4313851197)
2014-05-14 22:03:50.000000,-25.4313851197,-49.258800163,POINT (-49.258800163 -25.4313851197)
2014-05-14 22:04:00.000000,-25.4313851197,-49.258800163,POINT (-49.258800163 -25.4313851197)
2014-05-14 22:04:10.000000,-25.4313851197,-49.258800163,POINT (-49.258800163 -25.4313851197)
2014-05-14 22:04:20.000000,-25.4313851197,-49.258800163,POINT (-49.258800163 -25.4313851197)
2014-05-14 22:04:30.000000,-25.4313851197,-49.258800163,POINT (-49.258800163 -25.4313851197)
2014-05-14 22:04:40.000000,-25.4313851197,-49.258800163,POINT (-49.258800163 -25.4313851197)
2014-05-14 22:04:50.000000,-25.4313851197,-49.258800163,POINT (-49.258800163 -25.4313851197)
2014-05-14 22:05:00.000000,-25.4313851197,-49.258800163,POINT (-49.258800163 -25.4313851197)
2014-05-14 22:05:10.000000,-25.4313851197,-49.258800163,POINT (-49.258800163 -25.4313851197)
2014-05-14 22:05:20.000000,-25.4313851197,-49.258800163,POINT (-49.258800163 -25.4313851197)
2014-05-14 22:05:30.000000,-25.4313851197,-49.258800163,POINT (-49.258800163 -25.4313851197)
2014-05-14 22:05:40.000000,-25.4313851197,-49.258800163,POINT (-49.258800163 -25.4313851197)
2014-05-14 22:05:50.000000,-25.4313851197,-49.258800163,POINT (-49.258800163 -25.4313851197)
2014-05-14 22:06:00.000000,-25.4313851197,-49.258800163,POINT (-49.258800163 -25.4313851197)
2014-05-14 22:06:10.000000,-25.4313851197,-49.258800163,POINT (-49.258800163 -25.4313851197)
2014-05-14 22:06:20.000000,-25.4313851197,-49.258800163,POINT (-49.258800163 -25.4313851197)
2014-05-14 22:06:30.000000,-25.4313851197,-49.258800163,POINT (-49.258800163 -25.4313851197)
2014-05-14 22:06:40.000000,-25.4313851197,-49.258800163,POINT (-49.258800163 -25.4313851197)
2014-05-14 22:06:50.000000,-25.4313851197,-49.258800163,POINT (-49.258800163 -25.4313851197)
2014-05-14 22:07:00.000000,-25.4313851197,-49.258800163,POINT (-49.258800163 -25.4313851197)
2014-05-14 22:07:10.000000,-25.4313851197,-49.258800163,POINT (-49.258800163 -25.4313851197)
2014-05-14 22:07:20.000000,-25.4313851197,-49.258800163,POINT (-49.258800163 -25.4313851197)
2014-05-14 22:07:30.000000,-25.4313851197,-49.258800163,POINT (-49.258800163 -25.4313851197)
2014-05-14 22:07:40.000000,-25.4313851197,-49.258800163,POINT (-49.258800163 -25.4313851197)
2014-05-14 22:07:50.000000,-25.4313851197,-49.258800163,POINT (-49.258800163 -25.4313851197)
2014-05-14 22:08:00.000000,-25.4313851197,-49.258800163,POINT (-49.258800163 -25.4313851197)
2014-05-14 22:08:10.000000,-25.4313851197,-49.258800163,POINT (-49.258800163 -25.4313851197)
2014-05-14 22:08:20.000000,-25.4313851197,-49.258800163,POINT (-49.258800163 -25.4313851197)
2014-05-14 22:08:30.000000,-25.4313851197,-49.258800163,POINT (-49.258800163 -25.4313851197)
2014-05-14 22:08:40.000000,-25.4313851197,-49.258800163,POINT (-49.258800163 -25.4313851197)
2014-05-14 22:08:50.000000,-25.4313851197,-49.258800163,POINT (-49.258800163 -25.4313851197)
2014-05-14 22:09:00.000000,-25.4313851197,-49.258800163,POINT (-49.258800163 -25.4313851197)
2014-05-14 22:09:10.000000,-25.4313851197,-49.258800163,POINT (-49.258800163 -25.4313851197)
2014-05-14 22:09:20.000000,-25.4313851197,-49.258800163,POINT (-49.258800163 -25.4313851197)
2014-05-14 22:09:30.000000,-25.4313851197,-49.258800163,POINT (-49.258800163 -25.4313851197)
2014-05-14 22:09:40.000000,-25.4313851197,-49.258800163,POINT (-49.258800163 -25.4313851197)
2014-05-14 22:09:50.000000,-25.4313851197,-49.258800163,POINT (-49.258800163 -25.4313851197)
2014-05-14 22:10:00.000000,-25.4313851197,-49.258800163,POINT (-49.258800163 -25.4313851197)
2014-05-14 22:10:10.000000,-25.4313851197,-49.258800163,POINT (-49.258800163 -25.4313851197)
2014-05-14 22:10:20.000000,-25.4313851197,-49.258800163,POINT (-49.258800163 -25.4313851197)
2014-05-14 22:10:30.000000,-25.4313851197,-49.258800163,POINT (-49.258800163 -25.4313851197)
2014-05-14 22:10:40.000000,-25.4313851197,-49.258800163,POINT (-49.258800163 -25.4313851197)
2014-05-14 22:10:50.000000,-25.4313851197,-49.258800163,POINT (-49.258800163 -25.4313851197)
2014-05-14 22:11:00.000000,-25.4313851197,-49.258800163,POINT (-49.258800163 -25.4313851197)
2014-05-14 22:11:10.000000,-25.4313851197,-49.258800163,POINT (-49.258800163 -25.4313851197)
2014-05-14 22:11:20.000000,-25.4313851197,-49.258800163,POINT (-49.258800163 -25.4313851197)
2014-05-14 22:11:30.000000,-25.4313851197,-49.258800163,POINT (-49.258800163 -25.4313851197)
2014-05-14 22:11:40.000000,-25.4313851197,-49.258800163,POINT (-49.258800163 -25.4313851197)
2014-05-14 22:11:50.000000,-25.4313851197,-49.258800163,POINT (-49.258800163 -25.4313851197)
2014-05-14 22:12:00.000000,-25.4313851197,-49.258800163,POINT (-49.258800163 -25.4313851197)
2014-05-14 22:12:10.000000,-25.4313851197,-49.258800163,POINT (-49.258800163 -25.4313851197)
2014-05-14 22:12:20.000000,-25.4313851197,-49.258800163,POINT (-49.258800163 -25.4313851197)
2014-05-14 22:12:30.000000,-25.4313851197,-49.258800163,POINT (-49.258800163 -25.4313851197)
2014-05-14 22:12:40.000000,-25.4313851197,-49.258800163,POINT (-49.258800163 -25.4313851197)
2014-05-14 22:12:50.000000,-25.4313851197,-49.258800163,POINT (-49.258800163 -25.4313851197)
2014-05-14 22:13:00.000000,-25.4313851197,-49.258800163,POINT (-49.258800163 -25.4313851197)
2014-05-14 22:13:10.000000,-25.4313851197,-49.258800163,POINT (-49.258800163 -25.4313851197)
2014-05-14 22:13:20.000000,-25.4313851197,-49.258800163,POINT (-49.258800163 -25.4313851197)
2014-05-14 22:13:30.000000,-25.4313851197,-49.258800163,POINT (-49.258800163 -25.4313851197)
2014-05-14 22:13:40.000000,-25.4313851197,-49.258800163,POINT (-49.258800163 -25.4313851197)
2014-05-14 22:13:50.000000,-25.4313851197,-49.258800163,POINT (-49.258800163 -25.4313851197)
2014-05-14 22:14:00.000000,-25.4313851197,-49.258800163,POINT (-49.258800163 -25.4313851197)
2014-05-14 22:14:10.000000,-25.4313851197,-49.258800163,POINT (-49.258800163 -25.4313851197)
2014-05-14 22:14:20.000000,-25.4313851197,-49.258800163,POINT (-49.258800163 -25.4313851197)
2014-05-14 22:14:30.000000,-25.4313851197,-49.258800163,POINT (-49.258800163 -25.4313851197)
2014-05-14 22:14:40.000000,-25.4313851197,-49.258800163,POINT (-49.258800163 -25.4313851197)
2014-05-14 22:14:50.000000,-25.4313851197,-49.258800163,POINT (-49.258800163 -25.4313851197)
2014-05-14 22:15:00.000000,-25.4313851197,-49.258800163,POINT (-49.258800163 -25.4313851197)
2014-05-14 22:15:10.000000,-25.4313851197,-49.258800163,POINT (-49.258800163 -25.4313851197)
2014-05-14 22:15:20.000000,-25.4313851197,-49.258800163,POINT (-49.258800163 -25.4313851197)
2014-05-14 22:15:30.000000,-25.4313851197,-49.258800163,POINT (-49.258800163 -25.4313851197)
2014-05-14 22:15:40.000000,-25.4313851197,-49.258800163,POINT (-49.258800163 -25.4313851197)
2014-05-14 22:15:50.000000,-25.4313851197,-49.258800163,POINT (-49.258800163 -25.4313851197)
2014-05-14 22:16:00.000000,-25.4313851197,-49.258800163,POINT (-49.258800163 -25.4313851197)
2014-05-14 22:16:10.000000,-25.4313851197,-49.258800163,POINT (-49.258800163 -25.4313851197)
2014-05-14 22:16:20.000000,-25.4313851197,-49.258800163,POINT (-49.258800163 -25.4313851197)
2014-05-14 22:16:30.000000,-25.4313851197,-49.258800163,POINT (-49.258800163 -25.4313851197)
2014-05-14 22:16:40.000000,-25.4313851197,-49.258800163,POINT (-49.258800163 -25.4313851197)
2014-05-14 22:16:50.000000,-25.4313851197,-49.258800163,POINT (-49.258800163 -25.4313851197)
2014-05-14 22:17:00.000000,-25.4313851197,-49.258800163,POINT (-49.258800163 -25.4313851197)
2014-05-14 22:17:10.000000,-25.4313851197,-49.258800163,POINT (-49.258800163 -25.4313851197)
2014-05-14 22:17:20.000000,-25.4313851197,-49.258800163,POINT (-49.258800163 -25.4313851197)
2014-05-14 22:17:30.000000,-25.4313851197,-49.258800163,POINT (-49.258800163 -25.4313851197)
2014-05-14 22:17:40.000000,-25.4313851197,-49.258800163,POINT (-49.258800163 -25.4313851197)
2014-05-14 22:17:50.000000,-25.4313851197,-49.258800163,POINT (-49.258800163 -25.4313851197)
2014-05-14 22:18:00.000000,-25.4313851197,-49.258800163,POINT (-49.258800163 -25.4313851197)
2014-05-14 22:18:10.000000,-25.4313851197,-49.258800163,POINT (-49.258800163 -25.4313851197)
2014-05-14 22:18:20.000000,-25.4313851197,-49.258800163,POINT (-49.258800163 -25.4313851197)
2014-05-14 22:18:30.000000,-25.4313851197,-49.258800163,POINT (-49.258800163 -25.4313851197)
2014-05-14 22:18:40.000000,-25.4313851197,-49.258800163,POINT (-49.258800163 -25.4313851197)
2014-05-14 22:18:50.000000,-25.4313851197,-49.258800163,POINT (-49.258800163 -25.4313851197)
2014-05-14 22:19:00.000000,-25.4313851197,-49.258800163,POINT (-49.258800163 -25.4313851197)
2014-05-14 22:19:10.000000,-25.4313851197,-49.258800163,POINT (-49.258800163 -25.4313851197)
2014-05-14 22:19:20.000000,-25.4313851197,-49.258800163,POINT (-49.258800163 -25.4313851197)
2014-05-14 22:19:30.000000,-25.4313851197,-49.258800163,POINT (-49.258800163 -25.4313851197)
2014-05-14 22:19:40.000000,-25.4313851197,-49.258800163,POINT (-49.258800163 -25.4313851197)
2014-05-14 22:19:50.000000,-25.4313851197,-49.258800163,POINT (-49.258800163 -25.4313851197)
2014-05-14 22:20:00.000000,-25.4313851197,-49.258800163,POINT (-49.258800163 -25.4313851197)
2014-05-14 22:20:10.000000,-25.4313851197,-49.258800163,POINT (-49.258800163 -25.4313851197)
2014-05-14 22:20:20.000000,-25.4313851197,-49.258800163,POINT (-49.258800163 -25.4313851197)
2014-05-14 22:20:30.000000,-25.4313851197,-49.258800163,POINT (-49.258800163 -25.4313851197)
2014-05-14 22:20:40.000000,-25.4313851197,-49.258800163,POINT (-49.258800163 -25.4313851197)
2014-05-14 22:20:50.000000,-25.4313851197,-49.258800163,POINT (-49.258800163 -25.4313851197)
2014-05-14 22:21:00.000000,-25.4313851197,-49.258800163,POINT (-49.258800163 -25.4313851197)
2014-05-14 22:21:10.000000,-25.4313851197,-49.258800163,POINT (-49.258800163 -25.4313851197)
2014-05-14 22:21:20.000000,-25.4313851197,-49.258800163,POINT (-49.258800163 -25.4313851197)
2014-05-14 22:21:30.000000,-25.4313851197,-49.258800163,POINT (-49.258800163 -25.4313851197)
2014-05-14 22:21:40.000000,-25.4313851197,-49.258800163,POINT (-49.258800163 -25.4313851197)
2014-05-14 22:21:50.000000,-25.4313851197,-49.258800163,POINT (-49.258800163 -25.4313851197)
2014-05-14 22:22:00.000000,-25.4313851197,-49.258800163,POINT (-49.258800163 -25.4313851197)
2014-05-14 22:22:10.000000,-25.4313851197,-49.258800163,POINT (-49.258800163 -25.4313851197)
2014-05-14 22:22:20.000000,-25.4313851197,-49.258800163,POINT (-49.258800163 -25.4313851197)
2014-05-14 22:22:30.000000,-25.4313851197,-49.258800163,POINT (-49.258800163 -25.4313851197)
2014-05-14 22:22:40.000000,-25.4313851197,-49.258800163,POINT (-49.258800163 -25.4313851197)
2014-05-14 22:22:50.000000,-25.4313851197,-49.258800163,POINT (-49.258800163 -25.4313851197)
2014-05-14 22:23:00.000000,-25.4313851197,-49.258800163,POINT (-49.258800163 -25.4313851197)
2014-05-14 22:23:10.000000,-25.4313851197,-49.258800163,POINT (-49.258800163 -25.4313851197)
2014-05-14 22:23:20.000000,-25.4313851197,-49.258800163,POINT (-49.258800163 -25.4313851197)
2014-05-14 22:23:30.000000,-25.4313851197,-49.258800163,POINT (-49.258800163 -25.4313851197)
2014-05-14 22:23:40.000000,-25.4313851197,-49.258800163,POINT (-49.258800163 -25.4313851197)
2014-05-14 22:23:50.000000,-25.4313851197,-49.258800163,POINT (-49.258800163 -25.4313851197)
2014-05-14 22:24:00.000000,-25.4313851197,-49.258800163,POINT (-49.258800163 -25.4313851197)
2014-05-14 22:24:10.000000,-25.4313851197,-49.258800163,POINT (-49.258800163 -25.4313851197)
2014-05-14 22:24:20.000000,-25.4313851197,-49.258800163,POINT (-49.258800163 -25.4313851197)
2014-05-14 22:24:30.000000,-25.4313851197,-49.258800163,POINT (-49.258800163 -25.4313851197)
2014-05-14 22:24:40.000000,-25.4313851197,-49.258800163,POINT (-49.258800163 -25.4313851197)
2014-05-14 22:24:50.000000,-25.4313851197,-49.258800163,POINT (-49.258800163 -25.4313851197)
2014-05-14 22:25:00.000000,-25.4313851197,-49.258800163,POINT (-49.258800163 -25.4313851197)
2014-05-14 22:25:10.000000,-25.4313851197,-49.258800163,POINT (-49.258800163 -25.4313851197)
2014-05-14 22:25:20.000000,-25.4313851197,-49.258800163,POINT (-49.258800163 -25.4313851197)
2014-05-14 22:25:30.000000,-25.4313851197,-49.258800163,POINT (-49.258800163 -25.4313851197)
2014-05-14 22:25:40.000000,-25.4313851197,-49.258800163,POINT (-49.258800163 -25.4313851197)
2014-05-14 22:25:50.000000,-25.4313851197,-49.258800163,POINT (-49.258800163 -25.4313851197)
2014-05-14 22:26:00.000000,-25.4313851197,-49.258800163,POINT (-49.258800163 -25.4313851197)
2014-05-14 22:26:10.000000,-25.4313851197,-49.258800163,POINT (-49.258800163 -25.4313851197)
2014-05-14 22:26:20.000000,-25.4313851197,-49.258800163,POINT (-49.258800163 -25.4313851197)
2014-05-14 22:26:30.000000,-25.4313851197,-49.258800163,POINT (-49.258800163 -25.4313851197)
2014-05-14 22:26:40.000000,-25.4313851197,-49.258800163,POINT (-49.258800163 -25.4313851197)
2014-05-14 22:26:50.000000,-25.4313851197,-49.258800163,POINT (-49.258800163 -25.4313851197)
2014-05-14 22:27:00.000000,-25.4313851197,-49.258800163,POINT (-49.258800163 -25.4313851197)
2014-05-14 22:27:10.000000,-25.4313851197,-49.258800163,POINT (-49.258800163 -25.4313851197)
2014-05-14 22:27:20.000000,-25.4313851197,-49.258800163,POINT (-49.258800163 -25.4313851197)
2014-05-14 22:27:30.000000,-25.4313851197,-49.258800163,POINT (-49.258800163 -25.4313851197)
2014-05-14 22:27:40.000000,-25.4313851197,-49.258800163,POINT (-49.258800163 -25.4313851197)
2014-05-14 22:27:50.000000,-25.4313851197,-49.258800163,POINT (-49.258800163 -25.4313851197)
2014-05-14 22:28:00.000000,-25.4313851197,-49.258800163,POINT (-49.258800163 -25.4313851197)
2014-05-14 22:28:10.000000,-25.4313851197,-49.258800163,POINT (-49.258800163 -25.4313851197)
2014-05-14 22:28:20.000000,-25.4313851197,-49.258800163,POINT (-49.258800163 -25.4313851197)
2014-05-14 22:28:30.000000,-25.4313851197,-49.258800163,POINT (-49.258800163 -25.4313851197)
2014-05-14 22:28:40.000000,-25.4313851197,-49.258800163,POINT (-49.258800163 -25.4313851197)
2014-05-14 22:28:50.000000,-25.4313851197,-49.258800163,POINT (-49.258800163 -25.4313851197)
2014-05-14 22:29:00.000000,-25.4313851197,-49.258800163,POINT (-49.258800163 -25.4313851197)
2014-05-14 22:29:10.000000,-25.4313851197,-49.258800163,POINT (-49.258800163 -25.4313851197)
2014-05-14 22:29:20.000000,-25.4313851197,-49.258800163,POINT (-49.258800163 -25.4313851197)
2014-05-14 22:29:30.000000,-25.4313851197,-49.258800163,POINT (-49.258800163 -25.4313851197)
2014-05-14 22:29:40.000000,-25.4313851197,-49.258800163,POINT (-49.258800163 -25.4313851197)
2014-05-14 22:29:50.000000,-25.4313851197,-49.258800163,POINT (-49.258800163 -25.4313851197)
2014-05-14 22:30:00.000000,-25.4313851197,-49.258800163,POINT (-49.258800163 -25.4313851197)
2014-05-14 22:30:10.000000,-25.4313851197,-49.258800163,POINT (-49.258800163 -25.4313851197)
2014-05-14 22:30:20.000000,-25.4313851197,-49.258800163,POINT (-49.258800163 -25.4313851197)
2014-05-14 22:30:30.000000,-25.4313851197,-49.258800163,POINT (-49.258800163 -25.4313851197)
2014-05-14 22:30:40.000000,-25.4313851197,-49.258800163,POINT (-49.258800163 -25.4313851197)
2014-05-14 22:30:50.000000,-25.4313851197,-49.258800163,POINT (-49.258800163 -25.4313851197)
2014-05-14 22:31:00.000000,-25.4313851197,-49.258800163,POINT (-49.258800163 -25.4313851197)
2014-05-14 22:31:10.000000,-25.4313851197,-49.258800163,POINT (-49.258800163 -25.4313851197)
2014-05-14 22:31:20.000000,-25.4313851197,-49.258800163,POINT (-49.258800163 -25.4313851197)
2014-05-14 22:31:30.000000,-25.4313851197,-49.258800163,POINT (-49.258800163 -25.4313851197)
2014-05-14 22:31:40.000000,-25.4313851197,-49.258800163,POINT (-49.258800163 -25.4313851197)
2014-05-14 22:31:50.000000,-25.4313851197,-49.258800163,POINT (-49.258800163 -25.4313851197)
2014-05-14 22:32:00.000000,-25.4313851197,-49.258800163,POINT (-49.258800163 -25.4313851197)
2014-05-14 22:32:10.000000,-25.4313851197,-49.258800163,POINT (-49.258800163 -25.4313851197)
2014-05-14 22:32:20.000000,-25.4313851197,-49.258800163,POINT (-49.258800163 -25.4313851197)
2014-05-14 22:32:30.000000,-25.4313851197,-49.258800163,POINT (-49.258800163 -25.4313851197)
2014-05-14 22:32:40.000000,-25.4313851197,-49.258800163,POINT (-49.258800163 -25.4313851197)
2014-05-14 22:32:50.000000,-25.4313851197,-49.258800163,POINT (-49.258800163 -25.4313851197)
2014-05-14 22:33:00.000000,-25.4313851197,-49.258800163,POINT (-49.258800163 -25.4313851197)
2014-05-14 22:33:10.000000,-25.4313851197,-49.258800163,POINT (-49.258800163 -25.4313851197)
2014-05-14 22:33:20.000000,-25.4313851197,-49.258800163,POINT (-49.258800163 -25.4313851197)
2014-05-14 22:33:30.000000,-25.4313851197,-49.258800163,POINT (-49.258800163 -25.4313851197)
2014-05-14 22:33:40.000000,-25.4313851197,-49.258800163,POINT (-49.258800163 -25.4313851197)
2014-05-14 22:33:50.000000,-25.4313851197,-49.258800163,POINT (-49.258800163 -25.4313851197)
2014-05-14 22:34:00.000000,-25.4313851197,-49.258800163,POINT (-49.258800163 -25.4313851197)
2014-05-14 22:34:10.000000,-25.4313851197,-49.258800163,POINT (-49.258800163 -25.4313851197)
2014-05-14 22:34:20.000000,-25.4313851197,-49.258800163,POINT (-49.258800163 -25.4313851197)
2014-05-14 22:34:30.000000,-25.4313851197,-49.258800163,POINT (-49.258800163 -25.4313851197)
2014-05-14 22:34:40.000000,-25.4313851197,-49.258800163,POINT (-49.258800163 -25.4313851197)
2014-05-14 22:34:50.000000,-25.4313851197,-49.258800163,POINT (-49.258800163 -25.4313851197)
2014-05-14 22:35:00.000000,-25.4313851197,-49.258800163,POINT (-49.258800163 -25.4313851197)
2014-05-14 22:35:10.000000,-25.4313851197,-49.258800163,POINT (-49.258800163 -25.4313851197)
2014-05-14 22:35:20.000000,-25.4313851197,-49.258800163,POINT (-49.258800163 -25.4313851197)
2014-05-14 22:35:30.000000,-25.4313851197,-49.258800163,POINT (-49.258800163 -25.4313851197)
2014-05-14 22:35:40.000000,-25.4313851197,-49.258800163,POINT (-49.258800163 -25.4313851197)
2014-05-14 22:35:50.000000,-25.4313851197,-49.258800163,POINT (-49.258800163 -25.4313851197)
2014-05-14 22:36:00.000000,-25.4313851197,-49.258800163,POINT (-49.258800163 -25.4313851197)
2014-05-14 22:36:10.000000,-25.4313851197,-49.258800163,POINT (-49.258800163 -25.4313851197)
2014-05-14 22:36:20.000000,-25.4313851197,-49.258800163,POINT (-49.258800163 -25.4313851197)
2014-05-14 22:36:30.000000,-25.4313851197,-49.258800163,POINT (-49.258800163 -25.4313851197)
2014-05-14 22:36:40.000000,-25.4313851197,-49.258800163,POINT (-49.258800163 -25.4313851197)
2014-05-14 22:36:50.000000,-25.4313851197,-49.258800163,POINT (-49.258800163 -25.4313851197)
2014-05-14 22:37:00.000000,-25.4313851197,-49.258800163,POINT (-49.258800163 -25.4313851197)
2014-05-14 22:37:10.000000,-25.4313851197,-49.258800163,POINT (-49.258800163 -25.4313851197)
2014-05-14 22:37:20.000000,-25.4313851197,-49.258800163,POINT (-49.258800163 -25.4313851197)
2014-05-14 22:37:30.000000,-25.4313851197,-49.258800163,POINT (-49.258800163 -25.4313851197)
2014-05-14 22:37:40.000000,-25.4313851197,-49.258800163,POINT (-49.258800163 -25.4313851197)
2014-05-14 22:37:50.000000,-25.4313851197,-49.258800163,POINT (-49.258800163 -25.4313851197)
2014-05-14 22:38:00.000000,-25.4313851197,-49.258800163,POINT (-49.258800163 -25.4313851197)
2014-05-14 22:38:10.000000,-25.4313851197,-49.258800163,POINT (-49.258800163 -25.4313851197)
2014-05-14 22:38:20.000000,-25.4313851197,-49.258800163,POINT (-49.258800163 -25.4313851197)
2014-05-14 22:38:30.000000,-25.4313851197,-49.258800163,POINT (-49.258800163 -25.4313851197)
2014-05-14 22:38:40.000000,-25.4313851197,-49.258800163,POINT (-49.258800163 -25.4313851197)
2014-05-14 22:38:50.000000,-25.4313851197,-49.258800163,POINT (-49.258800163 -25.4313851197)
2014-05-14 22:39:00.000000,-25.4313851197,-49.258800163,POINT (-49.258800163 -25.4313851197)
2014-05-14 22:39:10.000000,-25.4313851197,-49.258800163,POINT (-49.258800163 -25.4313851197)
2014-05-14 22:39:20.000000,-25.4313851197,-49.258800163,POINT (-49.258800163 -25.4313851197)
2014-05-14 22:39:30.000000,-25.4313851197,-49.258800163,POINT (-49.258800163 -25.4313851197)
2014-05-14 22:39:40.000000,-25.4313851197,-49.258800163,POINT (-49.258800163 -25.4313851197)
2014-05-14 22:39:50.000000,-25.4313851197,-49.258800163,POINT (-49.258800163 -25.4313851197)
2014-05-14 22:40:00.000000,-25.4313851197,-49.258800163,POINT (-49.258800163 -25.4313851197)
2014-05-14 22:40:10.000000,-25.4313851197,-49.258800163,POINT (-49.258800163 -25.4313851197)
2014-05-14 22:40:20.000000,-25.4313851197,-49.258800163,POINT (-49.258800163 -25.4313851197)
2014-05-14 22:40:30.000000,-25.4313851197,-49.258800163,POINT (-49.258800163 -25.4313851197)
2014-05-14 22:40:40.000000,-25.4313851197,-49.258800163,POINT (-49.258800163 -25.4313851197)
2014-05-14 22:40:50.000000,-25.4313851197,-49.258800163,POINT (-49.258800163 -25.4313851197)
2014-05-14 22:41:00.000000,-25.4313851197,-49.258800163,POINT (-49.258800163 -25.4313851197)
2014-05-14 22:41:10.000000,-25.4313851197,-49.258800163,POINT (-49.258800163 -25.4313851197)
2014-05-14 22:41:20.000000,-25.4313851197,-49.258800163,POINT (-49.258800163 -25.4313851197)
2014-05-14 22:41:30.000000,-25.4313851197,-49.258800163,POINT (-49.258800163 -25.4313851197)
2014-05-14 22:41:40.000000,-25.4313851197,-49.258800163,POINT (-49.258800163 -25.4313851197)
2014-05-14 22:41:50.000000,-25.4313851197,-49.258800163,POINT (-49.258800163 -25.4313851197)
2014-05-14 22:42:00.000000,-25.4313851197,-49.258800163,POINT (-49.258800163 -25.4313851197)
2014-05-14 22:42:10.000000,-25.4313851197,-49.258800163,POINT (-49.258800163 -25.4313851197)
2014-05-14 22:42:20.000000,-25.4313851197,-49.258800163,POINT (-49.258800163 -25.4313851197)
2014-05-14 22:42:30.000000,-25.4313851197,-49.258800163,POINT (-49.258800163 -25.4313851197)
2014-05-14 22:42:40.000000,-25.4313851197,-49.258800163,POINT (-49.258800163 -25.4313851197)
2014-05-14 22:42:50.000000,-25.4313851197,-49.258800163,POINT (-49.258800163 -25.4313851197)
2014-05-14 22:43:00.000000,-25.4313851197,-49.258800163,POINT (-49.258800163 -25.4313851197)
2014-05-14 22:43:10.000000,-25.4313851197,-49.258800163,POINT (-49.258800163 -25.4313851197)
2014-05-14 22:43:20.000000,-25.4313851197,-49.258800163,POINT (-49.258800163 -25.4313851197)
2014-05-14 22:43:30.000000,-25.4313851197,-49.258800163,POINT (-49.258800163 -25.4313851197)
2014-05-14 22:43:40.000000,-25.4313851197,-49.258800163,POINT (-49.258800163 -25.4313851197)
2014-05-14 22:43:50.000000,-25.4313851197,-49.258800163,POINT (-49.258800163 -25.4313851197)
2014-05-14 22:44:00.000000,-25.4313851197,-49.258800163,POINT (-49.258800163 -25.4313851197)
2014-05-14 22:44:10.000000,-25.4313851197,-49.258800163,POINT (-49.258800163 -25.4313851197)
2014-05-14 22:44:20.000000,-25.4313851197,-49.258800163,POINT (-49.258800163 -25.4313851197)
2014-05-14 22:44:30.000000,-25.4313851197,-49.258800163,POINT (-49.258800163 -25.4313851197)
2014-05-14 22:44:40.000000,-25.4313851197,-49.258800163,POINT (-49.258800163 -25.4313851197)
2014-05-14 22:44:50.000000,-25.4313851197,-49.258800163,POINT (-49.258800163 -25.4313851197)
2014-05-14 22:45:00.000000,-25.4313851197,-49.258800163,POINT (-49.258800163 -25.4313851197)
2014-05-14 22:45:10.000000,-25.4313851197,-49.258800163,POINT (-49.258800163 -25.4313851197)
2014-05-14 22:45:20.000000,-25.4313851197,-49.258800163,POINT (-49.258800163 -25.4313851197)
2014-05-14 22:45:30.000000,-25.4313851197,-49.258800163,POINT (-49.258800163 -25.4313851197)
2014-05-14 22:45:40.000000,-25.4313851197,-49.258800163,POINT (-49.258800163 -25.4313851197)
2014-05-14 22:45:50.000000,-25.4313851197,-49.258800163,POINT (-49.258800163 -25.4313851197)
2014-05-14 22:46:00.000000,-25.4313851197,-49.258800163,POINT (-49.258800163 -25.4313851197)
2014-05-14 22:46:10.000000,-25.4313851197,-49.258800163,POINT (-49.258800163 -25.4313851197)
2014-05-14 22:46:20.000000,-25.4313851197,-49.258800163,POINT (-49.258800163 -25.4313851197)
2014-05-14 22:46:30.000000,-25.4313851197,-49.258800163,POINT (-49.258800163 -25.4313851197)
2014-05-14 22:46:40.000000,-25.4313851197,-49.258800163,POINT (-49.258800163 -25.4313851197)
2014-05-14 22:46:50.000000,-25.4313851197,-49.258800163,POINT (-49.258800163 -25.4313851197)
2014-05-14 22:47:00.000000,-25.4313851197,-49.258800163,POINT (-49.258800163 -25.4313851197)
2014-05-14 22:47:10.000000,-25.4313851197,-49.258800163,POINT (-49.258800163 -25.4313851197)
2014-05-14 22:47:20.000000,-25.4313851197,-49.258800163,POINT (-49.258800163 -25.4313851197)
2014-05-14 22:47:30.000000,-25.4313851197,-49.258800163,POINT (-49.258800163 -25.4313851197)
2014-05-14 22:47:40.000000,-25.4313851197,-49.258800163,POINT (-49.258800163 -25.4313851197)
2014-05-14 22:47:50.000000,-25.4313851197,-49.258800163,POINT (-49.258800163 -25.4313851197)
2014-05-14 22:48:00.000000,-25.4313851197,-49.258800163,POINT (-49.258800163 -25.4313851197)
2014-05-14 22:48:10.000000,-25.4313851197,-49.258800163,POINT (-49.258800163 -25.4313851197)
2014-05-14 22:48:20.000000,-25.4313851197,-49.258800163,POINT (-49.258800163 -25.4313851197)
2014-05-14 22:48:30.000000,-25.4313851197,-49.258800163,POINT (-49.258800163 -25.4313851197)
2014-05-14 22:48:40.000000,-25.4313851197,-49.258800163,POINT (-49.258800163 -25.4313851197)
2014-05-14 22:48:50.000000,-25.4313851197,-49.258800163,POINT (-49.258800163 -25.4313851197)
2014-05-14 22:49:00.000000,-25.4313851197,-49.258800163,POINT (-49.258800163 -25.4313851197)
2014-05-14 22:49:10.000000,-25.4313851197,-49.258800163,POINT (-49.258800163 -25.4313851197)
2014-05-14 22:49:20.000000,-25.4313851197,-49.258800163,POINT (-49.258800163 -25.4313851197)
2014-05-14 22:49:30.000000,-25.4313851197,-49.258800163,POINT (-49.258800163 -25.4313851197)
2014-05-14 22:49:40.000000,-25.4313851197,-49.258800163,POINT (-49.258800163 -25.4313851197)
2014-05-14 22:49:50.000000,-25.4313851197,-49.258800163,POINT (-49.258800163 -25.4313851197)
2014-05-14 22:50:00.000000,-25.4313851197,-49.258800163,POINT (-49.258800163 -25.4313851197)
2014-05-14 22:50:10.000000,-25.4313851197,-49.258800163,POINT (-49.258800163 -25.4313851197)
2014-05-14 22:50:20.000000,-25.4313851197,-49.258800163,POINT (-49.258800163 -25.4313851197)
2014-05-14 22:50:30.000000,-25.4313851197,-49.258800163,POINT (-49.258800163 -25.4313851197)
2014-05-14 22:50:40.000000,-25.4313851197,-49.258800163,POINT (-49.258800163 -25.4313851197)
2014-05-14 22:50:50.000000,-25.4313851197,-49.258800163,POINT (-49.258800163 -25.4313851197)
2014-05-14 22:51:00.000000,-25.4313851197,-49.258800163,POINT (-49.258800163 -25.4313851197)
2014-05-14 22:51:10.000000,-25.4313851197,-49.258800163,POINT (-49.258800163 -25.4313851197)
2014-05-14 22:51:20.000000,-25.4313851197,-49.258800163,POINT (-49.258800163 -25.4313851197)
2014-05-14 22:51:30.000000,-25.4313851197,-49.258800163,POINT (-49.258800163 -25.4313851197)
2014-05-14 22:51:40.000000,-25.4313851197,-49.258800163,POINT (-49.258800163 -25.4313851197)
2014-05-14 22:51:50.000000,-25.4313851197,-49.258800163,POINT (-49.258800163 -25.4313851197)
2014-05-14 22:52:00.000000,-25.4313851197,-49.258800163,POINT (-49.258800163 -25.4313851197)
2014-05-14 22:52:10.000000,-25.4313851197,-49.258800163,POINT (-49.258800163 -25.4313851197)
2014-05-14 22:52:20.000000,-25.4313851197,-49.258800163,POINT (-49.258800163 -25.4313851197)
2014-05-14 22:52:30.000000,-25.4313851197,-49.258800163,POINT (-49.258800163 -25.4313851197)
2014-05-14 22:52:40.000000,-25.4313851197,-49.258800163,POINT (-49.258800163 -25.4313851197)
2014-05-14 22:52:50.000000,-25.4313851197,-49.258800163,POINT (-49.258800163 -25.4313851197)
2014-05-14 22:53:00.000000,-25.4313851197,-49.258800163,POINT (-49.258800163 -25.4313851197)
2014-05-14 22:53:10.000000,-25.4313851197,-49.258800163,POINT (-49.258800163 -25.4313851197)
2014-05-14 22:53:20.000000,-25.4313851197,-49.258800163,POINT (-49.258800163 -25.4313851197)
2014-05-14 22:53:30.000000,-25.4313851197,-49.258800163,POINT (-49.258800163 -25.4313851197)
2014-05-14 22:53:40.000000,-25.4313851197,-49.258800163,POINT (-49.258800163 -25.4313851197)
2014-05-14 22:53:50.000000,-25.4313851197,-49.258800163,POINT (-49.258800163 -25.4313851197)
2014-05-14 22:54:00.000000,-25.4313851197,-49.258800163,POINT (-49.258800163 -25.4313851197)
2014-05-14 22:54:10.000000,-25.4313851197,-49.258800163,POINT (-49.258800163 -25.4313851197)
2014-05-14 22:54:20.000000,-25.4313851197,-49.258800163,POINT (-49.258800163 -25.4313851197)
2014-05-14 22:54:30.000000,-25.4313851197,-49.258800163,POINT (-49.258800163 -25.4313851197)
2014-05-14 22:54:40.000000,-25.4313851197,-49.258800163,POINT (-49.258800163 -25.4313851197)
2014-05-14 22:54:50.000000,-25.4313851197,-49.258800163,POINT (-49.258800163 -25.4313851197)
2014-05-14 22:55:00.000000,-25.4313851197,-49.258800163,POINT (-49.258800163 -25.4313851197)
2014-05-14 22:55:10.000000,-25.4313851197,-49.258800163,POINT (-49.258800163 -25.4313851197)
2014-05-14 22:55:20.000000,-25.4313851197,-49.258800163,POINT (-49.258800163 -25.4313851197)
2014-05-14 22:55:30.000000,-25.4313851197,-49.258800163,POINT (-49.258800163 -25.4313851197)
2014-05-14 22:55:40.000000,-25.4313851197,-49.258800163,POINT (-49.258800163 -25.4313851197)
2014-05-14 22:55:50.000000,-25.4313851197,-49.258800163,POINT (-49.258800163 -25.4313851197)
2014-05-14 22:56:00.000000,-25.4313851197,-49.258800163,POINT (-49.258800163 -25.4313851197)
2014-05-14 22:56:10.000000,-25.4313851197,-49.258800163,POINT (-49.258800163 -25.4313851197)
2014-05-14 22:56:20.000000,-25.4313851197,-49.258800163,POINT (-49.258800163 -25.4313851197)
2014-05-14 22:56:30.000000,-25.4313851197,-49.258800163,POINT (-49.258800163 -25.4313851197)
2014-05-14 22:56:40.000000,-25.4313851197,-49.258800163,POINT (-49.258800163 -25.4313851197)
2014-05-14 22:56:50.000000,-25.4313851197,-49.258800163,POINT (-49.258800163 -25.4313851197)
2014-05-14 22:57:00.000000,-25.4313851197,-49.258800163,POINT (-49.258800163 -25.4313851197)
2014-05-14 22:57:10.000000,-25.4313851197,-49.258800163,POINT (-49.258800163 -25.4313851197)
2014-05-14 22:57:20.000000,-25.4313851197,-49.258800163,POINT (-49.258800163 -25.4313851197)
2014-05-14 22:57:30.000000,-25.4313851197,-49.258800163,POINT (-49.258800163 -25.4313851197)
2014-05-14 22:57:40.000000,-25.4313851197,-49.258800163,POINT (-49.258800163 -25.4313851197)
2014-05-14 22:57:50.000000,-25.4313851197,-49.258800163,POINT (-49.258800163 -25.4313851197)
2014-05-14 22:58:00.000000,-25.4313851197,-49.258800163,POINT (-49.258800163 -25.4313851197)
2014-05-14 22:58:10.000000,-25.4313851197,-49.258800163,POINT (-49.258800163 -25.4313851197)
2014-05-14 22:58:20.000000,-25.4313851197,-49.258800163,POINT (-49.258800163 -25.4313851197)
2014-05-14 22:58:30.000000,-25.4313851197,-49.258800163,POINT (-49.258800163 -25.4313851197)
2014-05-14 22:58:40.000000,-25.4313851197,-49.258800163,POINT (-49.258800163 -25.4313851197)
2014-05-14 22:58:50.000000,-25.4313851197,-49.258800163,POINT (-49.258800163 -25.4313851197)
2014-05-14 22:59:00.000000,-25.4313851197,-49.258800163,POINT (-49.258800163 -25.4313851197)
2014-05-14 22:59:10.000000,-25.4313851197,-49.258800163,POINT (-49.258800163 -25.4313851197)
2014-05-14 22:59:20.000000,-25.4313851197,-49.258800163,POINT (-49.258800163 -25.4313851197)
2014-05-14 22:59:30.000000,-25.4313851197,-49.258800163,POINT (-49.258800163 -25.4313851197)
2014-05-14 22:59:40.000000,-25.4313851197,-49.258800163,POINT (-49.258800163 -25.4313851197)
2014-05-14 22:59:50.000000,-25.4313851197,-49.258800163,POINT (-49.258800163 -25.4313851197)
