timestamp,lat,lon,geometry
2014-05-19 15:00:00.000000,-25.4507046835,-49.2871853947,POINT (-49.2871853947 -25.4507046835)
2014-05-19 15:00:10.000000,-25.4507046835,-49.2871853947,POINT (-49.2871853947 -25.4507046835)
2014-05-19 15:00:20.000000,-25.4507046835,-49.2871853947,POINT (-49.2871853947 -25.4507046835)
2014-05-19 15:00:30.000000,-25.4507046835,-49.2871853947,POINT (-49.2871853947 -25.4507046835)
2014-05-19 15:00:40.000000,-25.4507046835,-49.2871853947,POINT (-49.2871853947 -25.4507046835)
2014-05-19 15:00:50.000000,-25.4507046835,-49.2871853947,POINT (-49.2871853947 -25.4507046835)
2014-05-19 15:01:00.000000,-25.4507046835,-49.2871853947,POINT (-49.2871853947 -25.4507046835)
2014-05-19 15:01:10.000000,-25.4507046835,-49.2871853947,POINT (-49.2871853947 -25.4507046835)
2014-05-19 15:01:20.000000,-25.4507046835,-49.2871853947,POINT (-49.2871853947 -25.4507046835)
2014-05-19 15:01:30.000000,-25.4507046835,-49.2871853947,POINT (-49.2871853947 -25.4507046835)
2014-05-19 15:01:40.000000,-25.4507046835,-49.2871853947,POINT (-49.2871853947 -25.4507046835)
2014-05-19 15:01:50.000000,-25.4507046835,-49.2871853947,POINT (-49.2871853947 -25.4507046835)
2014-05-19 15:02:00.000000,-25.4507046835,-49.2871853947,POINT (-49.2871853947 -25.4507046835)
2014-05-19 15:02:10.000000,-25.4507046835,-49.2871853947,POINT (-49.2871853947 -25.4507046835)
2014-05-19 15:02:20.000000,-25.4507046835,-49.2871853947,POINT (-49.2871853947 -25.4507046835)
2014-05-19 15:02:30.000000,-25.4507046835,-49.2871853947,POINT (-49.2871853947 -25.4507046835)
2014-05-19 15:02:40.000000,-25.4507046835,-49.2871853947,POINT (-49.2871853947 -25.4507046835)
2014-05-19 15:02:50.000000,-25.4507046835,-49.2871853947,POINT (-49.2871853947 -25.4507046835)
2014-05-19 15:03:00.000000,-25.4507046835,-49.2871853947,POINT (-49.2871853947 -25.4507046835)
2014-05-19 15:03:10.000000,-25.4507046835,-49.2871853947,POINT (-49.2871853947 -25.4507046835)
2014-05-19 15:03:20.000000,-25.4507046835,-49.2871853947,POINT (-49.2871853947 -25.4507046835)
2014-05-19 15:03:30.000000,-25.4507046835,-49.2871853947,POINT (-49.2871853947 -25.4507046835)
2014-05-19 15:03:40.000000,-25.4507046835,-49.2871853947,POINT (-49.2871853947 -25.4507046835)
2014-05-19 15:03:50.000000,-25.4507046835,-49.2871853947,POINT (-49.2871853947 -25.4507046835)
2014-05-19 15:04:00.000000,-25.4507046835,-49.2871853947,POINT (-49.2871853947 -25.4507046835)
2014-05-19 15:04:10.000000,-25.4507046835,-49.2871853947,POINT (-49.2871853947 -25.4507046835)
2014-05-19 15:04:20.000000,-25.4507046835,-49.2871853947,POINT (-49.2871853947 -25.4507046835)
2014-05-19 15:04:30.000000,-25.4507046835,-49.2871853947,POINT (-49.2871853947 -25.4507046835)
2014-05-19 15:04:40.000000,-25.4507046835,-49.2871853947,POINT (-49.2871853947 -25.4507046835)
2014-05-19 15:04:50.000000,-25.4507046835,-49.2871853947,POINT (-49.2871853947 -25.4507046835)
2014-05-19 15:05:00.000000,-25.4507046835,-49.2871853947,POINT (-49.2871853947 -25.4507046835)
2014-05-19 15:05:10.000000,-25.4507046835,-49.2871853947,POINT (-49.2871853947 -25.4507046835)
2014-05-19 15:05:20.000000,-25.4507046835,-49.2871853947,POINT (-49.2871853947 -25.4507046835)
2014-05-19 15:05:30.000000,-25.4507046835,-49.2871853947,POINT (-49.2871853947 -25.4507046835)
2014-05-19 15:05:40.000000,-25.4507046835,-49.2871853947,POINT (-49.2871853947 -25.4507046835)
2014-05-19 15:05:50.000000,-25.4507046835,-49.2871853947,POINT (-49.2871853947 -25.4507046835)
2014-05-19 15:06:00.000000,-25.4507046835,-49.2871853947,POINT (-49.2871853947 -25.4507046835)
2014-05-19 15:06:10.000000,-25.4507046835,-49.2871853947,POINT (-49.2871853947 -25.4507046835)
2014-05-19 15:06:20.000000,-25.4507046835,-49.2871853947,POINT (-49.2871853947 -25.4507046835)
2014-05-19 15:06:30.000000,-25.4507046835,-49.2871853947,POINT (-49.2871853947 -25.4507046835)
2014-05-19 15:06:40.000000,-25.4507046835,-49.2871853947,POINT (-49.2871853947 -25.4507046835)
2014-05-19 15:06:50.000000,-25.4507046835,-49.2871853947,POINT (-49.2871853947 -25.4507046835)
2014-05-19 15:07:00.000000,-25.4507046835,-49.2871853947,POINT (-49.2871853947 -25.4507046835)
2014-05-19 15:07:10.000000,-25.4507046835,-49.2871853947,POINT (-49.2871853947 -25.4507046835)
2014-05-19 15:07:20.000000,-25.4507046835,-49.2871853947,POINT (-49.2871853947 -25.4507046835)
2014-05-19 15:07:30.000000,-25.4507046835,-49.2871853947,POINT (-49.2871853947 -25.4507046835)
2014-05-19 15:07:40.000000,-25.4507046835,-49.2871853947,POINT (-49.2871853947 -25.4507046835)
2014-05-19 15:07:50.000000,-25.4507046835,-49.2871853947,POINT (-49.2871853947 -25.4507046835)
2014-05-19 15:08:00.000000,-25.4507046835,-49.2871853947,POINT (-49.2871853947 -25.4507046835)
2014-05-19 15:08:10.000000,-25.4507046835,-49.2871853947,POINT (-49.2871853947 -25.4507046835)
2014-05-19 15:08:20.000000,-25.4507046835,-49.2871853947,POINT (-49.2871853947 -25.4507046835)
2014-05-19 15:08:30.000000,-25.4507046835,-49.2871853947,POINT (-49.2871853947 -25.4507046835)
2014-05-19 15:08:40.000000,-25.4507046835,-49.2871853947,POINT (-49.2871853947 -25.4507046835)
2014-05-19 15:08:50.000000,-25.4507046835,-49.2871853947,POINT (-49.2871853947 -25.4507046835)
2014-05-19 15:09:00.000000,-25.4507046835,-49.2871853947,POINT (-49.2871853947 -25.4507046835)
2014-05-19 15:09:10.000000,-25.4507046835,-49.2871853947,POINT (-49.2871853947 -25.4507046835)
2014-05-19 15:09:20.000000,-25.4507046835,-49.2871853947,POINT (-49.2871853947 -25.4507046835)
2014-05-19 15:09:30.000000,-25.4507046835,-49.2871853947,POINT (-49.2871853947 -25.4507046835)
2014-05-19 15:09:40.000000,-25.4507046835,-49.2871853947,POINT (-49.2871853947 -25.4507046835)
2014-05-19 15:09:50.000000,-25.4507046835,-49.2871853947,POINT (-49.2871853947 -25.4507046835)
2014-05-19 15:10:00.000000,-25.4507046835,-49.2871853947,POINT (-49.2871853947 -25.4507046835)
2014-05-19 15:10:10.000000,-25.4507046835,-49.2871853947,POINT (-49.2871853947 -25.4507046835)
2014-05-19 15:10:20.000000,-25.4507046835,-49.2871853947,POINT (-49.2871853947 -25.4507046835)
2014-05-19 15:10:30.000000,-25.4507046835,-49.2871853947,POINT (-49.2871853947 -25.4507046835)
2014-05-19 15:10:40.000000,-25.4507046835,-49.2871853947,POINT (-49.2871853947 -25.4507046835)
2014-05-19 15:10:50.000000,-25.4507046835,-49.2871853947,POINT (-49.2871853947 -25.4507046835)
2014-05-19 15:11:00.000000,-25.4507046835,-49.2871853947,POINT (-49.2871853947 -25.4507046835)
2014-05-19 15:11:10.000000,-25.4507046835,-49.2871853947,POINT (-49.2871853947 -25.4507046835)
2014-05-19 15:11:20.000000,-25.4507046835,-49.2871853947,POINT (-49.2871853947 -25.4507046835)
2014-05-19 15:11:30.000000,-25.4507046835,-49.2871853947,POINT (-49.2871853947 -25.4507046835)
2014-05-19 15:11:40.000000,-25.4507046835,-49.2871853947,POINT (-49.2871853947 -25.4507046835)
2014-05-19 15:11:50.000000,-25.4507046835,-49.2871853947,POINT (-49.2871853947 -25.4507046835)
2014-05-19 15:12:00.000000,-25.4507046835,-49.2871853947,POINT (-49.2871853947 -25.4507046835)
2014-05-19 15:12:10.000000,-25.4507046835,-49.2871853947,POINT (-49.2871853947 -25.4507046835)
2014-05-19 15:12:20.000000,-25.4507046835,-49.2871853947,POINT (-49.2871853947 -25.4507046835)
2014-05-19 15:12:30.000000,-25.4507046835,-49.2871853947,POINT (-49.2871853947 -25.4507046835)
2014-05-19 15:12:40.000000,-25.4507046835,-49.2871853947,POINT (-49.2871853947 -25.4507046835)
2014-05-19 15:12:50.000000,-25.4507046835,-49.2871853947,POINT (-49.2871853947 -25.4507046835)
2014-05-19 15:13:00.000000,-25.4507046835,-49.2871853947,POINT (-49.2871853947 -25.4507046835)
2014-05-19 15:13:10.000000,-25.4507046835,-49.2871853947,POINT (-49.2871853947 -25.4507046835)
2014-05-19 15:13:20.000000,-25.4507046835,-49.2871853947,POINT (-49.2871853947 -25.4507046835)
2014-05-19 15:13:30.000000,-25.4507046835,-49.2871853947,POINT (-49.2871853947 -25.4507046835)
2014-05-19 15:13:40.000000,-25.4507046835,-49.2871853947,POINT (-49.2871853947 -25.4507046835)
2014-05-19 15:13:50.000000,-25.4507046835,-49.2871853947,POINT (-49.2871853947 -25.4507046835)
2014-05-19 15:14:00.000000,-25.4507046835,-49.2871853947,POINT (-49.2871853947 -25.4507046835)
2014-05-19 15:14:10.000000,-25.4507046835,-49.2871853947,POINT (-49.2871853947 -25.4507046835)
2014-05-19 15:14:20.000000,-25.4507046835,-49.2871853947,POINT (-49.2871853947 -25.4507046835)
2014-05-19 15:14:30.000000,-25.4507046835,-49.2871853947,POINT (-49.2871853947 -25.4507046835)
2014-05-19 15:14:40.000000,-25.4507046835,-49.2871853947,POINT (-49.2871853947 -25.4507046835)
2014-05-19 15:14:50.000000,-25.4507046835,-49.2871853947,POINT (-49.2871853947 -25.4507046835)
2014-05-19 15:15:00.000000,-25.4507046835,-49.2871853947,POINT (-49.2871853947 -25.4507046835)
2014-05-19 15:15:10.000000,-25.4507046835,-49.2871853947,POINT (-49.2871853947 -25.4507046835)
2014-05-19 15:15:20.000000,-25.4507046835,-49.2871853947,POINT (-49.2871853947 -25.4507046835)
2014-05-19 15:15:30.000000,-25.4507046835,-49.2871853947,POINT (-49.2871853947 -25.4507046835)
2014-05-19 15:15:40.000000,-25.4507046835,-49.2871853947,POINT (-49.2871853947 -25.4507046835)
2014-05-19 15:15:50.000000,-25.4507046835,-49.2871853947,POINT (-49.2871853947 -25.4507046835)
2014-05-19 15:16:00.000000,-25.4507046835,-49.2871853947,POINT (-49.2871853947 -25.4507046835)
2014-05-19 15:16:10.000000,-25.4507046835,-49.2871853947,POINT (-49.2871853947 -25.4507046835)
2014-05-19 15:16:20.000000,-25.4507046835,-49.2871853947,POINT (-49.2871853947 -25.4507046835)
2014-05-19 15:16:30.000000,-25.4507046835,-49.2871853947,POINT (-49.2871853947 -25.4507046835)
2014-05-19 15:16:40.000000,-25.4507046835,-49.2871853947,POINT (-49.2871853947 -25.4507046835)
2014-05-19 15:16:50.000000,-25.4507046835,-49.2871853947,POINT (-49.2871853947 -25.4507046835)
2014-05-19 15:17:00.000000,-25.4507046835,-49.2871853947,POINT (-49.2871853947 -25.4507046835)
2014-05-19 15:17:10.000000,-25.4507046835,-49.2871853947,POINT (-49.2871853947 -25.4507046835)
2014-05-19 15:17:20.000000,-25.4507046835,-49.2871853947,POINT (-49.2871853947 -25.4507046835)
2014-05-19 15:17:30.000000,-25.4507046835,-49.2871853947,POINT (-49.2871853947 -25.4507046835)
2014-05-19 15:17:40.000000,-25.4507046835,-49.2871853947,POINT (-49.2871853947 -25.4507046835)
2014-05-19 15:17:50.000000,-25.4507046835,-49.2871853947,POINT (-49.2871853947 -25.4507046835)
2014-05-19 15:18:00.000000,-25.4507046835,-49.2871853947,POINT (-49.2871853947 -25.4507046835)
2014-05-19 15:18:10.000000,-25.4507046835,-49.2871853947,POINT (-49.2871853947 -25.4507046835)
2014-05-19 15:18:20.000000,-25.4507046835,-49.2871853947,POINT (-49.2871853947 -25.4507046835)
2014-05-19 15:18:30.000000,-25.4507046835,-49.2871853947,POINT (-49.2871853947 -25.4507046835)
2014-05-19 15:18:40.000000,-25.4507046835,-49.2871853947,POINT (-49.2871853947 -25.4507046835)
2014-05-19 15:18:50.000000,-25.4507046835,-49.2871853947,POINT (-49.2871853947 -25.4507046835)
2014-05-19 15:19:00.000000,-25.4507046835,-49.2871853947,POINT (-49.2871853947 -25.4507046835)
2014-05-19 15:19:10.000000,-25.4507046835,-49.2871853947,POINT (-49.2871853947 -25.4507046835)
2014-05-19 15:19:20.000000,-25.4507046835,-49.2871853947,POINT (-49.2871853947 -25.4507046835)
2014-05-19 15:19:30.000000,-25.4507046835,-49.2871853947,POINT (-49.2871853947 -25.4507046835)
2014-05-19 15:19:40.000000,-25.4507046835,-49.2871853947,POINT (-49.2871853947 -25.4507046835)
2014-05-19 15:19:50.000000,-25.4507046835,-49.2871853947,POINT (-49.2871853947 -25.4507046835)
2014-05-19 15:20:00.000000,-25.4507046835,-49.2871853947,POINT (-49.2871853947 -25.4507046835)
2014-05-19 15:20:10.000000,-25.4507046835,-49.2871853947,POINT (-49.2871853947 -25.4507046835)
2014-05-19 15:20:20.000000,-25.4507046835,-49.2871853947,POINT (-49.2871853947 -25.4507046835)
2014-05-19 15:20:30.000000,-25.4507046835,-49.2871853947,POINT (-49.2871853947 -25.4507046835)
2014-05-19 15:20:40.000000,-25.4507046835,-49.2871853947,POINT (-49.2871853947 -25.4507046835)
2014-05-19 15:20:50.000000,-25.4507046835,-49.2871853947,POINT (-49.2871853947 -25.4507046835)
2014-05-19 15:21:00.000000,-25.4507046835,-49.2871853947,POINT (-49.2871853947 -25.4507046835)
2014-05-19 15:21:10.000000,-25.4507046835,-49.2871853947,POINT (-49.2871853947 -25.4507046835)
2014-05-19 15:21:20.000000,-25.4507046835,-49.2871853947,POINT (-49.2871853947 -25.4507046835)
2014-05-19 15:21:30.000000,-25.4507046835,-49.2871853947,POINT (-49.2871853947 -25.4507046835)
2014-05-19 15:21:40.000000,-25.4507046835,-49.2871853947,POINT (-49.2871853947 -25.4507046835)
2014-05-19 15:21:50.000000,-25.4507046835,-49.2871853947,POINT (-49.2871853947 -25.4507046835)
2014-05-19 15:22:00.000000,-25.4507046835,-49.2871853947,POINT (-49.2871853947 -25.4507046835)
2014-05-19 15:22:10.000000,-25.4507046835,-49.2871853947,POINT (-49.2871853947 -25.4507046835)
2014-05-19 15:22:20.000000,-25.4507046835,-49.2871853947,POINT (-49.2871853947 -25.4507046835)
2014-05-19 15:22:30.000000,-25.4507046835,-49.2871853947,POINT (-49.2871853947 -25.4507046835)
2014-05-19 15:22:40.000000,-25.4507046835,-49.2871853947,POINT (-49.2871853947 -25.4507046835)
2014-05-19 15:22:50.000000,-25.4507046835,-49.2871853947,POINT (-49.2871853947 -25.4507046835)
2014-05-19 15:23:00.000000,-25.4507046835,-49.2871853947,POINT (-49.2871853947 -25.4507046835)
2014-05-19 15:23:10.000000,-25.4507046835,-49.2871853947,POINT (-49.2871853947 -25.4507046835)
2014-05-19 15:23:20.000000,-25.4507046835,-49.2871853947,POINT (-49.2871853947 -25.4507046835)
2014-05-19 15:23:30.000000,-25.4507046835,-49.2871853947,POINT (-49.2871853947 -25.4507046835)
2014-05-19 15:23:40.000000,-25.4507046835,-49.2871853947,POINT (-49.2871853947 -25.4507046835)
2014-05-19 15:23:50.000000,-25.4507046835,-49.2871853947,POINT (-49.2871853947 -25.4507046835)
2014-05-19 15:24:00.000000,-25.4507046835,-49.2871853947,POINT (-49.2871853947 -25.4507046835)
2014-05-19 15:24:10.000000,-25.4507046835,-49.2871853947,POINT (-49.2871853947 -25.4507046835)
2014-05-19 15:24:20.000000,-25.4507046835,-49.2871853947,POINT (-49.2871853947 -25.4507046835)
2014-05-19 15:24:30.000000,-25.4507046835,-49.2871853947,POINT (-49.2871853947 -25.4507046835)
2014-05-19 15:24:40.000000,-25.4507046835,-49.2871853947,POINT (-49.2871853947 -25.4507046835)
2014-05-19 15:24:50.000000,-25.4507046835,-49.2871853947,POINT (-49.2871853947 -25.4507046835)
2014-05-19 15:25:00.000000,-25.4507046835,-49.2871853947,POINT (-49.2871853947 -25.4507046835)
2014-05-19 15:25:10.000000,-25.4507046835,-49.2871853947,POINT (-49.2871853947 -25.4507046835)
2014-05-19 15:25:20.000000,-25.4507046835,-49.2871853947,POINT (-49.2871853947 -25.4507046835)
2014-05-19 15:25:30.000000,-25.4507046835,-49.2871853947,POINT (-49.2871853947 -25.4507046835)
2014-05-19 15:25:40.000000,-25.4507046835,-49.2871853947,POINT (-49.2871853947 -25.4507046835)
2014-05-19 15:25:50.000000,-25.4507046835,-49.2871853947,POINT (-49.2871853947 -25.4507046835)
2014-05-19 15:26:00.000000,-25.4507046835,-49.2871853947,POINT (-49.2871853947 -25.4507046835)
2014-05-19 15:26:10.000000,-25.4507046835,-49.2871853947,POINT (-49.2871853947 -25.4507046835)
2014-05-19 15:26:20.000000,-25.4507046835,-49.2871853947,POINT (-49.2871853947 -25.4507046835)
2014-05-19 15:26:30.000000,-25.4507046835,-49.2871853947,POINT (-49.2871853947 -25.4507046835)
2014-05-19 15:26:40.000000,-25.4507046835,-49.2871853947,POINT (-49.2871853947 -25.4507046835)
2014-05-19 15:26:50.000000,-25.4507046835,-49.2871853947,POINT (-49.2871853947 -25.4507046835)
2014-05-19 15:27:00.000000,-25.4507046835,-49.2871853947,POINT (-49.2871853947 -25.4507046835)
2014-05-19 15:27:10.000000,-25.4507046835,-49.2871853947,POINT (-49.2871853947 -25.4507046835)
2014-05-19 15:27:20.000000,-25.4507046835,-49.2871853947,POINT (-49.2871853947 -25.4507046835)
2014-05-19 15:27:30.000000,-25.4507046835,-49.2871853947,POINT (-49.2871853947 -25.4507046835)
2014-05-19 15:27:40.000000,-25.4507046835,-49.2871853947,POINT (-49.2871853947 -25.4507046835)
2014-05-19 15:27:50.000000,-25.4507046835,-49.2871853947,POINT (-49.2871853947 -25.4507046835)
2014-05-19 15:28:00.000000,-25.4507046835,-49.2871853947,POINT (-49.2871853947 -25.4507046835)
2014-05-19 15:28:10.000000,-25.4507046835,-49.2871853947,POINT (-49.2871853947 -25.4507046835)
2014-05-19 15:28:20.000000,-25.4507046835,-49.2871853947,POINT (-49.2871853947 -25.4507046835)
2014-05-19 15:28:30.000000,-25.4507046835,-49.2871853947,POINT (-49.2871853947 -25.4507046835)
2014-05-19 15:28:40.000000,-25.4507046835,-49.2871853947,POINT (-49.2871853947 -25.4507046835)
2014-05-19 15:28:50.000000,-25.4507046835,-49.2871853947,POINT (-49.2871853947 -25.4507046835)
2014-05-19 15:29:00.000000,-25.4507046835,-49.2871853947,POINT (-49.2871853947 -25.4507046835)
2014-05-19 15:29:10.000000,-25.4507046835,-49.2871853947,POINT (-49.2871853947 -25.4507046835)
2014-05-19 15:29:20.000000,-25.4507046835,-49.2871853947,POINT (-49.2871853947 -25.4507046835)
2014-05-19 15:29:30.000000,-25.4507046835,-49.2871853947,POINT (-49.2871853947 -25.4507046835)
2014-05-19 15:29:40.000000,-25.4507046835,-49.2871853947,POINT (-49.2871853947 -25.4507046835)
2014-05-19 15:29:50.000000,-25.4507046835,-49.2871853947,POINT (-49.2871853947 -25.4507046835)
2014-05-19 15:30:00.000000,-25.4507046835,-49.2871853947,POINT (-49.2871853947 -25.4507046835)
2014-05-19 15:30:10.000000,-25.4507046835,-49.2871853947,POINT (-49.2871853947 -25.4507046835)
2014-05-19 15:30:20.000000,-25.4507046835,-49.2871853947,POINT (-49.2871853947 -25.4507046835)
2014-05-19 15:30:30.000000,-25.4507046835,-49.2871853947,POINT (-49.2871853947 -25.4507046835)
2014-05-19 15:30:40.000000,-25.4507046835,-49.2871853947,POINT (-49.2871853947 -25.4507046835)
2014-05-19 15:30:50.000000,-25.4507046835,-49.2871853947,POINT (-49.2871853947 -25.4507046835)
2014-05-19 15:31:00.000000,-25.4507046835,-49.2871853947,POINT (-49.2871853947 -25.4507046835)
2014-05-19 15:31:10.000000,-25.4507046835,-49.2871853947,POINT (-49.2871853947 -25.4507046835)
2014-05-19 15:31:20.000000,-25.4507046835,-49.2871853947,POINT (-49.2871853947 -25.4507046835)
2014-05-19 15:31:30.000000,-25.4507046835,-49.2871853947,POINT (-49.2871853947 -25.4507046835)
2014-05-19 15:31:40.000000,-25.4507046835,-49.2871853947,POINT (-49.2871853947 -25.4507046835)
2014-05-19 15:31:50.000000,-25.4507046835,-49.2871853947,POINT (-49.2871853947 -25.4507046835)
2014-05-19 15:32:00.000000,-25.4507046835,-49.2871853947,POINT (-49.2871853947 -25.4507046835)
2014-05-19 15:32:10.000000,-25.4507046835,-49.2871853947,POINT (-49.2871853947 -25.4507046835)
2014-05-19 15:32:20.000000,-25.4507046835,-49.2871853947,POINT (-49.2871853947 -25.4507046835)
2014-05-19 15:32:30.000000,-25.4507046835,-49.2871853947,POINT (-49.2871853947 -25.4507046835)
2014-05-19 15:32:40.000000,-25.4507046835,-49.2871853947,POINT (-49.2871853947 -25.4507046835)
2014-05-19 15:32:50.000000,-25.4507046835,-49.2871853947,POINT (-49.2871853947 -25.4507046835)
2014-05-19 15:33:00.000000,-25.4507046835,-49.2871853947,POINT (-49.2871853947 -25.4507046835)
2014-05-19 15:33:10.000000,-25.4507046835,-49.2871853947,POINT (-49.2871853947 -25.4507046835)
2014-05-19 15:33:20.000000,-25.4507046835,-49.2871853947,POINT (-49.2871853947 -25.4507046835)
2014-05-19 15:33:30.000000,-25.4507046835,-49.2871853947,POINT (-49.2871853947 -25.4507046835)
2014-05-19 15:33:40.000000,-25.4507046835,-49.2871853947,POINT (-49.2871853947 -25.4507046835)
2014-05-19 15:33:50.000000,-25.4507046835,-49.2871853947,POINT (-49.2871853947 -25.4507046835)
2014-05-19 15:34:00.000000,-25.4507046835,-49.2871853947,POINT (-49.2871853947 -25.4507046835)
2014-05-19 15:34:10.000000,-25.4507046835,-49.2871853947,POINT (-49.2871853947 -25.4507046835)
2014-05-19 15:34:20.000000,-25.4507046835,-49.2871853947,POINT (-49.2871853947 -25.4507046835)
2014-05-19 15:34:30.000000,-25.4507046835,-49.2871853947,POINT (-49.2871853947 -25.4507046835)
2014-05-19 15:34:40.000000,-25.4507046835,-49.2871853947,POINT (-49.2871853947 -25.4507046835)
2014-05-19 15:34:50.000000,-25.4507046835,-49.2871853947,POINT (-49.2871853947 -25.4507046835)
2014-05-19 15:35:00.000000,-25.4507046835,-49.2871853947,POINT (-49.2871853947 -25.4507046835)
2014-05-19 15:35:10.000000,-25.4507046835,-49.2871853947,POINT (-49.2871853947 -25.4507046835)
2014-05-19 15:35:20.000000,-25.4507046835,-49.2871853947,POINT (-49.2871853947 -25.4507046835)
2014-05-19 15:35:30.000000,-25.4507046835,-49.2871853947,POINT (-49.2871853947 -25.4507046835)
2014-05-19 15:35:40.000000,-25.4507046835,-49.2871853947,POINT (-49.2871853947 -25.4507046835)
2014-05-19 15:35:50.000000,-25.4507046835,-49.2871853947,POINT (-49.2871853947 -25.4507046835)
2014-05-19 15:36:00.000000,-25.4507046835,-49.2871853947,POINT (-49.2871853947 -25.4507046835)
2014-05-19 15:36:10.000000,-25.4507046835,-49.2871853947,POINT (-49.2871853947 -25.4507046835)
2014-05-19 15:36:20.000000,-25.4507046835,-49.2871853947,POINT (-49.2871853947 -25.4507046835)
2014-05-19 15:36:30.000000,-25.4507046835,-49.2871853947,POINT (-49.2871853947 -25.4507046835)
2014-05-19 15:36:40.000000,-25.4507046835,-49.2871853947,POINT (-49.2871853947 -25.4507046835)
2014-05-19 15:36:50.000000,-25.4507046835,-49.2871853947,POINT (-49.2871853947 -25.4507046835)
2014-05-19 15:37:00.000000,-25.4507046835,-49.2871853947,POINT (-49.2871853947 -25.4507046835)
2014-05-19 15:37:10.000000,-25.4507046835,-49.2871853947,POINT (-49.2871853947 -25.4507046835)
2014-05-19 15:37:20.000000,-25.4507046835,-49.2871853947,POINT (-49.2871853947 -25.4507046835)
2014-05-19 15:37:30.000000,-25.4507046835,-49.2871853947,POINT (-49.2871853947 -25.4507046835)
2014-05-19 15:37:40.000000,-25.4507046835,-49.2871853947,POINT (-49.2871853947 -25.4507046835)
2014-05-19 15:37:50.000000,-25.4507046835,-49.2871853947,POINT (-49.2871853947 -25.4507046835)
2014-05-19 15:38:00.000000,-25.4507046835,-49.2871853947,POINT (-49.2871853947 -25.4507046835)
2014-05-19 15:38:10.000000,-25.4507046835,-49.2871853947,POINT (-49.2871853947 -25.4507046835)
2014-05-19 15:38:20.000000,-25.4507046835,-49.2871853947,POINT (-49.2871853947 -25.4507046835)
2014-05-19 15:38:30.000000,-25.4507046835,-49.2871853947,POINT (-49.2871853947 -25.4507046835)
2014-05-19 15:38:40.000000,-25.4507046835,-49.2871853947,POINT (-49.2871853947 -25.4507046835)
2014-05-19 15:38:50.000000,-25.4507046835,-49.2871853947,POINT (-49.2871853947 -25.4507046835)
2014-05-19 15:39:00.000000,-25.4507046835,-49.2871853947,POINT (-49.2871853947 -25.4507046835)
2014-05-19 15:39:10.000000,-25.4507046835,-49.2871853947,POINT (-49.2871853947 -25.4507046835)
2014-05-19 15:39:20.000000,-25.4507046835,-49.2871853947,POINT (-49.2871853947 -25.4507046835)
2014-05-19 15:39:30.000000,-25.4507046835,-49.2871853947,POINT (-49.2871853947 -25.4507046835)
2014-05-19 15:39:40.000000,-25.4507046835,-49.2871853947,POINT (-49.2871853947 -25.4507046835)
2014-05-19 15:39:50.000000,-25.4507046835,-49.2871853947,POINT (-49.2871853947 -25.4507046835)
2014-05-19 15:40:00.000000,-25.4507046835,-49.2871853947,POINT (-49.2871853947 -25.4507046835)
2014-05-19 15:40:10.000000,-25.4507046835,-49.2871853947,POINT (-49.2871853947 -25.4507046835)
2014-05-19 15:40:20.000000,-25.4507046835,-49.2871853947,POINT (-49.2871853947 -25.4507046835)
2014-05-19 15:40:30.000000,-25.4507046835,-49.2871853947,POINT (-49.2871853947 -25.4507046835)
2014-05-19 15:40:40.000000,-25.4507046835,-49.2871853947,POINT (-49.2871853947 -25.4507046835)
2014-05-19 15:40:50.000000,-25.4507046835,-49.2871853947,POINT (-49.2871853947 -25.4507046835)
2014-05-19 15:41:00.000000,-25.4507046835,-49.2871853947,POINT (-49.2871853947 -25.4507046835)
2014-05-19 15:41:10.000000,-25.4507046835,-49.2871853947,POINT (-49.2871853947 -25.4507046835)
2014-05-19 15:41:20.000000,-25.4507046835,-49.2871853947,POINT (-49.2871853947 -25.4507046835)
2014-05-19 15:41:30.000000,-25.4507046835,-49.2871853947,POINT (-49.2871853947 -25.4507046835)
2014-05-19 15:41:40.000000,-25.4507046835,-49.2871853947,POINT (-49.2871853947 -25.4507046835)
2014-05-19 15:41:50.000000,-25.4507046835,-49.2871853947,POINT (-49.2871853947 -25.4507046835)
2014-05-19 15:42:00.000000,-25.4507046835,-49.2871853947,POINT (-49.2871853947 -25.4507046835)
2014-05-19 15:42:10.000000,-25.4507046835,-49.2871853947,POINT (-49.2871853947 -25.4507046835)
2014-05-19 15:42:20.000000,-25.4507046835,-49.2871853947,POINT (-49.2871853947 -25.4507046835)
2014-05-19 15:42:30.000000,-25.4507046835,-49.2871853947,POINT (-49.2871853947 -25.4507046835)
2014-05-19 15:42:40.000000,-25.4507046835,-49.2871853947,POINT (-49.2871853947 -25.4507046835)
2014-05-19 15:42:50.000000,-25.4507046835,-49.2871853947,POINT (-49.2871853947 -25.4507046835)
2014-05-19 15:43:00.000000,-25.4507046835,-49.2871853947,POINT (-49.2871853947 -25.4507046835)
2014-05-19 15:43:10.000000,-25.4507046835,-49.2871853947,POINT (-49.2871853947 -25.4507046835)
2014-05-19 15:43:20.000000,-25.4507046835,-49.2871853947,POINT (-49.2871853947 -25.4507046835)
2014-05-19 15:43:30.000000,-25.4507046835,-49.2871853947,POINT (-49.2871853947 -25.4507046835)
2014-05-19 15:43:40.000000,-25.4507046835,-49.2871853947,POINT (-49.2871853947 -25.4507046835)
2014-05-19 15:43:50.000000,-25.4507046835,-49.2871853947,POINT (-49.2871853947 -25.4507046835)
2014-05-19 15:44:00.000000,-25.4507046835,-49.2871853947,POINT (-49.2871853947 -25.4507046835)
2014-05-19 15:44:10.000000,-25.4507046835,-49.2871853947,POINT (-49.2871853947 -25.4507046835)
2014-05-19 15:44:20.000000,-25.4507046835,-49.2871853947,POINT (-49.2871853947 -25.4507046835)
2014-05-19 15:44:30.000000,-25.4507046835,-49.2871853947,POINT (-49.2871853947 -25.4507046835)
2014-05-19 15:44:40.000000,-25.4507046835,-49.2871853947,POINT (-49.2871853947 -25.4507046835)
2014-05-19 15:44:50.000000,-25.4507046835,-49.2871853947,POINT (-49.2871853947 -25.4507046835)
2014-05-19 15:45:00.000000,-25.4507046835,-49.2871853947,POINT (-49.2871853947 -25.4507046835)
2014-05-19 15:45:10.000000,-25.4507046835,-49.2871853947,POINT (-49.2871853947 -25.4507046835)
2014-05-19 15:45:20.000000,-25.4507046835,-49.2871853947,POINT (-49.2871853947 -25.4507046835)
2014-05-19 15:45:30.000000,-25.4507046835,-49.2871853947,POINT (-49.2871853947 -25.4507046835)
2014-05-19 15:45:40.000000,-25.4507046835,-49.2871853947,POINT (-49.2871853947 -25.4507046835)
2014-05-19 15:45:50.000000,-25.4507046835,-49.2871853947,POINT (-49.2871853947 -25.4507046835)
2014-05-19 15:46:00.000000,-25.4507046835,-49.2871853947,POINT (-49.2871853947 -25.4507046835)
2014-05-19 15:46:10.000000,-25.4507046835,-49.2871853947,POINT (-49.2871853947 -25.4507046835)
2014-05-19 15:46:20.000000,-25.4507046835,-49.2871853947,POINT (-49.2871853947 -25.4507046835)
2014-05-19 15:46:30.000000,-25.4507046835,-49.2871853947,POINT (-49.2871853947 -25.4507046835)
2014-05-19 15:46:40.000000,-25.4507046835,-49.2871853947,POINT (-49.2871853947 -25.4507046835)
2014-05-19 15:46:50.000000,-25.4507046835,-49.2871853947,POINT (-49.2871853947 -25.4507046835)
2014-05-19 15:47:00.000000,-25.4507046835,-49.2871853947,POINT (-49.2871853947 -25.4507046835)
2014-05-19 15:47:10.000000,-25.4507046835,-49.2871853947,POINT (-49.2871853947 -25.4507046835)
2014-05-19 15:47:20.000000,-25.4507046835,-49.2871853947,POINT (-49.2871853947 -25.4507046835)
2014-05-19 15:47:30.000000,-25.4507046835,-49.2871853947,POINT (-49.2871853947 -25.4507046835)
2014-05-19 15:47:40.000000,-25.4507046835,-49.2871853947,POINT (-49.2871853947 -25.4507046835)
2014-05-19 15:47:50.000000,-25.4507046835,-49.2871853947,POINT (-49.2871853947 -25.4507046835)
2014-05-19 15:48:00.000000,-25.4507046835,-49.2871853947,POINT (-49.2871853947 -25.4507046835)
2014-05-19 15:48:10.000000,-25.4507046835,-49.2871853947,POINT (-49.2871853947 -25.4507046835)
2014-05-19 15:48:20.000000,-25.4507046835,-49.2871853947,POINT (-49.2871853947 -25.4507046835)
2014-05-19 15:48:30.000000,-25.4507046835,-49.2871853947,POINT (-49.2871853947 -25.4507046835)
2014-05-19 15:48:40.000000,-25.4507046835,-49.2871853947,POINT (-49.2871853947 -25.4507046835)
2014-05-19 15:48:50.000000,-25.4507046835,-49.2871853947,POINT (-49.2871853947 -25.4507046835)
2014-05-19 15:49:00.000000,-25.4507046835,-49.2871853947,POINT (-49.2871853947 -25.4507046835)
2014-05-19 15:49:10.000000,-25.4507046835,-49.2871853947,POINT (-49.2871853947 -25.4507046835)
2014-05-19 15:49:20.000000,-25.4507046835,-49.2871853947,POINT (-49.2871853947 -25.4507046835)
2014-05-19 15:49:30.000000,-25.4507046835,-49.2871853947,POINT (-49.2871853947 -25.4507046835)
2014-05-19 15:49:40.000000,-25.4507046835,-49.2871853947,POINT (-49.2871853947 -25.4507046835)
2014-05-19 15:49:50.000000,-25.4507046835,-49.2871853947,POINT (-49.2871853947 -25.4507046835)
2014-05-19 15:50:00.000000,-25.4507046835,-49.2871853947,POINT (-49.2871853947 -25.4507046835)
2014-05-19 15:50:10.000000,-25.4507046835,-49.2871853947,POINT (-49.2871853947 -25.4507046835)
2014-05-19 15:50:20.000000,-25.4507046835,-49.2871853947,POINT (-49.2871853947 -25.4507046835)
2014-05-19 15:50:30.000000,-25.4507046835,-49.2871853947,POINT (-49.2871853947 -25.4507046835)
2014-05-19 15:50:40.000000,-25.4507046835,-49.2871853947,POINT (-49.2871853947 -25.4507046835)
2014-05-19 15:50:50.000000,-25.4507046835,-49.2871853947,POINT (-49.2871853947 -25.4507046835)
2014-05-19 15:51:00.000000,-25.4507046835,-49.2871853947,POINT (-49.2871853947 -25.4507046835)
2014-05-19 15:51:10.000000,-25.4507046835,-49.2871853947,POINT (-49.2871853947 -25.4507046835)
2014-05-19 15:51:20.000000,-25.4507046835,-49.2871853947,POINT (-49.2871853947 -25.4507046835)
2014-05-19 15:51:30.000000,-25.4507046835,-49.2871853947,POINT (-49.2871853947 -25.4507046835)
2014-05-19 15:51:40.000000,-25.4507046835,-49.2871853947,POINT (-49.2871853947 -25.4507046835)
2014-05-19 15:51:50.000000,-25.4507046835,-49.2871853947,POINT (-49.2871853947 -25.4507046835)
2014-05-19 15:52:00.000000,-25.4507046835,-49.2871853947,POINT (-49.2871853947 -25.4507046835)
2014-05-19 15:52:10.000000,-25.4507046835,-49.2871853947,POINT (-49.2871853947 -25.4507046835)
2014-05-19 15:52:20.000000,-25.4507046835,-49.2871853947,POINT (-49.2871853947 -25.4507046835)
2014-05-19 15:52:30.000000,-25.4507046835,-49.2871853947,POINT (-49.2871853947 -25.4507046835)
2014-05-19 15:52:40.000000,-25.4507046835,-49.2871853947,POINT (-49.2871853947 -25.4507046835)
2014-05-19 15:52:50.000000,-25.4507046835,-49.2871853947,POINT (-49.2871853947 -25.4507046835)
2014-05-19 15:53:00.000000,-25.4507046835,-49.2871853947,POINT (-49.2871853947 -25.4507046835)
2014-05-19 15:53:10.000000,-25.4507046835,-49.2871853947,POINT (-49.2871853947 -25.4507046835)
2014-05-19 15:53:20.000000,-25.4507046835,-49.2871853947,POINT (-49.2871853947 -25.4507046835)
2014-05-19 15:53:30.000000,-25.4507046835,-49.2871853947,POINT (-49.2871853947 -25.4507046835)
2014-05-19 15:53:40.000000,-25.4507046835,-49.2871853947,POINT (-49.2871853947 -25.4507046835)
2014-05-19 15:53:50.000000,-25.4507046835,-49.2871853947,POINT (-49.2871853947 -25.4507046835)
2014-05-19 15:54:00.000000,-25.4507046835,-49.2871853947,POINT (-49.2871853947 -25.4507046835)
2014-05-19 15:54:10.000000,-25.4507046835,-49.2871853947,POINT (-49.2871853947 -25.4507046835)
2014-05-19 15:54:20.000000,-25.4507046835,-49.2871853947,POINT (-49.2871853947 -25.4507046835)
2014-05-19 15:54:30.000000,-25.4507046835,-49.2871853947,POINT (-49.2871853947 -25.4507046835)
2014-05-19 15:54:40.000000,-25.4507046835,-49.2871853947,POINT (-49.2871853947 -25.4507046835)
2014-05-19 15:54:50.000000,-25.4507046835,-49.2871853947,POINT (-49.2871853947 -25.4507046835)
2014-05-19 15:55:00.000000,-25.4507046835,-49.2871853947,POINT (-49.2871853947 -25.4507046835)
2014-05-19 15:55:10.000000,-25.4507046835,-49.2871853947,POINT (-49.2871853947 -25.4507046835)
2014-05-19 15:55:20.000000,-25.4507046835,-49.2871853947,POINT (-49.2871853947 -25.4507046835)
2014-05-19 15:55:30.000000,-25.4507046835,-49.2871853947,POINT (-49.2871853947 -25.4507046835)
2014-05-19 15:55:40.000000,-25.4507046835,-49.2871853947,POINT (-49.2871853947 -25.4507046835)
2014-05-19 15:55:50.000000,-25.4507046835,-49.2871853947,POINT (-49.2871853947 -25.4507046835)
2014-05-19 15:56:00.000000,-25.4507046835,-49.2871853947,POINT (-49.2871853947 -25.4507046835)
2014-05-19 15:56:10.000000,-25.4507046835,-49.2871853947,POINT (-49.2871853947 -25.4507046835)
2014-05-19 15:56:20.000000,-25.4507046835,-49.2871853947,POINT (-49.2871853947 -25.4507046835)
2014-05-19 15:56:30.000000,-25.4507046835,-49.2871853947,POINT (-49.2871853947 -25.4507046835)
2014-05-19 15:56:40.000000,-25.4507046835,-49.2871853947,POINT (-49.2871853947 -25.4507046835)
2014-05-19 15:56:50.000000,-25.4507046835,-49.2871853947,POINT (-49.2871853947 -25.4507046835)
2014-05-19 15:57:00.000000,-25.4507046835,-49.2871853947,POINT (-49.2871853947 -25.4507046835)
2014-05-19 15:57:10.000000,-25.4507046835,-49.2871853947,POINT (-49.2871853947 -25.4507046835)
2014-05-19 15:57:20.000000,-25.4507046835,-49.2871853947,POINT (-49.2871853947 -25.4507046835)
2014-05-19 15:57:30.000000,-25.4507046835,-49.2871853947,POINT (-49.2871853947 -25.4507046835)
2014-05-19 15:57:40.000000,-25.4507046835,-49.2871853947,POINT (-49.2871853947 -25.4507046835)
2014-05-19 15:57:50.000000,-25.4507046835,-49.2871853947,POINT (-49.2871853947 -25.4507046835)
2014-05-19 15:58:00.000000,-25.4507046835,-49.2871853947,POINT (-49.2871853947 -25.4507046835)
2014-05-19 15:58:10.000000,-25.4507046835,-49.2871853947,POINT (-49.2871853947 -25.4507046835)
2014-05-19 15:58:20.000000,-25.4507046835,-49.2871853947,POINT (-49.2871853947 -25.4507046835)
2014-05-19 15:58:30.000000,-25.4507046835,-49.2871853947,POINT (-49.2871853947 -25.4507046835)
2014-05-19 15:58:40.000000,-25.4507046835,-49.2871853947,POINT (-49.2871853947 -25.4507046835)
2014-05-19 15:58:50.000000,-25.4507046835,-49.2871853947,POINT (-49.2871853947 -25.4507046835)
2014-05-19 15:59:00.000000,-25.4507046835,-49.2871853947,POINT (-49.2871853947 -25.4507046835)
2014-05-19 15:59:10.000000,-25.4507046835,-49.2871853947,POINT (-49.2871853947 -25.4507046835)
2014-05-19 15:59:20.000000,-25.4507046835,-49.2871853947,POINT (-49.2871853947 -25.4507046835)
2014-05-19 15:59:30.000000,-25.4507046835,-49.2871853947,POINT (-49.2871853947 -25.4507046835)
2014-05-19 15:59:40.000000,-25.4507046835,-49.2871853947,POINT (-49.2871853947 -25.4507046835)
2014-05-19 15:59:50.000000,-25.4507046835,-49.2871853947,POINT (-49.2871853947 -25.4507046835)
2014-05-19 16:00:00.000000,-25.4507046835,-49.2871853947,POINT (-49.2871853947 -25.4507046835)
2014-05-19 16:00:10.000000,-25.4507046835,-49.2871853947,POINT (-49.2871853947 -25.4507046835)
2014-05-19 16:00:20.000000,-25.4507046835,-49.2871853947,POINT (-49.2871853947 -25.4507046835)
2014-05-19 16:00:30.000000,-25.4507046835,-49.2871853947,POINT (-49.2871853947 -25.4507046835)
2014-05-19 16:00:40.000000,-25.4507046835,-49.2871853947,POINT (-49.2871853947 -25.4507046835)
2014-05-19 16:00:50.000000,-25.4507046835,-49.2871853947,POINT (-49.2871853947 -25.4507046835)
2014-05-19 16:01:00.000000,-25.4507046835,-49.2871853947,POINT (-49.2871853947 -25.4507046835)
2014-05-19 16:01:10.000000,-25.4507046835,-49.2871853947,POINT (-49.2871853947 -25.4507046835)
2014-05-19 16:01:20.000000,-25.4507046835,-49.2871853947,POINT (-49.2871853947 -25.4507046835)
2014-05-19 16:01:30.000000,-25.4507046835,-49.2871853947,POINT (-49.2871853947 -25.4507046835)
2014-05-19 16:01:40.000000,-25.4507046835,-49.2871853947,POINT (-49.2871853947 -25.4507046835)
2014-05-19 16:01:50.000000,-25.4507046835,-49.2871853947,POINT (-49.2871853947 -25.4507046835)
2014-05-19 16:02:00.000000,-25.4507046835,-49.2871853947,POINT (-49.2871853947 -25.4507046835)
2014-05-19 16:02:10.000000,-25.4507046835,-49.2871853947,POINT (-49.2871853947 -25.4507046835)
2014-05-19 16:02:20.000000,-25.4507046835,-49.2871853947,POINT (-49.2871853947 -25.4507046835)
2014-05-19 16:02:30.000000,-25.4507046835,-49.2871853947,POINT (-49.2871853947 -25.4507046835)
2014-05-19 16:02:40.000000,-25.4507046835,-49.2871853947,POINT (-49.2871853947 -25.4507046835)
2014-05-19 16:02:50.000000,-25.4507046835,-49.2871853947,POINT (-49.2871853947 -25.4507046835)
2014-05-19 16:03:00.000000,-25.4507046835,-49.2871853947,POINT (-49.2871853947 -25.4507046835)
2014-05-19 16:03:10.000000,-25.4507046835,-49.2871853947,POINT (-49.2871853947 -25.4507046835)
2014-05-19 16:03:20.000000,-25.4507046835,-49.2871853947,POINT (-49.2871853947 -25.4507046835)
2014-05-19 16:03:30.000000,-25.4507046835,-49.2871853947,POINT (-49.2871853947 -25.4507046835)
2014-05-19 16:03:40.000000,-25.4507046835,-49.2871853947,POINT (-49.2871853947 -25.4507046835)
2014-05-19 16:03:50.000000,-25.4507046835,-49.2871853947,POINT (-49.2871853947 -25.4507046835)
2014-05-19 16:04:00.000000,-25.4507046835,-49.2871853947,POINT (-49.2871853947 -25.4507046835)
2014-05-19 16:04:10.000000,-25.4507046835,-49.2871853947,POINT (-49.2871853947 -25.4507046835)
2014-05-19 16:04:20.000000,-25.4507046835,-49.2871853947,POINT (-49.2871853947 -25.4507046835)
2014-05-19 16:04:30.000000,-25.4507046835,-49.2871853947,POINT (-49.2871853947 -25.4507046835)
2014-05-19 16:04:40.000000,-25.4507046835,-49.2871853947,POINT (-49.2871853947 -25.4507046835)
2014-05-19 16:04:50.000000,-25.4507046835,-49.2871853947,POINT (-49.2871853947 -25.4507046835)
2014-05-19 16:05:00.000000,-25.4507046835,-49.2871853947,POINT (-49.2871853947 -25.4507046835)
2014-05-19 16:05:10.000000,-25.4507046835,-49.2871853947,POINT (-49.2871853947 -25.4507046835)
2014-05-19 16:05:20.000000,-25.4507046835,-49.2871853947,POINT (-49.2871853947 -25.4507046835)
2014-05-19 16:05:30.000000,-25.4507046835,-49.2871853947,POINT (-49.2871853947 -25.4507046835)
2014-05-19 16:05:40.000000,-25.4507046835,-49.2871853947,POINT (-49.2871853947 -25.4507046835)
2014-05-19 16:05:50.000000,-25.4507046835,-49.2871853947,POINT (-49.2871853947 -25.4507046835)
2014-05-19 16:06:00.000000,-25.4507046835,-49.2871853947,POINT (-49.2871853947 -25.4507046835)
2014-05-19 16:06:10.000000,-25.4507046835,-49.2871853947,POINT (-49.2871853947 -25.4507046835)
2014-05-19 16:06:20.000000,-25.4507046835,-49.2871853947,POINT (-49.2871853947 -25.4507046835)
2014-05-19 16:06:30.000000,-25.4507046835,-49.2871853947,POINT (-49.2871853947 -25.4507046835)
2014-05-19 16:06:40.000000,-25.4507046835,-49.2871853947,POINT (-49.2871853947 -25.4507046835)
2014-05-19 16:06:50.000000,-25.4507046835,-49.2871853947,POINT (-49.2871853947 -25.4507046835)
2014-05-19 16:07:00.000000,-25.4507046835,-49.2871853947,POINT (-49.2871853947 -25.4507046835)
2014-05-19 16:07:10.000000,-25.4507046835,-49.2871853947,POINT (-49.2871853947 -25.4507046835)
2014-05-19 16:07:20.000000,-25.4507046835,-49.2871853947,POINT (-49.2871853947 -25.4507046835)
2014-05-19 16:07:30.000000,-25.4507046835,-49.2871853947,POINT (-49.2871853947 -25.4507046835)
2014-05-19 16:07:40.000000,-25.4507046835,-49.2871853947,POINT (-49.2871853947 -25.4507046835)
2014-05-19 16:07:50.000000,-25.4507046835,-49.2871853947,POINT (-49.2871853947 -25.4507046835)
2014-05-19 16:08:00.000000,-25.4507046835,-49.2871853947,POINT (-49.2871853947 -25.4507046835)
2014-05-19 16:08:10.000000,-25.4507046835,-49.2871853947,POINT (-49.2871853947 -25.4507046835)
2014-05-19 16:08:20.000000,-25.4507046835,-49.2871853947,POINT (-49.2871853947 -25.4507046835)
2014-05-19 16:08:30.000000,-25.4507046835,-49.2871853947,POINT (-49.2871853947 -25.4507046835)
2014-05-19 16:08:40.000000,-25.4507046835,-49.2871853947,POINT (-49.2871853947 -25.4507046835)
2014-05-19 16:08:50.000000,-25.4507046835,-49.2871853947,POINT (-49.2871853947 -25.4507046835)
2014-05-19 16:09:00.000000,-25.4507046835,-49.2871853947,POINT (-49.2871853947 -25.4507046835)
2014-05-19 16:09:10.000000,-25.4507046835,-49.2871853947,POINT (-49.2871853947 -25.4507046835)
2014-05-19 16:09:20.000000,-25.4507046835,-49.2871853947,POINT (-49.2871853947 -25.4507046835)
2014-05-19 16:09:30.000000,-25.4507046835,-49.2871853947,POINT (-49.2871853947 -25.4507046835)
2014-05-19 16:09:40.000000,-25.4507046835,-49.2871853947,POINT (-49.2871853947 -25.4507046835)
2014-05-19 16:09:50.000000,-25.4507046835,-49.2871853947,POINT (-49.2871853947 -25.4507046835)
2014-05-19 16:10:00.000000,-25.4507046835,-49.2871853947,POINT (-49.2871853947 -25.4507046835)
2014-05-19 16:10:10.000000,-25.4507046835,-49.2871853947,POINT (-49.2871853947 -25.4507046835)
2014-05-19 16:10:20.000000,-25.4507046835,-49.2871853947,POINT (-49.2871853947 -25.4507046835)
2014-05-19 16:10:30.000000,-25.4507046835,-49.2871853947,POINT (-49.2871853947 -25.4507046835)
2014-05-19 16:10:40.000000,-25.4507046835,-49.2871853947,POINT (-49.2871853947 -25.4507046835)
2014-05-19 16:10:50.000000,-25.4507046835,-49.2871853947,POINT (-49.2871853947 -25.4507046835)
2014-05-19 16:11:00.000000,-25.4507046835,-49.2871853947,POINT (-49.2871853947 -25.4507046835)
2014-05-19 16:11:10.000000,-25.4507046835,-49.2871853947,POINT (-49.2871853947 -25.4507046835)
2014-05-19 16:11:20.000000,-25.4507046835,-49.2871853947,POINT (-49.2871853947 -25.4507046835)
2014-05-19 16:11:30.000000,-25.4507046835,-49.2871853947,POINT (-49.2871853947 -25.4507046835)
2014-05-19 16:11:40.000000,-25.4507046835,-49.2871853947,POINT (-49.2871853947 -25.4507046835)
2014-05-19 16:11:50.000000,-25.4507046835,-49.2871853947,POINT (-49.2871853947 -25.4507046835)
2014-05-19 16:12:00.000000,-25.4507046835,-49.2871853947,POINT (-49.2871853947 -25.4507046835)
2014-05-19 16:12:10.000000,-25.4507046835,-49.2871853947,POINT (-49.2871853947 -25.4507046835)
2014-05-19 16:12:20.000000,-25.4507046835,-49.2871853947,POINT (-49.2871853947 -25.4507046835)
2014-05-19 16:12:30.000000,-25.4507046835,-49.2871853947,POINT (-49.2871853947 -25.4507046835)
2014-05-19 16:12:40.000000,-25.4507046835,-49.2871853947,POINT (-49.2871853947 -25.4507046835)
2014-05-19 16:12:50.000000,-25.4507046835,-49.2871853947,POINT (-49.2871853947 -25.4507046835)
2014-05-19 16:13:00.000000,-25.4507046835,-49.2871853947,POINT (-49.2871853947 -25.4507046835)
2014-05-19 16:13:10.000000,-25.4507046835,-49.2871853947,POINT (-49.2871853947 -25.4507046835)
2014-05-19 16:13:20.000000,-25.4507046835,-49.2871853947,POINT (-49.2871853947 -25.4507046835)
2014-05-19 16:13:30.000000,-25.4507046835,-49.2871853947,POINT (-49.2871853947 -25.4507046835)
2014-05-19 16:13:40.000000,-25.4507046835,-49.2871853947,POINT (-49.2871853947 -25.4507046835)
2014-05-19 16:13:50.000000,-25.4507046835,-49.2871853947,POINT (-49.2871853947 -25.4507046835)
2014-05-19 16:14:00.000000,-25.4507046835,-49.2871853947,POINT (-49.2871853947 -25.4507046835)
2014-05-19 16:14:10.000000,-25.4507046835,-49.2871853947,POINT (-49.2871853947 -25.4507046835)
2014-05-19 16:14:20.000000,-25.4507046835,-49.2871853947,POINT (-49.2871853947 -25.4507046835)
2014-05-19 16:14:30.000000,-25.4507046835,-49.2871853947,POINT (-49.2871853947 -25.4507046835)
2014-05-19 16:14:40.000000,-25.4507046835,-49.2871853947,POINT (-49.2871853947 -25.4507046835)
2014-05-19 16:14:50.000000,-25.4507046835,-49.2871853947,POINT (-49.2871853947 -25.4507046835)
2014-05-19 16:15:00.000000,-25.4507046835,-49.2871853947,POINT (-49.2871853947 -25.4507046835)
2014-05-19 16:15:10.000000,-25.4507046835,-49.2871853947,POINT (-49.2871853947 -25.4507046835)
2014-05-19 16:15:20.000000,-25.4507046835,-49.2871853947,POINT (-49.2871853947 -25.4507046835)
2014-05-19 16:15:30.000000,-25.4507046835,-49.2871853947,POINT (-49.2871853947 -25.4507046835)
2014-05-19 16:15:40.000000,-25.4507046835,-49.2871853947,POINT (-49.2871853947 -25.4507046835)
2014-05-19 16:15:50.000000,-25.4507046835,-49.2871853947,POINT (-49.2871853947 -25.4507046835)
2014-05-19 16:16:00.000000,-25.4507046835,-49.2871853947,POINT (-49.2871853947 -25.4507046835)
2014-05-19 16:16:10.000000,-25.4507046835,-49.2871853947,POINT (-49.2871853947 -25.4507046835)
2014-05-19 16:16:20.000000,-25.4507046835,-49.2871853947,POINT (-49.2871853947 -25.4507046835)
2014-05-19 16:16:30.000000,-25.4507046835,-49.2871853947,POINT (-49.2871853947 -25.4507046835)
2014-05-19 16:16:40.000000,-25.4507046835,-49.2871853947,POINT (-49.2871853947 -25.4507046835)
2014-05-19 16:16:50.000000,-25.4507046835,-49.2871853947,POINT (-49.2871853947 -25.4507046835)
2014-05-19 16:17:00.000000,-25.4507046835,-49.2871853947,POINT (-49.2871853947 -25.4507046835)
2014-05-19 16:17:10.000000,-25.4507046835,-49.2871853947,POINT (-49.2871853947 -25.4507046835)
2014-05-19 16:17:20.000000,-25.4507046835,-49.2871853947,POINT (-49.2871853947 -25.4507046835)
2014-05-19 16:17:30.000000,-25.4507046835,-49.2871853947,POINT (-49.2871853947 -25.4507046835)
2014-05-19 16:17:40.000000,-25.4507046835,-49.2871853947,POINT (-49.2871853947 -25.4507046835)
2014-05-19 16:17:50.000000,-25.4507046835,-49.2871853947,POINT (-49.2871853947 -25.4507046835)
2014-05-19 16:18:00.000000,-25.4507046835,-49.2871853947,POINT (-49.2871853947 -25.4507046835)
2014-05-19 16:18:10.000000,-25.4507046835,-49.2871853947,POINT (-49.2871853947 -25.4507046835)
2014-05-19 16:18:20.000000,-25.4507046835,-49.2871853947,POINT (-49.2871853947 -25.4507046835)
2014-05-19 16:18:30.000000,-25.4507046835,-49.2871853947,POINT (-49.2871853947 -25.4507046835)
2014-05-19 16:18:40.000000,-25.4507046835,-49.2871853947,POINT (-49.2871853947 -25.4507046835)
2014-05-19 16:18:50.000000,-25.4507046835,-49.2871853947,POINT (-49.2871853947 -25.4507046835)
2014-05-19 16:19:00.000000,-25.4507046835,-49.2871853947,POINT (-49.2871853947 -25.4507046835)
2014-05-19 16:19:10.000000,-25.4507046835,-49.2871853947,POINT (-49.2871853947 -25.4507046835)
2014-05-19 16:19:20.000000,-25.4507046835,-49.2871853947,POINT (-49.2871853947 -25.4507046835)
2014-05-19 16:19:30.000000,-25.4507046835,-49.2871853947,POINT (-49.2871853947 -25.4507046835)
2014-05-19 16:19:40.000000,-25.4507046835,-49.2871853947,POINT (-49.2871853947 -25.4507046835)
2014-05-19 16:19:50.000000,-25.4507046835,-49.2871853947,POINT (-49.2871853947 -25.4507046835)
2014-05-19 16:20:00.000000,-25.4507046835,-49.2871853947,POINT (-49.2871853947 -25.4507046835)
2014-05-19 16:20:10.000000,-25.4507046835,-49.2871853947,POINT (-49.2871853947 -25.4507046835)
2014-05-19 16:20:20.000000,-25.4507046835,-49.2871853947,POINT (-49.2871853947 -25.4507046835)
2014-05-19 16:20:30.000000,-25.4507046835,-49.2871853947,POINT (-49.2871853947 -25.4507046835)
2014-05-19 16:20:40.000000,-25.4507046835,-49.2871853947,POINT (-49.2871853947 -25.4507046835)
2014-05-19 16:20:50.000000,-25.4507046835,-49.2871853947,POINT (-49.2871853947 -25.4507046835)
2014-05-19 16:21:00.000000,-25.4507046835,-49.2871853947,POINT (-49.2871853947 -25.4507046835)
2014-05-19 16:21:10.000000,-25.4507046835,-49.2871853947,POINT (-49.2871853947 -25.4507046835)
2014-05-19 16:21:20.000000,-25.4507046835,-49.2871853947,POINT (-49.2871853947 -25.4507046835)
2014-05-19 16:21:30.000000,-25.4507046835,-49.2871853947,POINT (-49.2871853947 -25.4507046835)
2014-05-19 16:21:40.000000,-25.4507046835,-49.2871853947,POINT (-49.2871853947 -25.4507046835)
2014-05-19 16:21:50.000000,-25.4507046835,-49.2871853947,POINT (-49.2871853947 -25.4507046835)
2014-05-19 16:22:00.000000,-25.4507046835,-49.2871853947,POINT (-49.2871853947 -25.4507046835)
2014-05-19 16:22:10.000000,-25.4507046835,-49.2871853947,POINT (-49.2871853947 -25.4507046835)
2014-05-19 16:22:20.000000,-25.4507046835,-49.2871853947,POINT (-49.2871853947 -25.4507046835)
2014-05-19 16:22:30.000000,-25.4507046835,-49.2871853947,POINT (-49.2871853947 -25.4507046835)
2014-05-19 16:22:40.000000,-25.4507046835,-49.2871853947,POINT (-49.2871853947 -25.4507046835)
2014-05-19 16:22:50.000000,-25.4507046835,-49.2871853947,POINT (-49.2871853947 -25.4507046835)
2014-05-19 16:23:00.000000,-25.4507046835,-49.2871853947,POINT (-49.2871853947 -25.4507046835)
2014-05-19 16:23:10.000000,-25.4507046835,-49.2871853947,POINT (-49.2871853947 -25.4507046835)
2014-05-19 16:23:20.000000,-25.4507046835,-49.2871853947,POINT (-49.2871853947 -25.4507046835)
2014-05-19 16:23:30.000000,-25.4507046835,-49.2871853947,POINT (-49.2871853947 -25.4507046835)
2014-05-19 16:23:40.000000,-25.4507046835,-49.2871853947,POINT (-49.2871853947 -25.4507046835)
2014-05-19 16:23:50.000000,-25.4507046835,-49.2871853947,POINT (-49.2871853947 -25.4507046835)
2014-05-19 16:24:00.000000,-25.4507046835,-49.2871853947,POINT (-49.2871853947 -25.4507046835)
2014-05-19 16:24:10.000000,-25.4507046835,-49.2871853947,POINT (-49.2871853947 -25.4507046835)
2014-05-19 16:24:20.000000,-25.4507046835,-49.2871853947,POINT (-49.2871853947 -25.4507046835)
2014-05-19 16:24:30.000000,-25.4507046835,-49.2871853947,POINT (-49.2871853947 -25.4507046835)
2014-05-19 16:24:40.000000,-25.4507046835,-49.2871853947,POINT (-49.2871853947 -25.4507046835)
2014-05-19 16:24:50.000000,-25.4507046835,-49.2871853947,POINT (-49.2871853947 -25.4507046835)
2014-05-19 16:25:00.000000,-25.4507046835,-49.2871853947,POINT (-49.2871853947 -25.4507046835)
2014-05-19 16:25:10.000000,-25.4507046835,-49.2871853947,POINT (-49.2871853947 -25.4507046835)
2014-05-19 16:25:20.000000,-25.4507046835,-49.2871853947,POINT (-49.2871853947 -25.4507046835)
2014-05-19 16:25:30.000000,-25.4507046835,-49.2871853947,POINT (-49.2871853947 -25.4507046835)
2014-05-19 16:25:40.000000,-25.4507046835,-49.2871853947,POINT (-49.2871853947 -25.4507046835)
2014-05-19 16:25:50.000000,-25.4507046835,-49.2871853947,POINT (-49.2871853947 -25.4507046835)
2014-05-19 16:26:00.000000,-25.4507046835,-49.2871853947,POINT (-49.2871853947 -25.4507046835)
2014-05-19 16:26:10.000000,-25.4507046835,-49.2871853947,POINT (-49.2871853947 -25.4507046835)
2014-05-19 16:26:20.000000,-25.4507046835,-49.2871853947,POINT (-49.2871853947 -25.4507046835)
2014-05-19 16:26:30.000000,-25.4507046835,-49.2871853947,POINT (-49.2871853947 -25.4507046835)
2014-05-19 16:26:40.000000,-25.4507046835,-49.2871853947,POINT (-49.2871853947 -25.4507046835)
2014-05-19 16:26:50.000000,-25.4507046835,-49.2871853947,POINT (-49.2871853947 -25.4507046835)
2014-05-19 16:27:00.000000,-25.4507046835,-49.2871853947,POINT (-49.2871853947 -25.4507046835)
2014-05-19 16:27:10.000000,-25.4507046835,-49.2871853947,POINT (-49.2871853947 -25.4507046835)
2014-05-19 16:27:20.000000,-25.4507046835,-49.2871853947,POINT (-49.2871853947 -25.4507046835)
2014-05-19 16:27:30.000000,-25.4507046835,-49.2871853947,POINT (-49.2871853947 -25.4507046835)
2014-05-19 16:27:40.000000,-25.4507046835,-49.2871853947,POINT (-49.2871853947 -25.4507046835)
2014-05-19 16:27:50.000000,-25.4507046835,-49.2871853947,POINT (-49.2871853947 -25.4507046835)
2014-05-19 16:28:00.000000,-25.4507046835,-49.2871853947,POINT (-49.2871853947 -25.4507046835)
2014-05-19 16:28:10.000000,-25.4507046835,-49.2871853947,POINT (-49.2871853947 -25.4507046835)
2014-05-19 16:28:20.000000,-25.4507046835,-49.2871853947,POINT (-49.2871853947 -25.4507046835)
2014-05-19 16:28:30.000000,-25.4507046835,-49.2871853947,POINT (-49.2871853947 -25.4507046835)
2014-05-19 16:28:40.000000,-25.4507046835,-49.2871853947,POINT (-49.2871853947 -25.4507046835)
2014-05-19 16:28:50.000000,-25.4507046835,-49.2871853947,POINT (-49.2871853947 -25.4507046835)
2014-05-19 16:29:00.000000,-25.4507046835,-49.2871853947,POINT (-49.2871853947 -25.4507046835)
2014-05-19 16:29:10.000000,-25.4507046835,-49.2871853947,POINT (-49.2871853947 -25.4507046835)
2014-05-19 16:29:20.000000,-25.4507046835,-49.2871853947,POINT (-49.2871853947 -25.4507046835)
2014-05-19 16:29:30.000000,-25.4507046835,-49.2871853947,POINT (-49.2871853947 -25.4507046835)
2014-05-19 16:29:40.000000,-25.4507046835,-49.2871853947,POINT (-49.2871853947 -25.4507046835)
2014-05-19 16:29:50.000000,-25.4507046835,-49.2871853947,POINT (-49.2871853947 -25.4507046835)
2014-05-19 16:30:00.000000,-25.4507046835,-49.2871853947,POINT (-49.2871853947 -25.4507046835)
2014-05-19 16:30:10.000000,-25.4507046835,-49.2871853947,POINT (-49.2871853947 -25.4507046835)
2014-05-19 16:30:20.000000,-25.4507046835,-49.2871853947,POINT (-49.2871853947 -25.4507046835)
2014-05-19 16:30:30.000000,-25.4507046835,-49.2871853947,POINT (-49.2871853947 -25.4507046835)
2014-05-19 16:30:40.000000,-25.4507046835,-49.2871853947,POINT (-49.2871853947 -25.4507046835)
2014-05-19 16:30:50.000000,-25.4507046835,-49.2871853947,POINT (-49.2871853947 -25.4507046835)
2014-05-19 16:31:00.000000,-25.4507046835,-49.2871853947,POINT (-49.2871853947 -25.4507046835)
2014-05-19 16:31:10.000000,-25.4507046835,-49.2871853947,POINT (-49.2871853947 -25.4507046835)
2014-05-19 16:31:20.000000,-25.4507046835,-49.2871853947,POINT (-49.2871853947 -25.4507046835)
2014-05-19 16:31:30.000000,-25.4507046835,-49.2871853947,POINT (-49.2871853947 -25.4507046835)
2014-05-19 16:31:40.000000,-25.4507046835,-49.2871853947,POINT (-49.2871853947 -25.4507046835)
2014-05-19 16:31:50.000000,-25.4507046835,-49.2871853947,POINT (-49.2871853947 -25.4507046835)
2014-05-19 16:32:00.000000,-25.4507046835,-49.2871853947,POINT (-49.2871853947 -25.4507046835)
2014-05-19 16:32:10.000000,-25.4507046835,-49.2871853947,POINT (-49.2871853947 -25.4507046835)
2014-05-19 16:32:20.000000,-25.4507046835,-49.2871853947,POINT (-49.2871853947 -25.4507046835)
2014-05-19 16:32:30.000000,-25.4507046835,-49.2871853947,POINT (-49.2871853947 -25.4507046835)
2014-05-19 16:32:40.000000,-25.4507046835,-49.2871853947,POINT (-49.2871853947 -25.4507046835)
2014-05-19 16:32:50.000000,-25.4507046835,-49.2871853947,POINT (-49.2871853947 -25.4507046835)
2014-05-19 16:33:00.000000,-25.4507046835,-49.2871853947,POINT (-49.2871853947 -25.4507046835)
2014-05-19 16:33:10.000000,-25.4507046835,-49.2871853947,POINT (-49.2871853947 -25.4507046835)
2014-05-19 16:33:20.000000,-25.4507046835,-49.2871853947,POINT (-49.2871853947 -25.4507046835)
2014-05-19 16:33:30.000000,-25.4507046835,-49.2871853947,POINT (-49.2871853947 -25.4507046835)
2014-05-19 16:33:40.000000,-25.4507046835,-49.2871853947,POINT (-49.2871853947 -25.4507046835)
2014-05-19 16:33:50.000000,-25.4507046835,-49.2871853947,POINT (-49.2871853947 -25.4507046835)
2014-05-19 16:34:00.000000,-25.4507046835,-49.2871853947,POINT (-49.2871853947 -25.4507046835)
2014-05-19 16:34:10.000000,-25.4507046835,-49.2871853947,POINT (-49.2871853947 -25.4507046835)
2014-05-19 16:34:20.000000,-25.4507046835,-49.2871853947,POINT (-49.2871853947 -25.4507046835)
2014-05-19 16:34:30.000000,-25.4507046835,-49.2871853947,POINT (-49.2871853947 -25.4507046835)
2014-05-19 16:34:40.000000,-25.4507046835,-49.2871853947,POINT (-49.2871853947 -25.4507046835)
2014-05-19 16:34:50.000000,-25.4507046835,-49.2871853947,POINT (-49.2871853947 -25.4507046835)
2014-05-19 16:35:00.000000,-25.4507046835,-49.2871853947,POINT (-49.2871853947 -25.4507046835)
2014-05-19 16:35:10.000000,-25.4507046835,-49.2871853947,POINT (-49.2871853947 -25.4507046835)
2014-05-19 16:35:20.000000,-25.4507046835,-49.2871853947,POINT (-49.2871853947 -25.4507046835)
2014-05-19 16:35:30.000000,-25.4507046835,-49.2871853947,POINT (-49.2871853947 -25.4507046835)
2014-05-19 16:35:40.000000,-25.4507046835,-49.2871853947,POINT (-49.2871853947 -25.4507046835)
2014-05-19 16:35:50.000000,-25.4507046835,-49.2871853947,POINT (-49.2871853947 -25.4507046835)
2014-05-19 16:36:00.000000,-25.4507046835,-49.2871853947,POINT (-49.2871853947 -25.4507046835)
2014-05-19 16:36:10.000000,-25.4507046835,-49.2871853947,POINT (-49.2871853947 -25.4507046835)
2014-05-19 16:36:20.000000,-25.4507046835,-49.2871853947,POINT (-49.2871853947 -25.4507046835)
2014-05-19 16:36:30.000000,-25.4507046835,-49.2871853947,POINT (-49.2871853947 -25.4507046835)
2014-05-19 16:36:40.000000,-25.4507046835,-49.2871853947,POINT (-49.2871853947 -25.4507046835)
2014-05-19 16:36:50.000000,-25.4507046835,-49.2871853947,POINT (-49.2871853947 -25.4507046835)
2014-05-19 16:37:00.000000,-25.4507046835,-49.2871853947,POINT (-49.2871853947 -25.4507046835)
2014-05-19 16:37:10.000000,-25.4507046835,-49.2871853947,POINT (-49.2871853947 -25.4507046835)
2014-05-19 16:37:20.000000,-25.4507046835,-49.2871853947,POINT (-49.2871853947 -25.4507046835)
2014-05-19 16:37:30.000000,-25.4507046835,-49.2871853947,POINT (-49.2871853947 -25.4507046835)
2014-05-19 16:37:40.000000,-25.4507046835,-49.2871853947,POINT (-49.2871853947 -25.4507046835)
2014-05-19 16:37:50.000000,-25.4507046835,-49.2871853947,POINT (-49.2871853947 -25.4507046835)
2014-05-19 16:38:00.000000,-25.4507046835,-49.2871853947,POINT (-49.2871853947 -25.4507046835)
2014-05-19 16:38:10.000000,-25.4507046835,-49.2871853947,POINT (-49.2871853947 -25.4507046835)
2014-05-19 16:38:20.000000,-25.4507046835,-49.2871853947,POINT (-49.2871853947 -25.4507046835)
2014-05-19 16:38:30.000000,-25.4507046835,-49.2871853947,POINT (-49.2871853947 -25.4507046835)
2014-05-19 16:38:40.000000,-25.4507046835,-49.2871853947,POINT (-49.2871853947 -25.4507046835)
2014-05-19 16:38:50.000000,-25.4507046835,-49.2871853947,POINT (-49.2871853947 -25.4507046835)
2014-05-19 16:39:00.000000,-25.4507046835,-49.2871853947,POINT (-49.2871853947 -25.4507046835)
2014-05-19 16:39:10.000000,-25.4507046835,-49.2871853947,POINT (-49.2871853947 -25.4507046835)
2014-05-19 16:39:20.000000,-25.4507046835,-49.2871853947,POINT (-49.2871853947 -25.4507046835)
2014-05-19 16:39:30.000000,-25.4507046835,-49.2871853947,POINT (-49.2871853947 -25.4507046835)
2014-05-19 16:39:40.000000,-25.4507046835,-49.2871853947,POINT (-49.2871853947 -25.4507046835)
2014-05-19 16:39:50.000000,-25.4507046835,-49.2871853947,POINT (-49.2871853947 -25.4507046835)
2014-05-19 16:40:00.000000,-25.4507046835,-49.2871853947,POINT (-49.2871853947 -25.4507046835)
2014-05-19 16:40:10.000000,-25.4507046835,-49.2871853947,POINT (-49.2871853947 -25.4507046835)
2014-05-19 16:40:20.000000,-25.4507046835,-49.2871853947,POINT (-49.2871853947 -25.4507046835)
2014-05-19 16:40:30.000000,-25.4507046835,-49.2871853947,POINT (-49.2871853947 -25.4507046835)
2014-05-19 16:40:40.000000,-25.4507046835,-49.2871853947,POINT (-49.2871853947 -25.4507046835)
2014-05-19 16:40:50.000000,-25.4507046835,-49.2871853947,POINT (-49.2871853947 -25.4507046835)
2014-05-19 16:41:00.000000,-25.4507046835,-49.2871853947,POINT (-49.2871853947 -25.4507046835)
2014-05-19 16:41:10.000000,-25.4507046835,-49.2871853947,POINT (-49.2871853947 -25.4507046835)
2014-05-19 16:41:20.000000,-25.4507046835,-49.2871853947,POINT (-49.2871853947 -25.4507046835)
2014-05-19 16:41:30.000000,-25.4507046835,-49.2871853947,POINT (-49.2871853947 -25.4507046835)
2014-05-19 16:41:40.000000,-25.4507046835,-49.2871853947,POINT (-49.2871853947 -25.4507046835)
2014-05-19 16:41:50.000000,-25.4507046835,-49.2871853947,POINT (-49.2871853947 -25.4507046835)
2014-05-19 16:42:00.000000,-25.4507046835,-49.2871853947,POINT (-49.2871853947 -25.4507046835)
2014-05-19 16:42:10.000000,-25.4507046835,-49.2871853947,POINT (-49.2871853947 -25.4507046835)
2014-05-19 16:42:20.000000,-25.4507046835,-49.2871853947,POINT (-49.2871853947 -25.4507046835)
2014-05-19 16:42:30.000000,-25.4507046835,-49.2871853947,POINT (-49.2871853947 -25.4507046835)
2014-05-19 16:42:40.000000,-25.4507046835,-49.2871853947,POINT (-49.2871853947 -25.4507046835)
2014-05-19 16:42:50.000000,-25.4507046835,-49.2871853947,POINT (-49.2871853947 -25.4507046835)
2014-05-19 16:43:00.000000,-25.4507046835,-49.2871853947,POINT (-49.2871853947 -25.4507046835)
2014-05-19 16:43:10.000000,-25.4507046835,-49.2871853947,POINT (-49.2871853947 -25.4507046835)
2014-05-19 16:43:20.000000,-25.4507046835,-49.2871853947,POINT (-49.2871853947 -25.4507046835)
2014-05-19 16:43:30.000000,-25.4507046835,-49.2871853947,POINT (-49.2871853947 -25.4507046835)
2014-05-19 16:43:40.000000,-25.4507046835,-49.2871853947,POINT (-49.2871853947 -25.4507046835)
2014-05-19 16:43:50.000000,-25.4507046835,-49.2871853947,POINT (-49.2871853947 -25.4507046835)
2014-05-19 16:44:00.000000,-25.4507046835,-49.2871853947,POINT (-49.2871853947 -25.4507046835)
2014-05-19 16:44:10.000000,-25.4507046835,-49.2871853947,POINT (-49.2871853947 -25.4507046835)
2014-05-19 16:44:20.000000,-25.4507046835,-49.2871853947,POINT (-49.2871853947 -25.4507046835)
2014-05-19 16:44:30.000000,-25.4507046835,-49.2871853947,POINT (-49.2871853947 -25.4507046835)
2014-05-19 16:44:40.000000,-25.4507046835,-49.2871853947,POINT (-49.2871853947 -25.4507046835)
2014-05-19 16:44:50.000000,-25.4507046835,-49.2871853947,POINT (-49.2871853947 -25.4507046835)
2014-05-19 16:45:00.000000,-25.4507046835,-49.2871853947,POINT (-49.2871853947 -25.4507046835)
2014-05-19 16:45:10.000000,-25.4507046835,-49.2871853947,POINT (-49.2871853947 -25.4507046835)
2014-05-19 16:45:20.000000,-25.4507046835,-49.2871853947,POINT (-49.2871853947 -25.4507046835)
2014-05-19 16:45:30.000000,-25.4507046835,-49.2871853947,POINT (-49.2871853947 -25.4507046835)
2014-05-19 16:45:40.000000,-25.4507046835,-49.2871853947,POINT (-49.2871853947 -25.4507046835)
2014-05-19 16:45:50.000000,-25.4507046835,-49.2871853947,POINT (-49.2871853947 -25.4507046835)
2014-05-19 16:46:00.000000,-25.4507046835,-49.2871853947,POINT (-49.2871853947 -25.4507046835)
2014-05-19 16:46:10.000000,-25.4507046835,-49.2871853947,POINT (-49.2871853947 -25.4507046835)
2014-05-19 16:46:20.000000,-25.4507046835,-49.2871853947,POINT (-49.2871853947 -25.4507046835)
2014-05-19 16:46:30.000000,-25.4507046835,-49.2871853947,POINT (-49.2871853947 -25.4507046835)
2014-05-19 16:46:40.000000,-25.4507046835,-49.2871853947,POINT (-49.2871853947 -25.4507046835)
2014-05-19 16:46:50.000000,-25.4507046835,-49.2871853947,POINT (-49.2871853947 -25.4507046835)
2014-05-19 16:47:00.000000,-25.4507046835,-49.2871853947,POINT (-49.2871853947 -25.4507046835)
2014-05-19 16:47:10.000000,-25.4507046835,-49.2871853947,POINT (-49.2871853947 -25.4507046835)
2014-05-19 16:47:20.000000,-25.4507046835,-49.2871853947,POINT (-49.2871853947 -25.4507046835)
2014-05-19 16:47:30.000000,-25.4507046835,-49.2871853947,POINT (-49.2871853947 -25.4507046835)
2014-05-19 16:47:40.000000,-25.4507046835,-49.2871853947,POINT (-49.2871853947 -25.4507046835)
2014-05-19 16:47:50.000000,-25.4507046835,-49.2871853947,POINT (-49.2871853947 -25.4507046835)
2014-05-19 16:48:00.000000,-25.4507046835,-49.2871853947,POINT (-49.2871853947 -25.4507046835)
2014-05-19 16:48:10.000000,-25.4507046835,-49.2871853947,POINT (-49.2871853947 -25.4507046835)
2014-05-19 16:48:20.739536,-25.4511241,-49.2879201,POINT (-49.2879201 -25.4511241)
2014-05-19 16:48:30.739536,-25.450674417647058,-49.28675167352941,POINT (-49.28675167352941 -25.450674417647058)
2014-05-19 16:48:40.739536,-25.450224735294118,-49.285583247058824,POINT (-49.285583247058824 -25.450224735294118)
2014-05-19 16:48:50.739536,-25.45000619264706,-49.28501533529412,POINT (-49.28501533529412 -25.45000619264706)
2014-05-19 16:49:00.739536,-25.449843123529412,-49.284591547058824,POINT (-49.284591547058824 -25.449843123529412)
2014-05-19 16:49:10.739536,-25.449672175,-49.28414744558824,POINT (-49.28414744558824 -25.449672175)
2014-05-19 16:49:20.739536,-25.44949625,-49.28369051470588,POINT (-49.28369051470588 -25.44949625)
2014-05-19 16:49:30.739536,-25.449319751470586,-49.28323203529412,POINT (-49.28323203529412 -25.449319751470586)
2014-05-19 16:49:40.739536,-25.449142458823527,-49.282771411764706,POINT (-49.282771411764706 -25.449142458823527)
2014-05-19 16:49:50.739536,-25.448961120588233,-49.28229969117647,POINT (-49.28229969117647 -25.448961120588233)
2014-05-19 16:50:00.739536,-25.448765911764706,-49.28178992352941,POINT (-49.28178992352941 -25.448765911764706)
2014-05-19 16:50:10.739536,-25.448571227941176,-49.28128176617647,POINT (-49.28128176617647 -25.448571227941176)
2014-05-19 16:50:20.739536,-25.448392294117646,-49.28082191764705,POINT (-49.28082191764705 -25.448392294117646)
2014-05-19 16:50:30.739536,-25.44821336029412,-49.28036206911764,POINT (-49.28036206911764 -25.44821336029412)
2014-05-19 16:50:40.739536,-25.448086617647057,-49.28003378823529,POINT (-49.28003378823529 -25.448086617647057)
2014-05-19 16:50:50.739536,-25.447969911764705,-49.27973080882353,POINT (-49.27973080882353 -25.447969911764705)
2014-05-19 16:51:00.739536,-25.447846588235294,-49.27941059411764,POINT (-49.27941059411764 -25.447846588235294)
2014-05-19 16:51:10.739536,-25.447719624999998,-49.2790809,POINT (-49.2790809 -25.447719624999998)
2014-05-19 16:51:20.739536,-25.447563714705883,-49.27867607941177,POINT (-49.27867607941177 -25.447563714705883)
2014-05-19 16:51:30.739536,-25.447372654411765,-49.27818003382353,POINT (-49.27818003382353 -25.447372654411765)
2014-05-19 16:51:40.739536,-25.44716044117647,-49.27762909411764,POINT (-49.27762909411764 -25.44716044117647)
2014-05-19 16:51:50.739536,-25.446887413235295,-49.276920333823526,POINT (-49.276920333823526 -25.446887413235295)
2014-05-19 16:52:00.739536,-25.446670720588237,-49.276235776470585,POINT (-49.276235776470585 -25.446670720588237)
2014-05-19 16:52:10.739536,-25.447270889705884,-49.275902161764705,POINT (-49.275902161764705 -25.447270889705884)
2014-05-19 16:52:20.739536,-25.44787105882353,-49.275568547058825,POINT (-49.275568547058825 -25.44787105882353)
2014-05-19 16:52:30.739536,-25.447975460294117,-49.27551049117647,POINT (-49.27551049117647 -25.447975460294117)
2014-05-19 16:52:40.739536,-25.448006414705883,-49.27549325882353,POINT (-49.27549325882353 -25.448006414705883)
2014-05-19 16:52:50.739536,-25.448408451470588,-49.27526960882353,POINT (-49.27526960882353 -25.448408451470588)
2014-05-19 16:53:00.739536,-25.448987194117645,-49.274947664705884,POINT (-49.274947664705884 -25.448987194117645)
2014-05-19 16:53:10.739536,-25.449245554411764,-49.27467579411765,POINT (-49.27467579411765 -25.449245554411764)
2014-05-19 16:53:20.739536,-25.449162173529412,-49.27445733529412,POINT (-49.27445733529412 -25.449162173529412)
2014-05-19 16:53:30.739536,-25.449045254411764,-49.27415099411765,POINT (-49.27415099411765 -25.449045254411764)
2014-05-19 16:53:40.739536,-25.448846352941178,-49.27362982941177,POINT (-49.27362982941177 -25.448846352941178)
2014-05-19 16:53:50.739536,-25.448641610294118,-49.273093364705886,POINT (-49.273093364705886 -25.448641610294118)
2014-05-19 16:54:00.739536,-25.448382350000003,-49.2724141,POINT (-49.2724141 -25.448382350000003)
2014-05-19 16:54:10.739536,-25.448123089705884,-49.27173483529411,POINT (-49.27173483529411 -25.448123089705884)
2014-05-19 16:54:20.739536,-25.447933788235293,-49.271238888235295,POINT (-49.271238888235295 -25.447933788235293)
2014-05-19 16:54:30.739536,-25.44775198235294,-49.270762582352944,POINT (-49.270762582352944 -25.44775198235294)
2014-05-19 16:54:40.739536,-25.447557105882353,-49.27025191764706,POINT (-49.27025191764706 -25.447557105882353)
2014-05-19 16:54:50.739536,-25.447356882352942,-49.26972719705883,POINT (-49.26972719705883 -25.447356882352942)
2014-05-19 16:55:00.739536,-25.44757545882353,-49.269318711764704,POINT (-49.269318711764704 -25.44757545882353)
2014-05-19 16:55:10.739536,-25.448186660294116,-49.269019197058824,POINT (-49.269019197058824 -25.448186660294116)
2014-05-19 16:55:20.739536,-25.44876864117647,-49.268733976470585,POINT (-49.268733976470585 -25.44876864117647)
2014-05-19 16:55:30.739536,-25.44928925882353,-49.26847877352941,POINT (-49.26847877352941 -25.44928925882353)
2014-05-19 16:55:40.739536,-25.449845311764708,-49.268206235294116,POINT (-49.268206235294116 -25.449845311764708)
2014-05-19 16:55:50.739536,-25.450640552941177,-49.267816683823526,POINT (-49.267816683823526 -25.450640552941177)
2014-05-19 16:56:00.739536,-25.45143579411765,-49.267427132352935,POINT (-49.267427132352935 -25.45143579411765)
2014-05-19 16:56:10.739536,-25.45196670882353,-49.26716675882353,POINT (-49.26716675882353 -25.45196670882353)
2014-05-19 16:56:20.739536,-25.452479394117645,-49.26691529411765,POINT (-49.26691529411765 -25.452479394117645)
2014-05-19 16:56:30.739536,-25.453120676470586,-49.26660074852941,POINT (-49.26660074852941 -25.453120676470586)
2014-05-19 16:56:40.739536,-25.453806688235296,-49.26626426176471,POINT (-49.26626426176471 -25.453806688235296)
2014-05-19 16:56:50.739536,-25.45414445,-49.26609860000001,POINT (-49.26609860000001 -25.45414445)
2014-05-19 16:57:00.739536,-25.45419541764706,-49.26607361764706,POINT (-49.26607361764706 -25.45419541764706)
2014-05-19 16:57:10.739536,-25.454374519117646,-49.265986938235294,POINT (-49.265986938235294 -25.454374519117646)
2014-05-19 16:57:20.739536,-25.45478659117647,-49.26578808235294,POINT (-49.26578808235294 -25.45478659117647)
2014-05-19 16:57:30.739536,-25.45520406029412,-49.26558552794118,POINT (-49.26558552794118 -25.45520406029412)
2014-05-19 16:57:40.739536,-25.45564959411765,-49.26536374117647,POINT (-49.26536374117647 -25.45564959411765)
2014-05-19 16:57:50.739536,-25.456095127941175,-49.26514195441176,POINT (-49.26514195441176 -25.456095127941175)
2014-05-19 16:58:00.739536,-25.456368779411765,-49.265008226470584,POINT (-49.265008226470584 -25.456368779411765)
2014-05-19 16:58:10.739536,-25.45663670147059,-49.26487743382353,POINT (-49.26487743382353 -25.45663670147059)
2014-05-19 16:58:20.739536,-25.45708702352941,-49.26465755882353,POINT (-49.26465755882353 -25.45708702352941)
2014-05-19 16:58:30.739536,-25.457590545588236,-49.264411701470586,POINT (-49.264411701470586 -25.457590545588236)
2014-05-19 16:58:40.739536,-25.458204529411766,-49.26411192352941,POINT (-49.26411192352941 -25.458204529411766)
2014-05-19 16:58:50.739536,-25.45889829117647,-49.263773202941174,POINT (-49.263773202941174 -25.45889829117647)
2014-05-19 16:59:00.739536,-25.459493052941177,-49.26348283529412,POINT (-49.26348283529412 -25.459493052941177)
2014-05-19 16:59:10.739536,-25.459931064705884,-49.26326902647059,POINT (-49.26326902647059 -25.459931064705884)
2014-05-19 16:59:20.739536,-25.46037099117647,-49.263054273529406,POINT (-49.263054273529406 -25.46037099117647)
2014-05-19 16:59:30.739536,-25.460818895588236,-49.2628355867647,POINT (-49.2628355867647 -25.460818895588236)
2014-05-19 16:59:40.739536,-25.4612668,-49.2626169,POINT (-49.2626169 -25.4612668)
2014-05-19 17:00:00.000000,-25.4614806175,-49.2624378204,POINT (-49.2624378204 -25.4614806175)
2014-05-19 17:00:10.000000,-25.4614806175,-49.2624378204,POINT (-49.2624378204 -25.4614806175)
2014-05-19 17:00:20.000000,-25.4614806175,-49.2624378204,POINT (-49.2624378204 -25.4614806175)
2014-05-19 17:00:30.000000,-25.4614806175,-49.2624378204,POINT (-49.2624378204 -25.4614806175)
2014-05-19 17:00:40.000000,-25.4614806175,-49.2624378204,POINT (-49.2624378204 -25.4614806175)
2014-05-19 17:00:50.000000,-25.4614806175,-49.2624378204,POINT (-49.2624378204 -25.4614806175)
2014-05-19 17:01:00.000000,-25.4614806175,-49.2624378204,POINT (-49.2624378204 -25.4614806175)
2014-05-19 17:01:10.000000,-25.4614806175,-49.2624378204,POINT (-49.2624378204 -25.4614806175)
2014-05-19 17:01:20.000000,-25.4614806175,-49.2624378204,POINT (-49.2624378204 -25.4614806175)
2014-05-19 17:01:30.000000,-25.4614806175,-49.2624378204,POINT (-49.2624378204 -25.4614806175)
2014-05-19 17:01:40.000000,-25.4614806175,-49.2624378204,POINT (-49.2624378204 -25.4614806175)
2014-05-19 17:01:50.000000,-25.4614806175,-49.2624378204,POINT (-49.2624378204 -25.4614806175)
2014-05-19 17:02:00.000000,-25.4614806175,-49.2624378204,POINT (-49.2624378204 -25.4614806175)
2014-05-19 17:02:10.000000,-25.4614806175,-49.2624378204,POINT (-49.2624378204 -25.4614806175)
2014-05-19 17:02:20.000000,-25.4614806175,-49.2624378204,POINT (-49.2624378204 -25.4614806175)
2014-05-19 17:02:30.000000,-25.4614806175,-49.2624378204,POINT (-49.2624378204 -25.4614806175)
2014-05-19 17:02:40.000000,-25.4614806175,-49.2624378204,POINT (-49.2624378204 -25.4614806175)
2014-05-19 17:02:50.000000,-25.4614806175,-49.2624378204,POINT (-49.2624378204 -25.4614806175)
2014-05-19 17:03:00.000000,-25.4614806175,-49.2624378204,POINT (-49.2624378204 -25.4614806175)
2014-05-19 17:03:10.000000,-25.4614806175,-49.2624378204,POINT (-49.2624378204 -25.4614806175)
2014-05-19 17:03:20.000000,-25.4614806175,-49.2624378204,POINT (-49.2624378204 -25.4614806175)
2014-05-19 17:03:30.000000,-25.4614806175,-49.2624378204,POINT (-49.2624378204 -25.4614806175)
2014-05-19 17:03:40.000000,-25.4614806175,-49.2624378204,POINT (-49.2624378204 -25.4614806175)
2014-05-19 17:03:50.000000,-25.4614806175,-49.2624378204,POINT (-49.2624378204 -25.4614806175)
2014-05-19 17:04:00.000000,-25.4614806175,-49.2624378204,POINT (-49.2624378204 -25.4614806175)
2014-05-19 17:04:10.000000,-25.4614806175,-49.2624378204,POINT (-49.2624378204 -25.4614806175)
2014-05-19 17:04:20.000000,-25.4614806175,-49.2624378204,POINT (-49.2624378204 -25.4614806175)
2014-05-19 17:04:30.000000,-25.4614806175,-49.2624378204,POINT (-49.2624378204 -25.4614806175)
2014-05-19 17:04:40.000000,-25.4614806175,-49.2624378204,POINT (-49.2624378204 -25.4614806175)
2014-05-19 17:04:50.000000,-25.4614806175,-49.2624378204,POINT (-49.2624378204 -25.4614806175)
2014-05-19 17:05:00.000000,-25.4614806175,-49.2624378204,POINT (-49.2624378204 -25.4614806175)
2014-05-19 17:05:10.000000,-25.4614806175,-49.2624378204,POINT (-49.2624378204 -25.4614806175)
2014-05-19 17:05:20.000000,-25.4614806175,-49.2624378204,POINT (-49.2624378204 -25.4614806175)
2014-05-19 17:05:30.000000,-25.4614806175,-49.2624378204,POINT (-49.2624378204 -25.4614806175)
2014-05-19 17:05:40.000000,-25.4614806175,-49.2624378204,POINT (-49.2624378204 -25.4614806175)
2014-05-19 17:05:50.000000,-25.4614806175,-49.2624378204,POINT (-49.2624378204 -25.4614806175)
2014-05-19 17:06:00.000000,-25.4614806175,-49.2624378204,POINT (-49.2624378204 -25.4614806175)
2014-05-19 17:06:10.000000,-25.4614806175,-49.2624378204,POINT (-49.2624378204 -25.4614806175)
2014-05-19 17:06:20.000000,-25.4614806175,-49.2624378204,POINT (-49.2624378204 -25.4614806175)
2014-05-19 17:06:30.000000,-25.4614806175,-49.2624378204,POINT (-49.2624378204 -25.4614806175)
2014-05-19 17:06:40.000000,-25.4614806175,-49.2624378204,POINT (-49.2624378204 -25.4614806175)
2014-05-19 17:06:50.000000,-25.4614806175,-49.2624378204,POINT (-49.2624378204 -25.4614806175)
2014-05-19 17:07:00.000000,-25.4614806175,-49.2624378204,POINT (-49.2624378204 -25.4614806175)
2014-05-19 17:07:10.000000,-25.4614806175,-49.2624378204,POINT (-49.2624378204 -25.4614806175)
2014-05-19 17:07:20.000000,-25.4614806175,-49.2624378204,POINT (-49.2624378204 -25.4614806175)
2014-05-19 17:07:30.000000,-25.4614806175,-49.2624378204,POINT (-49.2624378204 -25.4614806175)
2014-05-19 17:07:40.000000,-25.4614806175,-49.2624378204,POINT (-49.2624378204 -25.4614806175)
2014-05-19 17:07:50.000000,-25.4614806175,-49.2624378204,POINT (-49.2624378204 -25.4614806175)
2014-05-19 17:08:00.000000,-25.4614806175,-49.2624378204,POINT (-49.2624378204 -25.4614806175)
2014-05-19 17:08:10.000000,-25.4614806175,-49.2624378204,POINT (-49.2624378204 -25.4614806175)
2014-05-19 17:08:20.000000,-25.4614806175,-49.2624378204,POINT (-49.2624378204 -25.4614806175)
2014-05-19 17:08:30.000000,-25.4614806175,-49.2624378204,POINT (-49.2624378204 -25.4614806175)
2014-05-19 17:08:40.000000,-25.4614806175,-49.2624378204,POINT (-49.2624378204 -25.4614806175)
2014-05-19 17:08:50.000000,-25.4614806175,-49.2624378204,POINT (-49.2624378204 -25.4614806175)
2014-05-19 17:09:00.000000,-25.4614806175,-49.2624378204,POINT (-49.2624378204 -25.4614806175)
2014-05-19 17:09:10.000000,-25.4614806175,-49.2624378204,POINT (-49.2624378204 -25.4614806175)
2014-05-19 17:09:20.000000,-25.4614806175,-49.2624378204,POINT (-49.2624378204 -25.4614806175)
2014-05-19 17:09:30.000000,-25.4614806175,-49.2624378204,POINT (-49.2624378204 -25.4614806175)
2014-05-19 17:09:40.000000,-25.4614806175,-49.2624378204,POINT (-49.2624378204 -25.4614806175)
2014-05-19 17:09:50.000000,-25.4614806175,-49.2624378204,POINT (-49.2624378204 -25.4614806175)
2014-05-19 17:10:00.000000,-25.4614806175,-49.2624378204,POINT (-49.2624378204 -25.4614806175)
2014-05-19 17:10:10.000000,-25.4614806175,-49.2624378204,POINT (-49.2624378204 -25.4614806175)
2014-05-19 17:10:20.000000,-25.4614806175,-49.2624378204,POINT (-49.2624378204 -25.4614806175)
2014-05-19 17:10:30.000000,-25.4614806175,-49.2624378204,POINT (-49.2624378204 -25.4614806175)
2014-05-19 17:10:40.000000,-25.4614806175,-49.2624378204,POINT (-49.2624378204 -25.4614806175)
2014-05-19 17:10:50.000000,-25.4614806175,-49.2624378204,POINT (-49.2624378204 -25.4614806175)
2014-05-19 17:11:00.000000,-25.4614806175,-49.2624378204,POINT (-49.2624378204 -25.4614806175)
2014-05-19 17:11:10.000000,-25.4614806175,-49.2624378204,POINT (-49.2624378204 -25.4614806175)
2014-05-19 17:11:20.000000,-25.4614806175,-49.2624378204,POINT (-49.2624378204 -25.4614806175)
2014-05-19 17:11:30.000000,-25.4614806175,-49.2624378204,POINT (-49.2624378204 -25.4614806175)
2014-05-19 17:11:40.000000,-25.4614806175,-49.2624378204,POINT (-49.2624378204 -25.4614806175)
2014-05-19 17:11:50.000000,-25.4614806175,-49.2624378204,POINT (-49.2624378204 -25.4614806175)
2014-05-19 17:12:00.000000,-25.4614806175,-49.2624378204,POINT (-49.2624378204 -25.4614806175)
2014-05-19 17:12:10.000000,-25.4614806175,-49.2624378204,POINT (-49.2624378204 -25.4614806175)
2014-05-19 17:12:20.000000,-25.4614806175,-49.2624378204,POINT (-49.2624378204 -25.4614806175)
2014-05-19 17:12:30.000000,-25.4614806175,-49.2624378204,POINT (-49.2624378204 -25.4614806175)
2014-05-19 17:12:40.000000,-25.4614806175,-49.2624378204,POINT (-49.2624378204 -25.4614806175)
2014-05-19 17:12:50.000000,-25.4614806175,-49.2624378204,POINT (-49.2624378204 -25.4614806175)
2014-05-19 17:13:00.000000,-25.4614806175,-49.2624378204,POINT (-49.2624378204 -25.4614806175)
2014-05-19 17:13:10.000000,-25.4614806175,-49.2624378204,POINT (-49.2624378204 -25.4614806175)
2014-05-19 17:13:20.000000,-25.4614806175,-49.2624378204,POINT (-49.2624378204 -25.4614806175)
2014-05-19 17:13:30.000000,-25.4614806175,-49.2624378204,POINT (-49.2624378204 -25.4614806175)
2014-05-19 17:13:40.000000,-25.4614806175,-49.2624378204,POINT (-49.2624378204 -25.4614806175)
2014-05-19 17:13:50.000000,-25.4614806175,-49.2624378204,POINT (-49.2624378204 -25.4614806175)
2014-05-19 17:14:00.000000,-25.4614806175,-49.2624378204,POINT (-49.2624378204 -25.4614806175)
2014-05-19 17:14:10.000000,-25.4614806175,-49.2624378204,POINT (-49.2624378204 -25.4614806175)
2014-05-19 17:14:20.000000,-25.4614806175,-49.2624378204,POINT (-49.2624378204 -25.4614806175)
2014-05-19 17:14:30.000000,-25.4614806175,-49.2624378204,POINT (-49.2624378204 -25.4614806175)
2014-05-19 17:14:40.000000,-25.4614806175,-49.2624378204,POINT (-49.2624378204 -25.4614806175)
2014-05-19 17:14:50.000000,-25.4614806175,-49.2624378204,POINT (-49.2624378204 -25.4614806175)
2014-05-19 17:15:00.000000,-25.4614806175,-49.2624378204,POINT (-49.2624378204 -25.4614806175)
2014-05-19 17:15:10.000000,-25.4614806175,-49.2624378204,POINT (-49.2624378204 -25.4614806175)
2014-05-19 17:15:20.000000,-25.4614806175,-49.2624378204,POINT (-49.2624378204 -25.4614806175)
2014-05-19 17:15:30.000000,-25.4614806175,-49.2624378204,POINT (-49.2624378204 -25.4614806175)
2014-05-19 17:15:40.000000,-25.4614806175,-49.2624378204,POINT (-49.2624378204 -25.4614806175)
2014-05-19 17:15:50.000000,-25.4614806175,-49.2624378204,POINT (-49.2624378204 -25.4614806175)
2014-05-19 17:16:00.000000,-25.4614806175,-49.2624378204,POINT (-49.2624378204 -25.4614806175)
2014-05-19 17:16:10.000000,-25.4614806175,-49.2624378204,POINT (-49.2624378204 -25.4614806175)
2014-05-19 17:16:20.000000,-25.4614806175,-49.2624378204,POINT (-49.2624378204 -25.4614806175)
2014-05-19 17:16:30.000000,-25.4614806175,-49.2624378204,POINT (-49.2624378204 -25.4614806175)
2014-05-19 17:16:40.000000,-25.4614806175,-49.2624378204,POINT (-49.2624378204 -25.4614806175)
2014-05-19 17:16:50.000000,-25.4614806175,-49.2624378204,POINT (-49.2624378204 -25.4614806175)
2014-05-19 17:17:00.000000,-25.4614806175,-49.2624378204,POINT (-49.2624378204 -25.4614806175)
2014-05-19 17:17:10.000000,-25.4614806175,-49.2624378204,POINT (-49.2624378204 -25.4614806175)
2014-05-19 17:17:20.000000,-25.4614806175,-49.2624378204,POINT (-49.2624378204 -25.4614806175)
2014-05-19 17:17:30.000000,-25.4614806175,-49.2624378204,POINT (-49.2624378204 -25.4614806175)
2014-05-19 17:17:40.000000,-25.4614806175,-49.2624378204,POINT (-49.2624378204 -25.4614806175)
2014-05-19 17:17:50.000000,-25.4614806175,-49.2624378204,POINT (-49.2624378204 -25.4614806175)
2014-05-19 17:18:00.000000,-25.4614806175,-49.2624378204,POINT (-49.2624378204 -25.4614806175)
2014-05-19 17:18:10.000000,-25.4614806175,-49.2624378204,POINT (-49.2624378204 -25.4614806175)
2014-05-19 17:18:20.000000,-25.4614806175,-49.2624378204,POINT (-49.2624378204 -25.4614806175)
2014-05-19 17:18:30.000000,-25.4614806175,-49.2624378204,POINT (-49.2624378204 -25.4614806175)
2014-05-19 17:18:40.000000,-25.4614806175,-49.2624378204,POINT (-49.2624378204 -25.4614806175)
2014-05-19 17:18:50.000000,-25.4614806175,-49.2624378204,POINT (-49.2624378204 -25.4614806175)
2014-05-19 17:19:00.000000,-25.4614806175,-49.2624378204,POINT (-49.2624378204 -25.4614806175)
2014-05-19 17:19:10.000000,-25.4614806175,-49.2624378204,POINT (-49.2624378204 -25.4614806175)
2014-05-19 17:19:20.000000,-25.4614806175,-49.2624378204,POINT (-49.2624378204 -25.4614806175)
2014-05-19 17:19:30.000000,-25.4614806175,-49.2624378204,POINT (-49.2624378204 -25.4614806175)
2014-05-19 17:19:40.000000,-25.4614806175,-49.2624378204,POINT (-49.2624378204 -25.4614806175)
2014-05-19 17:19:50.000000,-25.4614806175,-49.2624378204,POINT (-49.2624378204 -25.4614806175)
2014-05-19 17:20:00.000000,-25.4614806175,-49.2624378204,POINT (-49.2624378204 -25.4614806175)
2014-05-19 17:20:10.000000,-25.4614806175,-49.2624378204,POINT (-49.2624378204 -25.4614806175)
2014-05-19 17:20:20.000000,-25.4614806175,-49.2624378204,POINT (-49.2624378204 -25.4614806175)
2014-05-19 17:20:30.000000,-25.4614806175,-49.2624378204,POINT (-49.2624378204 -25.4614806175)
2014-05-19 17:20:40.000000,-25.4614806175,-49.2624378204,POINT (-49.2624378204 -25.4614806175)
2014-05-19 17:20:50.000000,-25.4614806175,-49.2624378204,POINT (-49.2624378204 -25.4614806175)
2014-05-19 17:21:00.000000,-25.4614806175,-49.2624378204,POINT (-49.2624378204 -25.4614806175)
2014-05-19 17:21:10.000000,-25.4614806175,-49.2624378204,POINT (-49.2624378204 -25.4614806175)
2014-05-19 17:21:20.000000,-25.4614806175,-49.2624378204,POINT (-49.2624378204 -25.4614806175)
2014-05-19 17:21:30.000000,-25.4614806175,-49.2624378204,POINT (-49.2624378204 -25.4614806175)
2014-05-19 17:21:40.000000,-25.4614806175,-49.2624378204,POINT (-49.2624378204 -25.4614806175)
2014-05-19 17:21:50.000000,-25.4614806175,-49.2624378204,POINT (-49.2624378204 -25.4614806175)
2014-05-19 17:22:00.000000,-25.4614806175,-49.2624378204,POINT (-49.2624378204 -25.4614806175)
2014-05-19 17:22:10.000000,-25.4614806175,-49.2624378204,POINT (-49.2624378204 -25.4614806175)
2014-05-19 17:22:20.000000,-25.4614806175,-49.2624378204,POINT (-49.2624378204 -25.4614806175)
2014-05-19 17:22:30.000000,-25.4614806175,-49.2624378204,POINT (-49.2624378204 -25.4614806175)
2014-05-19 17:22:40.000000,-25.4614806175,-49.2624378204,POINT (-49.2624378204 -25.4614806175)
2014-05-19 17:22:50.000000,-25.4614806175,-49.2624378204,POINT (-49.2624378204 -25.4614806175)
2014-05-19 17:23:00.000000,-25.4614806175,-49.2624378204,POINT (-49.2624378204 -25.4614806175)
2014-05-19 17:23:10.000000,-25.4614806175,-49.2624378204,POINT (-49.2624378204 -25.4614806175)
2014-05-19 17:23:20.000000,-25.4614806175,-49.2624378204,POINT (-49.2624378204 -25.4614806175)
2014-05-19 17:23:30.000000,-25.4614806175,-49.2624378204,POINT (-49.2624378204 -25.4614806175)
2014-05-19 17:23:40.000000,-25.4614806175,-49.2624378204,POINT (-49.2624378204 -25.4614806175)
2014-05-19 17:23:50.000000,-25.4614806175,-49.2624378204,POINT (-49.2624378204 -25.4614806175)
2014-05-19 17:24:00.000000,-25.4614806175,-49.2624378204,POINT (-49.2624378204 -25.4614806175)
2014-05-19 17:24:10.000000,-25.4614806175,-49.2624378204,POINT (-49.2624378204 -25.4614806175)
2014-05-19 17:24:20.000000,-25.4614806175,-49.2624378204,POINT (-49.2624378204 -25.4614806175)
2014-05-19 17:24:30.000000,-25.4614806175,-49.2624378204,POINT (-49.2624378204 -25.4614806175)
2014-05-19 17:24:40.000000,-25.4614806175,-49.2624378204,POINT (-49.2624378204 -25.4614806175)
2014-05-19 17:24:50.000000,-25.4614806175,-49.2624378204,POINT (-49.2624378204 -25.4614806175)
2014-05-19 17:25:00.000000,-25.4614806175,-49.2624378204,POINT (-49.2624378204 -25.4614806175)
2014-05-19 17:25:10.000000,-25.4614806175,-49.2624378204,POINT (-49.2624378204 -25.4614806175)
2014-05-19 17:25:20.000000,-25.4614806175,-49.2624378204,POINT (-49.2624378204 -25.4614806175)
2014-05-19 17:25:30.000000,-25.4614806175,-49.2624378204,POINT (-49.2624378204 -25.4614806175)
2014-05-19 17:25:40.000000,-25.4614806175,-49.2624378204,POINT (-49.2624378204 -25.4614806175)
2014-05-19 17:25:50.000000,-25.4614806175,-49.2624378204,POINT (-49.2624378204 -25.4614806175)
2014-05-19 17:26:00.000000,-25.4614806175,-49.2624378204,POINT (-49.2624378204 -25.4614806175)
2014-05-19 17:26:10.000000,-25.4614806175,-49.2624378204,POINT (-49.2624378204 -25.4614806175)
2014-05-19 17:26:20.000000,-25.4614806175,-49.2624378204,POINT (-49.2624378204 -25.4614806175)
2014-05-19 17:26:30.000000,-25.4614806175,-49.2624378204,POINT (-49.2624378204 -25.4614806175)
2014-05-19 17:26:40.000000,-25.4614806175,-49.2624378204,POINT (-49.2624378204 -25.4614806175)
2014-05-19 17:26:50.000000,-25.4614806175,-49.2624378204,POINT (-49.2624378204 -25.4614806175)
2014-05-19 17:27:00.000000,-25.4614806175,-49.2624378204,POINT (-49.2624378204 -25.4614806175)
2014-05-19 17:27:10.000000,-25.4614806175,-49.2624378204,POINT (-49.2624378204 -25.4614806175)
2014-05-19 17:27:20.000000,-25.4614806175,-49.2624378204,POINT (-49.2624378204 -25.4614806175)
2014-05-19 17:27:30.000000,-25.4614806175,-49.2624378204,POINT (-49.2624378204 -25.4614806175)
2014-05-19 17:27:40.000000,-25.4614806175,-49.2624378204,POINT (-49.2624378204 -25.4614806175)
2014-05-19 17:27:50.000000,-25.4614806175,-49.2624378204,POINT (-49.2624378204 -25.4614806175)
2014-05-19 17:28:00.000000,-25.4614806175,-49.2624378204,POINT (-49.2624378204 -25.4614806175)
2014-05-19 17:28:10.000000,-25.4614806175,-49.2624378204,POINT (-49.2624378204 -25.4614806175)
2014-05-19 17:28:20.000000,-25.4614806175,-49.2624378204,POINT (-49.2624378204 -25.4614806175)
2014-05-19 17:28:30.000000,-25.4614806175,-49.2624378204,POINT (-49.2624378204 -25.4614806175)
2014-05-19 17:28:40.000000,-25.4614806175,-49.2624378204,POINT (-49.2624378204 -25.4614806175)
2014-05-19 17:28:50.000000,-25.4614806175,-49.2624378204,POINT (-49.2624378204 -25.4614806175)
2014-05-19 17:29:00.000000,-25.4614806175,-49.2624378204,POINT (-49.2624378204 -25.4614806175)
2014-05-19 17:29:10.000000,-25.4614806175,-49.2624378204,POINT (-49.2624378204 -25.4614806175)
2014-05-19 17:29:20.000000,-25.4614806175,-49.2624378204,POINT (-49.2624378204 -25.4614806175)
2014-05-19 17:29:30.000000,-25.4614806175,-49.2624378204,POINT (-49.2624378204 -25.4614806175)
2014-05-19 17:29:40.000000,-25.4614806175,-49.2624378204,POINT (-49.2624378204 -25.4614806175)
2014-05-19 17:29:50.000000,-25.4614806175,-49.2624378204,POINT (-49.2624378204 -25.4614806175)
2014-05-19 17:30:00.000000,-25.4614806175,-49.2624378204,POINT (-49.2624378204 -25.4614806175)
2014-05-19 17:30:10.000000,-25.4614806175,-49.2624378204,POINT (-49.2624378204 -25.4614806175)
2014-05-19 17:30:20.000000,-25.4614806175,-49.2624378204,POINT (-49.2624378204 -25.4614806175)
2014-05-19 17:30:30.000000,-25.4614806175,-49.2624378204,POINT (-49.2624378204 -25.4614806175)
2014-05-19 17:30:40.000000,-25.4614806175,-49.2624378204,POINT (-49.2624378204 -25.4614806175)
2014-05-19 17:30:50.000000,-25.4614806175,-49.2624378204,POINT (-49.2624378204 -25.4614806175)
2014-05-19 17:31:00.000000,-25.4614806175,-49.2624378204,POINT (-49.2624378204 -25.4614806175)
2014-05-19 17:31:10.000000,-25.4614806175,-49.2624378204,POINT (-49.2624378204 -25.4614806175)
2014-05-19 17:31:20.000000,-25.4614806175,-49.2624378204,POINT (-49.2624378204 -25.4614806175)
2014-05-19 17:31:30.000000,-25.4614806175,-49.2624378204,POINT (-49.2624378204 -25.4614806175)
2014-05-19 17:31:40.000000,-25.4614806175,-49.2624378204,POINT (-49.2624378204 -25.4614806175)
2014-05-19 17:31:50.000000,-25.4614806175,-49.2624378204,POINT (-49.2624378204 -25.4614806175)
2014-05-19 17:32:00.000000,-25.4614806175,-49.2624378204,POINT (-49.2624378204 -25.4614806175)
2014-05-19 17:32:10.000000,-25.4614806175,-49.2624378204,POINT (-49.2624378204 -25.4614806175)
2014-05-19 17:32:20.000000,-25.4614806175,-49.2624378204,POINT (-49.2624378204 -25.4614806175)
2014-05-19 17:32:30.000000,-25.4614806175,-49.2624378204,POINT (-49.2624378204 -25.4614806175)
2014-05-19 17:32:40.000000,-25.4614806175,-49.2624378204,POINT (-49.2624378204 -25.4614806175)
2014-05-19 17:32:50.000000,-25.4614806175,-49.2624378204,POINT (-49.2624378204 -25.4614806175)
2014-05-19 17:33:00.000000,-25.4614806175,-49.2624378204,POINT (-49.2624378204 -25.4614806175)
2014-05-19 17:33:10.000000,-25.4614806175,-49.2624378204,POINT (-49.2624378204 -25.4614806175)
2014-05-19 17:33:20.000000,-25.4614806175,-49.2624378204,POINT (-49.2624378204 -25.4614806175)
2014-05-19 17:33:30.000000,-25.4614806175,-49.2624378204,POINT (-49.2624378204 -25.4614806175)
2014-05-19 17:33:40.000000,-25.4614806175,-49.2624378204,POINT (-49.2624378204 -25.4614806175)
2014-05-19 17:33:50.000000,-25.4614806175,-49.2624378204,POINT (-49.2624378204 -25.4614806175)
2014-05-19 17:34:00.000000,-25.4614806175,-49.2624378204,POINT (-49.2624378204 -25.4614806175)
2014-05-19 17:34:10.000000,-25.4614806175,-49.2624378204,POINT (-49.2624378204 -25.4614806175)
2014-05-19 17:34:20.000000,-25.4614806175,-49.2624378204,POINT (-49.2624378204 -25.4614806175)
2014-05-19 17:34:30.000000,-25.4614806175,-49.2624378204,POINT (-49.2624378204 -25.4614806175)
2014-05-19 17:34:40.000000,-25.4614806175,-49.2624378204,POINT (-49.2624378204 -25.4614806175)
2014-05-19 17:34:50.000000,-25.4614806175,-49.2624378204,POINT (-49.2624378204 -25.4614806175)
2014-05-19 17:35:00.000000,-25.4614806175,-49.2624378204,POINT (-49.2624378204 -25.4614806175)
2014-05-19 17:35:10.000000,-25.4614806175,-49.2624378204,POINT (-49.2624378204 -25.4614806175)
2014-05-19 17:35:20.000000,-25.4614806175,-49.2624378204,POINT (-49.2624378204 -25.4614806175)
2014-05-19 17:35:30.000000,-25.4614806175,-49.2624378204,POINT (-49.2624378204 -25.4614806175)
2014-05-19 17:35:40.000000,-25.4614806175,-49.2624378204,POINT (-49.2624378204 -25.4614806175)
2014-05-19 17:35:50.000000,-25.4614806175,-49.2624378204,POINT (-49.2624378204 -25.4614806175)
2014-05-19 17:36:00.000000,-25.4614806175,-49.2624378204,POINT (-49.2624378204 -25.4614806175)
2014-05-19 17:36:10.000000,-25.4614806175,-49.2624378204,POINT (-49.2624378204 -25.4614806175)
2014-05-19 17:36:20.000000,-25.4614806175,-49.2624378204,POINT (-49.2624378204 -25.4614806175)
2014-05-19 17:36:30.000000,-25.4614806175,-49.2624378204,POINT (-49.2624378204 -25.4614806175)
2014-05-19 17:36:40.000000,-25.4614806175,-49.2624378204,POINT (-49.2624378204 -25.4614806175)
2014-05-19 17:36:50.000000,-25.4614806175,-49.2624378204,POINT (-49.2624378204 -25.4614806175)
2014-05-19 17:37:00.000000,-25.4614806175,-49.2624378204,POINT (-49.2624378204 -25.4614806175)
2014-05-19 17:37:10.000000,-25.4614806175,-49.2624378204,POINT (-49.2624378204 -25.4614806175)
2014-05-19 17:37:20.000000,-25.4614806175,-49.2624378204,POINT (-49.2624378204 -25.4614806175)
2014-05-19 17:37:30.000000,-25.4614806175,-49.2624378204,POINT (-49.2624378204 -25.4614806175)
2014-05-19 17:37:40.000000,-25.4614806175,-49.2624378204,POINT (-49.2624378204 -25.4614806175)
2014-05-19 17:37:50.000000,-25.4614806175,-49.2624378204,POINT (-49.2624378204 -25.4614806175)
2014-05-19 17:38:00.000000,-25.4614806175,-49.2624378204,POINT (-49.2624378204 -25.4614806175)
2014-05-19 17:38:10.000000,-25.4614806175,-49.2624378204,POINT (-49.2624378204 -25.4614806175)
2014-05-19 17:38:20.000000,-25.4614806175,-49.2624378204,POINT (-49.2624378204 -25.4614806175)
2014-05-19 17:38:30.000000,-25.4614806175,-49.2624378204,POINT (-49.2624378204 -25.4614806175)
2014-05-19 17:38:40.000000,-25.4614806175,-49.2624378204,POINT (-49.2624378204 -25.4614806175)
2014-05-19 17:38:50.000000,-25.4614806175,-49.2624378204,POINT (-49.2624378204 -25.4614806175)
2014-05-19 17:39:00.000000,-25.4614806175,-49.2624378204,POINT (-49.2624378204 -25.4614806175)
2014-05-19 17:39:10.000000,-25.4614806175,-49.2624378204,POINT (-49.2624378204 -25.4614806175)
2014-05-19 17:39:20.000000,-25.4614806175,-49.2624378204,POINT (-49.2624378204 -25.4614806175)
2014-05-19 17:39:30.000000,-25.4614806175,-49.2624378204,POINT (-49.2624378204 -25.4614806175)
2014-05-19 17:39:40.000000,-25.4614806175,-49.2624378204,POINT (-49.2624378204 -25.4614806175)
2014-05-19 17:39:50.000000,-25.4614806175,-49.2624378204,POINT (-49.2624378204 -25.4614806175)
2014-05-19 17:40:00.000000,-25.4614806175,-49.2624378204,POINT (-49.2624378204 -25.4614806175)
2014-05-19 17:40:10.000000,-25.4614806175,-49.2624378204,POINT (-49.2624378204 -25.4614806175)
2014-05-19 17:40:20.000000,-25.4614806175,-49.2624378204,POINT (-49.2624378204 -25.4614806175)
2014-05-19 17:40:30.000000,-25.4614806175,-49.2624378204,POINT (-49.2624378204 -25.4614806175)
2014-05-19 17:40:40.000000,-25.4614806175,-49.2624378204,POINT (-49.2624378204 -25.4614806175)
2014-05-19 17:40:50.000000,-25.4614806175,-49.2624378204,POINT (-49.2624378204 -25.4614806175)
2014-05-19 17:41:00.000000,-25.4614806175,-49.2624378204,POINT (-49.2624378204 -25.4614806175)
2014-05-19 17:41:10.000000,-25.4614806175,-49.2624378204,POINT (-49.2624378204 -25.4614806175)
2014-05-19 17:41:20.000000,-25.4614806175,-49.2624378204,POINT (-49.2624378204 -25.4614806175)
2014-05-19 17:41:30.000000,-25.4614806175,-49.2624378204,POINT (-49.2624378204 -25.4614806175)
2014-05-19 17:41:40.000000,-25.4614806175,-49.2624378204,POINT (-49.2624378204 -25.4614806175)
2014-05-19 17:41:50.000000,-25.4614806175,-49.2624378204,POINT (-49.2624378204 -25.4614806175)
2014-05-19 17:42:00.000000,-25.4614806175,-49.2624378204,POINT (-49.2624378204 -25.4614806175)
2014-05-19 17:42:10.000000,-25.4614806175,-49.2624378204,POINT (-49.2624378204 -25.4614806175)
2014-05-19 17:42:20.000000,-25.4614806175,-49.2624378204,POINT (-49.2624378204 -25.4614806175)
2014-05-19 17:42:30.000000,-25.4614806175,-49.2624378204,POINT (-49.2624378204 -25.4614806175)
2014-05-19 17:42:40.000000,-25.4614806175,-49.2624378204,POINT (-49.2624378204 -25.4614806175)
2014-05-19 17:42:50.000000,-25.4614806175,-49.2624378204,POINT (-49.2624378204 -25.4614806175)
2014-05-19 17:43:00.000000,-25.4614806175,-49.2624378204,POINT (-49.2624378204 -25.4614806175)
2014-05-19 17:43:10.000000,-25.4614806175,-49.2624378204,POINT (-49.2624378204 -25.4614806175)
2014-05-19 17:43:20.000000,-25.4614806175,-49.2624378204,POINT (-49.2624378204 -25.4614806175)
2014-05-19 17:43:30.000000,-25.4614806175,-49.2624378204,POINT (-49.2624378204 -25.4614806175)
2014-05-19 17:43:40.000000,-25.4614806175,-49.2624378204,POINT (-49.2624378204 -25.4614806175)
2014-05-19 17:43:50.000000,-25.4614806175,-49.2624378204,POINT (-49.2624378204 -25.4614806175)
2014-05-19 17:44:00.000000,-25.4614806175,-49.2624378204,POINT (-49.2624378204 -25.4614806175)
2014-05-19 17:44:10.000000,-25.4614806175,-49.2624378204,POINT (-49.2624378204 -25.4614806175)
2014-05-19 17:44:20.000000,-25.4614806175,-49.2624378204,POINT (-49.2624378204 -25.4614806175)
2014-05-19 17:44:30.000000,-25.4614806175,-49.2624378204,POINT (-49.2624378204 -25.4614806175)
2014-05-19 17:44:40.000000,-25.4614806175,-49.2624378204,POINT (-49.2624378204 -25.4614806175)
2014-05-19 17:44:50.000000,-25.4614806175,-49.2624378204,POINT (-49.2624378204 -25.4614806175)
2014-05-19 17:45:00.000000,-25.4614806175,-49.2624378204,POINT (-49.2624378204 -25.4614806175)
2014-05-19 17:45:10.000000,-25.4614806175,-49.2624378204,POINT (-49.2624378204 -25.4614806175)
2014-05-19 17:45:20.000000,-25.4614806175,-49.2624378204,POINT (-49.2624378204 -25.4614806175)
2014-05-19 17:45:30.000000,-25.4614806175,-49.2624378204,POINT (-49.2624378204 -25.4614806175)
2014-05-19 17:45:40.000000,-25.4614806175,-49.2624378204,POINT (-49.2624378204 -25.4614806175)
2014-05-19 17:45:50.000000,-25.4614806175,-49.2624378204,POINT (-49.2624378204 -25.4614806175)
2014-05-19 17:46:00.000000,-25.4614806175,-49.2624378204,POINT (-49.2624378204 -25.4614806175)
2014-05-19 17:46:10.000000,-25.4614806175,-49.2624378204,POINT (-49.2624378204 -25.4614806175)
2014-05-19 17:46:20.000000,-25.4614806175,-49.2624378204,POINT (-49.2624378204 -25.4614806175)
2014-05-19 17:46:30.000000,-25.4614806175,-49.2624378204,POINT (-49.2624378204 -25.4614806175)
2014-05-19 17:46:40.000000,-25.4614806175,-49.2624378204,POINT (-49.2624378204 -25.4614806175)
2014-05-19 17:46:50.000000,-25.4614806175,-49.2624378204,POINT (-49.2624378204 -25.4614806175)
2014-05-19 17:47:00.000000,-25.4614806175,-49.2624378204,POINT (-49.2624378204 -25.4614806175)
2014-05-19 17:47:10.000000,-25.4614806175,-49.2624378204,POINT (-49.2624378204 -25.4614806175)
2014-05-19 17:47:20.000000,-25.4614806175,-49.2624378204,POINT (-49.2624378204 -25.4614806175)
2014-05-19 17:47:30.000000,-25.4614806175,-49.2624378204,POINT (-49.2624378204 -25.4614806175)
2014-05-19 17:47:40.000000,-25.4614806175,-49.2624378204,POINT (-49.2624378204 -25.4614806175)
2014-05-19 17:47:50.000000,-25.4614806175,-49.2624378204,POINT (-49.2624378204 -25.4614806175)
2014-05-19 17:48:00.000000,-25.4614806175,-49.2624378204,POINT (-49.2624378204 -25.4614806175)
2014-05-19 17:48:10.000000,-25.4614806175,-49.2624378204,POINT (-49.2624378204 -25.4614806175)
2014-05-19 17:48:20.000000,-25.4614806175,-49.2624378204,POINT (-49.2624378204 -25.4614806175)
2014-05-19 17:48:30.000000,-25.4614806175,-49.2624378204,POINT (-49.2624378204 -25.4614806175)
2014-05-19 17:48:40.000000,-25.4614806175,-49.2624378204,POINT (-49.2624378204 -25.4614806175)
2014-05-19 17:48:50.000000,-25.4614806175,-49.2624378204,POINT (-49.2624378204 -25.4614806175)
2014-05-19 17:49:00.000000,-25.4614806175,-49.2624378204,POINT (-49.2624378204 -25.4614806175)
2014-05-19 17:49:10.000000,-25.4614806175,-49.2624378204,POINT (-49.2624378204 -25.4614806175)
2014-05-19 17:49:20.000000,-25.4614806175,-49.2624378204,POINT (-49.2624378204 -25.4614806175)
2014-05-19 17:49:30.000000,-25.4614806175,-49.2624378204,POINT (-49.2624378204 -25.4614806175)
2014-05-19 17:49:40.000000,-25.4614806175,-49.2624378204,POINT (-49.2624378204 -25.4614806175)
2014-05-19 17:49:50.000000,-25.4614806175,-49.2624378204,POINT (-49.2624378204 -25.4614806175)
2014-05-19 17:50:00.000000,-25.4614806175,-49.2624378204,POINT (-49.2624378204 -25.4614806175)
2014-05-19 17:50:10.000000,-25.4614806175,-49.2624378204,POINT (-49.2624378204 -25.4614806175)
2014-05-19 17:50:20.000000,-25.4614806175,-49.2624378204,POINT (-49.2624378204 -25.4614806175)
2014-05-19 17:50:30.000000,-25.4614806175,-49.2624378204,POINT (-49.2624378204 -25.4614806175)
2014-05-19 17:50:40.000000,-25.4614806175,-49.2624378204,POINT (-49.2624378204 -25.4614806175)
2014-05-19 17:50:50.000000,-25.4614806175,-49.2624378204,POINT (-49.2624378204 -25.4614806175)
2014-05-19 17:51:00.000000,-25.4614806175,-49.2624378204,POINT (-49.2624378204 -25.4614806175)
2014-05-19 17:51:10.000000,-25.4614806175,-49.2624378204,POINT (-49.2624378204 -25.4614806175)
2014-05-19 17:51:20.000000,-25.4614806175,-49.2624378204,POINT (-49.2624378204 -25.4614806175)
2014-05-19 17:51:30.000000,-25.4614806175,-49.2624378204,POINT (-49.2624378204 -25.4614806175)
2014-05-19 17:51:40.000000,-25.4614806175,-49.2624378204,POINT (-49.2624378204 -25.4614806175)
2014-05-19 17:51:50.000000,-25.4614806175,-49.2624378204,POINT (-49.2624378204 -25.4614806175)
2014-05-19 17:52:00.000000,-25.4614806175,-49.2624378204,POINT (-49.2624378204 -25.4614806175)
2014-05-19 17:52:10.000000,-25.4614806175,-49.2624378204,POINT (-49.2624378204 -25.4614806175)
2014-05-19 17:52:20.000000,-25.4614806175,-49.2624378204,POINT (-49.2624378204 -25.4614806175)
2014-05-19 17:52:30.000000,-25.4614806175,-49.2624378204,POINT (-49.2624378204 -25.4614806175)
2014-05-19 17:52:40.000000,-25.4614806175,-49.2624378204,POINT (-49.2624378204 -25.4614806175)
2014-05-19 17:52:50.000000,-25.4614806175,-49.2624378204,POINT (-49.2624378204 -25.4614806175)
2014-05-19 17:53:00.000000,-25.4614806175,-49.2624378204,POINT (-49.2624378204 -25.4614806175)
2014-05-19 17:53:10.000000,-25.4614806175,-49.2624378204,POINT (-49.2624378204 -25.4614806175)
2014-05-19 17:53:20.000000,-25.4614806175,-49.2624378204,POINT (-49.2624378204 -25.4614806175)
2014-05-19 17:53:30.000000,-25.4614806175,-49.2624378204,POINT (-49.2624378204 -25.4614806175)
2014-05-19 17:53:40.000000,-25.4614806175,-49.2624378204,POINT (-49.2624378204 -25.4614806175)
2014-05-19 17:53:50.000000,-25.4614806175,-49.2624378204,POINT (-49.2624378204 -25.4614806175)
2014-05-19 17:54:00.000000,-25.4614806175,-49.2624378204,POINT (-49.2624378204 -25.4614806175)
2014-05-19 17:54:10.000000,-25.4614806175,-49.2624378204,POINT (-49.2624378204 -25.4614806175)
2014-05-19 17:54:20.000000,-25.4614806175,-49.2624378204,POINT (-49.2624378204 -25.4614806175)
2014-05-19 17:54:30.000000,-25.4614806175,-49.2624378204,POINT (-49.2624378204 -25.4614806175)
2014-05-19 17:54:40.000000,-25.4614806175,-49.2624378204,POINT (-49.2624378204 -25.4614806175)
2014-05-19 17:54:50.000000,-25.4614806175,-49.2624378204,POINT (-49.2624378204 -25.4614806175)
2014-05-19 17:55:00.000000,-25.4614806175,-49.2624378204,POINT (-49.2624378204 -25.4614806175)
2014-05-19 17:55:10.000000,-25.4614806175,-49.2624378204,POINT (-49.2624378204 -25.4614806175)
2014-05-19 17:55:20.000000,-25.4614806175,-49.2624378204,POINT (-49.2624378204 -25.4614806175)
2014-05-19 17:55:30.000000,-25.4614806175,-49.2624378204,POINT (-49.2624378204 -25.4614806175)
2014-05-19 17:55:40.000000,-25.4614806175,-49.2624378204,POINT (-49.2624378204 -25.4614806175)
2014-05-19 17:55:50.000000,-25.4614806175,-49.2624378204,POINT (-49.2624378204 -25.4614806175)
2014-05-19 17:56:00.000000,-25.4614806175,-49.2624378204,POINT (-49.2624378204 -25.4614806175)
2014-05-19 17:56:10.000000,-25.4614806175,-49.2624378204,POINT (-49.2624378204 -25.4614806175)
2014-05-19 17:56:20.000000,-25.4614806175,-49.2624378204,POINT (-49.2624378204 -25.4614806175)
2014-05-19 17:56:30.000000,-25.4614806175,-49.2624378204,POINT (-49.2624378204 -25.4614806175)
2014-05-19 17:56:40.000000,-25.4614806175,-49.2624378204,POINT (-49.2624378204 -25.4614806175)
2014-05-19 17:56:50.000000,-25.4614806175,-49.2624378204,POINT (-49.2624378204 -25.4614806175)
2014-05-19 17:57:00.000000,-25.4614806175,-49.2624378204,POINT (-49.2624378204 -25.4614806175)
2014-05-19 17:57:10.000000,-25.4614806175,-49.2624378204,POINT (-49.2624378204 -25.4614806175)
2014-05-19 17:57:20.000000,-25.4614806175,-49.2624378204,POINT (-49.2624378204 -25.4614806175)
2014-05-19 17:57:30.000000,-25.4614806175,-49.2624378204,POINT (-49.2624378204 -25.4614806175)
2014-05-19 17:57:40.000000,-25.4614806175,-49.2624378204,POINT (-49.2624378204 -25.4614806175)
2014-05-19 17:57:50.000000,-25.4614806175,-49.2624378204,POINT (-49.2624378204 -25.4614806175)
2014-05-19 17:58:00.000000,-25.4614806175,-49.2624378204,POINT (-49.2624378204 -25.4614806175)
2014-05-19 17:58:10.000000,-25.4614806175,-49.2624378204,POINT (-49.2624378204 -25.4614806175)
2014-05-19 17:58:20.000000,-25.4614806175,-49.2624378204,POINT (-49.2624378204 -25.4614806175)
2014-05-19 17:58:30.000000,-25.4614806175,-49.2624378204,POINT (-49.2624378204 -25.4614806175)
2014-05-19 17:58:40.000000,-25.4614806175,-49.2624378204,POINT (-49.2624378204 -25.4614806175)
2014-05-19 17:58:50.000000,-25.4614806175,-49.2624378204,POINT (-49.2624378204 -25.4614806175)
2014-05-19 17:59:00.000000,-25.4614806175,-49.2624378204,POINT (-49.2624378204 -25.4614806175)
2014-05-19 17:59:10.000000,-25.4614806175,-49.2624378204,POINT (-49.2624378204 -25.4614806175)
2014-05-19 17:59:20.000000,-25.4614806175,-49.2624378204,POINT (-49.2624378204 -25.4614806175)
2014-05-19 17:59:30.000000,-25.4614806175,-49.2624378204,POINT (-49.2624378204 -25.4614806175)
2014-05-19 17:59:40.000000,-25.4614806175,-49.2624378204,POINT (-49.2624378204 -25.4614806175)
2014-05-19 17:59:50.000000,-25.4614806175,-49.2624378204,POINT (-49.2624378204 -25.4614806175)
2014-05-19 18:00:00.000000,-25.4614806175,-49.2624378204,POINT (-49.2624378204 -25.4614806175)
2014-05-19 18:00:10.000000,-25.4614806175,-49.2624378204,POINT (-49.2624378204 -25.4614806175)
2014-05-19 18:00:20.000000,-25.4614806175,-49.2624378204,POINT (-49.2624378204 -25.4614806175)
2014-05-19 18:00:30.000000,-25.4614806175,-49.2624378204,POINT (-49.2624378204 -25.4614806175)
2014-05-19 18:00:40.000000,-25.4614806175,-49.2624378204,POINT (-49.2624378204 -25.4614806175)
2014-05-19 18:00:50.000000,-25.4614806175,-49.2624378204,POINT (-49.2624378204 -25.4614806175)
2014-05-19 18:01:00.000000,-25.4614806175,-49.2624378204,POINT (-49.2624378204 -25.4614806175)
2014-05-19 18:01:10.000000,-25.4614806175,-49.2624378204,POINT (-49.2624378204 -25.4614806175)
2014-05-19 18:01:20.000000,-25.4614806175,-49.2624378204,POINT (-49.2624378204 -25.4614806175)
2014-05-19 18:01:30.000000,-25.4614806175,-49.2624378204,POINT (-49.2624378204 -25.4614806175)
2014-05-19 18:01:40.000000,-25.4614806175,-49.2624378204,POINT (-49.2624378204 -25.4614806175)
2014-05-19 18:01:50.000000,-25.4614806175,-49.2624378204,POINT (-49.2624378204 -25.4614806175)
2014-05-19 18:02:00.000000,-25.4614806175,-49.2624378204,POINT (-49.2624378204 -25.4614806175)
2014-05-19 18:02:10.000000,-25.4614806175,-49.2624378204,POINT (-49.2624378204 -25.4614806175)
2014-05-19 18:02:20.000000,-25.4614806175,-49.2624378204,POINT (-49.2624378204 -25.4614806175)
2014-05-19 18:02:30.000000,-25.4614806175,-49.2624378204,POINT (-49.2624378204 -25.4614806175)
2014-05-19 18:02:40.000000,-25.4614806175,-49.2624378204,POINT (-49.2624378204 -25.4614806175)
2014-05-19 18:02:50.000000,-25.4614806175,-49.2624378204,POINT (-49.2624378204 -25.4614806175)
2014-05-19 18:03:00.000000,-25.4614806175,-49.2624378204,POINT (-49.2624378204 -25.4614806175)
2014-05-19 18:03:10.000000,-25.4614806175,-49.2624378204,POINT (-49.2624378204 -25.4614806175)
2014-05-19 18:03:20.000000,-25.4614806175,-49.2624378204,POINT (-49.2624378204 -25.4614806175)
2014-05-19 18:03:30.000000,-25.4614806175,-49.2624378204,POINT (-49.2624378204 -25.4614806175)
2014-05-19 18:03:40.000000,-25.4614806175,-49.2624378204,POINT (-49.2624378204 -25.4614806175)
2014-05-19 18:03:50.000000,-25.4614806175,-49.2624378204,POINT (-49.2624378204 -25.4614806175)
2014-05-19 18:04:00.000000,-25.4614806175,-49.2624378204,POINT (-49.2624378204 -25.4614806175)
2014-05-19 18:04:10.000000,-25.4614806175,-49.2624378204,POINT (-49.2624378204 -25.4614806175)
2014-05-19 18:04:20.000000,-25.4614806175,-49.2624378204,POINT (-49.2624378204 -25.4614806175)
2014-05-19 18:04:30.000000,-25.4614806175,-49.2624378204,POINT (-49.2624378204 -25.4614806175)
2014-05-19 18:04:40.000000,-25.4614806175,-49.2624378204,POINT (-49.2624378204 -25.4614806175)
2014-05-19 18:04:50.000000,-25.4614806175,-49.2624378204,POINT (-49.2624378204 -25.4614806175)
2014-05-19 18:05:00.000000,-25.4614806175,-49.2624378204,POINT (-49.2624378204 -25.4614806175)
2014-05-19 18:05:10.000000,-25.4614806175,-49.2624378204,POINT (-49.2624378204 -25.4614806175)
2014-05-19 18:05:20.000000,-25.4614806175,-49.2624378204,POINT (-49.2624378204 -25.4614806175)
2014-05-19 18:05:30.000000,-25.4614806175,-49.2624378204,POINT (-49.2624378204 -25.4614806175)
2014-05-19 18:05:40.000000,-25.4614806175,-49.2624378204,POINT (-49.2624378204 -25.4614806175)
2014-05-19 18:05:50.000000,-25.4614806175,-49.2624378204,POINT (-49.2624378204 -25.4614806175)
2014-05-19 18:06:00.000000,-25.4614806175,-49.2624378204,POINT (-49.2624378204 -25.4614806175)
2014-05-19 18:06:10.000000,-25.4614806175,-49.2624378204,POINT (-49.2624378204 -25.4614806175)
2014-05-19 18:06:20.000000,-25.4614806175,-49.2624378204,POINT (-49.2624378204 -25.4614806175)
2014-05-19 18:06:30.000000,-25.4614806175,-49.2624378204,POINT (-49.2624378204 -25.4614806175)
2014-05-19 18:06:40.000000,-25.4614806175,-49.2624378204,POINT (-49.2624378204 -25.4614806175)
2014-05-19 18:06:50.000000,-25.4614806175,-49.2624378204,POINT (-49.2624378204 -25.4614806175)
2014-05-19 18:07:00.000000,-25.4614806175,-49.2624378204,POINT (-49.2624378204 -25.4614806175)
2014-05-19 18:07:10.000000,-25.4614806175,-49.2624378204,POINT (-49.2624378204 -25.4614806175)
2014-05-19 18:07:20.000000,-25.4614806175,-49.2624378204,POINT (-49.2624378204 -25.4614806175)
2014-05-19 18:07:30.000000,-25.4614806175,-49.2624378204,POINT (-49.2624378204 -25.4614806175)
2014-05-19 18:07:40.000000,-25.4614806175,-49.2624378204,POINT (-49.2624378204 -25.4614806175)
2014-05-19 18:07:50.000000,-25.4614806175,-49.2624378204,POINT (-49.2624378204 -25.4614806175)
2014-05-19 18:08:00.000000,-25.4614806175,-49.2624378204,POINT (-49.2624378204 -25.4614806175)
2014-05-19 18:08:10.000000,-25.4614806175,-49.2624378204,POINT (-49.2624378204 -25.4614806175)
2014-05-19 18:08:20.000000,-25.4614806175,-49.2624378204,POINT (-49.2624378204 -25.4614806175)
2014-05-19 18:08:30.000000,-25.4614806175,-49.2624378204,POINT (-49.2624378204 -25.4614806175)
2014-05-19 18:08:40.000000,-25.4614806175,-49.2624378204,POINT (-49.2624378204 -25.4614806175)
2014-05-19 18:08:50.000000,-25.4614806175,-49.2624378204,POINT (-49.2624378204 -25.4614806175)
2014-05-19 18:09:00.000000,-25.4614806175,-49.2624378204,POINT (-49.2624378204 -25.4614806175)
2014-05-19 18:09:10.000000,-25.4614806175,-49.2624378204,POINT (-49.2624378204 -25.4614806175)
2014-05-19 18:09:20.000000,-25.4614806175,-49.2624378204,POINT (-49.2624378204 -25.4614806175)
2014-05-19 18:09:30.000000,-25.4614806175,-49.2624378204,POINT (-49.2624378204 -25.4614806175)
2014-05-19 18:09:40.000000,-25.4614806175,-49.2624378204,POINT (-49.2624378204 -25.4614806175)
2014-05-19 18:09:50.000000,-25.4614806175,-49.2624378204,POINT (-49.2624378204 -25.4614806175)
2014-05-19 18:10:00.000000,-25.4614806175,-49.2624378204,POINT (-49.2624378204 -25.4614806175)
2014-05-19 18:10:10.000000,-25.4614806175,-49.2624378204,POINT (-49.2624378204 -25.4614806175)
2014-05-19 18:10:20.000000,-25.4614806175,-49.2624378204,POINT (-49.2624378204 -25.4614806175)
2014-05-19 18:10:30.000000,-25.4614806175,-49.2624378204,POINT (-49.2624378204 -25.4614806175)
2014-05-19 18:10:40.000000,-25.4614806175,-49.2624378204,POINT (-49.2624378204 -25.4614806175)
2014-05-19 18:10:50.000000,-25.4614806175,-49.2624378204,POINT (-49.2624378204 -25.4614806175)
2014-05-19 18:11:00.000000,-25.4614806175,-49.2624378204,POINT (-49.2624378204 -25.4614806175)
2014-05-19 18:11:10.000000,-25.4614806175,-49.2624378204,POINT (-49.2624378204 -25.4614806175)
2014-05-19 18:11:20.000000,-25.4614806175,-49.2624378204,POINT (-49.2624378204 -25.4614806175)
2014-05-19 18:11:30.000000,-25.4614806175,-49.2624378204,POINT (-49.2624378204 -25.4614806175)
2014-05-19 18:11:40.000000,-25.4614806175,-49.2624378204,POINT (-49.2624378204 -25.4614806175)
2014-05-19 18:11:50.000000,-25.4614806175,-49.2624378204,POINT (-49.2624378204 -25.4614806175)
2014-05-19 18:12:00.000000,-25.4614806175,-49.2624378204,POINT (-49.2624378204 -25.4614806175)
2014-05-19 18:12:10.000000,-25.4614806175,-49.2624378204,POINT (-49.2624378204 -25.4614806175)
2014-05-19 18:12:20.000000,-25.4614806175,-49.2624378204,POINT (-49.2624378204 -25.4614806175)
2014-05-19 18:12:30.000000,-25.4614806175,-49.2624378204,POINT (-49.2624378204 -25.4614806175)
2014-05-19 18:12:40.000000,-25.4614806175,-49.2624378204,POINT (-49.2624378204 -25.4614806175)
2014-05-19 18:12:50.000000,-25.4614806175,-49.2624378204,POINT (-49.2624378204 -25.4614806175)
2014-05-19 18:13:00.000000,-25.4614806175,-49.2624378204,POINT (-49.2624378204 -25.4614806175)
2014-05-19 18:13:10.000000,-25.4614806175,-49.2624378204,POINT (-49.2624378204 -25.4614806175)
2014-05-19 18:13:20.000000,-25.4614806175,-49.2624378204,POINT (-49.2624378204 -25.4614806175)
2014-05-19 18:13:30.000000,-25.4614806175,-49.2624378204,POINT (-49.2624378204 -25.4614806175)
2014-05-19 18:13:40.000000,-25.4614806175,-49.2624378204,POINT (-49.2624378204 -25.4614806175)
2014-05-19 18:13:50.000000,-25.4614806175,-49.2624378204,POINT (-49.2624378204 -25.4614806175)
2014-05-19 18:14:00.000000,-25.4614806175,-49.2624378204,POINT (-49.2624378204 -25.4614806175)
2014-05-19 18:14:10.000000,-25.4614806175,-49.2624378204,POINT (-49.2624378204 -25.4614806175)
2014-05-19 18:14:20.000000,-25.4614806175,-49.2624378204,POINT (-49.2624378204 -25.4614806175)
2014-05-19 18:14:30.000000,-25.4614806175,-49.2624378204,POINT (-49.2624378204 -25.4614806175)
2014-05-19 18:14:40.000000,-25.4614806175,-49.2624378204,POINT (-49.2624378204 -25.4614806175)
2014-05-19 18:14:50.000000,-25.4614806175,-49.2624378204,POINT (-49.2624378204 -25.4614806175)
2014-05-19 18:15:00.000000,-25.4614806175,-49.2624378204,POINT (-49.2624378204 -25.4614806175)
2014-05-19 18:15:10.000000,-25.4614806175,-49.2624378204,POINT (-49.2624378204 -25.4614806175)
2014-05-19 18:15:20.000000,-25.4614806175,-49.2624378204,POINT (-49.2624378204 -25.4614806175)
2014-05-19 18:15:30.000000,-25.4614806175,-49.2624378204,POINT (-49.2624378204 -25.4614806175)
2014-05-19 18:15:40.000000,-25.4614806175,-49.2624378204,POINT (-49.2624378204 -25.4614806175)
2014-05-19 18:15:50.000000,-25.4614806175,-49.2624378204,POINT (-49.2624378204 -25.4614806175)
2014-05-19 18:16:00.000000,-25.4614806175,-49.2624378204,POINT (-49.2624378204 -25.4614806175)
2014-05-19 18:16:10.000000,-25.4614806175,-49.2624378204,POINT (-49.2624378204 -25.4614806175)
2014-05-19 18:16:20.000000,-25.4614806175,-49.2624378204,POINT (-49.2624378204 -25.4614806175)
2014-05-19 18:16:30.000000,-25.4614806175,-49.2624378204,POINT (-49.2624378204 -25.4614806175)
2014-05-19 18:16:40.000000,-25.4614806175,-49.2624378204,POINT (-49.2624378204 -25.4614806175)
2014-05-19 18:16:50.000000,-25.4614806175,-49.2624378204,POINT (-49.2624378204 -25.4614806175)
2014-05-19 18:17:00.000000,-25.4614806175,-49.2624378204,POINT (-49.2624378204 -25.4614806175)
2014-05-19 18:17:10.000000,-25.4614806175,-49.2624378204,POINT (-49.2624378204 -25.4614806175)
2014-05-19 18:17:20.000000,-25.4614806175,-49.2624378204,POINT (-49.2624378204 -25.4614806175)
2014-05-19 18:17:30.000000,-25.4614806175,-49.2624378204,POINT (-49.2624378204 -25.4614806175)
2014-05-19 18:17:40.000000,-25.4614806175,-49.2624378204,POINT (-49.2624378204 -25.4614806175)
2014-05-19 18:17:50.000000,-25.4614806175,-49.2624378204,POINT (-49.2624378204 -25.4614806175)
2014-05-19 18:18:00.000000,-25.4614806175,-49.2624378204,POINT (-49.2624378204 -25.4614806175)
2014-05-19 18:18:10.000000,-25.4614806175,-49.2624378204,POINT (-49.2624378204 -25.4614806175)
2014-05-19 18:18:20.000000,-25.4614806175,-49.2624378204,POINT (-49.2624378204 -25.4614806175)
2014-05-19 18:18:30.000000,-25.4614806175,-49.2624378204,POINT (-49.2624378204 -25.4614806175)
2014-05-19 18:18:40.000000,-25.4614806175,-49.2624378204,POINT (-49.2624378204 -25.4614806175)
2014-05-19 18:18:50.000000,-25.4614806175,-49.2624378204,POINT (-49.2624378204 -25.4614806175)
2014-05-19 18:19:00.000000,-25.4614806175,-49.2624378204,POINT (-49.2624378204 -25.4614806175)
2014-05-19 18:19:10.000000,-25.4614806175,-49.2624378204,POINT (-49.2624378204 -25.4614806175)
2014-05-19 18:19:20.000000,-25.4614806175,-49.2624378204,POINT (-49.2624378204 -25.4614806175)
2014-05-19 18:19:30.000000,-25.4614806175,-49.2624378204,POINT (-49.2624378204 -25.4614806175)
2014-05-19 18:19:40.000000,-25.4614806175,-49.2624378204,POINT (-49.2624378204 -25.4614806175)
2014-05-19 18:19:50.000000,-25.4614806175,-49.2624378204,POINT (-49.2624378204 -25.4614806175)
2014-05-19 18:20:00.000000,-25.4614806175,-49.2624378204,POINT (-49.2624378204 -25.4614806175)
2014-05-19 18:20:10.000000,-25.4614806175,-49.2624378204,POINT (-49.2624378204 -25.4614806175)
2014-05-19 18:20:20.000000,-25.4614806175,-49.2624378204,POINT (-49.2624378204 -25.4614806175)
2014-05-19 18:20:30.000000,-25.4614806175,-49.2624378204,POINT (-49.2624378204 -25.4614806175)
2014-05-19 18:20:40.000000,-25.4614806175,-49.2624378204,POINT (-49.2624378204 -25.4614806175)
2014-05-19 18:20:50.000000,-25.4614806175,-49.2624378204,POINT (-49.2624378204 -25.4614806175)
2014-05-19 18:21:00.000000,-25.4614806175,-49.2624378204,POINT (-49.2624378204 -25.4614806175)
2014-05-19 18:21:10.000000,-25.4614806175,-49.2624378204,POINT (-49.2624378204 -25.4614806175)
2014-05-19 18:21:20.000000,-25.4614806175,-49.2624378204,POINT (-49.2624378204 -25.4614806175)
2014-05-19 18:21:30.000000,-25.4614806175,-49.2624378204,POINT (-49.2624378204 -25.4614806175)
2014-05-19 18:21:40.000000,-25.4614806175,-49.2624378204,POINT (-49.2624378204 -25.4614806175)
2014-05-19 18:21:50.000000,-25.4614806175,-49.2624378204,POINT (-49.2624378204 -25.4614806175)
2014-05-19 18:22:00.000000,-25.4614806175,-49.2624378204,POINT (-49.2624378204 -25.4614806175)
2014-05-19 18:22:10.000000,-25.4614806175,-49.2624378204,POINT (-49.2624378204 -25.4614806175)
2014-05-19 18:22:20.000000,-25.4614806175,-49.2624378204,POINT (-49.2624378204 -25.4614806175)
2014-05-19 18:22:30.000000,-25.4614806175,-49.2624378204,POINT (-49.2624378204 -25.4614806175)
2014-05-19 18:22:40.000000,-25.4614806175,-49.2624378204,POINT (-49.2624378204 -25.4614806175)
2014-05-19 18:22:50.000000,-25.4614806175,-49.2624378204,POINT (-49.2624378204 -25.4614806175)
2014-05-19 18:23:00.000000,-25.4614806175,-49.2624378204,POINT (-49.2624378204 -25.4614806175)
2014-05-19 18:23:10.000000,-25.4614806175,-49.2624378204,POINT (-49.2624378204 -25.4614806175)
2014-05-19 18:23:20.000000,-25.4614806175,-49.2624378204,POINT (-49.2624378204 -25.4614806175)
2014-05-19 18:23:30.000000,-25.4614806175,-49.2624378204,POINT (-49.2624378204 -25.4614806175)
2014-05-19 18:23:40.000000,-25.4614806175,-49.2624378204,POINT (-49.2624378204 -25.4614806175)
2014-05-19 18:23:50.000000,-25.4614806175,-49.2624378204,POINT (-49.2624378204 -25.4614806175)
2014-05-19 18:24:00.000000,-25.4614806175,-49.2624378204,POINT (-49.2624378204 -25.4614806175)
2014-05-19 18:24:10.000000,-25.4614806175,-49.2624378204,POINT (-49.2624378204 -25.4614806175)
2014-05-19 18:24:20.000000,-25.4614806175,-49.2624378204,POINT (-49.2624378204 -25.4614806175)
2014-05-19 18:24:30.000000,-25.4614806175,-49.2624378204,POINT (-49.2624378204 -25.4614806175)
2014-05-19 18:24:40.000000,-25.4614806175,-49.2624378204,POINT (-49.2624378204 -25.4614806175)
2014-05-19 18:24:50.000000,-25.4614806175,-49.2624378204,POINT (-49.2624378204 -25.4614806175)
2014-05-19 18:25:00.000000,-25.4614806175,-49.2624378204,POINT (-49.2624378204 -25.4614806175)
2014-05-19 18:25:10.000000,-25.4614806175,-49.2624378204,POINT (-49.2624378204 -25.4614806175)
2014-05-19 18:25:20.000000,-25.4614806175,-49.2624378204,POINT (-49.2624378204 -25.4614806175)
2014-05-19 18:25:30.000000,-25.4614806175,-49.2624378204,POINT (-49.2624378204 -25.4614806175)
2014-05-19 18:25:40.000000,-25.4614806175,-49.2624378204,POINT (-49.2624378204 -25.4614806175)
2014-05-19 18:25:50.000000,-25.4614806175,-49.2624378204,POINT (-49.2624378204 -25.4614806175)
2014-05-19 18:26:00.000000,-25.4614806175,-49.2624378204,POINT (-49.2624378204 -25.4614806175)
2014-05-19 18:26:10.000000,-25.4614806175,-49.2624378204,POINT (-49.2624378204 -25.4614806175)
2014-05-19 18:26:20.000000,-25.4614806175,-49.2624378204,POINT (-49.2624378204 -25.4614806175)
2014-05-19 18:26:30.000000,-25.4614806175,-49.2624378204,POINT (-49.2624378204 -25.4614806175)
2014-05-19 18:26:40.000000,-25.4614806175,-49.2624378204,POINT (-49.2624378204 -25.4614806175)
2014-05-19 18:26:50.000000,-25.4614806175,-49.2624378204,POINT (-49.2624378204 -25.4614806175)
2014-05-19 18:27:00.000000,-25.4614806175,-49.2624378204,POINT (-49.2624378204 -25.4614806175)
2014-05-19 18:27:10.000000,-25.4614806175,-49.2624378204,POINT (-49.2624378204 -25.4614806175)
2014-05-19 18:27:20.000000,-25.4614806175,-49.2624378204,POINT (-49.2624378204 -25.4614806175)
2014-05-19 18:27:30.000000,-25.4614806175,-49.2624378204,POINT (-49.2624378204 -25.4614806175)
2014-05-19 18:27:40.000000,-25.4614806175,-49.2624378204,POINT (-49.2624378204 -25.4614806175)
2014-05-19 18:27:50.000000,-25.4614806175,-49.2624378204,POINT (-49.2624378204 -25.4614806175)
2014-05-19 18:28:00.000000,-25.4614806175,-49.2624378204,POINT (-49.2624378204 -25.4614806175)
2014-05-19 18:28:10.000000,-25.4614806175,-49.2624378204,POINT (-49.2624378204 -25.4614806175)
2014-05-19 18:28:20.000000,-25.4614806175,-49.2624378204,POINT (-49.2624378204 -25.4614806175)
2014-05-19 18:28:30.000000,-25.4614806175,-49.2624378204,POINT (-49.2624378204 -25.4614806175)
2014-05-19 18:28:40.000000,-25.4614806175,-49.2624378204,POINT (-49.2624378204 -25.4614806175)
2014-05-19 18:28:50.000000,-25.4614806175,-49.2624378204,POINT (-49.2624378204 -25.4614806175)
2014-05-19 18:29:00.000000,-25.4614806175,-49.2624378204,POINT (-49.2624378204 -25.4614806175)
2014-05-19 18:29:10.000000,-25.4614806175,-49.2624378204,POINT (-49.2624378204 -25.4614806175)
2014-05-19 18:29:20.000000,-25.4614806175,-49.2624378204,POINT (-49.2624378204 -25.4614806175)
2014-05-19 18:29:30.000000,-25.4614806175,-49.2624378204,POINT (-49.2624378204 -25.4614806175)
2014-05-19 18:29:40.000000,-25.4614806175,-49.2624378204,POINT (-49.2624378204 -25.4614806175)
2014-05-19 18:29:50.000000,-25.4614806175,-49.2624378204,POINT (-49.2624378204 -25.4614806175)
2014-05-19 18:30:00.000000,-25.4614806175,-49.2624378204,POINT (-49.2624378204 -25.4614806175)
2014-05-19 18:30:10.000000,-25.4614806175,-49.2624378204,POINT (-49.2624378204 -25.4614806175)
2014-05-19 18:30:20.000000,-25.4614806175,-49.2624378204,POINT (-49.2624378204 -25.4614806175)
2014-05-19 18:30:30.000000,-25.4614806175,-49.2624378204,POINT (-49.2624378204 -25.4614806175)
2014-05-19 18:30:40.000000,-25.4614806175,-49.2624378204,POINT (-49.2624378204 -25.4614806175)
2014-05-19 18:30:50.000000,-25.4614806175,-49.2624378204,POINT (-49.2624378204 -25.4614806175)
2014-05-19 18:31:00.000000,-25.4614806175,-49.2624378204,POINT (-49.2624378204 -25.4614806175)
2014-05-19 18:31:10.000000,-25.4614806175,-49.2624378204,POINT (-49.2624378204 -25.4614806175)
2014-05-19 18:31:20.000000,-25.4614806175,-49.2624378204,POINT (-49.2624378204 -25.4614806175)
2014-05-19 18:31:30.000000,-25.4614806175,-49.2624378204,POINT (-49.2624378204 -25.4614806175)
2014-05-19 18:31:40.000000,-25.4614806175,-49.2624378204,POINT (-49.2624378204 -25.4614806175)
2014-05-19 18:31:50.000000,-25.4614806175,-49.2624378204,POINT (-49.2624378204 -25.4614806175)
2014-05-19 18:32:00.000000,-25.4614806175,-49.2624378204,POINT (-49.2624378204 -25.4614806175)
2014-05-19 18:32:10.000000,-25.4614806175,-49.2624378204,POINT (-49.2624378204 -25.4614806175)
2014-05-19 18:32:20.000000,-25.4614806175,-49.2624378204,POINT (-49.2624378204 -25.4614806175)
2014-05-19 18:32:30.000000,-25.4614806175,-49.2624378204,POINT (-49.2624378204 -25.4614806175)
2014-05-19 18:32:40.000000,-25.4614806175,-49.2624378204,POINT (-49.2624378204 -25.4614806175)
2014-05-19 18:32:50.000000,-25.4614806175,-49.2624378204,POINT (-49.2624378204 -25.4614806175)
2014-05-19 18:33:00.000000,-25.4614806175,-49.2624378204,POINT (-49.2624378204 -25.4614806175)
2014-05-19 18:33:10.000000,-25.4614806175,-49.2624378204,POINT (-49.2624378204 -25.4614806175)
2014-05-19 18:33:20.000000,-25.4614806175,-49.2624378204,POINT (-49.2624378204 -25.4614806175)
2014-05-19 18:33:30.000000,-25.4614806175,-49.2624378204,POINT (-49.2624378204 -25.4614806175)
2014-05-19 18:33:40.000000,-25.4614806175,-49.2624378204,POINT (-49.2624378204 -25.4614806175)
2014-05-19 18:33:50.000000,-25.4614806175,-49.2624378204,POINT (-49.2624378204 -25.4614806175)
2014-05-19 18:34:00.000000,-25.4614806175,-49.2624378204,POINT (-49.2624378204 -25.4614806175)
2014-05-19 18:34:10.000000,-25.4614806175,-49.2624378204,POINT (-49.2624378204 -25.4614806175)
2014-05-19 18:34:20.000000,-25.4614806175,-49.2624378204,POINT (-49.2624378204 -25.4614806175)
2014-05-19 18:34:30.000000,-25.4614806175,-49.2624378204,POINT (-49.2624378204 -25.4614806175)
2014-05-19 18:34:40.000000,-25.4614806175,-49.2624378204,POINT (-49.2624378204 -25.4614806175)
2014-05-19 18:34:50.000000,-25.4614806175,-49.2624378204,POINT (-49.2624378204 -25.4614806175)
2014-05-19 18:35:00.000000,-25.4614806175,-49.2624378204,POINT (-49.2624378204 -25.4614806175)
2014-05-19 18:35:10.000000,-25.4614806175,-49.2624378204,POINT (-49.2624378204 -25.4614806175)
2014-05-19 18:35:20.000000,-25.4614806175,-49.2624378204,POINT (-49.2624378204 -25.4614806175)
2014-05-19 18:35:30.000000,-25.4614806175,-49.2624378204,POINT (-49.2624378204 -25.4614806175)
2014-05-19 18:35:40.000000,-25.4614806175,-49.2624378204,POINT (-49.2624378204 -25.4614806175)
2014-05-19 18:35:50.000000,-25.4614806175,-49.2624378204,POINT (-49.2624378204 -25.4614806175)
2014-05-19 18:36:00.000000,-25.4614806175,-49.2624378204,POINT (-49.2624378204 -25.4614806175)
2014-05-19 18:36:10.000000,-25.4614806175,-49.2624378204,POINT (-49.2624378204 -25.4614806175)
2014-05-19 18:36:20.000000,-25.4614806175,-49.2624378204,POINT (-49.2624378204 -25.4614806175)
2014-05-19 18:36:30.000000,-25.4614806175,-49.2624378204,POINT (-49.2624378204 -25.4614806175)
2014-05-19 18:36:40.000000,-25.4614806175,-49.2624378204,POINT (-49.2624378204 -25.4614806175)
2014-05-19 18:36:50.000000,-25.4614806175,-49.2624378204,POINT (-49.2624378204 -25.4614806175)
2014-05-19 18:37:00.000000,-25.4614806175,-49.2624378204,POINT (-49.2624378204 -25.4614806175)
2014-05-19 18:37:10.000000,-25.4614806175,-49.2624378204,POINT (-49.2624378204 -25.4614806175)
2014-05-19 18:37:20.000000,-25.4614806175,-49.2624378204,POINT (-49.2624378204 -25.4614806175)
2014-05-19 18:37:30.000000,-25.4614806175,-49.2624378204,POINT (-49.2624378204 -25.4614806175)
2014-05-19 18:37:40.000000,-25.4614806175,-49.2624378204,POINT (-49.2624378204 -25.4614806175)
2014-05-19 18:37:50.000000,-25.4614806175,-49.2624378204,POINT (-49.2624378204 -25.4614806175)
2014-05-19 18:38:00.000000,-25.4614806175,-49.2624378204,POINT (-49.2624378204 -25.4614806175)
2014-05-19 18:38:10.000000,-25.4614806175,-49.2624378204,POINT (-49.2624378204 -25.4614806175)
2014-05-19 18:38:20.000000,-25.4614806175,-49.2624378204,POINT (-49.2624378204 -25.4614806175)
2014-05-19 18:38:30.000000,-25.4614806175,-49.2624378204,POINT (-49.2624378204 -25.4614806175)
2014-05-19 18:38:40.000000,-25.4614806175,-49.2624378204,POINT (-49.2624378204 -25.4614806175)
2014-05-19 18:38:50.000000,-25.4614806175,-49.2624378204,POINT (-49.2624378204 -25.4614806175)
2014-05-19 18:39:00.000000,-25.4614806175,-49.2624378204,POINT (-49.2624378204 -25.4614806175)
2014-05-19 18:39:10.000000,-25.4614806175,-49.2624378204,POINT (-49.2624378204 -25.4614806175)
2014-05-19 18:39:20.000000,-25.4614806175,-49.2624378204,POINT (-49.2624378204 -25.4614806175)
2014-05-19 18:39:30.000000,-25.4614806175,-49.2624378204,POINT (-49.2624378204 -25.4614806175)
2014-05-19 18:39:40.000000,-25.4614806175,-49.2624378204,POINT (-49.2624378204 -25.4614806175)
2014-05-19 18:39:50.000000,-25.4614806175,-49.2624378204,POINT (-49.2624378204 -25.4614806175)
2014-05-19 18:40:00.000000,-25.4614806175,-49.2624378204,POINT (-49.2624378204 -25.4614806175)
2014-05-19 18:40:10.000000,-25.4614806175,-49.2624378204,POINT (-49.2624378204 -25.4614806175)
2014-05-19 18:40:20.000000,-25.4614806175,-49.2624378204,POINT (-49.2624378204 -25.4614806175)
2014-05-19 18:40:30.000000,-25.4614806175,-49.2624378204,POINT (-49.2624378204 -25.4614806175)
2014-05-19 18:40:40.000000,-25.4614806175,-49.2624378204,POINT (-49.2624378204 -25.4614806175)
2014-05-19 18:40:50.000000,-25.4614806175,-49.2624378204,POINT (-49.2624378204 -25.4614806175)
2014-05-19 18:41:00.000000,-25.4614806175,-49.2624378204,POINT (-49.2624378204 -25.4614806175)
2014-05-19 18:41:10.000000,-25.4614806175,-49.2624378204,POINT (-49.2624378204 -25.4614806175)
2014-05-19 18:41:20.000000,-25.4614806175,-49.2624378204,POINT (-49.2624378204 -25.4614806175)
2014-05-19 18:41:30.000000,-25.4614806175,-49.2624378204,POINT (-49.2624378204 -25.4614806175)
2014-05-19 18:41:40.000000,-25.4614806175,-49.2624378204,POINT (-49.2624378204 -25.4614806175)
2014-05-19 18:41:50.000000,-25.4614806175,-49.2624378204,POINT (-49.2624378204 -25.4614806175)
2014-05-19 18:42:00.000000,-25.4614806175,-49.2624378204,POINT (-49.2624378204 -25.4614806175)
2014-05-19 18:42:10.000000,-25.4614806175,-49.2624378204,POINT (-49.2624378204 -25.4614806175)
2014-05-19 18:42:20.000000,-25.4614806175,-49.2624378204,POINT (-49.2624378204 -25.4614806175)
2014-05-19 18:42:30.000000,-25.4614806175,-49.2624378204,POINT (-49.2624378204 -25.4614806175)
2014-05-19 18:42:40.000000,-25.4614806175,-49.2624378204,POINT (-49.2624378204 -25.4614806175)
2014-05-19 18:42:50.000000,-25.4614806175,-49.2624378204,POINT (-49.2624378204 -25.4614806175)
2014-05-19 18:43:00.000000,-25.4614806175,-49.2624378204,POINT (-49.2624378204 -25.4614806175)
2014-05-19 18:43:10.000000,-25.4614806175,-49.2624378204,POINT (-49.2624378204 -25.4614806175)
2014-05-19 18:43:20.000000,-25.4614806175,-49.2624378204,POINT (-49.2624378204 -25.4614806175)
2014-05-19 18:43:30.000000,-25.4614806175,-49.2624378204,POINT (-49.2624378204 -25.4614806175)
2014-05-19 18:43:40.000000,-25.4614806175,-49.2624378204,POINT (-49.2624378204 -25.4614806175)
2014-05-19 18:43:50.000000,-25.4614806175,-49.2624378204,POINT (-49.2624378204 -25.4614806175)
2014-05-19 18:44:00.000000,-25.4614806175,-49.2624378204,POINT (-49.2624378204 -25.4614806175)
2014-05-19 18:44:10.000000,-25.4614806175,-49.2624378204,POINT (-49.2624378204 -25.4614806175)
2014-05-19 18:44:20.000000,-25.4614806175,-49.2624378204,POINT (-49.2624378204 -25.4614806175)
2014-05-19 18:44:30.000000,-25.4614806175,-49.2624378204,POINT (-49.2624378204 -25.4614806175)
2014-05-19 18:44:40.000000,-25.4614806175,-49.2624378204,POINT (-49.2624378204 -25.4614806175)
2014-05-19 18:44:50.000000,-25.4614806175,-49.2624378204,POINT (-49.2624378204 -25.4614806175)
2014-05-19 18:45:00.000000,-25.4614806175,-49.2624378204,POINT (-49.2624378204 -25.4614806175)
2014-05-19 18:45:10.000000,-25.4614806175,-49.2624378204,POINT (-49.2624378204 -25.4614806175)
2014-05-19 18:45:20.000000,-25.4614806175,-49.2624378204,POINT (-49.2624378204 -25.4614806175)
2014-05-19 18:45:30.000000,-25.4614806175,-49.2624378204,POINT (-49.2624378204 -25.4614806175)
2014-05-19 18:45:40.000000,-25.4614806175,-49.2624378204,POINT (-49.2624378204 -25.4614806175)
2014-05-19 18:45:50.000000,-25.4614806175,-49.2624378204,POINT (-49.2624378204 -25.4614806175)
2014-05-19 18:46:00.000000,-25.4614806175,-49.2624378204,POINT (-49.2624378204 -25.4614806175)
2014-05-19 18:46:10.000000,-25.4614806175,-49.2624378204,POINT (-49.2624378204 -25.4614806175)
2014-05-19 18:46:20.000000,-25.4614806175,-49.2624378204,POINT (-49.2624378204 -25.4614806175)
2014-05-19 18:46:30.000000,-25.4614806175,-49.2624378204,POINT (-49.2624378204 -25.4614806175)
2014-05-19 18:46:40.000000,-25.4614806175,-49.2624378204,POINT (-49.2624378204 -25.4614806175)
2014-05-19 18:46:50.000000,-25.4614806175,-49.2624378204,POINT (-49.2624378204 -25.4614806175)
2014-05-19 18:47:00.000000,-25.4614806175,-49.2624378204,POINT (-49.2624378204 -25.4614806175)
2014-05-19 18:47:10.000000,-25.4614806175,-49.2624378204,POINT (-49.2624378204 -25.4614806175)
2014-05-19 18:47:20.000000,-25.4614806175,-49.2624378204,POINT (-49.2624378204 -25.4614806175)
2014-05-19 18:47:30.000000,-25.4614806175,-49.2624378204,POINT (-49.2624378204 -25.4614806175)
2014-05-19 18:47:40.000000,-25.4614806175,-49.2624378204,POINT (-49.2624378204 -25.4614806175)
2014-05-19 18:47:50.000000,-25.4614806175,-49.2624378204,POINT (-49.2624378204 -25.4614806175)
2014-05-19 18:48:00.000000,-25.4614806175,-49.2624378204,POINT (-49.2624378204 -25.4614806175)
2014-05-19 18:48:10.000000,-25.4614806175,-49.2624378204,POINT (-49.2624378204 -25.4614806175)
2014-05-19 18:48:20.000000,-25.4614806175,-49.2624378204,POINT (-49.2624378204 -25.4614806175)
2014-05-19 18:48:30.000000,-25.4614806175,-49.2624378204,POINT (-49.2624378204 -25.4614806175)
2014-05-19 18:48:40.000000,-25.4614806175,-49.2624378204,POINT (-49.2624378204 -25.4614806175)
2014-05-19 18:48:50.000000,-25.4614806175,-49.2624378204,POINT (-49.2624378204 -25.4614806175)
2014-05-19 18:49:00.000000,-25.4614806175,-49.2624378204,POINT (-49.2624378204 -25.4614806175)
2014-05-19 18:49:10.000000,-25.4614806175,-49.2624378204,POINT (-49.2624378204 -25.4614806175)
2014-05-19 18:49:20.000000,-25.4614806175,-49.2624378204,POINT (-49.2624378204 -25.4614806175)
2014-05-19 18:49:30.000000,-25.4614806175,-49.2624378204,POINT (-49.2624378204 -25.4614806175)
2014-05-19 18:49:40.000000,-25.4614806175,-49.2624378204,POINT (-49.2624378204 -25.4614806175)
2014-05-19 18:49:50.000000,-25.4614806175,-49.2624378204,POINT (-49.2624378204 -25.4614806175)
2014-05-19 18:50:00.000000,-25.4614806175,-49.2624378204,POINT (-49.2624378204 -25.4614806175)
2014-05-19 18:50:10.000000,-25.4614806175,-49.2624378204,POINT (-49.2624378204 -25.4614806175)
2014-05-19 18:50:20.000000,-25.4614806175,-49.2624378204,POINT (-49.2624378204 -25.4614806175)
2014-05-19 18:50:30.000000,-25.4614806175,-49.2624378204,POINT (-49.2624378204 -25.4614806175)
2014-05-19 18:50:40.000000,-25.4614806175,-49.2624378204,POINT (-49.2624378204 -25.4614806175)
2014-05-19 18:50:50.000000,-25.4614806175,-49.2624378204,POINT (-49.2624378204 -25.4614806175)
2014-05-19 18:51:00.000000,-25.4614806175,-49.2624378204,POINT (-49.2624378204 -25.4614806175)
2014-05-19 18:51:10.000000,-25.4614806175,-49.2624378204,POINT (-49.2624378204 -25.4614806175)
2014-05-19 18:51:20.000000,-25.4614806175,-49.2624378204,POINT (-49.2624378204 -25.4614806175)
2014-05-19 18:51:30.000000,-25.4614806175,-49.2624378204,POINT (-49.2624378204 -25.4614806175)
2014-05-19 18:51:40.000000,-25.4614806175,-49.2624378204,POINT (-49.2624378204 -25.4614806175)
2014-05-19 18:51:50.000000,-25.4614806175,-49.2624378204,POINT (-49.2624378204 -25.4614806175)
2014-05-19 18:52:00.000000,-25.4614806175,-49.2624378204,POINT (-49.2624378204 -25.4614806175)
2014-05-19 18:52:10.000000,-25.4614806175,-49.2624378204,POINT (-49.2624378204 -25.4614806175)
2014-05-19 18:52:20.000000,-25.4614806175,-49.2624378204,POINT (-49.2624378204 -25.4614806175)
2014-05-19 18:52:30.000000,-25.4614806175,-49.2624378204,POINT (-49.2624378204 -25.4614806175)
2014-05-19 18:52:40.000000,-25.4614806175,-49.2624378204,POINT (-49.2624378204 -25.4614806175)
2014-05-19 18:52:50.000000,-25.4614806175,-49.2624378204,POINT (-49.2624378204 -25.4614806175)
2014-05-19 18:53:00.000000,-25.4614806175,-49.2624378204,POINT (-49.2624378204 -25.4614806175)
2014-05-19 18:53:10.000000,-25.4614806175,-49.2624378204,POINT (-49.2624378204 -25.4614806175)
2014-05-19 18:53:20.000000,-25.4614806175,-49.2624378204,POINT (-49.2624378204 -25.4614806175)
2014-05-19 18:53:30.000000,-25.4614806175,-49.2624378204,POINT (-49.2624378204 -25.4614806175)
2014-05-19 18:53:40.000000,-25.4614806175,-49.2624378204,POINT (-49.2624378204 -25.4614806175)
2014-05-19 18:53:50.000000,-25.4614806175,-49.2624378204,POINT (-49.2624378204 -25.4614806175)
2014-05-19 18:54:00.000000,-25.4614806175,-49.2624378204,POINT (-49.2624378204 -25.4614806175)
2014-05-19 18:54:10.000000,-25.4614806175,-49.2624378204,POINT (-49.2624378204 -25.4614806175)
2014-05-19 18:54:20.000000,-25.4614806175,-49.2624378204,POINT (-49.2624378204 -25.4614806175)
2014-05-19 18:54:30.000000,-25.4614806175,-49.2624378204,POINT (-49.2624378204 -25.4614806175)
2014-05-19 18:54:40.000000,-25.4614806175,-49.2624378204,POINT (-49.2624378204 -25.4614806175)
2014-05-19 18:54:50.000000,-25.4614806175,-49.2624378204,POINT (-49.2624378204 -25.4614806175)
2014-05-19 18:55:00.000000,-25.4614806175,-49.2624378204,POINT (-49.2624378204 -25.4614806175)
2014-05-19 18:55:10.000000,-25.4614806175,-49.2624378204,POINT (-49.2624378204 -25.4614806175)
2014-05-19 18:55:20.000000,-25.4614806175,-49.2624378204,POINT (-49.2624378204 -25.4614806175)
2014-05-19 18:55:30.000000,-25.4614806175,-49.2624378204,POINT (-49.2624378204 -25.4614806175)
2014-05-19 18:55:40.000000,-25.4614806175,-49.2624378204,POINT (-49.2624378204 -25.4614806175)
2014-05-19 18:55:50.000000,-25.4614806175,-49.2624378204,POINT (-49.2624378204 -25.4614806175)
2014-05-19 18:56:00.000000,-25.4614806175,-49.2624378204,POINT (-49.2624378204 -25.4614806175)
2014-05-19 18:56:10.000000,-25.4614806175,-49.2624378204,POINT (-49.2624378204 -25.4614806175)
2014-05-19 18:56:20.000000,-25.4614806175,-49.2624378204,POINT (-49.2624378204 -25.4614806175)
2014-05-19 18:56:30.000000,-25.4614806175,-49.2624378204,POINT (-49.2624378204 -25.4614806175)
2014-05-19 18:56:40.000000,-25.4614806175,-49.2624378204,POINT (-49.2624378204 -25.4614806175)
2014-05-19 18:56:50.000000,-25.4614806175,-49.2624378204,POINT (-49.2624378204 -25.4614806175)
2014-05-19 18:57:00.000000,-25.4614806175,-49.2624378204,POINT (-49.2624378204 -25.4614806175)
2014-05-19 18:57:10.000000,-25.4614806175,-49.2624378204,POINT (-49.2624378204 -25.4614806175)
2014-05-19 18:57:20.000000,-25.4614806175,-49.2624378204,POINT (-49.2624378204 -25.4614806175)
2014-05-19 18:57:30.000000,-25.4614806175,-49.2624378204,POINT (-49.2624378204 -25.4614806175)
2014-05-19 18:57:40.000000,-25.4614806175,-49.2624378204,POINT (-49.2624378204 -25.4614806175)
2014-05-19 18:57:50.000000,-25.4614806175,-49.2624378204,POINT (-49.2624378204 -25.4614806175)
2014-05-19 18:58:00.000000,-25.4614806175,-49.2624378204,POINT (-49.2624378204 -25.4614806175)
2014-05-19 18:58:10.000000,-25.4614806175,-49.2624378204,POINT (-49.2624378204 -25.4614806175)
2014-05-19 18:58:20.000000,-25.4614806175,-49.2624378204,POINT (-49.2624378204 -25.4614806175)
2014-05-19 18:58:30.000000,-25.4614806175,-49.2624378204,POINT (-49.2624378204 -25.4614806175)
2014-05-19 18:58:40.000000,-25.4614806175,-49.2624378204,POINT (-49.2624378204 -25.4614806175)
2014-05-19 18:58:50.000000,-25.4614806175,-49.2624378204,POINT (-49.2624378204 -25.4614806175)
2014-05-19 18:59:00.000000,-25.4614806175,-49.2624378204,POINT (-49.2624378204 -25.4614806175)
2014-05-19 18:59:10.000000,-25.4614806175,-49.2624378204,POINT (-49.2624378204 -25.4614806175)
2014-05-19 18:59:20.000000,-25.4614806175,-49.2624378204,POINT (-49.2624378204 -25.4614806175)
2014-05-19 18:59:30.000000,-25.4614806175,-49.2624378204,POINT (-49.2624378204 -25.4614806175)
2014-05-19 18:59:40.000000,-25.4614806175,-49.2624378204,POINT (-49.2624378204 -25.4614806175)
2014-05-19 18:59:50.000000,-25.4614806175,-49.2624378204,POINT (-49.2624378204 -25.4614806175)
2014-05-19 19:00:00.000000,-25.4614806175,-49.2624378204,POINT (-49.2624378204 -25.4614806175)
2014-05-19 19:00:10.000000,-25.4614806175,-49.2624378204,POINT (-49.2624378204 -25.4614806175)
2014-05-19 19:00:20.000000,-25.4614806175,-49.2624378204,POINT (-49.2624378204 -25.4614806175)
2014-05-19 19:00:30.000000,-25.4614806175,-49.2624378204,POINT (-49.2624378204 -25.4614806175)
2014-05-19 19:00:40.000000,-25.4614806175,-49.2624378204,POINT (-49.2624378204 -25.4614806175)
2014-05-19 19:00:50.000000,-25.4614806175,-49.2624378204,POINT (-49.2624378204 -25.4614806175)
2014-05-19 19:01:00.000000,-25.4614806175,-49.2624378204,POINT (-49.2624378204 -25.4614806175)
2014-05-19 19:01:10.000000,-25.4614806175,-49.2624378204,POINT (-49.2624378204 -25.4614806175)
2014-05-19 19:01:20.000000,-25.4614806175,-49.2624378204,POINT (-49.2624378204 -25.4614806175)
2014-05-19 19:01:30.000000,-25.4614806175,-49.2624378204,POINT (-49.2624378204 -25.4614806175)
2014-05-19 19:01:40.000000,-25.4614806175,-49.2624378204,POINT (-49.2624378204 -25.4614806175)
2014-05-19 19:01:50.000000,-25.4614806175,-49.2624378204,POINT (-49.2624378204 -25.4614806175)
2014-05-19 19:02:00.000000,-25.4614806175,-49.2624378204,POINT (-49.2624378204 -25.4614806175)
2014-05-19 19:02:10.000000,-25.4614806175,-49.2624378204,POINT (-49.2624378204 -25.4614806175)
2014-05-19 19:02:20.000000,-25.4614806175,-49.2624378204,POINT (-49.2624378204 -25.4614806175)
2014-05-19 19:02:30.000000,-25.4614806175,-49.2624378204,POINT (-49.2624378204 -25.4614806175)
2014-05-19 19:02:40.000000,-25.4614806175,-49.2624378204,POINT (-49.2624378204 -25.4614806175)
2014-05-19 19:02:50.000000,-25.4614806175,-49.2624378204,POINT (-49.2624378204 -25.4614806175)
2014-05-19 19:03:00.000000,-25.4614806175,-49.2624378204,POINT (-49.2624378204 -25.4614806175)
2014-05-19 19:03:10.000000,-25.4614806175,-49.2624378204,POINT (-49.2624378204 -25.4614806175)
2014-05-19 19:03:20.000000,-25.4614806175,-49.2624378204,POINT (-49.2624378204 -25.4614806175)
2014-05-19 19:03:30.000000,-25.4614806175,-49.2624378204,POINT (-49.2624378204 -25.4614806175)
2014-05-19 19:03:40.000000,-25.4614806175,-49.2624378204,POINT (-49.2624378204 -25.4614806175)
2014-05-19 19:03:50.000000,-25.4614806175,-49.2624378204,POINT (-49.2624378204 -25.4614806175)
2014-05-19 19:04:00.000000,-25.4614806175,-49.2624378204,POINT (-49.2624378204 -25.4614806175)
2014-05-19 19:04:10.000000,-25.4614806175,-49.2624378204,POINT (-49.2624378204 -25.4614806175)
2014-05-19 19:04:20.000000,-25.4614806175,-49.2624378204,POINT (-49.2624378204 -25.4614806175)
2014-05-19 19:04:30.000000,-25.4614806175,-49.2624378204,POINT (-49.2624378204 -25.4614806175)
2014-05-19 19:04:40.000000,-25.4614806175,-49.2624378204,POINT (-49.2624378204 -25.4614806175)
2014-05-19 19:04:50.000000,-25.4614806175,-49.2624378204,POINT (-49.2624378204 -25.4614806175)
2014-05-19 19:05:00.000000,-25.4614806175,-49.2624378204,POINT (-49.2624378204 -25.4614806175)
2014-05-19 19:05:10.000000,-25.4614806175,-49.2624378204,POINT (-49.2624378204 -25.4614806175)
2014-05-19 19:05:20.000000,-25.4614806175,-49.2624378204,POINT (-49.2624378204 -25.4614806175)
2014-05-19 19:05:30.000000,-25.4614806175,-49.2624378204,POINT (-49.2624378204 -25.4614806175)
2014-05-19 19:05:40.000000,-25.4614806175,-49.2624378204,POINT (-49.2624378204 -25.4614806175)
2014-05-19 19:05:50.000000,-25.4614806175,-49.2624378204,POINT (-49.2624378204 -25.4614806175)
2014-05-19 19:06:00.000000,-25.4614806175,-49.2624378204,POINT (-49.2624378204 -25.4614806175)
2014-05-19 19:06:10.000000,-25.4614806175,-49.2624378204,POINT (-49.2624378204 -25.4614806175)
2014-05-19 19:06:20.000000,-25.4614806175,-49.2624378204,POINT (-49.2624378204 -25.4614806175)
2014-05-19 19:06:30.000000,-25.4614806175,-49.2624378204,POINT (-49.2624378204 -25.4614806175)
2014-05-19 19:06:40.000000,-25.4614806175,-49.2624378204,POINT (-49.2624378204 -25.4614806175)
2014-05-19 19:06:50.000000,-25.4614806175,-49.2624378204,POINT (-49.2624378204 -25.4614806175)
2014-05-19 19:07:00.000000,-25.4614806175,-49.2624378204,POINT (-49.2624378204 -25.4614806175)
2014-05-19 19:07:10.000000,-25.4614806175,-49.2624378204,POINT (-49.2624378204 -25.4614806175)
2014-05-19 19:07:20.000000,-25.4614806175,-49.2624378204,POINT (-49.2624378204 -25.4614806175)
2014-05-19 19:07:30.000000,-25.4614806175,-49.2624378204,POINT (-49.2624378204 -25.4614806175)
2014-05-19 19:07:40.000000,-25.4614806175,-49.2624378204,POINT (-49.2624378204 -25.4614806175)
2014-05-19 19:07:50.000000,-25.4614806175,-49.2624378204,POINT (-49.2624378204 -25.4614806175)
2014-05-19 19:08:00.000000,-25.4614806175,-49.2624378204,POINT (-49.2624378204 -25.4614806175)
2014-05-19 19:08:10.000000,-25.4614806175,-49.2624378204,POINT (-49.2624378204 -25.4614806175)
2014-05-19 19:08:20.000000,-25.4614806175,-49.2624378204,POINT (-49.2624378204 -25.4614806175)
2014-05-19 19:08:30.000000,-25.4614806175,-49.2624378204,POINT (-49.2624378204 -25.4614806175)
2014-05-19 19:08:40.000000,-25.4614806175,-49.2624378204,POINT (-49.2624378204 -25.4614806175)
2014-05-19 19:08:50.000000,-25.4614806175,-49.2624378204,POINT (-49.2624378204 -25.4614806175)
2014-05-19 19:09:00.000000,-25.4614806175,-49.2624378204,POINT (-49.2624378204 -25.4614806175)
2014-05-19 19:09:10.000000,-25.4614806175,-49.2624378204,POINT (-49.2624378204 -25.4614806175)
2014-05-19 19:09:20.000000,-25.4614806175,-49.2624378204,POINT (-49.2624378204 -25.4614806175)
2014-05-19 19:09:30.000000,-25.4614806175,-49.2624378204,POINT (-49.2624378204 -25.4614806175)
2014-05-19 19:09:40.000000,-25.4614806175,-49.2624378204,POINT (-49.2624378204 -25.4614806175)
2014-05-19 19:09:50.000000,-25.4614806175,-49.2624378204,POINT (-49.2624378204 -25.4614806175)
2014-05-19 19:10:00.000000,-25.4614806175,-49.2624378204,POINT (-49.2624378204 -25.4614806175)
2014-05-19 19:10:10.000000,-25.4614806175,-49.2624378204,POINT (-49.2624378204 -25.4614806175)
2014-05-19 19:10:20.000000,-25.4614806175,-49.2624378204,POINT (-49.2624378204 -25.4614806175)
2014-05-19 19:10:30.000000,-25.4614806175,-49.2624378204,POINT (-49.2624378204 -25.4614806175)
2014-05-19 19:10:40.000000,-25.4614806175,-49.2624378204,POINT (-49.2624378204 -25.4614806175)
2014-05-19 19:10:50.000000,-25.4614806175,-49.2624378204,POINT (-49.2624378204 -25.4614806175)
2014-05-19 19:11:00.000000,-25.4614806175,-49.2624378204,POINT (-49.2624378204 -25.4614806175)
2014-05-19 19:11:10.000000,-25.4614806175,-49.2624378204,POINT (-49.2624378204 -25.4614806175)
2014-05-19 19:11:20.000000,-25.4614806175,-49.2624378204,POINT (-49.2624378204 -25.4614806175)
2014-05-19 19:11:30.000000,-25.4614806175,-49.2624378204,POINT (-49.2624378204 -25.4614806175)
2014-05-19 19:11:40.000000,-25.4614806175,-49.2624378204,POINT (-49.2624378204 -25.4614806175)
2014-05-19 19:11:50.000000,-25.4614806175,-49.2624378204,POINT (-49.2624378204 -25.4614806175)
2014-05-19 19:12:00.000000,-25.4614806175,-49.2624378204,POINT (-49.2624378204 -25.4614806175)
2014-05-19 19:12:10.000000,-25.4614806175,-49.2624378204,POINT (-49.2624378204 -25.4614806175)
2014-05-19 19:12:20.000000,-25.4614806175,-49.2624378204,POINT (-49.2624378204 -25.4614806175)
2014-05-19 19:12:30.000000,-25.4614806175,-49.2624378204,POINT (-49.2624378204 -25.4614806175)
2014-05-19 19:12:40.000000,-25.4614806175,-49.2624378204,POINT (-49.2624378204 -25.4614806175)
2014-05-19 19:12:50.000000,-25.4614806175,-49.2624378204,POINT (-49.2624378204 -25.4614806175)
2014-05-19 19:13:00.000000,-25.4614806175,-49.2624378204,POINT (-49.2624378204 -25.4614806175)
2014-05-19 19:13:10.000000,-25.4614806175,-49.2624378204,POINT (-49.2624378204 -25.4614806175)
2014-05-19 19:13:20.000000,-25.4614806175,-49.2624378204,POINT (-49.2624378204 -25.4614806175)
2014-05-19 19:13:30.000000,-25.4614806175,-49.2624378204,POINT (-49.2624378204 -25.4614806175)
2014-05-19 19:13:40.000000,-25.4614806175,-49.2624378204,POINT (-49.2624378204 -25.4614806175)
2014-05-19 19:13:50.000000,-25.4614806175,-49.2624378204,POINT (-49.2624378204 -25.4614806175)
2014-05-19 19:14:00.000000,-25.4614806175,-49.2624378204,POINT (-49.2624378204 -25.4614806175)
2014-05-19 19:14:10.000000,-25.4614806175,-49.2624378204,POINT (-49.2624378204 -25.4614806175)
2014-05-19 19:14:20.000000,-25.4614806175,-49.2624378204,POINT (-49.2624378204 -25.4614806175)
2014-05-19 19:14:30.000000,-25.4614806175,-49.2624378204,POINT (-49.2624378204 -25.4614806175)
2014-05-19 19:14:40.000000,-25.4614806175,-49.2624378204,POINT (-49.2624378204 -25.4614806175)
2014-05-19 19:14:50.000000,-25.4614806175,-49.2624378204,POINT (-49.2624378204 -25.4614806175)
2014-05-19 19:15:00.000000,-25.4614806175,-49.2624378204,POINT (-49.2624378204 -25.4614806175)
2014-05-19 19:15:10.000000,-25.4614806175,-49.2624378204,POINT (-49.2624378204 -25.4614806175)
2014-05-19 19:15:20.000000,-25.4614806175,-49.2624378204,POINT (-49.2624378204 -25.4614806175)
2014-05-19 19:15:30.000000,-25.4614806175,-49.2624378204,POINT (-49.2624378204 -25.4614806175)
2014-05-19 19:15:40.000000,-25.4614806175,-49.2624378204,POINT (-49.2624378204 -25.4614806175)
2014-05-19 19:15:50.000000,-25.4614806175,-49.2624378204,POINT (-49.2624378204 -25.4614806175)
2014-05-19 19:16:00.000000,-25.4614806175,-49.2624378204,POINT (-49.2624378204 -25.4614806175)
2014-05-19 19:16:10.000000,-25.4614806175,-49.2624378204,POINT (-49.2624378204 -25.4614806175)
2014-05-19 19:16:20.000000,-25.4614806175,-49.2624378204,POINT (-49.2624378204 -25.4614806175)
2014-05-19 19:16:30.000000,-25.4614806175,-49.2624378204,POINT (-49.2624378204 -25.4614806175)
2014-05-19 19:16:40.000000,-25.4614806175,-49.2624378204,POINT (-49.2624378204 -25.4614806175)
2014-05-19 19:16:50.000000,-25.4614806175,-49.2624378204,POINT (-49.2624378204 -25.4614806175)
2014-05-19 19:17:00.000000,-25.4614806175,-49.2624378204,POINT (-49.2624378204 -25.4614806175)
2014-05-19 19:17:10.000000,-25.4614806175,-49.2624378204,POINT (-49.2624378204 -25.4614806175)
2014-05-19 19:17:20.000000,-25.4614806175,-49.2624378204,POINT (-49.2624378204 -25.4614806175)
2014-05-19 19:17:30.000000,-25.4614806175,-49.2624378204,POINT (-49.2624378204 -25.4614806175)
2014-05-19 19:17:40.000000,-25.4614806175,-49.2624378204,POINT (-49.2624378204 -25.4614806175)
2014-05-19 19:17:50.000000,-25.4614806175,-49.2624378204,POINT (-49.2624378204 -25.4614806175)
2014-05-19 19:18:00.000000,-25.4614806175,-49.2624378204,POINT (-49.2624378204 -25.4614806175)
2014-05-19 19:18:10.000000,-25.4614806175,-49.2624378204,POINT (-49.2624378204 -25.4614806175)
2014-05-19 19:18:20.000000,-25.4614806175,-49.2624378204,POINT (-49.2624378204 -25.4614806175)
2014-05-19 19:18:30.000000,-25.4614806175,-49.2624378204,POINT (-49.2624378204 -25.4614806175)
2014-05-19 19:18:40.000000,-25.4614806175,-49.2624378204,POINT (-49.2624378204 -25.4614806175)
2014-05-19 19:18:50.000000,-25.4614806175,-49.2624378204,POINT (-49.2624378204 -25.4614806175)
2014-05-19 19:19:00.000000,-25.4614806175,-49.2624378204,POINT (-49.2624378204 -25.4614806175)
2014-05-19 19:19:10.000000,-25.4614806175,-49.2624378204,POINT (-49.2624378204 -25.4614806175)
2014-05-19 19:19:20.000000,-25.4614806175,-49.2624378204,POINT (-49.2624378204 -25.4614806175)
2014-05-19 19:19:30.000000,-25.4614806175,-49.2624378204,POINT (-49.2624378204 -25.4614806175)
2014-05-19 19:19:40.000000,-25.4614806175,-49.2624378204,POINT (-49.2624378204 -25.4614806175)
2014-05-19 19:19:50.000000,-25.4614806175,-49.2624378204,POINT (-49.2624378204 -25.4614806175)
2014-05-19 19:20:00.000000,-25.4614806175,-49.2624378204,POINT (-49.2624378204 -25.4614806175)
2014-05-19 19:20:10.000000,-25.4614806175,-49.2624378204,POINT (-49.2624378204 -25.4614806175)
2014-05-19 19:20:20.000000,-25.4614806175,-49.2624378204,POINT (-49.2624378204 -25.4614806175)
2014-05-19 19:20:30.000000,-25.4614806175,-49.2624378204,POINT (-49.2624378204 -25.4614806175)
2014-05-19 19:20:40.000000,-25.4614806175,-49.2624378204,POINT (-49.2624378204 -25.4614806175)
2014-05-19 19:20:50.000000,-25.4614806175,-49.2624378204,POINT (-49.2624378204 -25.4614806175)
2014-05-19 19:21:00.000000,-25.4614806175,-49.2624378204,POINT (-49.2624378204 -25.4614806175)
2014-05-19 19:21:10.000000,-25.4614806175,-49.2624378204,POINT (-49.2624378204 -25.4614806175)
2014-05-19 19:21:20.000000,-25.4614806175,-49.2624378204,POINT (-49.2624378204 -25.4614806175)
2014-05-19 19:21:30.000000,-25.4614806175,-49.2624378204,POINT (-49.2624378204 -25.4614806175)
2014-05-19 19:21:40.000000,-25.4614806175,-49.2624378204,POINT (-49.2624378204 -25.4614806175)
2014-05-19 19:21:50.000000,-25.4614806175,-49.2624378204,POINT (-49.2624378204 -25.4614806175)
2014-05-19 19:22:00.000000,-25.4614806175,-49.2624378204,POINT (-49.2624378204 -25.4614806175)
2014-05-19 19:22:10.000000,-25.4614806175,-49.2624378204,POINT (-49.2624378204 -25.4614806175)
2014-05-19 19:22:20.000000,-25.4614806175,-49.2624378204,POINT (-49.2624378204 -25.4614806175)
2014-05-19 19:22:30.000000,-25.4614806175,-49.2624378204,POINT (-49.2624378204 -25.4614806175)
2014-05-19 19:22:40.000000,-25.4614806175,-49.2624378204,POINT (-49.2624378204 -25.4614806175)
2014-05-19 19:22:50.000000,-25.4614806175,-49.2624378204,POINT (-49.2624378204 -25.4614806175)
2014-05-19 19:23:00.000000,-25.4614806175,-49.2624378204,POINT (-49.2624378204 -25.4614806175)
2014-05-19 19:23:10.000000,-25.4614806175,-49.2624378204,POINT (-49.2624378204 -25.4614806175)
2014-05-19 19:23:20.000000,-25.4614806175,-49.2624378204,POINT (-49.2624378204 -25.4614806175)
2014-05-19 19:23:30.000000,-25.4614806175,-49.2624378204,POINT (-49.2624378204 -25.4614806175)
2014-05-19 19:23:40.000000,-25.4614806175,-49.2624378204,POINT (-49.2624378204 -25.4614806175)
2014-05-19 19:23:50.000000,-25.4614806175,-49.2624378204,POINT (-49.2624378204 -25.4614806175)
2014-05-19 19:24:00.000000,-25.4614806175,-49.2624378204,POINT (-49.2624378204 -25.4614806175)
2014-05-19 19:24:10.000000,-25.4614806175,-49.2624378204,POINT (-49.2624378204 -25.4614806175)
2014-05-19 19:24:20.000000,-25.4614806175,-49.2624378204,POINT (-49.2624378204 -25.4614806175)
2014-05-19 19:24:30.000000,-25.4614806175,-49.2624378204,POINT (-49.2624378204 -25.4614806175)
2014-05-19 19:24:40.000000,-25.4614806175,-49.2624378204,POINT (-49.2624378204 -25.4614806175)
2014-05-19 19:24:50.000000,-25.4614806175,-49.2624378204,POINT (-49.2624378204 -25.4614806175)
2014-05-19 19:25:00.000000,-25.4614806175,-49.2624378204,POINT (-49.2624378204 -25.4614806175)
2014-05-19 19:25:10.000000,-25.4614806175,-49.2624378204,POINT (-49.2624378204 -25.4614806175)
2014-05-19 19:25:20.000000,-25.4614806175,-49.2624378204,POINT (-49.2624378204 -25.4614806175)
2014-05-19 19:25:30.000000,-25.4614806175,-49.2624378204,POINT (-49.2624378204 -25.4614806175)
2014-05-19 19:25:40.000000,-25.4614806175,-49.2624378204,POINT (-49.2624378204 -25.4614806175)
2014-05-19 19:25:50.000000,-25.4614806175,-49.2624378204,POINT (-49.2624378204 -25.4614806175)
2014-05-19 19:26:00.000000,-25.4614806175,-49.2624378204,POINT (-49.2624378204 -25.4614806175)
2014-05-19 19:26:10.000000,-25.4614806175,-49.2624378204,POINT (-49.2624378204 -25.4614806175)
2014-05-19 19:26:20.000000,-25.4614806175,-49.2624378204,POINT (-49.2624378204 -25.4614806175)
2014-05-19 19:26:30.000000,-25.4614806175,-49.2624378204,POINT (-49.2624378204 -25.4614806175)
2014-05-19 19:26:40.000000,-25.4614806175,-49.2624378204,POINT (-49.2624378204 -25.4614806175)
2014-05-19 19:26:50.000000,-25.4614806175,-49.2624378204,POINT (-49.2624378204 -25.4614806175)
2014-05-19 19:27:00.000000,-25.4614806175,-49.2624378204,POINT (-49.2624378204 -25.4614806175)
2014-05-19 19:27:10.000000,-25.4614806175,-49.2624378204,POINT (-49.2624378204 -25.4614806175)
2014-05-19 19:27:20.000000,-25.4614806175,-49.2624378204,POINT (-49.2624378204 -25.4614806175)
2014-05-19 19:27:30.000000,-25.4614806175,-49.2624378204,POINT (-49.2624378204 -25.4614806175)
2014-05-19 19:27:40.000000,-25.4614806175,-49.2624378204,POINT (-49.2624378204 -25.4614806175)
2014-05-19 19:27:50.000000,-25.4614806175,-49.2624378204,POINT (-49.2624378204 -25.4614806175)
2014-05-19 19:28:00.000000,-25.4614806175,-49.2624378204,POINT (-49.2624378204 -25.4614806175)
2014-05-19 19:28:10.000000,-25.4614806175,-49.2624378204,POINT (-49.2624378204 -25.4614806175)
2014-05-19 19:28:20.000000,-25.4614806175,-49.2624378204,POINT (-49.2624378204 -25.4614806175)
2014-05-19 19:28:30.000000,-25.4614806175,-49.2624378204,POINT (-49.2624378204 -25.4614806175)
2014-05-19 19:28:40.000000,-25.4614806175,-49.2624378204,POINT (-49.2624378204 -25.4614806175)
2014-05-19 19:28:50.000000,-25.4614806175,-49.2624378204,POINT (-49.2624378204 -25.4614806175)
2014-05-19 19:29:00.000000,-25.4614806175,-49.2624378204,POINT (-49.2624378204 -25.4614806175)
2014-05-19 19:29:10.000000,-25.4614806175,-49.2624378204,POINT (-49.2624378204 -25.4614806175)
2014-05-19 19:29:20.000000,-25.4614806175,-49.2624378204,POINT (-49.2624378204 -25.4614806175)
2014-05-19 19:29:30.000000,-25.4614806175,-49.2624378204,POINT (-49.2624378204 -25.4614806175)
2014-05-19 19:29:40.000000,-25.4614806175,-49.2624378204,POINT (-49.2624378204 -25.4614806175)
2014-05-19 19:29:50.000000,-25.4614806175,-49.2624378204,POINT (-49.2624378204 -25.4614806175)
2014-05-19 19:30:00.000000,-25.4614806175,-49.2624378204,POINT (-49.2624378204 -25.4614806175)
2014-05-19 19:30:10.000000,-25.4614806175,-49.2624378204,POINT (-49.2624378204 -25.4614806175)
2014-05-19 19:30:20.000000,-25.4614806175,-49.2624378204,POINT (-49.2624378204 -25.4614806175)
2014-05-19 19:30:30.000000,-25.4614806175,-49.2624378204,POINT (-49.2624378204 -25.4614806175)
2014-05-19 19:30:40.000000,-25.4614806175,-49.2624378204,POINT (-49.2624378204 -25.4614806175)
2014-05-19 19:30:50.000000,-25.4614806175,-49.2624378204,POINT (-49.2624378204 -25.4614806175)
2014-05-19 19:31:00.000000,-25.4614806175,-49.2624378204,POINT (-49.2624378204 -25.4614806175)
2014-05-19 19:31:10.000000,-25.4614806175,-49.2624378204,POINT (-49.2624378204 -25.4614806175)
2014-05-19 19:31:20.000000,-25.4614806175,-49.2624378204,POINT (-49.2624378204 -25.4614806175)
2014-05-19 19:31:30.000000,-25.4614806175,-49.2624378204,POINT (-49.2624378204 -25.4614806175)
2014-05-19 19:31:40.000000,-25.4614806175,-49.2624378204,POINT (-49.2624378204 -25.4614806175)
2014-05-19 19:31:50.000000,-25.4614806175,-49.2624378204,POINT (-49.2624378204 -25.4614806175)
2014-05-19 19:32:00.000000,-25.4614806175,-49.2624378204,POINT (-49.2624378204 -25.4614806175)
2014-05-19 19:32:10.000000,-25.4614806175,-49.2624378204,POINT (-49.2624378204 -25.4614806175)
2014-05-19 19:32:20.000000,-25.4614806175,-49.2624378204,POINT (-49.2624378204 -25.4614806175)
2014-05-19 19:32:30.000000,-25.4614806175,-49.2624378204,POINT (-49.2624378204 -25.4614806175)
2014-05-19 19:32:40.000000,-25.4614806175,-49.2624378204,POINT (-49.2624378204 -25.4614806175)
2014-05-19 19:32:50.000000,-25.4614806175,-49.2624378204,POINT (-49.2624378204 -25.4614806175)
2014-05-19 19:33:00.000000,-25.4614806175,-49.2624378204,POINT (-49.2624378204 -25.4614806175)
2014-05-19 19:33:10.000000,-25.4614806175,-49.2624378204,POINT (-49.2624378204 -25.4614806175)
2014-05-19 19:33:20.000000,-25.4614806175,-49.2624378204,POINT (-49.2624378204 -25.4614806175)
2014-05-19 19:33:30.000000,-25.4614806175,-49.2624378204,POINT (-49.2624378204 -25.4614806175)
2014-05-19 19:33:40.000000,-25.4614806175,-49.2624378204,POINT (-49.2624378204 -25.4614806175)
2014-05-19 19:33:50.000000,-25.4614806175,-49.2624378204,POINT (-49.2624378204 -25.4614806175)
2014-05-19 19:34:00.000000,-25.4614806175,-49.2624378204,POINT (-49.2624378204 -25.4614806175)
2014-05-19 19:34:10.000000,-25.4614806175,-49.2624378204,POINT (-49.2624378204 -25.4614806175)
2014-05-19 19:34:20.000000,-25.4614806175,-49.2624378204,POINT (-49.2624378204 -25.4614806175)
2014-05-19 19:34:30.000000,-25.4614806175,-49.2624378204,POINT (-49.2624378204 -25.4614806175)
2014-05-19 19:34:40.000000,-25.4614806175,-49.2624378204,POINT (-49.2624378204 -25.4614806175)
2014-05-19 19:34:50.000000,-25.4614806175,-49.2624378204,POINT (-49.2624378204 -25.4614806175)
2014-05-19 19:35:00.000000,-25.4614806175,-49.2624378204,POINT (-49.2624378204 -25.4614806175)
2014-05-19 19:35:10.000000,-25.4614806175,-49.2624378204,POINT (-49.2624378204 -25.4614806175)
2014-05-19 19:35:20.000000,-25.4614806175,-49.2624378204,POINT (-49.2624378204 -25.4614806175)
2014-05-19 19:35:30.000000,-25.4614806175,-49.2624378204,POINT (-49.2624378204 -25.4614806175)
2014-05-19 19:35:40.000000,-25.4614806175,-49.2624378204,POINT (-49.2624378204 -25.4614806175)
2014-05-19 19:35:50.000000,-25.4614806175,-49.2624378204,POINT (-49.2624378204 -25.4614806175)
2014-05-19 19:36:00.000000,-25.4614806175,-49.2624378204,POINT (-49.2624378204 -25.4614806175)
2014-05-19 19:36:10.000000,-25.4614806175,-49.2624378204,POINT (-49.2624378204 -25.4614806175)
2014-05-19 19:36:20.000000,-25.4614806175,-49.2624378204,POINT (-49.2624378204 -25.4614806175)
2014-05-19 19:36:30.000000,-25.4614806175,-49.2624378204,POINT (-49.2624378204 -25.4614806175)
2014-05-19 19:36:40.000000,-25.4614806175,-49.2624378204,POINT (-49.2624378204 -25.4614806175)
2014-05-19 19:36:50.000000,-25.4614806175,-49.2624378204,POINT (-49.2624378204 -25.4614806175)
2014-05-19 19:37:00.000000,-25.4614806175,-49.2624378204,POINT (-49.2624378204 -25.4614806175)
2014-05-19 19:37:10.000000,-25.4614806175,-49.2624378204,POINT (-49.2624378204 -25.4614806175)
2014-05-19 19:37:20.000000,-25.4614806175,-49.2624378204,POINT (-49.2624378204 -25.4614806175)
2014-05-19 19:37:30.000000,-25.4614806175,-49.2624378204,POINT (-49.2624378204 -25.4614806175)
2014-05-19 19:37:40.000000,-25.4614806175,-49.2624378204,POINT (-49.2624378204 -25.4614806175)
2014-05-19 19:37:50.000000,-25.4614806175,-49.2624378204,POINT (-49.2624378204 -25.4614806175)
2014-05-19 19:38:00.000000,-25.4614806175,-49.2624378204,POINT (-49.2624378204 -25.4614806175)
2014-05-19 19:38:10.000000,-25.4614806175,-49.2624378204,POINT (-49.2624378204 -25.4614806175)
2014-05-19 19:38:20.000000,-25.4614806175,-49.2624378204,POINT (-49.2624378204 -25.4614806175)
2014-05-19 19:38:30.000000,-25.4614806175,-49.2624378204,POINT (-49.2624378204 -25.4614806175)
2014-05-19 19:38:40.000000,-25.4614806175,-49.2624378204,POINT (-49.2624378204 -25.4614806175)
2014-05-19 19:38:50.000000,-25.4614806175,-49.2624378204,POINT (-49.2624378204 -25.4614806175)
2014-05-19 19:39:00.000000,-25.4614806175,-49.2624378204,POINT (-49.2624378204 -25.4614806175)
2014-05-19 19:39:10.000000,-25.4614806175,-49.2624378204,POINT (-49.2624378204 -25.4614806175)
2014-05-19 19:39:20.000000,-25.4614806175,-49.2624378204,POINT (-49.2624378204 -25.4614806175)
2014-05-19 19:39:30.000000,-25.4614806175,-49.2624378204,POINT (-49.2624378204 -25.4614806175)
2014-05-19 19:39:40.000000,-25.4614806175,-49.2624378204,POINT (-49.2624378204 -25.4614806175)
2014-05-19 19:39:50.000000,-25.4614806175,-49.2624378204,POINT (-49.2624378204 -25.4614806175)
2014-05-19 19:40:00.000000,-25.4614806175,-49.2624378204,POINT (-49.2624378204 -25.4614806175)
2014-05-19 19:40:10.000000,-25.4614806175,-49.2624378204,POINT (-49.2624378204 -25.4614806175)
2014-05-19 19:40:20.000000,-25.4614806175,-49.2624378204,POINT (-49.2624378204 -25.4614806175)
2014-05-19 19:40:30.000000,-25.4614806175,-49.2624378204,POINT (-49.2624378204 -25.4614806175)
2014-05-19 19:40:40.000000,-25.4614806175,-49.2624378204,POINT (-49.2624378204 -25.4614806175)
2014-05-19 19:40:50.000000,-25.4614806175,-49.2624378204,POINT (-49.2624378204 -25.4614806175)
2014-05-19 19:41:00.000000,-25.4614806175,-49.2624378204,POINT (-49.2624378204 -25.4614806175)
2014-05-19 19:41:10.000000,-25.4614806175,-49.2624378204,POINT (-49.2624378204 -25.4614806175)
2014-05-19 19:41:20.000000,-25.4614806175,-49.2624378204,POINT (-49.2624378204 -25.4614806175)
2014-05-19 19:41:30.000000,-25.4614806175,-49.2624378204,POINT (-49.2624378204 -25.4614806175)
2014-05-19 19:41:40.000000,-25.4614806175,-49.2624378204,POINT (-49.2624378204 -25.4614806175)
2014-05-19 19:41:50.000000,-25.4614806175,-49.2624378204,POINT (-49.2624378204 -25.4614806175)
2014-05-19 19:42:00.000000,-25.4614806175,-49.2624378204,POINT (-49.2624378204 -25.4614806175)
2014-05-19 19:42:10.000000,-25.4614806175,-49.2624378204,POINT (-49.2624378204 -25.4614806175)
2014-05-19 19:42:20.000000,-25.4614806175,-49.2624378204,POINT (-49.2624378204 -25.4614806175)
2014-05-19 19:42:30.000000,-25.4614806175,-49.2624378204,POINT (-49.2624378204 -25.4614806175)
2014-05-19 19:42:40.000000,-25.4614806175,-49.2624378204,POINT (-49.2624378204 -25.4614806175)
2014-05-19 19:42:50.000000,-25.4614806175,-49.2624378204,POINT (-49.2624378204 -25.4614806175)
2014-05-19 19:43:00.000000,-25.4614806175,-49.2624378204,POINT (-49.2624378204 -25.4614806175)
2014-05-19 19:43:10.000000,-25.4614806175,-49.2624378204,POINT (-49.2624378204 -25.4614806175)
2014-05-19 19:43:20.000000,-25.4614806175,-49.2624378204,POINT (-49.2624378204 -25.4614806175)
2014-05-19 19:43:30.000000,-25.4614806175,-49.2624378204,POINT (-49.2624378204 -25.4614806175)
2014-05-19 19:43:40.000000,-25.4614806175,-49.2624378204,POINT (-49.2624378204 -25.4614806175)
2014-05-19 19:43:50.000000,-25.4614806175,-49.2624378204,POINT (-49.2624378204 -25.4614806175)
2014-05-19 19:44:00.000000,-25.4614806175,-49.2624378204,POINT (-49.2624378204 -25.4614806175)
2014-05-19 19:44:10.000000,-25.4614806175,-49.2624378204,POINT (-49.2624378204 -25.4614806175)
2014-05-19 19:44:20.000000,-25.4614806175,-49.2624378204,POINT (-49.2624378204 -25.4614806175)
2014-05-19 19:44:30.000000,-25.4614806175,-49.2624378204,POINT (-49.2624378204 -25.4614806175)
2014-05-19 19:44:40.000000,-25.4614806175,-49.2624378204,POINT (-49.2624378204 -25.4614806175)
2014-05-19 19:44:50.000000,-25.4614806175,-49.2624378204,POINT (-49.2624378204 -25.4614806175)
2014-05-19 19:45:00.000000,-25.4614806175,-49.2624378204,POINT (-49.2624378204 -25.4614806175)
2014-05-19 19:45:10.000000,-25.4614806175,-49.2624378204,POINT (-49.2624378204 -25.4614806175)
2014-05-19 19:45:20.000000,-25.4614806175,-49.2624378204,POINT (-49.2624378204 -25.4614806175)
2014-05-19 19:45:30.000000,-25.4614806175,-49.2624378204,POINT (-49.2624378204 -25.4614806175)
2014-05-19 19:45:40.000000,-25.4614806175,-49.2624378204,POINT (-49.2624378204 -25.4614806175)
2014-05-19 19:45:50.000000,-25.4614806175,-49.2624378204,POINT (-49.2624378204 -25.4614806175)
2014-05-19 19:46:00.000000,-25.4614806175,-49.2624378204,POINT (-49.2624378204 -25.4614806175)
2014-05-19 19:46:10.000000,-25.4614806175,-49.2624378204,POINT (-49.2624378204 -25.4614806175)
2014-05-19 19:46:20.000000,-25.4614806175,-49.2624378204,POINT (-49.2624378204 -25.4614806175)
2014-05-19 19:46:30.000000,-25.4614806175,-49.2624378204,POINT (-49.2624378204 -25.4614806175)
2014-05-19 19:46:40.000000,-25.4614806175,-49.2624378204,POINT (-49.2624378204 -25.4614806175)
2014-05-19 19:46:50.000000,-25.4614806175,-49.2624378204,POINT (-49.2624378204 -25.4614806175)
2014-05-19 19:47:00.000000,-25.4614806175,-49.2624378204,POINT (-49.2624378204 -25.4614806175)
2014-05-19 19:47:10.000000,-25.4614806175,-49.2624378204,POINT (-49.2624378204 -25.4614806175)
2014-05-19 19:47:20.000000,-25.4614806175,-49.2624378204,POINT (-49.2624378204 -25.4614806175)
2014-05-19 19:47:30.000000,-25.4614806175,-49.2624378204,POINT (-49.2624378204 -25.4614806175)
2014-05-19 19:47:45.667685,-25.4612668,-49.2626169,POINT (-49.2626169 -25.4612668)
2014-05-19 19:47:55.667685,-25.461534741666668,-49.26327961111111,POINT (-49.26327961111111 -25.461534741666668)
2014-05-19 19:48:05.667685,-25.461798794444444,-49.263932680555556,POINT (-49.263932680555556 -25.461798794444444)
2014-05-19 19:48:15.667685,-25.461994791666665,-49.26441702083333,POINT (-49.26441702083333 -25.461994791666665)
2014-05-19 19:48:25.667685,-25.462198644444445,-49.264921377777775,POINT (-49.264921377777775 -25.462198644444445)
2014-05-19 19:48:35.667685,-25.462467305555556,-49.265590872222226,POINT (-49.265590872222226 -25.462467305555556)
2014-05-19 19:48:45.667685,-25.462723158333336,-49.26622475,POINT (-49.26622475 -25.462723158333336)
2014-05-19 19:48:55.667685,-25.46291283472222,-49.26667460833333,POINT (-49.26667460833333 -25.46291283472222)
2014-05-19 19:49:05.667685,-25.463116155555554,-49.26714255555556,POINT (-49.26714255555556 -25.463116155555554)
2014-05-19 19:49:15.667685,-25.4633689375,-49.267676075,POINT (-49.267676075 -25.4633689375)
2014-05-19 19:49:25.667685,-25.463590719444444,-49.268166011111106,POINT (-49.268166011111106 -25.463590719444444)
2014-05-19 19:49:35.667685,-25.46372880138889,-49.26853827222222,POINT (-49.26853827222222 -25.46372880138889)
2014-05-19 19:49:45.667685,-25.46387556666667,-49.268897716666665,POINT (-49.268897716666665 -25.46387556666667)
2014-05-19 19:49:55.667685,-25.464040422222222,-49.26923045972222,POINT (-49.26923045972222 -25.464040422222222)
2014-05-19 19:50:05.667685,-25.464330344444445,-49.26964805833333,POINT (-49.26964805833333 -25.464330344444445)
2014-05-19 19:50:15.667685,-25.46482573333333,-49.2702050625,POINT (-49.2702050625 -25.46482573333333)
2014-05-19 19:50:25.667685,-25.465170188888887,-49.270591688888885,POINT (-49.270591688888885 -25.465170188888887)
2014-05-19 19:50:35.667685,-25.465316544444445,-49.27075469444445,POINT (-49.27075469444445 -25.465316544444445)
2014-05-19 19:50:45.667685,-25.465575875,-49.27105015,POINT (-49.27105015 -25.465575875)
2014-05-19 19:50:55.667685,-25.465954456944445,-49.27148541388889,POINT (-49.27148541388889 -25.465954456944445)
2014-05-19 19:51:05.667685,-25.466406983333332,-49.27199153888889,POINT (-49.27199153888889 -25.466406983333332)
2014-05-19 19:51:15.667685,-25.4669223625,-49.27255789583334,POINT (-49.27255789583334 -25.4669223625)
2014-05-19 19:51:25.667685,-25.46741461111111,-49.273147780555554,POINT (-49.273147780555554 -25.46741461111111)
2014-05-19 19:51:35.667685,-25.46789108888889,-49.27375370694445,POINT (-49.27375370694445 -25.46789108888889)
2014-05-19 19:51:45.667685,-25.4681027,-49.27394653333334,POINT (-49.27394653333334 -25.4681027)
2014-05-19 19:51:55.667685,-25.468170841666666,-49.27391559722222,POINT (-49.27391559722222 -25.468170841666666)
2014-05-19 19:52:05.667685,-25.46854441111111,-49.274299686111114,POINT (-49.274299686111114 -25.46854441111111)
2014-05-19 19:52:15.667685,-25.4690472,-49.2748593625,POINT (-49.2748593625 -25.4690472)
2014-05-19 19:52:25.667685,-25.46955275,-49.27542207222223,POINT (-49.27542207222223 -25.46955275)
2014-05-19 19:52:35.667685,-25.4700591875,-49.27598575694445,POINT (-49.27598575694445 -25.4700591875)
2014-05-19 19:52:45.667685,-25.470565416666666,-49.276549275,POINT (-49.276549275 -25.470565416666666)
2014-05-19 19:52:55.667685,-25.47107159722222,-49.277112754166666,POINT (-49.277112754166666 -25.47107159722222)
2014-05-19 19:53:05.667685,-25.471167422222223,-49.27789503333333,POINT (-49.27789503333333 -25.471167422222223)
2014-05-19 19:53:15.667685,-25.471199129166667,-49.2787115,POINT (-49.2787115 -25.471199129166667)
2014-05-19 19:53:25.667685,-25.47143993611111,-49.27940126944444,POINT (-49.27940126944444 -25.47143993611111)
2014-05-19 19:53:35.667685,-25.471699193055557,-49.28007985972222,POINT (-49.28007985972222 -25.471699193055557)
2014-05-19 19:53:45.667685,-25.4719637,-49.280772299999995,POINT (-49.280772299999995 -25.4719637)
2014-05-19 19:53:55.667685,-25.472228320833334,-49.28146503611111,POINT (-49.28146503611111 -25.472228320833334)
2014-05-19 19:54:05.667685,-25.472491791666666,-49.28215457222222,POINT (-49.28215457222222 -25.472491791666666)
2014-05-19 19:54:15.667685,-25.4727549875,-49.2828434,POINT (-49.2828434 -25.4727549875)
2014-05-19 19:54:25.667685,-25.47301506666667,-49.283524199999995,POINT (-49.283524199999995 -25.47301506666667)
2014-05-19 19:54:35.667685,-25.47327523611111,-49.28420524305555,POINT (-49.28420524305555 -25.47327523611111)
2014-05-19 19:54:45.667685,-25.473535983333335,-49.28488784166667,POINT (-49.28488784166667 -25.473535983333335)
2014-05-19 19:54:55.667685,-25.473775575,-49.28551505277778,POINT (-49.28551505277778 -25.473775575)
2014-05-19 19:55:05.667685,-25.473924500000003,-49.285904888888886,POINT (-49.285904888888886 -25.473924500000003)
2014-05-19 19:55:15.667685,-25.474064875,-49.286272325,POINT (-49.286272325 -25.474064875)
2014-05-19 19:55:25.667685,-25.47417865,-49.28657007222222,POINT (-49.28657007222222 -25.47417865)
2014-05-19 19:55:35.667685,-25.4743365625,-49.28698339583333,POINT (-49.28698339583333 -25.4743365625)
2014-05-19 19:55:45.667685,-25.4745988,-49.2876699,POINT (-49.2876699 -25.4745988)
2014-05-19 19:55:55.667685,-25.47468644027778,-49.288151383333336,POINT (-49.288151383333336 -25.47468644027778)
2014-05-19 19:56:05.667685,-25.474451747222222,-49.28825436666666,POINT (-49.28825436666666 -25.474451747222222)
2014-05-19 19:56:15.667685,-25.474290470833335,-49.288329391666664,POINT (-49.288329391666664 -25.474290470833335)
2014-05-19 19:56:25.667685,-25.47423687222222,-49.28836341111111,POINT (-49.28836341111111 -25.47423687222222)
2014-05-19 19:56:35.667685,-25.47410231111111,-49.288423709722224,POINT (-49.288423709722224 -25.47410231111111)
2014-05-19 19:56:45.667685,-25.4738725,-49.288514925,POINT (-49.288514925 -25.4738725)
2014-05-19 19:56:55.667685,-25.4735004,-49.28868348611111,POINT (-49.28868348611111 -25.4735004)
2014-05-19 19:57:05.667685,-25.4729935,-49.28892532222223,POINT (-49.28892532222223 -25.4729935)
2014-05-19 19:57:15.667685,-25.472463354166667,-49.2891622,POINT (-49.2891622 -25.472463354166667)
2014-05-19 19:57:25.667685,-25.47191549722222,-49.2893953,POINT (-49.2893953 -25.47191549722222)
2014-05-19 19:57:35.667685,-25.47142482083333,-49.28962542916667,POINT (-49.28962542916667 -25.47142482083333)
2014-05-19 19:57:45.667685,-25.47096895,-49.28985375,POINT (-49.28985375 -25.47096895)
2014-05-19 19:57:55.667685,-25.47063332222222,-49.29003790416667,POINT (-49.29003790416667 -25.47063332222222)
2014-05-19 19:58:05.667685,-25.47035541111111,-49.29020085833333,POINT (-49.29020085833333 -25.47035541111111)
2014-05-19 19:58:15.667685,-25.4702252875,-49.290405025,POINT (-49.290405025 -25.4702252875)
2014-05-19 19:58:25.667685,-25.4701499,-49.29062445555555,POINT (-49.29062445555555 -25.4701499)
2014-05-19 19:58:35.667685,-25.469950013888887,-49.2911333625,POINT (-49.2911333625 -25.469950013888887)
2014-05-19 19:58:45.667685,-25.46971578333333,-49.291722125,POINT (-49.291722125 -25.46971578333333)
2014-05-19 19:58:55.667685,-25.470386580555555,-49.29216221666667,POINT (-49.29216221666667 -25.470386580555555)
2014-05-19 19:59:05.667685,-25.471232544444444,-49.29257353333333,POINT (-49.29257353333333 -25.471232544444444)
2014-05-19 19:59:15.667685,-25.471326429166666,-49.29218038333333,POINT (-49.29218038333333 -25.471326429166666)
2014-05-19 19:59:25.667685,-25.471329152777777,-49.29168972222222,POINT (-49.29168972222222 -25.471329152777777)
2014-05-19 19:59:35.667685,-25.4713314875,-49.29155703333333,POINT (-49.29155703333333 -25.4713314875)
2014-05-19 19:59:45.667685,-25.4713338,-49.2914448,POINT (-49.2914448 -25.4713338)
2014-05-19 20:00:00.000000,-25.4709372841,-49.291502935,POINT (-49.291502935 -25.4709372841)
2014-05-19 20:00:10.000000,-25.4709372841,-49.291502935,POINT (-49.291502935 -25.4709372841)
2014-05-19 20:00:20.000000,-25.4709372841,-49.291502935,POINT (-49.291502935 -25.4709372841)
2014-05-19 20:00:30.000000,-25.4709372841,-49.291502935,POINT (-49.291502935 -25.4709372841)
2014-05-19 20:00:40.000000,-25.4709372841,-49.291502935,POINT (-49.291502935 -25.4709372841)
2014-05-19 20:00:50.000000,-25.4709372841,-49.291502935,POINT (-49.291502935 -25.4709372841)
2014-05-19 20:01:00.000000,-25.4709372841,-49.291502935,POINT (-49.291502935 -25.4709372841)
2014-05-19 20:01:10.000000,-25.4709372841,-49.291502935,POINT (-49.291502935 -25.4709372841)
2014-05-19 20:01:20.000000,-25.4709372841,-49.291502935,POINT (-49.291502935 -25.4709372841)
2014-05-19 20:01:30.000000,-25.4709372841,-49.291502935,POINT (-49.291502935 -25.4709372841)
2014-05-19 20:01:40.000000,-25.4709372841,-49.291502935,POINT (-49.291502935 -25.4709372841)
2014-05-19 20:01:50.000000,-25.4709372841,-49.291502935,POINT (-49.291502935 -25.4709372841)
2014-05-19 20:02:00.000000,-25.4709372841,-49.291502935,POINT (-49.291502935 -25.4709372841)
2014-05-19 20:02:10.000000,-25.4709372841,-49.291502935,POINT (-49.291502935 -25.4709372841)
2014-05-19 20:02:20.000000,-25.4709372841,-49.291502935,POINT (-49.291502935 -25.4709372841)
2014-05-19 20:02:30.000000,-25.4709372841,-49.291502935,POINT (-49.291502935 -25.4709372841)
2014-05-19 20:02:40.000000,-25.4709372841,-49.291502935,POINT (-49.291502935 -25.4709372841)
2014-05-19 20:02:50.000000,-25.4709372841,-49.291502935,POINT (-49.291502935 -25.4709372841)
2014-05-19 20:03:00.000000,-25.4709372841,-49.291502935,POINT (-49.291502935 -25.4709372841)
2014-05-19 20:03:10.000000,-25.4709372841,-49.291502935,POINT (-49.291502935 -25.4709372841)
2014-05-19 20:03:20.000000,-25.4709372841,-49.291502935,POINT (-49.291502935 -25.4709372841)
2014-05-19 20:03:30.000000,-25.4709372841,-49.291502935,POINT (-49.291502935 -25.4709372841)
2014-05-19 20:03:40.000000,-25.4709372841,-49.291502935,POINT (-49.291502935 -25.4709372841)
2014-05-19 20:03:50.000000,-25.4709372841,-49.291502935,POINT (-49.291502935 -25.4709372841)
2014-05-19 20:04:00.000000,-25.4709372841,-49.291502935,POINT (-49.291502935 -25.4709372841)
2014-05-19 20:04:10.000000,-25.4709372841,-49.291502935,POINT (-49.291502935 -25.4709372841)
2014-05-19 20:04:20.000000,-25.4709372841,-49.291502935,POINT (-49.291502935 -25.4709372841)
2014-05-19 20:04:30.000000,-25.4709372841,-49.291502935,POINT (-49.291502935 -25.4709372841)
2014-05-19 20:04:40.000000,-25.4709372841,-49.291502935,POINT (-49.291502935 -25.4709372841)
2014-05-19 20:04:50.000000,-25.4709372841,-49.291502935,POINT (-49.291502935 -25.4709372841)
2014-05-19 20:05:00.000000,-25.4709372841,-49.291502935,POINT (-49.291502935 -25.4709372841)
2014-05-19 20:05:10.000000,-25.4709372841,-49.291502935,POINT (-49.291502935 -25.4709372841)
2014-05-19 20:05:20.000000,-25.4709372841,-49.291502935,POINT (-49.291502935 -25.4709372841)
2014-05-19 20:05:30.000000,-25.4709372841,-49.291502935,POINT (-49.291502935 -25.4709372841)
2014-05-19 20:05:40.000000,-25.4709372841,-49.291502935,POINT (-49.291502935 -25.4709372841)
2014-05-19 20:05:50.000000,-25.4709372841,-49.291502935,POINT (-49.291502935 -25.4709372841)
2014-05-19 20:06:00.000000,-25.4709372841,-49.291502935,POINT (-49.291502935 -25.4709372841)
2014-05-19 20:06:10.000000,-25.4709372841,-49.291502935,POINT (-49.291502935 -25.4709372841)
2014-05-19 20:06:20.000000,-25.4709372841,-49.291502935,POINT (-49.291502935 -25.4709372841)
2014-05-19 20:06:30.000000,-25.4709372841,-49.291502935,POINT (-49.291502935 -25.4709372841)
2014-05-19 20:06:40.000000,-25.4709372841,-49.291502935,POINT (-49.291502935 -25.4709372841)
2014-05-19 20:06:50.000000,-25.4709372841,-49.291502935,POINT (-49.291502935 -25.4709372841)
2014-05-19 20:07:00.000000,-25.4709372841,-49.291502935,POINT (-49.291502935 -25.4709372841)
2014-05-19 20:07:10.000000,-25.4709372841,-49.291502935,POINT (-49.291502935 -25.4709372841)
2014-05-19 20:07:20.000000,-25.4709372841,-49.291502935,POINT (-49.291502935 -25.4709372841)
2014-05-19 20:07:30.000000,-25.4709372841,-49.291502935,POINT (-49.291502935 -25.4709372841)
2014-05-19 20:07:40.000000,-25.4709372841,-49.291502935,POINT (-49.291502935 -25.4709372841)
2014-05-19 20:07:50.000000,-25.4709372841,-49.291502935,POINT (-49.291502935 -25.4709372841)
2014-05-19 20:08:00.000000,-25.4709372841,-49.291502935,POINT (-49.291502935 -25.4709372841)
2014-05-19 20:08:10.000000,-25.4709372841,-49.291502935,POINT (-49.291502935 -25.4709372841)
2014-05-19 20:08:20.000000,-25.4709372841,-49.291502935,POINT (-49.291502935 -25.4709372841)
2014-05-19 20:08:30.000000,-25.4709372841,-49.291502935,POINT (-49.291502935 -25.4709372841)
2014-05-19 20:08:40.000000,-25.4709372841,-49.291502935,POINT (-49.291502935 -25.4709372841)
2014-05-19 20:08:50.000000,-25.4709372841,-49.291502935,POINT (-49.291502935 -25.4709372841)
2014-05-19 20:09:00.000000,-25.4709372841,-49.291502935,POINT (-49.291502935 -25.4709372841)
2014-05-19 20:09:10.000000,-25.4709372841,-49.291502935,POINT (-49.291502935 -25.4709372841)
2014-05-19 20:09:20.000000,-25.4709372841,-49.291502935,POINT (-49.291502935 -25.4709372841)
2014-05-19 20:09:30.000000,-25.4709372841,-49.291502935,POINT (-49.291502935 -25.4709372841)
2014-05-19 20:09:40.000000,-25.4709372841,-49.291502935,POINT (-49.291502935 -25.4709372841)
2014-05-19 20:09:50.000000,-25.4709372841,-49.291502935,POINT (-49.291502935 -25.4709372841)
2014-05-19 20:10:00.000000,-25.4709372841,-49.291502935,POINT (-49.291502935 -25.4709372841)
2014-05-19 20:10:10.000000,-25.4709372841,-49.291502935,POINT (-49.291502935 -25.4709372841)
2014-05-19 20:10:20.000000,-25.4709372841,-49.291502935,POINT (-49.291502935 -25.4709372841)
2014-05-19 20:10:30.000000,-25.4709372841,-49.291502935,POINT (-49.291502935 -25.4709372841)
2014-05-19 20:10:40.000000,-25.4709372841,-49.291502935,POINT (-49.291502935 -25.4709372841)
2014-05-19 20:10:50.000000,-25.4709372841,-49.291502935,POINT (-49.291502935 -25.4709372841)
2014-05-19 20:11:00.000000,-25.4709372841,-49.291502935,POINT (-49.291502935 -25.4709372841)
2014-05-19 20:11:10.000000,-25.4709372841,-49.291502935,POINT (-49.291502935 -25.4709372841)
2014-05-19 20:11:20.000000,-25.4709372841,-49.291502935,POINT (-49.291502935 -25.4709372841)
2014-05-19 20:11:30.000000,-25.4709372841,-49.291502935,POINT (-49.291502935 -25.4709372841)
2014-05-19 20:11:40.000000,-25.4709372841,-49.291502935,POINT (-49.291502935 -25.4709372841)
2014-05-19 20:11:50.000000,-25.4709372841,-49.291502935,POINT (-49.291502935 -25.4709372841)
2014-05-19 20:12:00.000000,-25.4709372841,-49.291502935,POINT (-49.291502935 -25.4709372841)
2014-05-19 20:12:10.000000,-25.4709372841,-49.291502935,POINT (-49.291502935 -25.4709372841)
2014-05-19 20:12:20.000000,-25.4709372841,-49.291502935,POINT (-49.291502935 -25.4709372841)
2014-05-19 20:12:30.000000,-25.4709372841,-49.291502935,POINT (-49.291502935 -25.4709372841)
2014-05-19 20:12:40.000000,-25.4709372841,-49.291502935,POINT (-49.291502935 -25.4709372841)
2014-05-19 20:12:50.000000,-25.4709372841,-49.291502935,POINT (-49.291502935 -25.4709372841)
2014-05-19 20:13:00.000000,-25.4709372841,-49.291502935,POINT (-49.291502935 -25.4709372841)
2014-05-19 20:13:10.000000,-25.4709372841,-49.291502935,POINT (-49.291502935 -25.4709372841)
2014-05-19 20:13:20.000000,-25.4709372841,-49.291502935,POINT (-49.291502935 -25.4709372841)
2014-05-19 20:13:30.000000,-25.4709372841,-49.291502935,POINT (-49.291502935 -25.4709372841)
2014-05-19 20:13:40.000000,-25.4709372841,-49.291502935,POINT (-49.291502935 -25.4709372841)
2014-05-19 20:13:50.000000,-25.4709372841,-49.291502935,POINT (-49.291502935 -25.4709372841)
2014-05-19 20:14:00.000000,-25.4709372841,-49.291502935,POINT (-49.291502935 -25.4709372841)
2014-05-19 20:14:10.000000,-25.4709372841,-49.291502935,POINT (-49.291502935 -25.4709372841)
2014-05-19 20:14:20.000000,-25.4709372841,-49.291502935,POINT (-49.291502935 -25.4709372841)
2014-05-19 20:14:30.000000,-25.4709372841,-49.291502935,POINT (-49.291502935 -25.4709372841)
2014-05-19 20:14:40.000000,-25.4709372841,-49.291502935,POINT (-49.291502935 -25.4709372841)
2014-05-19 20:14:50.000000,-25.4709372841,-49.291502935,POINT (-49.291502935 -25.4709372841)
2014-05-19 20:15:00.000000,-25.4709372841,-49.291502935,POINT (-49.291502935 -25.4709372841)
2014-05-19 20:15:10.000000,-25.4709372841,-49.291502935,POINT (-49.291502935 -25.4709372841)
2014-05-19 20:15:20.000000,-25.4709372841,-49.291502935,POINT (-49.291502935 -25.4709372841)
2014-05-19 20:15:30.000000,-25.4709372841,-49.291502935,POINT (-49.291502935 -25.4709372841)
2014-05-19 20:15:40.000000,-25.4709372841,-49.291502935,POINT (-49.291502935 -25.4709372841)
2014-05-19 20:15:50.000000,-25.4709372841,-49.291502935,POINT (-49.291502935 -25.4709372841)
2014-05-19 20:16:00.000000,-25.4709372841,-49.291502935,POINT (-49.291502935 -25.4709372841)
2014-05-19 20:16:10.000000,-25.4709372841,-49.291502935,POINT (-49.291502935 -25.4709372841)
2014-05-19 20:16:20.000000,-25.4709372841,-49.291502935,POINT (-49.291502935 -25.4709372841)
2014-05-19 20:16:30.000000,-25.4709372841,-49.291502935,POINT (-49.291502935 -25.4709372841)
2014-05-19 20:16:40.000000,-25.4709372841,-49.291502935,POINT (-49.291502935 -25.4709372841)
2014-05-19 20:16:50.000000,-25.4709372841,-49.291502935,POINT (-49.291502935 -25.4709372841)
2014-05-19 20:17:00.000000,-25.4709372841,-49.291502935,POINT (-49.291502935 -25.4709372841)
2014-05-19 20:17:10.000000,-25.4709372841,-49.291502935,POINT (-49.291502935 -25.4709372841)
2014-05-19 20:17:20.000000,-25.4709372841,-49.291502935,POINT (-49.291502935 -25.4709372841)
2014-05-19 20:17:30.000000,-25.4709372841,-49.291502935,POINT (-49.291502935 -25.4709372841)
2014-05-19 20:17:40.000000,-25.4709372841,-49.291502935,POINT (-49.291502935 -25.4709372841)
2014-05-19 20:17:50.000000,-25.4709372841,-49.291502935,POINT (-49.291502935 -25.4709372841)
2014-05-19 20:18:00.000000,-25.4709372841,-49.291502935,POINT (-49.291502935 -25.4709372841)
2014-05-19 20:18:10.000000,-25.4709372841,-49.291502935,POINT (-49.291502935 -25.4709372841)
2014-05-19 20:18:20.000000,-25.4709372841,-49.291502935,POINT (-49.291502935 -25.4709372841)
2014-05-19 20:18:30.000000,-25.4709372841,-49.291502935,POINT (-49.291502935 -25.4709372841)
2014-05-19 20:18:40.000000,-25.4709372841,-49.291502935,POINT (-49.291502935 -25.4709372841)
2014-05-19 20:18:50.000000,-25.4709372841,-49.291502935,POINT (-49.291502935 -25.4709372841)
2014-05-19 20:19:00.000000,-25.4709372841,-49.291502935,POINT (-49.291502935 -25.4709372841)
2014-05-19 20:19:10.000000,-25.4709372841,-49.291502935,POINT (-49.291502935 -25.4709372841)
2014-05-19 20:19:20.000000,-25.4709372841,-49.291502935,POINT (-49.291502935 -25.4709372841)
2014-05-19 20:19:30.000000,-25.4709372841,-49.291502935,POINT (-49.291502935 -25.4709372841)
2014-05-19 20:19:40.000000,-25.4709372841,-49.291502935,POINT (-49.291502935 -25.4709372841)
2014-05-19 20:19:50.000000,-25.4709372841,-49.291502935,POINT (-49.291502935 -25.4709372841)
2014-05-19 20:20:00.000000,-25.4709372841,-49.291502935,POINT (-49.291502935 -25.4709372841)
2014-05-19 20:20:10.000000,-25.4709372841,-49.291502935,POINT (-49.291502935 -25.4709372841)
2014-05-19 20:20:20.000000,-25.4709372841,-49.291502935,POINT (-49.291502935 -25.4709372841)
2014-05-19 20:20:30.000000,-25.4709372841,-49.291502935,POINT (-49.291502935 -25.4709372841)
2014-05-19 20:20:40.000000,-25.4709372841,-49.291502935,POINT (-49.291502935 -25.4709372841)
2014-05-19 20:20:50.000000,-25.4709372841,-49.291502935,POINT (-49.291502935 -25.4709372841)
2014-05-19 20:21:00.000000,-25.4709372841,-49.291502935,POINT (-49.291502935 -25.4709372841)
2014-05-19 20:21:10.000000,-25.4709372841,-49.291502935,POINT (-49.291502935 -25.4709372841)
2014-05-19 20:21:20.000000,-25.4709372841,-49.291502935,POINT (-49.291502935 -25.4709372841)
2014-05-19 20:21:30.000000,-25.4709372841,-49.291502935,POINT (-49.291502935 -25.4709372841)
2014-05-19 20:21:40.000000,-25.4709372841,-49.291502935,POINT (-49.291502935 -25.4709372841)
2014-05-19 20:21:50.000000,-25.4709372841,-49.291502935,POINT (-49.291502935 -25.4709372841)
2014-05-19 20:22:00.000000,-25.4709372841,-49.291502935,POINT (-49.291502935 -25.4709372841)
2014-05-19 20:22:10.000000,-25.4709372841,-49.291502935,POINT (-49.291502935 -25.4709372841)
2014-05-19 20:22:20.000000,-25.4709372841,-49.291502935,POINT (-49.291502935 -25.4709372841)
2014-05-19 20:22:30.000000,-25.4709372841,-49.291502935,POINT (-49.291502935 -25.4709372841)
2014-05-19 20:22:40.000000,-25.4709372841,-49.291502935,POINT (-49.291502935 -25.4709372841)
2014-05-19 20:22:50.000000,-25.4709372841,-49.291502935,POINT (-49.291502935 -25.4709372841)
2014-05-19 20:23:00.000000,-25.4709372841,-49.291502935,POINT (-49.291502935 -25.4709372841)
2014-05-19 20:23:10.000000,-25.4709372841,-49.291502935,POINT (-49.291502935 -25.4709372841)
2014-05-19 20:23:20.000000,-25.4709372841,-49.291502935,POINT (-49.291502935 -25.4709372841)
2014-05-19 20:23:30.000000,-25.4709372841,-49.291502935,POINT (-49.291502935 -25.4709372841)
2014-05-19 20:23:40.000000,-25.4709372841,-49.291502935,POINT (-49.291502935 -25.4709372841)
2014-05-19 20:23:50.000000,-25.4709372841,-49.291502935,POINT (-49.291502935 -25.4709372841)
2014-05-19 20:24:00.000000,-25.4709372841,-49.291502935,POINT (-49.291502935 -25.4709372841)
2014-05-19 20:24:10.000000,-25.4709372841,-49.291502935,POINT (-49.291502935 -25.4709372841)
2014-05-19 20:24:20.000000,-25.4709372841,-49.291502935,POINT (-49.291502935 -25.4709372841)
2014-05-19 20:24:30.000000,-25.4709372841,-49.291502935,POINT (-49.291502935 -25.4709372841)
2014-05-19 20:24:40.000000,-25.4709372841,-49.291502935,POINT (-49.291502935 -25.4709372841)
2014-05-19 20:24:50.000000,-25.4709372841,-49.291502935,POINT (-49.291502935 -25.4709372841)
2014-05-19 20:25:00.000000,-25.4709372841,-49.291502935,POINT (-49.291502935 -25.4709372841)
2014-05-19 20:25:10.000000,-25.4709372841,-49.291502935,POINT (-49.291502935 -25.4709372841)
2014-05-19 20:25:20.000000,-25.4709372841,-49.291502935,POINT (-49.291502935 -25.4709372841)
2014-05-19 20:25:30.000000,-25.4709372841,-49.291502935,POINT (-49.291502935 -25.4709372841)
2014-05-19 20:25:40.000000,-25.4709372841,-49.291502935,POINT (-49.291502935 -25.4709372841)
2014-05-19 20:25:50.000000,-25.4709372841,-49.291502935,POINT (-49.291502935 -25.4709372841)
2014-05-19 20:26:00.000000,-25.4709372841,-49.291502935,POINT (-49.291502935 -25.4709372841)
2014-05-19 20:26:10.000000,-25.4709372841,-49.291502935,POINT (-49.291502935 -25.4709372841)
2014-05-19 20:26:20.000000,-25.4709372841,-49.291502935,POINT (-49.291502935 -25.4709372841)
2014-05-19 20:26:30.000000,-25.4709372841,-49.291502935,POINT (-49.291502935 -25.4709372841)
2014-05-19 20:26:40.000000,-25.4709372841,-49.291502935,POINT (-49.291502935 -25.4709372841)
2014-05-19 20:26:50.000000,-25.4709372841,-49.291502935,POINT (-49.291502935 -25.4709372841)
2014-05-19 20:27:00.000000,-25.4709372841,-49.291502935,POINT (-49.291502935 -25.4709372841)
2014-05-19 20:27:10.000000,-25.4709372841,-49.291502935,POINT (-49.291502935 -25.4709372841)
2014-05-19 20:27:20.000000,-25.4709372841,-49.291502935,POINT (-49.291502935 -25.4709372841)
2014-05-19 20:27:30.000000,-25.4709372841,-49.291502935,POINT (-49.291502935 -25.4709372841)
2014-05-19 20:27:40.000000,-25.4709372841,-49.291502935,POINT (-49.291502935 -25.4709372841)
2014-05-19 20:27:50.000000,-25.4709372841,-49.291502935,POINT (-49.291502935 -25.4709372841)
2014-05-19 20:28:00.000000,-25.4709372841,-49.291502935,POINT (-49.291502935 -25.4709372841)
2014-05-19 20:28:10.000000,-25.4709372841,-49.291502935,POINT (-49.291502935 -25.4709372841)
2014-05-19 20:28:20.000000,-25.4709372841,-49.291502935,POINT (-49.291502935 -25.4709372841)
2014-05-19 20:28:30.000000,-25.4709372841,-49.291502935,POINT (-49.291502935 -25.4709372841)
2014-05-19 20:28:40.000000,-25.4709372841,-49.291502935,POINT (-49.291502935 -25.4709372841)
2014-05-19 20:28:50.000000,-25.4709372841,-49.291502935,POINT (-49.291502935 -25.4709372841)
2014-05-19 20:29:00.000000,-25.4709372841,-49.291502935,POINT (-49.291502935 -25.4709372841)
2014-05-19 20:29:10.000000,-25.4709372841,-49.291502935,POINT (-49.291502935 -25.4709372841)
2014-05-19 20:29:20.000000,-25.4709372841,-49.291502935,POINT (-49.291502935 -25.4709372841)
2014-05-19 20:29:30.000000,-25.4709372841,-49.291502935,POINT (-49.291502935 -25.4709372841)
2014-05-19 20:29:40.000000,-25.4709372841,-49.291502935,POINT (-49.291502935 -25.4709372841)
2014-05-19 20:29:50.000000,-25.4709372841,-49.291502935,POINT (-49.291502935 -25.4709372841)
2014-05-19 20:30:00.000000,-25.4709372841,-49.291502935,POINT (-49.291502935 -25.4709372841)
2014-05-19 20:30:10.000000,-25.4709372841,-49.291502935,POINT (-49.291502935 -25.4709372841)
2014-05-19 20:30:20.000000,-25.4709372841,-49.291502935,POINT (-49.291502935 -25.4709372841)
2014-05-19 20:30:30.000000,-25.4709372841,-49.291502935,POINT (-49.291502935 -25.4709372841)
2014-05-19 20:30:40.000000,-25.4709372841,-49.291502935,POINT (-49.291502935 -25.4709372841)
2014-05-19 20:30:50.000000,-25.4709372841,-49.291502935,POINT (-49.291502935 -25.4709372841)
2014-05-19 20:31:00.000000,-25.4709372841,-49.291502935,POINT (-49.291502935 -25.4709372841)
2014-05-19 20:31:10.000000,-25.4709372841,-49.291502935,POINT (-49.291502935 -25.4709372841)
2014-05-19 20:31:20.000000,-25.4709372841,-49.291502935,POINT (-49.291502935 -25.4709372841)
2014-05-19 20:31:30.000000,-25.4709372841,-49.291502935,POINT (-49.291502935 -25.4709372841)
2014-05-19 20:31:40.000000,-25.4709372841,-49.291502935,POINT (-49.291502935 -25.4709372841)
2014-05-19 20:31:50.000000,-25.4709372841,-49.291502935,POINT (-49.291502935 -25.4709372841)
2014-05-19 20:32:00.000000,-25.4709372841,-49.291502935,POINT (-49.291502935 -25.4709372841)
2014-05-19 20:32:10.000000,-25.4709372841,-49.291502935,POINT (-49.291502935 -25.4709372841)
2014-05-19 20:32:20.000000,-25.4709372841,-49.291502935,POINT (-49.291502935 -25.4709372841)
2014-05-19 20:32:30.000000,-25.4709372841,-49.291502935,POINT (-49.291502935 -25.4709372841)
2014-05-19 20:32:40.000000,-25.4709372841,-49.291502935,POINT (-49.291502935 -25.4709372841)
2014-05-19 20:32:50.000000,-25.4709372841,-49.291502935,POINT (-49.291502935 -25.4709372841)
2014-05-19 20:33:00.000000,-25.4709372841,-49.291502935,POINT (-49.291502935 -25.4709372841)
2014-05-19 20:33:10.000000,-25.4709372841,-49.291502935,POINT (-49.291502935 -25.4709372841)
2014-05-19 20:33:20.000000,-25.4709372841,-49.291502935,POINT (-49.291502935 -25.4709372841)
2014-05-19 20:33:30.000000,-25.4709372841,-49.291502935,POINT (-49.291502935 -25.4709372841)
2014-05-19 20:33:40.000000,-25.4709372841,-49.291502935,POINT (-49.291502935 -25.4709372841)
2014-05-19 20:33:50.000000,-25.4709372841,-49.291502935,POINT (-49.291502935 -25.4709372841)
2014-05-19 20:34:00.000000,-25.4709372841,-49.291502935,POINT (-49.291502935 -25.4709372841)
2014-05-19 20:34:10.000000,-25.4709372841,-49.291502935,POINT (-49.291502935 -25.4709372841)
2014-05-19 20:34:20.000000,-25.4709372841,-49.291502935,POINT (-49.291502935 -25.4709372841)
2014-05-19 20:34:30.000000,-25.4709372841,-49.291502935,POINT (-49.291502935 -25.4709372841)
2014-05-19 20:34:40.000000,-25.4709372841,-49.291502935,POINT (-49.291502935 -25.4709372841)
2014-05-19 20:34:50.000000,-25.4709372841,-49.291502935,POINT (-49.291502935 -25.4709372841)
2014-05-19 20:35:00.000000,-25.4709372841,-49.291502935,POINT (-49.291502935 -25.4709372841)
2014-05-19 20:35:10.000000,-25.4709372841,-49.291502935,POINT (-49.291502935 -25.4709372841)
2014-05-19 20:35:20.000000,-25.4709372841,-49.291502935,POINT (-49.291502935 -25.4709372841)
2014-05-19 20:35:30.000000,-25.4709372841,-49.291502935,POINT (-49.291502935 -25.4709372841)
2014-05-19 20:35:40.000000,-25.4709372841,-49.291502935,POINT (-49.291502935 -25.4709372841)
2014-05-19 20:35:50.000000,-25.4709372841,-49.291502935,POINT (-49.291502935 -25.4709372841)
2014-05-19 20:36:00.000000,-25.4709372841,-49.291502935,POINT (-49.291502935 -25.4709372841)
2014-05-19 20:36:10.000000,-25.4709372841,-49.291502935,POINT (-49.291502935 -25.4709372841)
2014-05-19 20:36:20.000000,-25.4709372841,-49.291502935,POINT (-49.291502935 -25.4709372841)
2014-05-19 20:36:30.000000,-25.4709372841,-49.291502935,POINT (-49.291502935 -25.4709372841)
2014-05-19 20:36:40.000000,-25.4709372841,-49.291502935,POINT (-49.291502935 -25.4709372841)
2014-05-19 20:36:50.000000,-25.4709372841,-49.291502935,POINT (-49.291502935 -25.4709372841)
2014-05-19 20:37:00.000000,-25.4709372841,-49.291502935,POINT (-49.291502935 -25.4709372841)
2014-05-19 20:37:10.000000,-25.4709372841,-49.291502935,POINT (-49.291502935 -25.4709372841)
2014-05-19 20:37:20.000000,-25.4709372841,-49.291502935,POINT (-49.291502935 -25.4709372841)
2014-05-19 20:37:30.000000,-25.4709372841,-49.291502935,POINT (-49.291502935 -25.4709372841)
2014-05-19 20:37:45.965847,-25.4713338,-49.2914448,POINT (-49.2914448 -25.4713338)
2014-05-19 20:37:55.965847,-25.471291307575758,-49.29122685151515,POINT (-49.29122685151515 -25.471291307575758)
2014-05-19 20:38:05.965847,-25.47116986060606,-49.29101174393939,POINT (-49.29101174393939 -25.47116986060606)
2014-05-19 20:38:15.965847,-25.470566790909093,-49.29081396590909,POINT (-49.29081396590909 -25.470566790909093)
2014-05-19 20:38:25.965847,-25.469949781818183,-49.290586036363635,POINT (-49.290586036363635 -25.469949781818183)
2014-05-19 20:38:35.965847,-25.469297227272726,-49.290281220454546,POINT (-49.290281220454546 -25.469297227272726)
2014-05-19 20:38:45.965847,-25.468262149999997,-49.29018138181818,POINT (-49.29018138181818 -25.468262149999997)
2014-05-19 20:38:55.965847,-25.466704291666666,-49.29036167878788,POINT (-49.29036167878788 -25.466704291666666)
2014-05-19 20:39:05.965847,-25.465702554545455,-49.29068918787879,POINT (-49.29068918787879 -25.465702554545455)
2014-05-19 20:39:15.965847,-25.465131811363637,-49.29113078636364,POINT (-49.29113078636364 -25.465131811363637)
2014-05-19 20:39:25.965847,-25.46472803787879,-49.29117208181818,POINT (-49.29117208181818 -25.46472803787879)
2014-05-19 20:39:35.965847,-25.464394391666666,-49.291045249999996,POINT (-49.291045249999996 -25.464394391666666)
2014-05-19 20:39:45.965847,-25.46321860909091,-49.29058223636363,POINT (-49.29058223636363 -25.46321860909091)
2014-05-19 20:39:55.965847,-25.461888434848486,-49.29005758939394,POINT (-49.29005758939394 -25.461888434848486)
2014-05-19 20:40:05.965847,-25.46152335909091,-49.28989280606061,POINT (-49.28989280606061 -25.46152335909091)
2014-05-19 20:40:15.965847,-25.46117715681818,-49.28973525,POINT (-49.28973525 -25.46117715681818)
2014-05-19 20:40:25.965847,-25.460865993939393,-49.28959206666667,POINT (-49.28959206666667 -25.460865993939393)
2014-05-19 20:40:35.965847,-25.46054573409091,-49.28944616287879,POINT (-49.28944616287879 -25.46054573409091)
2014-05-19 20:40:45.965847,-25.46020057727273,-49.289292813636365,POINT (-49.289292813636365 -25.46020057727273)
2014-05-19 20:40:55.965847,-25.45973278560606,-49.289124481060604,POINT (-49.289124481060604 -25.45973278560606)
2014-05-19 20:41:05.965847,-25.459087384848484,-49.288934448484845,POINT (-49.288934448484845 -25.459087384848484)
2014-05-19 20:41:15.965847,-25.45825363181818,-49.28873989545454,POINT (-49.28873989545454 -25.45825363181818)
2014-05-19 20:41:25.965847,-25.457265333333332,-49.28854163333334,POINT (-49.28854163333334 -25.457265333333332)
2014-05-19 20:41:35.965847,-25.45644166742424,-49.28837640909091,POINT (-49.28837640909091 -25.45644166742424)
2014-05-19 20:41:45.965847,-25.455691918181817,-49.288226018181824,POINT (-49.288226018181824 -25.455691918181817)
2014-05-19 20:41:55.965847,-25.454800434848483,-49.2880472,POINT (-49.2880472 -25.454800434848483)
2014-05-19 20:42:05.965847,-25.453880124242424,-49.2878626,POINT (-49.2878626 -25.453880124242424)
2014-05-19 20:42:15.965847,-25.453231475,-49.28779749545454,POINT (-49.28779749545454 -25.453231475)
2014-05-19 20:42:25.965847,-25.45256963939394,-49.28775354545454,POINT (-49.28775354545454 -25.45256963939394)
2014-05-19 20:42:35.965847,-25.451741951515153,-49.28784891136363,POINT (-49.28784891136363 -25.451741951515153)
2014-05-19 20:42:45.965847,-25.450861504545454,-49.287912886363635,POINT (-49.287912886363635 -25.450861504545454)
2014-05-19 20:42:55.965847,-25.449825711363637,-49.28788443257576,POINT (-49.28788443257576 -25.449825711363637)
2014-05-19 20:43:05.965847,-25.449158351515152,-49.2878611969697,POINT (-49.2878611969697 -25.449158351515152)
2014-05-19 20:43:15.965847,-25.4490568,-49.287845974999996,POINT (-49.287845974999996 -25.4490568)
2014-05-19 20:43:25.965847,-25.44854191212121,-49.287754177272724,POINT (-49.287754177272724 -25.44854191212121)
2014-05-19 20:43:35.965847,-25.447668074242426,-49.28759587954545,POINT (-49.28759587954545 -25.447668074242426)
2014-05-19 20:43:45.965847,-25.447335618181818,-49.28753805454545,POINT (-49.28753805454545 -25.447335618181818)
2014-05-19 20:43:55.965847,-25.447262574242426,-49.28752837272727,POINT (-49.28752837272727 -25.447262574242426)
2014-05-19 20:44:05.965847,-25.446895443939397,-49.28732456666667,POINT (-49.28732456666667 -25.446895443939397)
2014-05-19 20:44:15.965847,-25.446462397727274,-49.287077249999996,POINT (-49.287077249999996 -25.446462397727274)
2014-05-19 20:44:25.965847,-25.446202854545454,-49.28667039090909,POINT (-49.28667039090909 -25.446202854545454)
2014-05-19 20:44:35.965847,-25.445898534848485,-49.28619678106061,POINT (-49.28619678106061 -25.445898534848485)
2014-05-19 20:44:45.965847,-25.445114845454547,-49.28517723181818,POINT (-49.28517723181818 -25.445114845454547)
2014-05-19 20:44:55.965847,-25.444500061363637,-49.284410119696965,POINT (-49.284410119696965 -25.444500061363637)
2014-05-19 20:45:05.965847,-25.4444218,-49.28444486666667,POINT (-49.28444486666667 -25.4444218)
2014-05-19 20:45:15.965847,-25.444149977272726,-49.2845654,POINT (-49.2845654 -25.444149977272726)
2014-05-19 20:45:25.965847,-25.44356272121212,-49.284825733333335,POINT (-49.284825733333335 -25.44356272121212)
2014-05-19 20:45:35.965847,-25.44325142348485,-49.28496371439394,POINT (-49.28496371439394 -25.44325142348485)
2014-05-19 20:45:45.965847,-25.44319370909091,-49.28498926363636,POINT (-49.28498926363636 -25.44319370909091)
2014-05-19 20:45:55.965847,-25.442629783333334,-49.28523770681818,POINT (-49.28523770681818 -25.442629783333334)
2014-05-19 20:46:05.965847,-25.441807366666666,-49.28559996818181,POINT (-49.28559996818181 -25.441807366666666)
2014-05-19 20:46:15.965847,-25.44146448409091,-49.28508473181818,POINT (-49.28508473181818 -25.44146448409091)
2014-05-19 20:46:25.965847,-25.441239381818182,-49.28435396969697,POINT (-49.28435396969697 -25.441239381818182)
2014-05-19 20:46:35.965847,-25.44111711439394,-49.28401911666667,POINT (-49.28401911666667 -25.44111711439394)
2014-05-19 20:46:45.965847,-25.440993386363637,-49.28369920454545,POINT (-49.28369920454545 -25.440993386363637)
2014-05-19 20:46:55.965847,-25.440787325,-49.28328509166667,POINT (-49.28328509166667 -25.440787325)
2014-05-19 20:47:05.965847,-25.440593130303032,-49.282885536363636,POINT (-49.282885536363636 -25.440593130303032)
2014-05-19 20:47:15.965847,-25.44043972727273,-49.28253602272727,POINT (-49.28253602272727 -25.44043972727273)
2014-05-19 20:47:25.965847,-25.44024117878788,-49.28208365151515,POINT (-49.28208365151515 -25.44024117878788)
2014-05-19 20:47:35.965847,-25.439964493939392,-49.281453257575755,POINT (-49.281453257575755 -25.439964493939392)
2014-05-19 20:47:45.965847,-25.43972228181818,-49.280901436363635,POINT (-49.280901436363635 -25.43972228181818)
2014-05-19 20:47:55.965847,-25.439513584848484,-49.280426005303035,POINT (-49.280426005303035 -25.439513584848484)
2014-05-19 20:48:05.965847,-25.439399849999997,-49.280169806060606,POINT (-49.280169806060606 -25.439399849999997)
2014-05-19 20:48:15.965847,-25.439337724999998,-49.28003275454546,POINT (-49.28003275454546 -25.439337724999998)
2014-05-19 20:48:25.965847,-25.439151084848486,-49.27962121818182,POINT (-49.27962121818182 -25.439151084848486)
2014-05-19 20:48:35.965847,-25.438931092424244,-49.27913615909091,POINT (-49.27913615909091 -25.438931092424244)
2014-05-19 20:48:45.965847,-25.438703250000003,-49.27848945,POINT (-49.27848945 -25.438703250000003)
2014-05-19 20:48:55.965847,-25.43848222575758,-49.277854562878794,POINT (-49.277854562878794 -25.43848222575758)
2014-05-19 20:49:05.965847,-25.438359051515153,-49.27753737575758,POINT (-49.27753737575758 -25.438359051515153)
2014-05-19 20:49:15.965847,-25.43823415,-49.277215700000006,POINT (-49.277215700000006 -25.43823415)
2014-05-19 20:49:25.965847,-25.4381028,-49.276877266666666,POINT (-49.276877266666666 -25.4381028)
2014-05-19 20:49:35.965847,-25.438011942424243,-49.27664317045454,POINT (-49.27664317045454 -25.438011942424243)
2014-05-19 20:49:45.965847,-25.43799559090909,-49.27660105454545,POINT (-49.27660105454545 -25.43799559090909)
2014-05-19 20:49:55.965847,-25.437914675,-49.27639282121212,POINT (-49.27639282121212 -25.437914675)
2014-05-19 20:50:05.965847,-25.43776735,-49.276013724242425,POINT (-49.276013724242425 -25.43776735)
2014-05-19 20:50:15.965847,-25.43765858181818,-49.27573372954545,POINT (-49.27573372954545 -25.43765858181818)
2014-05-19 20:50:25.965847,-25.43757209090909,-49.27551099393939,POINT (-49.27551099393939 -25.43757209090909)
2014-05-19 20:50:35.965847,-25.43751185,-49.275406675,POINT (-49.275406675 -25.43751185)
2014-05-19 20:50:45.965847,-25.437459245454548,-49.275336804545454,POINT (-49.275336804545454 -25.437459245454548)
2014-05-19 20:50:55.965847,-25.437280728030302,-49.27489727121212,POINT (-49.27489727121212 -25.437280728030302)
2014-05-19 20:51:05.965847,-25.43708868181818,-49.27441870909091,POINT (-49.27441870909091 -25.43708868181818)
2014-05-19 20:51:15.965847,-25.43686470909091,-49.27385797045454,POINT (-49.27385797045454 -25.43686470909091)
2014-05-19 20:51:25.965847,-25.436647036363635,-49.2733132469697,POINT (-49.2733132469697 -25.436647036363635)
2014-05-19 20:51:35.965847,-25.436455013636362,-49.27283372803031,POINT (-49.27283372803031 -25.436455013636362)
2014-05-19 20:51:45.965847,-25.43624726363636,-49.27231473636363,POINT (-49.27231473636363 -25.43624726363636)
2014-05-19 20:51:55.965847,-25.43600871439394,-49.27171844393939,POINT (-49.27171844393939 -25.43600871439394)
2014-05-19 20:52:05.965847,-25.435816477272727,-49.27123808636363,POINT (-49.27123808636363 -25.435816477272727)
2014-05-19 20:52:15.965847,-25.435674638636364,-49.27088389318182,POINT (-49.27088389318182 -25.435674638636364)
2014-05-19 20:52:25.965847,-25.4355015,-49.270451,POINT (-49.270451 -25.4355015)
2014-05-19 20:52:35.965847,-25.435309154545454,-49.269969813636365,POINT (-49.269969813636365 -25.435309154545454)
2014-05-19 20:52:45.965847,-25.43509484090909,-49.2694343,POINT (-49.2694343 -25.43509484090909)
2014-05-19 20:52:55.965847,-25.43487361136364,-49.26888168333333,POINT (-49.26888168333333 -25.43487361136364)
2014-05-19 20:53:05.965847,-25.43456035757576,-49.26809963636364,POINT (-49.26809963636364 -25.43456035757576)
2014-05-19 20:53:15.965847,-25.434220445454546,-49.267340715909086,POINT (-49.267340715909086 -25.434220445454546)
2014-05-19 20:53:25.965847,-25.43350442121212,-49.267674792424245,POINT (-49.267674792424245 -25.43350442121212)
2014-05-19 20:53:35.965847,-25.43283796439394,-49.267986158333336,POINT (-49.267986158333336 -25.43283796439394)
2014-05-19 20:53:45.965847,-25.432392654545456,-49.2681962,POINT (-49.2681962 -25.432392654545456)
2014-05-19 20:53:55.965847,-25.43191674772727,-49.26841906590909,POINT (-49.26841906590909 -25.43191674772727)
2014-05-19 20:54:05.965847,-25.431376986363638,-49.268668695454544,POINT (-49.268668695454544 -25.431376986363638)
2014-05-19 20:54:15.965847,-25.430860575,-49.268903425,POINT (-49.268903425 -25.430860575)
2014-05-19 20:54:25.965847,-25.430371051515152,-49.2691209969697,POINT (-49.2691209969697 -25.430371051515152)
2014-05-19 20:54:35.965847,-25.429971632575757,-49.26923918030303,POINT (-49.26923918030303 -25.429971632575757)
2014-05-19 20:54:45.965847,-25.429630886363636,-49.26929264545455,POINT (-49.26929264545455 -25.429630886363636)
2014-05-19 20:54:55.965847,-25.429210760606058,-49.26931406969697,POINT (-49.26931406969697 -25.429210760606058)
2014-05-19 20:55:05.965847,-25.428763675757573,-49.26932461212121,POINT (-49.26932461212121 -25.428763675757573)
2014-05-19 20:55:15.965847,-25.428545347727272,-49.269346275,POINT (-49.269346275 -25.428545347727272)
2014-05-19 20:55:25.965847,-25.428344222727272,-49.269370322727276,POINT (-49.269370322727276 -25.428344222727272)
2014-05-19 20:55:35.965847,-25.427734429545453,-49.26942792954546,POINT (-49.26942792954546 -25.427734429545453)
2014-05-19 20:55:45.965847,-25.427140154545455,-49.269483990909094,POINT (-49.269483990909094 -25.427140154545455)
2014-05-19 20:55:55.965847,-25.426622177272726,-49.26953245378788,POINT (-49.26953245378788 -25.426622177272726)
2014-05-19 20:56:05.965847,-25.426130966666666,-49.26958001666667,POINT (-49.26958001666667 -25.426130966666666)
2014-05-19 20:56:15.965847,-25.425699372727273,-49.269625575,POINT (-49.269625575 -25.425699372727273)
2014-05-19 20:56:25.965847,-25.425317839393937,-49.26962213939394,POINT (-49.26962213939394 -25.425317839393937)
2014-05-19 20:56:35.965847,-25.424997317424243,-49.26955899242424,POINT (-49.26955899242424 -25.424997317424243)
2014-05-19 20:56:45.965847,-25.42472977272727,-49.26954131363636,POINT (-49.26954131363636 -25.42472977272727)
2014-05-19 20:56:55.965847,-25.42449880757576,-49.26955502954545,POINT (-49.26955502954545 -25.42449880757576)
2014-05-19 20:57:05.965847,-25.424408990909093,-49.26971781212121,POINT (-49.26971781212121 -25.424408990909093)
2014-05-19 20:57:15.965847,-25.424370747727274,-49.26993506136363,POINT (-49.26993506136363 -25.424370747727274)
2014-05-19 20:57:25.965847,-25.42435847878788,-49.270004215151516,POINT (-49.270004215151516 -25.42435847878788)
2014-05-19 20:57:35.965847,-25.42435001439394,-49.27005168181818,POINT (-49.27005168181818 -25.42435001439394)
2014-05-19 20:57:45.965847,-25.424343936363638,-49.270085890909094,POINT (-49.270085890909094 -25.424343936363638)
2014-05-19 20:57:55.965847,-25.424325833333334,-49.27016701666667,POINT (-49.27016701666667 -25.424325833333334)
2014-05-19 20:58:05.965847,-25.42424213939394,-49.270504051515154,POINT (-49.270504051515154 -25.42424213939394)
2014-05-19 20:58:15.965847,-25.42417247727273,-49.27080864772727,POINT (-49.27080864772727 -25.42417247727273)
2014-05-19 20:58:25.965847,-25.424136224242424,-49.271036009090906,POINT (-49.271036009090906 -25.424136224242424)
2014-05-19 20:58:35.965847,-25.423723274242423,-49.27107863863636,POINT (-49.27107863863636 -25.423723274242423)
2014-05-19 20:58:45.965847,-25.422824263636365,-49.27088290454545,POINT (-49.27088290454545 -25.422824263636365)
2014-05-19 20:58:55.965847,-25.422500868181817,-49.27051416287878,POINT (-49.27051416287878 -25.422500868181817)
2014-05-19 20:59:05.965847,-25.422598654545453,-49.27001883030303,POINT (-49.27001883030303 -25.422598654545453)
2014-05-19 20:59:15.965847,-25.422861031818183,-49.269935747727274,POINT (-49.269935747727274 -25.422861031818183)
2014-05-19 20:59:25.965847,-25.423187954545455,-49.27001433181818,POINT (-49.27001433181818 -25.423187954545455)
2014-05-19 20:59:35.965847,-25.42342688939394,-49.27007212045455,POINT (-49.27007212045455 -25.42342688939394)
2014-05-19 20:59:45.965847,-25.4236514,-49.2701265,POINT (-49.2701265 -25.4236514)
2014-05-19 21:00:00.000000,-25.4234314263,-49.2705059052,POINT (-49.2705059052 -25.4234314263)
2014-05-19 21:00:10.000000,-25.4234314263,-49.2705059052,POINT (-49.2705059052 -25.4234314263)
2014-05-19 21:00:20.000000,-25.4234314263,-49.2705059052,POINT (-49.2705059052 -25.4234314263)
2014-05-19 21:00:30.000000,-25.4234314263,-49.2705059052,POINT (-49.2705059052 -25.4234314263)
2014-05-19 21:00:40.000000,-25.4234314263,-49.2705059052,POINT (-49.2705059052 -25.4234314263)
2014-05-19 21:00:50.000000,-25.4234314263,-49.2705059052,POINT (-49.2705059052 -25.4234314263)
2014-05-19 21:01:00.000000,-25.4234314263,-49.2705059052,POINT (-49.2705059052 -25.4234314263)
2014-05-19 21:01:10.000000,-25.4234314263,-49.2705059052,POINT (-49.2705059052 -25.4234314263)
2014-05-19 21:01:20.000000,-25.4234314263,-49.2705059052,POINT (-49.2705059052 -25.4234314263)
2014-05-19 21:01:30.000000,-25.4234314263,-49.2705059052,POINT (-49.2705059052 -25.4234314263)
2014-05-19 21:01:40.000000,-25.4234314263,-49.2705059052,POINT (-49.2705059052 -25.4234314263)
2014-05-19 21:01:50.000000,-25.4234314263,-49.2705059052,POINT (-49.2705059052 -25.4234314263)
2014-05-19 21:02:00.000000,-25.4234314263,-49.2705059052,POINT (-49.2705059052 -25.4234314263)
2014-05-19 21:02:10.000000,-25.4234314263,-49.2705059052,POINT (-49.2705059052 -25.4234314263)
2014-05-19 21:02:20.000000,-25.4234314263,-49.2705059052,POINT (-49.2705059052 -25.4234314263)
2014-05-19 21:02:30.000000,-25.4234314263,-49.2705059052,POINT (-49.2705059052 -25.4234314263)
2014-05-19 21:02:40.000000,-25.4234314263,-49.2705059052,POINT (-49.2705059052 -25.4234314263)
2014-05-19 21:02:50.000000,-25.4234314263,-49.2705059052,POINT (-49.2705059052 -25.4234314263)
2014-05-19 21:03:00.000000,-25.4234314263,-49.2705059052,POINT (-49.2705059052 -25.4234314263)
2014-05-19 21:03:10.000000,-25.4234314263,-49.2705059052,POINT (-49.2705059052 -25.4234314263)
2014-05-19 21:03:20.000000,-25.4234314263,-49.2705059052,POINT (-49.2705059052 -25.4234314263)
2014-05-19 21:03:30.000000,-25.4234314263,-49.2705059052,POINT (-49.2705059052 -25.4234314263)
2014-05-19 21:03:40.000000,-25.4234314263,-49.2705059052,POINT (-49.2705059052 -25.4234314263)
2014-05-19 21:03:50.000000,-25.4234314263,-49.2705059052,POINT (-49.2705059052 -25.4234314263)
2014-05-19 21:04:00.000000,-25.4234314263,-49.2705059052,POINT (-49.2705059052 -25.4234314263)
2014-05-19 21:04:10.000000,-25.4234314263,-49.2705059052,POINT (-49.2705059052 -25.4234314263)
2014-05-19 21:04:20.000000,-25.4234314263,-49.2705059052,POINT (-49.2705059052 -25.4234314263)
2014-05-19 21:04:30.000000,-25.4234314263,-49.2705059052,POINT (-49.2705059052 -25.4234314263)
2014-05-19 21:04:40.000000,-25.4234314263,-49.2705059052,POINT (-49.2705059052 -25.4234314263)
2014-05-19 21:04:50.000000,-25.4234314263,-49.2705059052,POINT (-49.2705059052 -25.4234314263)
2014-05-19 21:05:00.000000,-25.4234314263,-49.2705059052,POINT (-49.2705059052 -25.4234314263)
2014-05-19 21:05:10.000000,-25.4234314263,-49.2705059052,POINT (-49.2705059052 -25.4234314263)
2014-05-19 21:05:20.000000,-25.4234314263,-49.2705059052,POINT (-49.2705059052 -25.4234314263)
2014-05-19 21:05:30.000000,-25.4234314263,-49.2705059052,POINT (-49.2705059052 -25.4234314263)
2014-05-19 21:05:40.000000,-25.4234314263,-49.2705059052,POINT (-49.2705059052 -25.4234314263)
2014-05-19 21:05:50.000000,-25.4234314263,-49.2705059052,POINT (-49.2705059052 -25.4234314263)
2014-05-19 21:06:00.000000,-25.4234314263,-49.2705059052,POINT (-49.2705059052 -25.4234314263)
2014-05-19 21:06:10.000000,-25.4234314263,-49.2705059052,POINT (-49.2705059052 -25.4234314263)
2014-05-19 21:06:20.000000,-25.4234314263,-49.2705059052,POINT (-49.2705059052 -25.4234314263)
2014-05-19 21:06:30.000000,-25.4234314263,-49.2705059052,POINT (-49.2705059052 -25.4234314263)
2014-05-19 21:06:40.000000,-25.4234314263,-49.2705059052,POINT (-49.2705059052 -25.4234314263)
2014-05-19 21:06:50.000000,-25.4234314263,-49.2705059052,POINT (-49.2705059052 -25.4234314263)
2014-05-19 21:07:00.000000,-25.4234314263,-49.2705059052,POINT (-49.2705059052 -25.4234314263)
2014-05-19 21:07:10.000000,-25.4234314263,-49.2705059052,POINT (-49.2705059052 -25.4234314263)
2014-05-19 21:07:20.000000,-25.4234314263,-49.2705059052,POINT (-49.2705059052 -25.4234314263)
2014-05-19 21:07:30.000000,-25.4234314263,-49.2705059052,POINT (-49.2705059052 -25.4234314263)
2014-05-19 21:07:40.000000,-25.4234314263,-49.2705059052,POINT (-49.2705059052 -25.4234314263)
2014-05-19 21:07:50.000000,-25.4234314263,-49.2705059052,POINT (-49.2705059052 -25.4234314263)
2014-05-19 21:08:00.000000,-25.4234314263,-49.2705059052,POINT (-49.2705059052 -25.4234314263)
2014-05-19 21:08:10.000000,-25.4234314263,-49.2705059052,POINT (-49.2705059052 -25.4234314263)
2014-05-19 21:08:20.000000,-25.4234314263,-49.2705059052,POINT (-49.2705059052 -25.4234314263)
2014-05-19 21:08:30.000000,-25.4234314263,-49.2705059052,POINT (-49.2705059052 -25.4234314263)
2014-05-19 21:08:40.000000,-25.4234314263,-49.2705059052,POINT (-49.2705059052 -25.4234314263)
2014-05-19 21:08:50.000000,-25.4234314263,-49.2705059052,POINT (-49.2705059052 -25.4234314263)
2014-05-19 21:09:00.000000,-25.4234314263,-49.2705059052,POINT (-49.2705059052 -25.4234314263)
2014-05-19 21:09:10.000000,-25.4234314263,-49.2705059052,POINT (-49.2705059052 -25.4234314263)
2014-05-19 21:09:20.000000,-25.4234314263,-49.2705059052,POINT (-49.2705059052 -25.4234314263)
2014-05-19 21:09:30.000000,-25.4234314263,-49.2705059052,POINT (-49.2705059052 -25.4234314263)
2014-05-19 21:09:40.000000,-25.4234314263,-49.2705059052,POINT (-49.2705059052 -25.4234314263)
2014-05-19 21:09:50.000000,-25.4234314263,-49.2705059052,POINT (-49.2705059052 -25.4234314263)
2014-05-19 21:10:00.000000,-25.4234314263,-49.2705059052,POINT (-49.2705059052 -25.4234314263)
2014-05-19 21:10:10.000000,-25.4234314263,-49.2705059052,POINT (-49.2705059052 -25.4234314263)
2014-05-19 21:10:20.000000,-25.4234314263,-49.2705059052,POINT (-49.2705059052 -25.4234314263)
2014-05-19 21:10:30.000000,-25.4234314263,-49.2705059052,POINT (-49.2705059052 -25.4234314263)
2014-05-19 21:10:40.000000,-25.4234314263,-49.2705059052,POINT (-49.2705059052 -25.4234314263)
2014-05-19 21:10:50.000000,-25.4234314263,-49.2705059052,POINT (-49.2705059052 -25.4234314263)
2014-05-19 21:11:00.000000,-25.4234314263,-49.2705059052,POINT (-49.2705059052 -25.4234314263)
2014-05-19 21:11:10.000000,-25.4234314263,-49.2705059052,POINT (-49.2705059052 -25.4234314263)
2014-05-19 21:11:20.000000,-25.4234314263,-49.2705059052,POINT (-49.2705059052 -25.4234314263)
2014-05-19 21:11:30.000000,-25.4234314263,-49.2705059052,POINT (-49.2705059052 -25.4234314263)
2014-05-19 21:11:40.000000,-25.4234314263,-49.2705059052,POINT (-49.2705059052 -25.4234314263)
2014-05-19 21:11:50.000000,-25.4234314263,-49.2705059052,POINT (-49.2705059052 -25.4234314263)
2014-05-19 21:12:00.000000,-25.4234314263,-49.2705059052,POINT (-49.2705059052 -25.4234314263)
2014-05-19 21:12:10.000000,-25.4234314263,-49.2705059052,POINT (-49.2705059052 -25.4234314263)
2014-05-19 21:12:20.000000,-25.4234314263,-49.2705059052,POINT (-49.2705059052 -25.4234314263)
2014-05-19 21:12:30.000000,-25.4234314263,-49.2705059052,POINT (-49.2705059052 -25.4234314263)
2014-05-19 21:12:40.000000,-25.4234314263,-49.2705059052,POINT (-49.2705059052 -25.4234314263)
2014-05-19 21:12:50.000000,-25.4234314263,-49.2705059052,POINT (-49.2705059052 -25.4234314263)
2014-05-19 21:13:00.000000,-25.4234314263,-49.2705059052,POINT (-49.2705059052 -25.4234314263)
2014-05-19 21:13:10.000000,-25.4234314263,-49.2705059052,POINT (-49.2705059052 -25.4234314263)
2014-05-19 21:13:20.000000,-25.4234314263,-49.2705059052,POINT (-49.2705059052 -25.4234314263)
2014-05-19 21:13:30.000000,-25.4234314263,-49.2705059052,POINT (-49.2705059052 -25.4234314263)
2014-05-19 21:13:40.000000,-25.4234314263,-49.2705059052,POINT (-49.2705059052 -25.4234314263)
2014-05-19 21:13:50.000000,-25.4234314263,-49.2705059052,POINT (-49.2705059052 -25.4234314263)
2014-05-19 21:14:00.000000,-25.4234314263,-49.2705059052,POINT (-49.2705059052 -25.4234314263)
2014-05-19 21:14:10.000000,-25.4234314263,-49.2705059052,POINT (-49.2705059052 -25.4234314263)
2014-05-19 21:14:20.000000,-25.4234314263,-49.2705059052,POINT (-49.2705059052 -25.4234314263)
2014-05-19 21:14:30.000000,-25.4234314263,-49.2705059052,POINT (-49.2705059052 -25.4234314263)
2014-05-19 21:14:40.000000,-25.4234314263,-49.2705059052,POINT (-49.2705059052 -25.4234314263)
2014-05-19 21:14:50.000000,-25.4234314263,-49.2705059052,POINT (-49.2705059052 -25.4234314263)
2014-05-19 21:15:00.000000,-25.4234314263,-49.2705059052,POINT (-49.2705059052 -25.4234314263)
2014-05-19 21:15:10.000000,-25.4234314263,-49.2705059052,POINT (-49.2705059052 -25.4234314263)
2014-05-19 21:15:20.000000,-25.4234314263,-49.2705059052,POINT (-49.2705059052 -25.4234314263)
2014-05-19 21:15:30.000000,-25.4234314263,-49.2705059052,POINT (-49.2705059052 -25.4234314263)
2014-05-19 21:15:40.000000,-25.4234314263,-49.2705059052,POINT (-49.2705059052 -25.4234314263)
2014-05-19 21:15:50.000000,-25.4234314263,-49.2705059052,POINT (-49.2705059052 -25.4234314263)
2014-05-19 21:16:00.000000,-25.4234314263,-49.2705059052,POINT (-49.2705059052 -25.4234314263)
2014-05-19 21:16:10.000000,-25.4234314263,-49.2705059052,POINT (-49.2705059052 -25.4234314263)
2014-05-19 21:16:20.000000,-25.4234314263,-49.2705059052,POINT (-49.2705059052 -25.4234314263)
2014-05-19 21:16:30.000000,-25.4234314263,-49.2705059052,POINT (-49.2705059052 -25.4234314263)
2014-05-19 21:16:40.000000,-25.4234314263,-49.2705059052,POINT (-49.2705059052 -25.4234314263)
2014-05-19 21:16:50.000000,-25.4234314263,-49.2705059052,POINT (-49.2705059052 -25.4234314263)
2014-05-19 21:17:00.000000,-25.4234314263,-49.2705059052,POINT (-49.2705059052 -25.4234314263)
2014-05-19 21:17:10.000000,-25.4234314263,-49.2705059052,POINT (-49.2705059052 -25.4234314263)
2014-05-19 21:17:20.000000,-25.4234314263,-49.2705059052,POINT (-49.2705059052 -25.4234314263)
2014-05-19 21:17:30.000000,-25.4234314263,-49.2705059052,POINT (-49.2705059052 -25.4234314263)
2014-05-19 21:17:40.000000,-25.4234314263,-49.2705059052,POINT (-49.2705059052 -25.4234314263)
2014-05-19 21:17:50.000000,-25.4234314263,-49.2705059052,POINT (-49.2705059052 -25.4234314263)
2014-05-19 21:18:00.000000,-25.4234314263,-49.2705059052,POINT (-49.2705059052 -25.4234314263)
2014-05-19 21:18:10.000000,-25.4234314263,-49.2705059052,POINT (-49.2705059052 -25.4234314263)
2014-05-19 21:18:20.000000,-25.4234314263,-49.2705059052,POINT (-49.2705059052 -25.4234314263)
2014-05-19 21:18:30.000000,-25.4234314263,-49.2705059052,POINT (-49.2705059052 -25.4234314263)
2014-05-19 21:18:40.000000,-25.4234314263,-49.2705059052,POINT (-49.2705059052 -25.4234314263)
2014-05-19 21:18:50.000000,-25.4234314263,-49.2705059052,POINT (-49.2705059052 -25.4234314263)
2014-05-19 21:19:00.000000,-25.4234314263,-49.2705059052,POINT (-49.2705059052 -25.4234314263)
2014-05-19 21:19:10.000000,-25.4234314263,-49.2705059052,POINT (-49.2705059052 -25.4234314263)
2014-05-19 21:19:20.000000,-25.4234314263,-49.2705059052,POINT (-49.2705059052 -25.4234314263)
2014-05-19 21:19:30.000000,-25.4234314263,-49.2705059052,POINT (-49.2705059052 -25.4234314263)
2014-05-19 21:19:40.000000,-25.4234314263,-49.2705059052,POINT (-49.2705059052 -25.4234314263)
2014-05-19 21:19:50.000000,-25.4234314263,-49.2705059052,POINT (-49.2705059052 -25.4234314263)
2014-05-19 21:20:00.000000,-25.4234314263,-49.2705059052,POINT (-49.2705059052 -25.4234314263)
2014-05-19 21:20:10.000000,-25.4234314263,-49.2705059052,POINT (-49.2705059052 -25.4234314263)
2014-05-19 21:20:20.000000,-25.4234314263,-49.2705059052,POINT (-49.2705059052 -25.4234314263)
2014-05-19 21:20:30.000000,-25.4234314263,-49.2705059052,POINT (-49.2705059052 -25.4234314263)
2014-05-19 21:20:40.000000,-25.4234314263,-49.2705059052,POINT (-49.2705059052 -25.4234314263)
2014-05-19 21:20:50.000000,-25.4234314263,-49.2705059052,POINT (-49.2705059052 -25.4234314263)
2014-05-19 21:21:00.000000,-25.4234314263,-49.2705059052,POINT (-49.2705059052 -25.4234314263)
2014-05-19 21:21:10.000000,-25.4234314263,-49.2705059052,POINT (-49.2705059052 -25.4234314263)
2014-05-19 21:21:20.000000,-25.4234314263,-49.2705059052,POINT (-49.2705059052 -25.4234314263)
2014-05-19 21:21:30.000000,-25.4234314263,-49.2705059052,POINT (-49.2705059052 -25.4234314263)
2014-05-19 21:21:40.000000,-25.4234314263,-49.2705059052,POINT (-49.2705059052 -25.4234314263)
2014-05-19 21:21:50.000000,-25.4234314263,-49.2705059052,POINT (-49.2705059052 -25.4234314263)
2014-05-19 21:22:00.000000,-25.4234314263,-49.2705059052,POINT (-49.2705059052 -25.4234314263)
2014-05-19 21:22:10.000000,-25.4234314263,-49.2705059052,POINT (-49.2705059052 -25.4234314263)
2014-05-19 21:22:20.000000,-25.4234314263,-49.2705059052,POINT (-49.2705059052 -25.4234314263)
2014-05-19 21:22:30.000000,-25.4234314263,-49.2705059052,POINT (-49.2705059052 -25.4234314263)
2014-05-19 21:22:40.000000,-25.4234314263,-49.2705059052,POINT (-49.2705059052 -25.4234314263)
2014-05-19 21:22:50.000000,-25.4234314263,-49.2705059052,POINT (-49.2705059052 -25.4234314263)
2014-05-19 21:23:00.000000,-25.4234314263,-49.2705059052,POINT (-49.2705059052 -25.4234314263)
2014-05-19 21:23:10.000000,-25.4234314263,-49.2705059052,POINT (-49.2705059052 -25.4234314263)
2014-05-19 21:23:20.000000,-25.4234314263,-49.2705059052,POINT (-49.2705059052 -25.4234314263)
2014-05-19 21:23:30.000000,-25.4234314263,-49.2705059052,POINT (-49.2705059052 -25.4234314263)
2014-05-19 21:23:40.000000,-25.4234314263,-49.2705059052,POINT (-49.2705059052 -25.4234314263)
2014-05-19 21:23:50.000000,-25.4234314263,-49.2705059052,POINT (-49.2705059052 -25.4234314263)
2014-05-19 21:24:00.000000,-25.4234314263,-49.2705059052,POINT (-49.2705059052 -25.4234314263)
2014-05-19 21:24:10.000000,-25.4234314263,-49.2705059052,POINT (-49.2705059052 -25.4234314263)
2014-05-19 21:24:20.000000,-25.4234314263,-49.2705059052,POINT (-49.2705059052 -25.4234314263)
2014-05-19 21:24:30.000000,-25.4234314263,-49.2705059052,POINT (-49.2705059052 -25.4234314263)
2014-05-19 21:24:40.000000,-25.4234314263,-49.2705059052,POINT (-49.2705059052 -25.4234314263)
2014-05-19 21:24:50.000000,-25.4234314263,-49.2705059052,POINT (-49.2705059052 -25.4234314263)
2014-05-19 21:25:00.000000,-25.4234314263,-49.2705059052,POINT (-49.2705059052 -25.4234314263)
2014-05-19 21:25:10.000000,-25.4234314263,-49.2705059052,POINT (-49.2705059052 -25.4234314263)
2014-05-19 21:25:20.000000,-25.4234314263,-49.2705059052,POINT (-49.2705059052 -25.4234314263)
2014-05-19 21:25:30.000000,-25.4234314263,-49.2705059052,POINT (-49.2705059052 -25.4234314263)
2014-05-19 21:25:40.000000,-25.4234314263,-49.2705059052,POINT (-49.2705059052 -25.4234314263)
2014-05-19 21:25:50.000000,-25.4234314263,-49.2705059052,POINT (-49.2705059052 -25.4234314263)
2014-05-19 21:26:00.000000,-25.4234314263,-49.2705059052,POINT (-49.2705059052 -25.4234314263)
2014-05-19 21:26:10.000000,-25.4234314263,-49.2705059052,POINT (-49.2705059052 -25.4234314263)
2014-05-19 21:26:20.000000,-25.4234314263,-49.2705059052,POINT (-49.2705059052 -25.4234314263)
2014-05-19 21:26:30.000000,-25.4234314263,-49.2705059052,POINT (-49.2705059052 -25.4234314263)
2014-05-19 21:26:40.000000,-25.4234314263,-49.2705059052,POINT (-49.2705059052 -25.4234314263)
2014-05-19 21:26:50.000000,-25.4234314263,-49.2705059052,POINT (-49.2705059052 -25.4234314263)
2014-05-19 21:27:00.000000,-25.4234314263,-49.2705059052,POINT (-49.2705059052 -25.4234314263)
2014-05-19 21:27:10.000000,-25.4234314263,-49.2705059052,POINT (-49.2705059052 -25.4234314263)
2014-05-19 21:27:20.000000,-25.4234314263,-49.2705059052,POINT (-49.2705059052 -25.4234314263)
2014-05-19 21:27:30.000000,-25.4234314263,-49.2705059052,POINT (-49.2705059052 -25.4234314263)
2014-05-19 21:27:40.000000,-25.4234314263,-49.2705059052,POINT (-49.2705059052 -25.4234314263)
2014-05-19 21:27:50.000000,-25.4234314263,-49.2705059052,POINT (-49.2705059052 -25.4234314263)
2014-05-19 21:28:00.000000,-25.4234314263,-49.2705059052,POINT (-49.2705059052 -25.4234314263)
2014-05-19 21:28:10.000000,-25.4234314263,-49.2705059052,POINT (-49.2705059052 -25.4234314263)
2014-05-19 21:28:20.000000,-25.4234314263,-49.2705059052,POINT (-49.2705059052 -25.4234314263)
2014-05-19 21:28:30.000000,-25.4234314263,-49.2705059052,POINT (-49.2705059052 -25.4234314263)
2014-05-19 21:28:40.000000,-25.4234314263,-49.2705059052,POINT (-49.2705059052 -25.4234314263)
2014-05-19 21:28:50.000000,-25.4234314263,-49.2705059052,POINT (-49.2705059052 -25.4234314263)
2014-05-19 21:29:00.000000,-25.4234314263,-49.2705059052,POINT (-49.2705059052 -25.4234314263)
2014-05-19 21:29:10.000000,-25.4234314263,-49.2705059052,POINT (-49.2705059052 -25.4234314263)
2014-05-19 21:29:20.000000,-25.4234314263,-49.2705059052,POINT (-49.2705059052 -25.4234314263)
2014-05-19 21:29:30.000000,-25.4234314263,-49.2705059052,POINT (-49.2705059052 -25.4234314263)
2014-05-19 21:29:40.000000,-25.4234314263,-49.2705059052,POINT (-49.2705059052 -25.4234314263)
2014-05-19 21:29:50.000000,-25.4234314263,-49.2705059052,POINT (-49.2705059052 -25.4234314263)
2014-05-19 21:30:00.000000,-25.4234314263,-49.2705059052,POINT (-49.2705059052 -25.4234314263)
2014-05-19 21:30:10.000000,-25.4234314263,-49.2705059052,POINT (-49.2705059052 -25.4234314263)
2014-05-19 21:30:20.000000,-25.4234314263,-49.2705059052,POINT (-49.2705059052 -25.4234314263)
2014-05-19 21:30:30.000000,-25.4234314263,-49.2705059052,POINT (-49.2705059052 -25.4234314263)
2014-05-19 21:30:40.000000,-25.4234314263,-49.2705059052,POINT (-49.2705059052 -25.4234314263)
2014-05-19 21:30:50.000000,-25.4234314263,-49.2705059052,POINT (-49.2705059052 -25.4234314263)
2014-05-19 21:31:00.000000,-25.4234314263,-49.2705059052,POINT (-49.2705059052 -25.4234314263)
2014-05-19 21:31:10.000000,-25.4234314263,-49.2705059052,POINT (-49.2705059052 -25.4234314263)
2014-05-19 21:31:20.000000,-25.4234314263,-49.2705059052,POINT (-49.2705059052 -25.4234314263)
2014-05-19 21:31:30.000000,-25.4234314263,-49.2705059052,POINT (-49.2705059052 -25.4234314263)
2014-05-19 21:31:40.000000,-25.4234314263,-49.2705059052,POINT (-49.2705059052 -25.4234314263)
2014-05-19 21:31:50.000000,-25.4234314263,-49.2705059052,POINT (-49.2705059052 -25.4234314263)
2014-05-19 21:32:00.000000,-25.4234314263,-49.2705059052,POINT (-49.2705059052 -25.4234314263)
2014-05-19 21:32:10.000000,-25.4234314263,-49.2705059052,POINT (-49.2705059052 -25.4234314263)
2014-05-19 21:32:20.000000,-25.4234314263,-49.2705059052,POINT (-49.2705059052 -25.4234314263)
2014-05-19 21:32:30.000000,-25.4234314263,-49.2705059052,POINT (-49.2705059052 -25.4234314263)
2014-05-19 21:32:40.000000,-25.4234314263,-49.2705059052,POINT (-49.2705059052 -25.4234314263)
2014-05-19 21:32:50.000000,-25.4234314263,-49.2705059052,POINT (-49.2705059052 -25.4234314263)
2014-05-19 21:33:00.000000,-25.4234314263,-49.2705059052,POINT (-49.2705059052 -25.4234314263)
2014-05-19 21:33:10.000000,-25.4234314263,-49.2705059052,POINT (-49.2705059052 -25.4234314263)
2014-05-19 21:33:20.000000,-25.4234314263,-49.2705059052,POINT (-49.2705059052 -25.4234314263)
2014-05-19 21:33:30.000000,-25.4234314263,-49.2705059052,POINT (-49.2705059052 -25.4234314263)
2014-05-19 21:33:40.000000,-25.4234314263,-49.2705059052,POINT (-49.2705059052 -25.4234314263)
2014-05-19 21:33:50.000000,-25.4234314263,-49.2705059052,POINT (-49.2705059052 -25.4234314263)
2014-05-19 21:34:00.000000,-25.4234314263,-49.2705059052,POINT (-49.2705059052 -25.4234314263)
2014-05-19 21:34:10.000000,-25.4234314263,-49.2705059052,POINT (-49.2705059052 -25.4234314263)
2014-05-19 21:34:20.000000,-25.4234314263,-49.2705059052,POINT (-49.2705059052 -25.4234314263)
2014-05-19 21:34:30.000000,-25.4234314263,-49.2705059052,POINT (-49.2705059052 -25.4234314263)
2014-05-19 21:34:40.000000,-25.4234314263,-49.2705059052,POINT (-49.2705059052 -25.4234314263)
2014-05-19 21:34:50.000000,-25.4234314263,-49.2705059052,POINT (-49.2705059052 -25.4234314263)
2014-05-19 21:35:00.000000,-25.4234314263,-49.2705059052,POINT (-49.2705059052 -25.4234314263)
2014-05-19 21:35:10.000000,-25.4234314263,-49.2705059052,POINT (-49.2705059052 -25.4234314263)
2014-05-19 21:35:20.000000,-25.4234314263,-49.2705059052,POINT (-49.2705059052 -25.4234314263)
2014-05-19 21:35:30.000000,-25.4234314263,-49.2705059052,POINT (-49.2705059052 -25.4234314263)
2014-05-19 21:35:40.000000,-25.4234314263,-49.2705059052,POINT (-49.2705059052 -25.4234314263)
2014-05-19 21:35:50.000000,-25.4234314263,-49.2705059052,POINT (-49.2705059052 -25.4234314263)
2014-05-19 21:36:00.000000,-25.4234314263,-49.2705059052,POINT (-49.2705059052 -25.4234314263)
2014-05-19 21:36:10.000000,-25.4234314263,-49.2705059052,POINT (-49.2705059052 -25.4234314263)
2014-05-19 21:36:20.000000,-25.4234314263,-49.2705059052,POINT (-49.2705059052 -25.4234314263)
2014-05-19 21:36:30.000000,-25.4234314263,-49.2705059052,POINT (-49.2705059052 -25.4234314263)
2014-05-19 21:36:40.000000,-25.4234314263,-49.2705059052,POINT (-49.2705059052 -25.4234314263)
2014-05-19 21:36:50.000000,-25.4234314263,-49.2705059052,POINT (-49.2705059052 -25.4234314263)
2014-05-19 21:37:00.000000,-25.4234314263,-49.2705059052,POINT (-49.2705059052 -25.4234314263)
2014-05-19 21:37:10.000000,-25.4234314263,-49.2705059052,POINT (-49.2705059052 -25.4234314263)
2014-05-19 21:37:20.000000,-25.4234314263,-49.2705059052,POINT (-49.2705059052 -25.4234314263)
2014-05-19 21:37:30.000000,-25.4234314263,-49.2705059052,POINT (-49.2705059052 -25.4234314263)
2014-05-19 21:37:40.000000,-25.4234314263,-49.2705059052,POINT (-49.2705059052 -25.4234314263)
2014-05-19 21:37:50.000000,-25.4234314263,-49.2705059052,POINT (-49.2705059052 -25.4234314263)
2014-05-19 21:38:00.000000,-25.4234314263,-49.2705059052,POINT (-49.2705059052 -25.4234314263)
2014-05-19 21:38:10.000000,-25.4234314263,-49.2705059052,POINT (-49.2705059052 -25.4234314263)
2014-05-19 21:38:20.000000,-25.4234314263,-49.2705059052,POINT (-49.2705059052 -25.4234314263)
2014-05-19 21:38:30.000000,-25.4234314263,-49.2705059052,POINT (-49.2705059052 -25.4234314263)
2014-05-19 21:38:40.000000,-25.4234314263,-49.2705059052,POINT (-49.2705059052 -25.4234314263)
2014-05-19 21:38:50.000000,-25.4234314263,-49.2705059052,POINT (-49.2705059052 -25.4234314263)
2014-05-19 21:39:00.000000,-25.4234314263,-49.2705059052,POINT (-49.2705059052 -25.4234314263)
2014-05-19 21:39:10.000000,-25.4234314263,-49.2705059052,POINT (-49.2705059052 -25.4234314263)
2014-05-19 21:39:20.000000,-25.4234314263,-49.2705059052,POINT (-49.2705059052 -25.4234314263)
2014-05-19 21:39:30.000000,-25.4234314263,-49.2705059052,POINT (-49.2705059052 -25.4234314263)
2014-05-19 21:39:40.000000,-25.4234314263,-49.2705059052,POINT (-49.2705059052 -25.4234314263)
2014-05-19 21:39:50.000000,-25.4234314263,-49.2705059052,POINT (-49.2705059052 -25.4234314263)
2014-05-19 21:40:00.000000,-25.4234314263,-49.2705059052,POINT (-49.2705059052 -25.4234314263)
2014-05-19 21:40:10.000000,-25.4234314263,-49.2705059052,POINT (-49.2705059052 -25.4234314263)
2014-05-19 21:40:20.000000,-25.4234314263,-49.2705059052,POINT (-49.2705059052 -25.4234314263)
2014-05-19 21:40:30.000000,-25.4234314263,-49.2705059052,POINT (-49.2705059052 -25.4234314263)
2014-05-19 21:40:40.000000,-25.4234314263,-49.2705059052,POINT (-49.2705059052 -25.4234314263)
2014-05-19 21:40:50.000000,-25.4234314263,-49.2705059052,POINT (-49.2705059052 -25.4234314263)
2014-05-19 21:41:00.000000,-25.4234314263,-49.2705059052,POINT (-49.2705059052 -25.4234314263)
2014-05-19 21:41:10.000000,-25.4234314263,-49.2705059052,POINT (-49.2705059052 -25.4234314263)
2014-05-19 21:41:20.000000,-25.4234314263,-49.2705059052,POINT (-49.2705059052 -25.4234314263)
2014-05-19 21:41:30.000000,-25.4234314263,-49.2705059052,POINT (-49.2705059052 -25.4234314263)
2014-05-19 21:41:40.000000,-25.4234314263,-49.2705059052,POINT (-49.2705059052 -25.4234314263)
2014-05-19 21:41:50.000000,-25.4234314263,-49.2705059052,POINT (-49.2705059052 -25.4234314263)
2014-05-19 21:42:00.000000,-25.4234314263,-49.2705059052,POINT (-49.2705059052 -25.4234314263)
2014-05-19 21:42:10.000000,-25.4234314263,-49.2705059052,POINT (-49.2705059052 -25.4234314263)
2014-05-19 21:42:20.000000,-25.4234314263,-49.2705059052,POINT (-49.2705059052 -25.4234314263)
2014-05-19 21:42:30.000000,-25.4234314263,-49.2705059052,POINT (-49.2705059052 -25.4234314263)
2014-05-19 21:42:40.000000,-25.4234314263,-49.2705059052,POINT (-49.2705059052 -25.4234314263)
2014-05-19 21:42:50.000000,-25.4234314263,-49.2705059052,POINT (-49.2705059052 -25.4234314263)
2014-05-19 21:43:00.000000,-25.4234314263,-49.2705059052,POINT (-49.2705059052 -25.4234314263)
2014-05-19 21:43:10.000000,-25.4234314263,-49.2705059052,POINT (-49.2705059052 -25.4234314263)
2014-05-19 21:43:20.000000,-25.4234314263,-49.2705059052,POINT (-49.2705059052 -25.4234314263)
2014-05-19 21:43:30.000000,-25.4234314263,-49.2705059052,POINT (-49.2705059052 -25.4234314263)
2014-05-19 21:43:40.000000,-25.4234314263,-49.2705059052,POINT (-49.2705059052 -25.4234314263)
2014-05-19 21:43:50.000000,-25.4234314263,-49.2705059052,POINT (-49.2705059052 -25.4234314263)
2014-05-19 22:00:00.000000,-25.4641253467,-49.268935966,POINT (-49.268935966 -25.4641253467)
2014-05-19 22:00:10.000000,-25.4641253467,-49.268935966,POINT (-49.268935966 -25.4641253467)
2014-05-19 22:00:20.000000,-25.4641253467,-49.268935966,POINT (-49.268935966 -25.4641253467)
2014-05-19 22:00:30.000000,-25.4641253467,-49.268935966,POINT (-49.268935966 -25.4641253467)
2014-05-19 22:00:40.000000,-25.4641253467,-49.268935966,POINT (-49.268935966 -25.4641253467)
2014-05-19 22:00:50.000000,-25.4641253467,-49.268935966,POINT (-49.268935966 -25.4641253467)
2014-05-19 22:01:00.000000,-25.4641253467,-49.268935966,POINT (-49.268935966 -25.4641253467)
2014-05-19 22:01:10.000000,-25.4641253467,-49.268935966,POINT (-49.268935966 -25.4641253467)
2014-05-19 22:01:20.000000,-25.4641253467,-49.268935966,POINT (-49.268935966 -25.4641253467)
2014-05-19 22:01:30.000000,-25.4641253467,-49.268935966,POINT (-49.268935966 -25.4641253467)
2014-05-19 22:01:40.000000,-25.4641253467,-49.268935966,POINT (-49.268935966 -25.4641253467)
2014-05-19 22:01:50.000000,-25.4641253467,-49.268935966,POINT (-49.268935966 -25.4641253467)
2014-05-19 22:02:00.000000,-25.4641253467,-49.268935966,POINT (-49.268935966 -25.4641253467)
2014-05-19 22:02:10.000000,-25.4641253467,-49.268935966,POINT (-49.268935966 -25.4641253467)
2014-05-19 22:02:20.000000,-25.4641253467,-49.268935966,POINT (-49.268935966 -25.4641253467)
2014-05-19 22:02:30.000000,-25.4641253467,-49.268935966,POINT (-49.268935966 -25.4641253467)
2014-05-19 22:02:40.000000,-25.4641253467,-49.268935966,POINT (-49.268935966 -25.4641253467)
2014-05-19 22:02:50.000000,-25.4641253467,-49.268935966,POINT (-49.268935966 -25.4641253467)
2014-05-19 22:03:00.000000,-25.4641253467,-49.268935966,POINT (-49.268935966 -25.4641253467)
2014-05-19 22:03:10.000000,-25.4641253467,-49.268935966,POINT (-49.268935966 -25.4641253467)
2014-05-19 22:03:20.000000,-25.4641253467,-49.268935966,POINT (-49.268935966 -25.4641253467)
2014-05-19 22:03:30.000000,-25.4641253467,-49.268935966,POINT (-49.268935966 -25.4641253467)
2014-05-19 22:03:40.000000,-25.4641253467,-49.268935966,POINT (-49.268935966 -25.4641253467)
2014-05-19 22:03:50.000000,-25.4641253467,-49.268935966,POINT (-49.268935966 -25.4641253467)
2014-05-19 22:04:00.000000,-25.4641253467,-49.268935966,POINT (-49.268935966 -25.4641253467)
2014-05-19 22:04:10.000000,-25.4641253467,-49.268935966,POINT (-49.268935966 -25.4641253467)
2014-05-19 22:04:20.000000,-25.4641253467,-49.268935966,POINT (-49.268935966 -25.4641253467)
2014-05-19 22:04:30.000000,-25.4641253467,-49.268935966,POINT (-49.268935966 -25.4641253467)
2014-05-19 22:04:40.000000,-25.4641253467,-49.268935966,POINT (-49.268935966 -25.4641253467)
2014-05-19 22:04:50.000000,-25.4641253467,-49.268935966,POINT (-49.268935966 -25.4641253467)
2014-05-19 22:05:00.000000,-25.4641253467,-49.268935966,POINT (-49.268935966 -25.4641253467)
2014-05-19 22:05:10.000000,-25.4641253467,-49.268935966,POINT (-49.268935966 -25.4641253467)
2014-05-19 22:05:20.000000,-25.4641253467,-49.268935966,POINT (-49.268935966 -25.4641253467)
2014-05-19 22:05:30.000000,-25.4641253467,-49.268935966,POINT (-49.268935966 -25.4641253467)
2014-05-19 22:05:40.000000,-25.4641253467,-49.268935966,POINT (-49.268935966 -25.4641253467)
2014-05-19 22:05:50.000000,-25.4641253467,-49.268935966,POINT (-49.268935966 -25.4641253467)
2014-05-19 22:06:00.000000,-25.4641253467,-49.268935966,POINT (-49.268935966 -25.4641253467)
2014-05-19 22:06:10.000000,-25.4641253467,-49.268935966,POINT (-49.268935966 -25.4641253467)
2014-05-19 22:06:20.000000,-25.4641253467,-49.268935966,POINT (-49.268935966 -25.4641253467)
2014-05-19 22:06:30.000000,-25.4641253467,-49.268935966,POINT (-49.268935966 -25.4641253467)
2014-05-19 22:06:40.000000,-25.4641253467,-49.268935966,POINT (-49.268935966 -25.4641253467)
2014-05-19 22:06:50.000000,-25.4641253467,-49.268935966,POINT (-49.268935966 -25.4641253467)
2014-05-19 22:07:00.000000,-25.4641253467,-49.268935966,POINT (-49.268935966 -25.4641253467)
2014-05-19 22:07:10.000000,-25.4641253467,-49.268935966,POINT (-49.268935966 -25.4641253467)
2014-05-19 22:07:20.000000,-25.4641253467,-49.268935966,POINT (-49.268935966 -25.4641253467)
2014-05-19 22:07:30.000000,-25.4641253467,-49.268935966,POINT (-49.268935966 -25.4641253467)
2014-05-19 22:07:40.000000,-25.4641253467,-49.268935966,POINT (-49.268935966 -25.4641253467)
2014-05-19 22:07:50.000000,-25.4641253467,-49.268935966,POINT (-49.268935966 -25.4641253467)
2014-05-19 22:08:00.000000,-25.4641253467,-49.268935966,POINT (-49.268935966 -25.4641253467)
2014-05-19 22:08:10.000000,-25.4641253467,-49.268935966,POINT (-49.268935966 -25.4641253467)
2014-05-19 22:08:20.000000,-25.4641253467,-49.268935966,POINT (-49.268935966 -25.4641253467)
2014-05-19 22:08:30.000000,-25.4641253467,-49.268935966,POINT (-49.268935966 -25.4641253467)
2014-05-19 22:08:40.000000,-25.4641253467,-49.268935966,POINT (-49.268935966 -25.4641253467)
2014-05-19 22:08:50.000000,-25.4641253467,-49.268935966,POINT (-49.268935966 -25.4641253467)
2014-05-19 22:09:00.000000,-25.4641253467,-49.268935966,POINT (-49.268935966 -25.4641253467)
2014-05-19 22:09:10.000000,-25.4641253467,-49.268935966,POINT (-49.268935966 -25.4641253467)
2014-05-19 22:09:20.000000,-25.4641253467,-49.268935966,POINT (-49.268935966 -25.4641253467)
2014-05-19 22:09:30.000000,-25.4641253467,-49.268935966,POINT (-49.268935966 -25.4641253467)
2014-05-19 22:09:40.000000,-25.4641253467,-49.268935966,POINT (-49.268935966 -25.4641253467)
2014-05-19 22:09:50.000000,-25.4641253467,-49.268935966,POINT (-49.268935966 -25.4641253467)
2014-05-19 22:10:00.000000,-25.4641253467,-49.268935966,POINT (-49.268935966 -25.4641253467)
2014-05-19 22:10:10.000000,-25.4641253467,-49.268935966,POINT (-49.268935966 -25.4641253467)
2014-05-19 22:10:20.000000,-25.4641253467,-49.268935966,POINT (-49.268935966 -25.4641253467)
2014-05-19 22:10:30.000000,-25.4641253467,-49.268935966,POINT (-49.268935966 -25.4641253467)
2014-05-19 22:10:40.000000,-25.4641253467,-49.268935966,POINT (-49.268935966 -25.4641253467)
2014-05-19 22:10:50.000000,-25.4641253467,-49.268935966,POINT (-49.268935966 -25.4641253467)
2014-05-19 22:11:00.000000,-25.4641253467,-49.268935966,POINT (-49.268935966 -25.4641253467)
2014-05-19 22:11:10.000000,-25.4641253467,-49.268935966,POINT (-49.268935966 -25.4641253467)
2014-05-19 22:11:20.000000,-25.4641253467,-49.268935966,POINT (-49.268935966 -25.4641253467)
2014-05-19 22:11:30.000000,-25.4641253467,-49.268935966,POINT (-49.268935966 -25.4641253467)
2014-05-19 22:11:40.000000,-25.4641253467,-49.268935966,POINT (-49.268935966 -25.4641253467)
2014-05-19 22:11:50.000000,-25.4641253467,-49.268935966,POINT (-49.268935966 -25.4641253467)
2014-05-19 22:12:00.000000,-25.4641253467,-49.268935966,POINT (-49.268935966 -25.4641253467)
2014-05-19 22:12:10.000000,-25.4641253467,-49.268935966,POINT (-49.268935966 -25.4641253467)
2014-05-19 22:12:20.000000,-25.4641253467,-49.268935966,POINT (-49.268935966 -25.4641253467)
2014-05-19 22:12:30.000000,-25.4641253467,-49.268935966,POINT (-49.268935966 -25.4641253467)
2014-05-19 22:12:40.000000,-25.4641253467,-49.268935966,POINT (-49.268935966 -25.4641253467)
2014-05-19 22:12:50.000000,-25.4641253467,-49.268935966,POINT (-49.268935966 -25.4641253467)
2014-05-19 22:13:00.000000,-25.4641253467,-49.268935966,POINT (-49.268935966 -25.4641253467)
2014-05-19 22:13:10.000000,-25.4641253467,-49.268935966,POINT (-49.268935966 -25.4641253467)
2014-05-19 22:13:20.000000,-25.4641253467,-49.268935966,POINT (-49.268935966 -25.4641253467)
2014-05-19 22:13:30.000000,-25.4641253467,-49.268935966,POINT (-49.268935966 -25.4641253467)
2014-05-19 22:13:40.000000,-25.4641253467,-49.268935966,POINT (-49.268935966 -25.4641253467)
2014-05-19 22:13:50.000000,-25.4641253467,-49.268935966,POINT (-49.268935966 -25.4641253467)
2014-05-19 22:14:00.000000,-25.4641253467,-49.268935966,POINT (-49.268935966 -25.4641253467)
2014-05-19 22:14:10.000000,-25.4641253467,-49.268935966,POINT (-49.268935966 -25.4641253467)
2014-05-19 22:14:20.000000,-25.4641253467,-49.268935966,POINT (-49.268935966 -25.4641253467)
2014-05-19 22:14:30.000000,-25.4641253467,-49.268935966,POINT (-49.268935966 -25.4641253467)
2014-05-19 22:14:40.000000,-25.4641253467,-49.268935966,POINT (-49.268935966 -25.4641253467)
2014-05-19 22:14:50.000000,-25.4641253467,-49.268935966,POINT (-49.268935966 -25.4641253467)
2014-05-19 22:15:00.000000,-25.4641253467,-49.268935966,POINT (-49.268935966 -25.4641253467)
2014-05-19 22:15:10.000000,-25.4641253467,-49.268935966,POINT (-49.268935966 -25.4641253467)
2014-05-19 22:15:20.000000,-25.4641253467,-49.268935966,POINT (-49.268935966 -25.4641253467)
2014-05-19 22:15:30.000000,-25.4641253467,-49.268935966,POINT (-49.268935966 -25.4641253467)
2014-05-19 22:15:40.000000,-25.4641253467,-49.268935966,POINT (-49.268935966 -25.4641253467)
2014-05-19 22:15:50.000000,-25.4641253467,-49.268935966,POINT (-49.268935966 -25.4641253467)
2014-05-19 22:16:00.000000,-25.4641253467,-49.268935966,POINT (-49.268935966 -25.4641253467)
2014-05-19 22:16:10.000000,-25.4641253467,-49.268935966,POINT (-49.268935966 -25.4641253467)
2014-05-19 22:16:20.000000,-25.4641253467,-49.268935966,POINT (-49.268935966 -25.4641253467)
2014-05-19 22:16:30.000000,-25.4641253467,-49.268935966,POINT (-49.268935966 -25.4641253467)
2014-05-19 22:16:40.000000,-25.4641253467,-49.268935966,POINT (-49.268935966 -25.4641253467)
2014-05-19 22:16:50.000000,-25.4641253467,-49.268935966,POINT (-49.268935966 -25.4641253467)
2014-05-19 22:17:00.000000,-25.4641253467,-49.268935966,POINT (-49.268935966 -25.4641253467)
2014-05-19 22:17:10.000000,-25.4641253467,-49.268935966,POINT (-49.268935966 -25.4641253467)
2014-05-19 22:17:20.000000,-25.4641253467,-49.268935966,POINT (-49.268935966 -25.4641253467)
2014-05-19 22:17:30.000000,-25.4641253467,-49.268935966,POINT (-49.268935966 -25.4641253467)
2014-05-19 22:17:40.000000,-25.4641253467,-49.268935966,POINT (-49.268935966 -25.4641253467)
2014-05-19 22:17:50.000000,-25.4641253467,-49.268935966,POINT (-49.268935966 -25.4641253467)
2014-05-19 22:18:00.000000,-25.4641253467,-49.268935966,POINT (-49.268935966 -25.4641253467)
2014-05-19 22:18:10.000000,-25.4641253467,-49.268935966,POINT (-49.268935966 -25.4641253467)
2014-05-19 22:18:20.000000,-25.4641253467,-49.268935966,POINT (-49.268935966 -25.4641253467)
2014-05-19 22:18:30.000000,-25.4641253467,-49.268935966,POINT (-49.268935966 -25.4641253467)
2014-05-19 22:18:40.000000,-25.4641253467,-49.268935966,POINT (-49.268935966 -25.4641253467)
2014-05-19 22:18:50.000000,-25.4641253467,-49.268935966,POINT (-49.268935966 -25.4641253467)
2014-05-19 22:19:00.000000,-25.4641253467,-49.268935966,POINT (-49.268935966 -25.4641253467)
2014-05-19 22:19:10.000000,-25.4641253467,-49.268935966,POINT (-49.268935966 -25.4641253467)
2014-05-19 22:19:20.000000,-25.4641253467,-49.268935966,POINT (-49.268935966 -25.4641253467)
2014-05-19 22:19:30.000000,-25.4641253467,-49.268935966,POINT (-49.268935966 -25.4641253467)
2014-05-19 22:19:40.000000,-25.4641253467,-49.268935966,POINT (-49.268935966 -25.4641253467)
2014-05-19 22:19:50.000000,-25.4641253467,-49.268935966,POINT (-49.268935966 -25.4641253467)
2014-05-19 22:20:00.000000,-25.4641253467,-49.268935966,POINT (-49.268935966 -25.4641253467)
2014-05-19 22:20:10.000000,-25.4641253467,-49.268935966,POINT (-49.268935966 -25.4641253467)
2014-05-19 22:20:20.000000,-25.4641253467,-49.268935966,POINT (-49.268935966 -25.4641253467)
2014-05-19 22:20:30.000000,-25.4641253467,-49.268935966,POINT (-49.268935966 -25.4641253467)
2014-05-19 22:20:40.000000,-25.4641253467,-49.268935966,POINT (-49.268935966 -25.4641253467)
2014-05-19 22:20:50.000000,-25.4641253467,-49.268935966,POINT (-49.268935966 -25.4641253467)
2014-05-19 22:21:00.000000,-25.4641253467,-49.268935966,POINT (-49.268935966 -25.4641253467)
2014-05-19 22:21:10.000000,-25.4641253467,-49.268935966,POINT (-49.268935966 -25.4641253467)
2014-05-19 22:21:20.000000,-25.4641253467,-49.268935966,POINT (-49.268935966 -25.4641253467)
2014-05-19 22:21:30.000000,-25.4641253467,-49.268935966,POINT (-49.268935966 -25.4641253467)
2014-05-19 22:21:40.000000,-25.4641253467,-49.268935966,POINT (-49.268935966 -25.4641253467)
2014-05-19 22:21:50.000000,-25.4641253467,-49.268935966,POINT (-49.268935966 -25.4641253467)
2014-05-19 22:22:00.000000,-25.4641253467,-49.268935966,POINT (-49.268935966 -25.4641253467)
2014-05-19 22:22:10.000000,-25.4641253467,-49.268935966,POINT (-49.268935966 -25.4641253467)
2014-05-19 22:22:20.000000,-25.4641253467,-49.268935966,POINT (-49.268935966 -25.4641253467)
2014-05-19 22:22:30.000000,-25.4641253467,-49.268935966,POINT (-49.268935966 -25.4641253467)
2014-05-19 22:22:40.000000,-25.4641253467,-49.268935966,POINT (-49.268935966 -25.4641253467)
2014-05-19 22:22:50.000000,-25.4641253467,-49.268935966,POINT (-49.268935966 -25.4641253467)
2014-05-19 22:23:00.000000,-25.4641253467,-49.268935966,POINT (-49.268935966 -25.4641253467)
2014-05-19 22:23:10.000000,-25.4641253467,-49.268935966,POINT (-49.268935966 -25.4641253467)
2014-05-19 22:23:20.000000,-25.4641253467,-49.268935966,POINT (-49.268935966 -25.4641253467)
2014-05-19 22:23:30.000000,-25.4641253467,-49.268935966,POINT (-49.268935966 -25.4641253467)
2014-05-19 22:23:40.000000,-25.4641253467,-49.268935966,POINT (-49.268935966 -25.4641253467)
2014-05-19 22:23:50.000000,-25.4641253467,-49.268935966,POINT (-49.268935966 -25.4641253467)
2014-05-19 22:24:00.000000,-25.4641253467,-49.268935966,POINT (-49.268935966 -25.4641253467)
2014-05-19 22:24:10.000000,-25.4641253467,-49.268935966,POINT (-49.268935966 -25.4641253467)
2014-05-19 22:24:20.000000,-25.4641253467,-49.268935966,POINT (-49.268935966 -25.4641253467)
2014-05-19 22:24:30.000000,-25.4641253467,-49.268935966,POINT (-49.268935966 -25.4641253467)
2014-05-19 22:24:40.000000,-25.4641253467,-49.268935966,POINT (-49.268935966 -25.4641253467)
2014-05-19 22:24:50.000000,-25.4641253467,-49.268935966,POINT (-49.268935966 -25.4641253467)
2014-05-19 22:25:00.000000,-25.4641253467,-49.268935966,POINT (-49.268935966 -25.4641253467)
2014-05-19 22:25:10.000000,-25.4641253467,-49.268935966,POINT (-49.268935966 -25.4641253467)
2014-05-19 22:25:20.000000,-25.4641253467,-49.268935966,POINT (-49.268935966 -25.4641253467)
2014-05-19 22:25:30.000000,-25.4641253467,-49.268935966,POINT (-49.268935966 -25.4641253467)
2014-05-19 22:25:40.000000,-25.4641253467,-49.268935966,POINT (-49.268935966 -25.4641253467)
2014-05-19 22:25:50.000000,-25.4641253467,-49.268935966,POINT (-49.268935966 -25.4641253467)
2014-05-19 22:26:00.000000,-25.4641253467,-49.268935966,POINT (-49.268935966 -25.4641253467)
2014-05-19 22:26:10.000000,-25.4641253467,-49.268935966,POINT (-49.268935966 -25.4641253467)
2014-05-19 22:26:20.000000,-25.4641253467,-49.268935966,POINT (-49.268935966 -25.4641253467)
2014-05-19 22:26:30.000000,-25.4641253467,-49.268935966,POINT (-49.268935966 -25.4641253467)
2014-05-19 22:26:40.000000,-25.4641253467,-49.268935966,POINT (-49.268935966 -25.4641253467)
2014-05-19 22:26:50.000000,-25.4641253467,-49.268935966,POINT (-49.268935966 -25.4641253467)
2014-05-19 22:27:00.000000,-25.4641253467,-49.268935966,POINT (-49.268935966 -25.4641253467)
2014-05-19 22:27:10.000000,-25.4641253467,-49.268935966,POINT (-49.268935966 -25.4641253467)
2014-05-19 22:27:20.000000,-25.4641253467,-49.268935966,POINT (-49.268935966 -25.4641253467)
2014-05-19 22:27:30.000000,-25.4641253467,-49.268935966,POINT (-49.268935966 -25.4641253467)
2014-05-19 22:27:40.000000,-25.4641253467,-49.268935966,POINT (-49.268935966 -25.4641253467)
2014-05-19 22:27:50.000000,-25.4641253467,-49.268935966,POINT (-49.268935966 -25.4641253467)
2014-05-19 22:28:00.000000,-25.4641253467,-49.268935966,POINT (-49.268935966 -25.4641253467)
2014-05-19 22:28:10.000000,-25.4641253467,-49.268935966,POINT (-49.268935966 -25.4641253467)
2014-05-19 22:28:20.000000,-25.4641253467,-49.268935966,POINT (-49.268935966 -25.4641253467)
2014-05-19 22:28:30.000000,-25.4641253467,-49.268935966,POINT (-49.268935966 -25.4641253467)
2014-05-19 22:28:40.000000,-25.4641253467,-49.268935966,POINT (-49.268935966 -25.4641253467)
2014-05-19 22:28:50.000000,-25.4641253467,-49.268935966,POINT (-49.268935966 -25.4641253467)
2014-05-19 22:29:00.000000,-25.4641253467,-49.268935966,POINT (-49.268935966 -25.4641253467)
2014-05-19 22:29:10.000000,-25.4641253467,-49.268935966,POINT (-49.268935966 -25.4641253467)
2014-05-19 22:29:20.000000,-25.4641253467,-49.268935966,POINT (-49.268935966 -25.4641253467)
2014-05-19 22:29:30.000000,-25.4641253467,-49.268935966,POINT (-49.268935966 -25.4641253467)
2014-05-19 22:29:40.000000,-25.4641253467,-49.268935966,POINT (-49.268935966 -25.4641253467)
2014-05-19 22:29:50.000000,-25.4641253467,-49.268935966,POINT (-49.268935966 -25.4641253467)
2014-05-19 22:30:00.000000,-25.4641253467,-49.268935966,POINT (-49.268935966 -25.4641253467)
2014-05-19 22:30:10.000000,-25.4641253467,-49.268935966,POINT (-49.268935966 -25.4641253467)
2014-05-19 22:30:20.000000,-25.4641253467,-49.268935966,POINT (-49.268935966 -25.4641253467)
2014-05-19 22:30:30.000000,-25.4641253467,-49.268935966,POINT (-49.268935966 -25.4641253467)
2014-05-19 22:30:40.000000,-25.4641253467,-49.268935966,POINT (-49.268935966 -25.4641253467)
2014-05-19 22:30:50.000000,-25.4641253467,-49.268935966,POINT (-49.268935966 -25.4641253467)
2014-05-19 22:31:00.000000,-25.4641253467,-49.268935966,POINT (-49.268935966 -25.4641253467)
2014-05-19 22:31:10.000000,-25.4641253467,-49.268935966,POINT (-49.268935966 -25.4641253467)
2014-05-19 22:31:20.000000,-25.4641253467,-49.268935966,POINT (-49.268935966 -25.4641253467)
2014-05-19 22:31:30.000000,-25.4641253467,-49.268935966,POINT (-49.268935966 -25.4641253467)
2014-05-19 22:31:40.000000,-25.4641253467,-49.268935966,POINT (-49.268935966 -25.4641253467)
2014-05-19 22:31:50.000000,-25.4641253467,-49.268935966,POINT (-49.268935966 -25.4641253467)
2014-05-19 22:32:00.000000,-25.4641253467,-49.268935966,POINT (-49.268935966 -25.4641253467)
2014-05-19 22:32:10.000000,-25.4641253467,-49.268935966,POINT (-49.268935966 -25.4641253467)
2014-05-19 22:32:20.000000,-25.4641253467,-49.268935966,POINT (-49.268935966 -25.4641253467)
2014-05-19 22:32:30.000000,-25.4641253467,-49.268935966,POINT (-49.268935966 -25.4641253467)
2014-05-19 22:32:40.000000,-25.4641253467,-49.268935966,POINT (-49.268935966 -25.4641253467)
2014-05-19 22:32:50.000000,-25.4641253467,-49.268935966,POINT (-49.268935966 -25.4641253467)
2014-05-19 22:33:00.000000,-25.4641253467,-49.268935966,POINT (-49.268935966 -25.4641253467)
2014-05-19 22:33:10.000000,-25.4641253467,-49.268935966,POINT (-49.268935966 -25.4641253467)
2014-05-19 22:33:20.000000,-25.4641253467,-49.268935966,POINT (-49.268935966 -25.4641253467)
2014-05-19 22:33:30.000000,-25.4641253467,-49.268935966,POINT (-49.268935966 -25.4641253467)
2014-05-19 22:33:40.000000,-25.4641253467,-49.268935966,POINT (-49.268935966 -25.4641253467)
2014-05-19 22:33:50.000000,-25.4641253467,-49.268935966,POINT (-49.268935966 -25.4641253467)
2014-05-19 22:34:00.000000,-25.4641253467,-49.268935966,POINT (-49.268935966 -25.4641253467)
2014-05-19 22:34:10.000000,-25.4641253467,-49.268935966,POINT (-49.268935966 -25.4641253467)
2014-05-19 22:34:20.000000,-25.4641253467,-49.268935966,POINT (-49.268935966 -25.4641253467)
2014-05-19 22:34:30.000000,-25.4641253467,-49.268935966,POINT (-49.268935966 -25.4641253467)
2014-05-19 22:34:40.000000,-25.4641253467,-49.268935966,POINT (-49.268935966 -25.4641253467)
2014-05-19 22:34:50.000000,-25.4641253467,-49.268935966,POINT (-49.268935966 -25.4641253467)
2014-05-19 22:35:00.000000,-25.4641253467,-49.268935966,POINT (-49.268935966 -25.4641253467)
2014-05-19 22:35:10.000000,-25.4641253467,-49.268935966,POINT (-49.268935966 -25.4641253467)
2014-05-19 22:35:20.000000,-25.4641253467,-49.268935966,POINT (-49.268935966 -25.4641253467)
2014-05-19 22:35:30.000000,-25.4641253467,-49.268935966,POINT (-49.268935966 -25.4641253467)
2014-05-19 22:35:40.000000,-25.4641253467,-49.268935966,POINT (-49.268935966 -25.4641253467)
2014-05-19 22:35:50.000000,-25.4641253467,-49.268935966,POINT (-49.268935966 -25.4641253467)
2014-05-19 22:36:00.000000,-25.4641253467,-49.268935966,POINT (-49.268935966 -25.4641253467)
2014-05-19 22:36:10.000000,-25.4641253467,-49.268935966,POINT (-49.268935966 -25.4641253467)
2014-05-19 22:36:20.000000,-25.4641253467,-49.268935966,POINT (-49.268935966 -25.4641253467)
2014-05-19 22:36:30.000000,-25.4641253467,-49.268935966,POINT (-49.268935966 -25.4641253467)
2014-05-19 22:36:40.000000,-25.4641253467,-49.268935966,POINT (-49.268935966 -25.4641253467)
2014-05-19 22:36:50.000000,-25.4641253467,-49.268935966,POINT (-49.268935966 -25.4641253467)
2014-05-19 22:37:00.000000,-25.4641253467,-49.268935966,POINT (-49.268935966 -25.4641253467)
2014-05-19 22:37:10.000000,-25.4641253467,-49.268935966,POINT (-49.268935966 -25.4641253467)
2014-05-19 22:37:20.000000,-25.4641253467,-49.268935966,POINT (-49.268935966 -25.4641253467)
2014-05-19 22:37:30.000000,-25.4641253467,-49.268935966,POINT (-49.268935966 -25.4641253467)
2014-05-19 22:37:40.000000,-25.4641253467,-49.268935966,POINT (-49.268935966 -25.4641253467)
2014-05-19 22:37:50.000000,-25.4641253467,-49.268935966,POINT (-49.268935966 -25.4641253467)
2014-05-19 22:38:00.000000,-25.4641253467,-49.268935966,POINT (-49.268935966 -25.4641253467)
2014-05-19 22:38:10.000000,-25.4641253467,-49.268935966,POINT (-49.268935966 -25.4641253467)
2014-05-19 22:38:20.000000,-25.4641253467,-49.268935966,POINT (-49.268935966 -25.4641253467)
2014-05-19 22:38:30.000000,-25.4641253467,-49.268935966,POINT (-49.268935966 -25.4641253467)
2014-05-19 22:38:40.000000,-25.4641253467,-49.268935966,POINT (-49.268935966 -25.4641253467)
2014-05-19 22:38:50.000000,-25.4641253467,-49.268935966,POINT (-49.268935966 -25.4641253467)
2014-05-19 22:39:00.000000,-25.4641253467,-49.268935966,POINT (-49.268935966 -25.4641253467)
2014-05-19 22:39:10.000000,-25.4641253467,-49.268935966,POINT (-49.268935966 -25.4641253467)
2014-05-19 22:39:20.000000,-25.4641253467,-49.268935966,POINT (-49.268935966 -25.4641253467)
2014-05-19 22:39:30.000000,-25.4641253467,-49.268935966,POINT (-49.268935966 -25.4641253467)
2014-05-19 22:39:40.000000,-25.4641253467,-49.268935966,POINT (-49.268935966 -25.4641253467)
2014-05-19 22:39:50.000000,-25.4641253467,-49.268935966,POINT (-49.268935966 -25.4641253467)
2014-05-19 22:40:00.000000,-25.4641253467,-49.268935966,POINT (-49.268935966 -25.4641253467)
2014-05-19 22:40:10.000000,-25.4641253467,-49.268935966,POINT (-49.268935966 -25.4641253467)
2014-05-19 22:40:20.000000,-25.4641253467,-49.268935966,POINT (-49.268935966 -25.4641253467)
2014-05-19 22:40:30.000000,-25.4641253467,-49.268935966,POINT (-49.268935966 -25.4641253467)
2014-05-19 22:40:40.000000,-25.4641253467,-49.268935966,POINT (-49.268935966 -25.4641253467)
2014-05-19 22:40:50.000000,-25.4641253467,-49.268935966,POINT (-49.268935966 -25.4641253467)
2014-05-19 22:41:00.000000,-25.4641253467,-49.268935966,POINT (-49.268935966 -25.4641253467)
2014-05-19 22:41:10.000000,-25.4641253467,-49.268935966,POINT (-49.268935966 -25.4641253467)
2014-05-19 22:41:20.000000,-25.4641253467,-49.268935966,POINT (-49.268935966 -25.4641253467)
2014-05-19 22:41:30.000000,-25.4641253467,-49.268935966,POINT (-49.268935966 -25.4641253467)
2014-05-19 22:41:40.000000,-25.4641253467,-49.268935966,POINT (-49.268935966 -25.4641253467)
2014-05-19 22:41:50.000000,-25.4641253467,-49.268935966,POINT (-49.268935966 -25.4641253467)
2014-05-19 22:42:00.000000,-25.4641253467,-49.268935966,POINT (-49.268935966 -25.4641253467)
2014-05-19 22:42:10.000000,-25.4641253467,-49.268935966,POINT (-49.268935966 -25.4641253467)
2014-05-19 22:42:20.000000,-25.4641253467,-49.268935966,POINT (-49.268935966 -25.4641253467)
2014-05-19 22:42:30.000000,-25.4641253467,-49.268935966,POINT (-49.268935966 -25.4641253467)
2014-05-19 22:42:40.000000,-25.4641253467,-49.268935966,POINT (-49.268935966 -25.4641253467)
2014-05-19 22:42:50.000000,-25.4641253467,-49.268935966,POINT (-49.268935966 -25.4641253467)
2014-05-19 22:43:00.000000,-25.4641253467,-49.268935966,POINT (-49.268935966 -25.4641253467)
2014-05-19 22:43:10.000000,-25.4641253467,-49.268935966,POINT (-49.268935966 -25.4641253467)
2014-05-19 22:43:20.000000,-25.4641253467,-49.268935966,POINT (-49.268935966 -25.4641253467)
2014-05-19 22:43:30.000000,-25.4641253467,-49.268935966,POINT (-49.268935966 -25.4641253467)
2014-05-19 22:43:40.000000,-25.4641253467,-49.268935966,POINT (-49.268935966 -25.4641253467)
2014-05-19 22:43:50.000000,-25.4641253467,-49.268935966,POINT (-49.268935966 -25.4641253467)
2014-05-19 22:44:00.000000,-25.4641253467,-49.268935966,POINT (-49.268935966 -25.4641253467)
2014-05-19 22:44:10.000000,-25.4641253467,-49.268935966,POINT (-49.268935966 -25.4641253467)
2014-05-19 22:44:20.000000,-25.4641253467,-49.268935966,POINT (-49.268935966 -25.4641253467)
2014-05-19 22:44:30.000000,-25.4641253467,-49.268935966,POINT (-49.268935966 -25.4641253467)
2014-05-19 22:44:40.000000,-25.4641253467,-49.268935966,POINT (-49.268935966 -25.4641253467)
2014-05-19 22:44:50.000000,-25.4641253467,-49.268935966,POINT (-49.268935966 -25.4641253467)
2014-05-19 22:45:00.000000,-25.4641253467,-49.268935966,POINT (-49.268935966 -25.4641253467)
2014-05-19 22:45:10.000000,-25.4641253467,-49.268935966,POINT (-49.268935966 -25.4641253467)
2014-05-19 22:45:20.000000,-25.4641253467,-49.268935966,POINT (-49.268935966 -25.4641253467)
2014-05-19 22:45:30.000000,-25.4641253467,-49.268935966,POINT (-49.268935966 -25.4641253467)
2014-05-19 22:45:40.000000,-25.4641253467,-49.268935966,POINT (-49.268935966 -25.4641253467)
2014-05-19 22:45:50.000000,-25.4641253467,-49.268935966,POINT (-49.268935966 -25.4641253467)
2014-05-19 22:46:00.000000,-25.4641253467,-49.268935966,POINT (-49.268935966 -25.4641253467)
2014-05-19 22:46:10.000000,-25.4641253467,-49.268935966,POINT (-49.268935966 -25.4641253467)
2014-05-19 22:46:20.000000,-25.4641253467,-49.268935966,POINT (-49.268935966 -25.4641253467)
2014-05-19 22:46:30.000000,-25.4641253467,-49.268935966,POINT (-49.268935966 -25.4641253467)
2014-05-19 22:46:40.000000,-25.4641253467,-49.268935966,POINT (-49.268935966 -25.4641253467)
2014-05-19 22:46:50.000000,-25.4641253467,-49.268935966,POINT (-49.268935966 -25.4641253467)
2014-05-19 22:47:00.000000,-25.4641253467,-49.268935966,POINT (-49.268935966 -25.4641253467)
2014-05-19 22:47:10.000000,-25.4641253467,-49.268935966,POINT (-49.268935966 -25.4641253467)
2014-05-19 22:47:20.000000,-25.4641253467,-49.268935966,POINT (-49.268935966 -25.4641253467)
2014-05-19 22:47:30.000000,-25.4641253467,-49.268935966,POINT (-49.268935966 -25.4641253467)
2014-05-19 22:47:40.000000,-25.4641253467,-49.268935966,POINT (-49.268935966 -25.4641253467)
2014-05-19 22:47:50.000000,-25.4641253467,-49.268935966,POINT (-49.268935966 -25.4641253467)
2014-05-19 22:48:00.000000,-25.4641253467,-49.268935966,POINT (-49.268935966 -25.4641253467)
2014-05-19 22:48:10.000000,-25.4641253467,-49.268935966,POINT (-49.268935966 -25.4641253467)
2014-05-19 22:48:20.000000,-25.4641253467,-49.268935966,POINT (-49.268935966 -25.4641253467)
2014-05-19 22:48:30.000000,-25.4641253467,-49.268935966,POINT (-49.268935966 -25.4641253467)
2014-05-19 22:48:40.000000,-25.4641253467,-49.268935966,POINT (-49.268935966 -25.4641253467)
2014-05-19 22:48:50.000000,-25.4641253467,-49.268935966,POINT (-49.268935966 -25.4641253467)
2014-05-19 22:49:00.000000,-25.4641253467,-49.268935966,POINT (-49.268935966 -25.4641253467)
2014-05-19 22:49:10.000000,-25.4641253467,-49.268935966,POINT (-49.268935966 -25.4641253467)
2014-05-19 22:49:20.000000,-25.4641253467,-49.268935966,POINT (-49.268935966 -25.4641253467)
2014-05-19 22:49:30.000000,-25.4641253467,-49.268935966,POINT (-49.268935966 -25.4641253467)
2014-05-19 22:49:40.000000,-25.4641253467,-49.268935966,POINT (-49.268935966 -25.4641253467)
2014-05-19 22:49:50.000000,-25.4641253467,-49.268935966,POINT (-49.268935966 -25.4641253467)
2014-05-19 22:50:00.000000,-25.4641253467,-49.268935966,POINT (-49.268935966 -25.4641253467)
2014-05-19 22:50:10.000000,-25.4641253467,-49.268935966,POINT (-49.268935966 -25.4641253467)
2014-05-19 22:50:20.000000,-25.4641253467,-49.268935966,POINT (-49.268935966 -25.4641253467)
2014-05-19 22:50:30.000000,-25.4641253467,-49.268935966,POINT (-49.268935966 -25.4641253467)
2014-05-19 22:50:40.000000,-25.4641253467,-49.268935966,POINT (-49.268935966 -25.4641253467)
2014-05-19 22:50:50.000000,-25.4641253467,-49.268935966,POINT (-49.268935966 -25.4641253467)
2014-05-19 22:51:00.000000,-25.4641253467,-49.268935966,POINT (-49.268935966 -25.4641253467)
2014-05-19 22:51:10.000000,-25.4641253467,-49.268935966,POINT (-49.268935966 -25.4641253467)
2014-05-19 22:51:20.000000,-25.4641253467,-49.268935966,POINT (-49.268935966 -25.4641253467)
2014-05-19 22:51:30.000000,-25.4641253467,-49.268935966,POINT (-49.268935966 -25.4641253467)
2014-05-19 22:51:40.000000,-25.4641253467,-49.268935966,POINT (-49.268935966 -25.4641253467)
2014-05-19 22:51:50.000000,-25.4641253467,-49.268935966,POINT (-49.268935966 -25.4641253467)
2014-05-19 22:52:00.000000,-25.4641253467,-49.268935966,POINT (-49.268935966 -25.4641253467)
2014-05-19 22:52:10.000000,-25.4641253467,-49.268935966,POINT (-49.268935966 -25.4641253467)
2014-05-19 22:52:20.000000,-25.4641253467,-49.268935966,POINT (-49.268935966 -25.4641253467)
2014-05-19 22:52:30.000000,-25.4641253467,-49.268935966,POINT (-49.268935966 -25.4641253467)
2014-05-19 22:52:40.000000,-25.4641253467,-49.268935966,POINT (-49.268935966 -25.4641253467)
2014-05-19 22:52:50.000000,-25.4641253467,-49.268935966,POINT (-49.268935966 -25.4641253467)
2014-05-19 22:53:00.000000,-25.4641253467,-49.268935966,POINT (-49.268935966 -25.4641253467)
2014-05-19 22:53:10.000000,-25.4641253467,-49.268935966,POINT (-49.268935966 -25.4641253467)
2014-05-19 22:53:20.000000,-25.4641253467,-49.268935966,POINT (-49.268935966 -25.4641253467)
2014-05-19 22:53:30.000000,-25.4641253467,-49.268935966,POINT (-49.268935966 -25.4641253467)
2014-05-19 22:53:40.000000,-25.4641253467,-49.268935966,POINT (-49.268935966 -25.4641253467)
2014-05-19 22:53:50.000000,-25.4641253467,-49.268935966,POINT (-49.268935966 -25.4641253467)
2014-05-19 22:54:00.000000,-25.4641253467,-49.268935966,POINT (-49.268935966 -25.4641253467)
2014-05-19 22:54:10.000000,-25.4641253467,-49.268935966,POINT (-49.268935966 -25.4641253467)
2014-05-19 22:54:20.000000,-25.4641253467,-49.268935966,POINT (-49.268935966 -25.4641253467)
2014-05-19 22:54:30.000000,-25.4641253467,-49.268935966,POINT (-49.268935966 -25.4641253467)
2014-05-19 22:54:40.000000,-25.4641253467,-49.268935966,POINT (-49.268935966 -25.4641253467)
2014-05-19 22:54:50.000000,-25.4641253467,-49.268935966,POINT (-49.268935966 -25.4641253467)
2014-05-19 22:55:00.000000,-25.4641253467,-49.268935966,POINT (-49.268935966 -25.4641253467)
2014-05-19 22:55:10.000000,-25.4641253467,-49.268935966,POINT (-49.268935966 -25.4641253467)
2014-05-19 22:55:20.000000,-25.4641253467,-49.268935966,POINT (-49.268935966 -25.4641253467)
2014-05-19 22:55:30.000000,-25.4641253467,-49.268935966,POINT (-49.268935966 -25.4641253467)
2014-05-19 22:55:40.000000,-25.4641253467,-49.268935966,POINT (-49.268935966 -25.4641253467)
2014-05-19 22:55:50.000000,-25.4641253467,-49.268935966,POINT (-49.268935966 -25.4641253467)
2014-05-19 22:56:00.000000,-25.4641253467,-49.268935966,POINT (-49.268935966 -25.4641253467)
2014-05-19 22:56:10.000000,-25.4641253467,-49.268935966,POINT (-49.268935966 -25.4641253467)
2014-05-19 22:56:20.000000,-25.4641253467,-49.268935966,POINT (-49.268935966 -25.4641253467)
2014-05-19 22:56:30.000000,-25.4641253467,-49.268935966,POINT (-49.268935966 -25.4641253467)
2014-05-19 22:56:40.000000,-25.4641253467,-49.268935966,POINT (-49.268935966 -25.4641253467)
2014-05-19 22:56:50.000000,-25.4641253467,-49.268935966,POINT (-49.268935966 -25.4641253467)
2014-05-19 22:57:00.000000,-25.4641253467,-49.268935966,POINT (-49.268935966 -25.4641253467)
2014-05-19 22:57:10.000000,-25.4641253467,-49.268935966,POINT (-49.268935966 -25.4641253467)
2014-05-19 22:57:20.000000,-25.4641253467,-49.268935966,POINT (-49.268935966 -25.4641253467)
2014-05-19 22:57:30.000000,-25.4641253467,-49.268935966,POINT (-49.268935966 -25.4641253467)
2014-05-19 22:57:40.000000,-25.4641253467,-49.268935966,POINT (-49.268935966 -25.4641253467)
2014-05-19 22:57:50.000000,-25.4641253467,-49.268935966,POINT (-49.268935966 -25.4641253467)
2014-05-19 22:58:00.000000,-25.4641253467,-49.268935966,POINT (-49.268935966 -25.4641253467)
2014-05-19 22:58:10.000000,-25.4641253467,-49.268935966,POINT (-49.268935966 -25.4641253467)
2014-05-19 22:58:20.000000,-25.4641253467,-49.268935966,POINT (-49.268935966 -25.4641253467)
2014-05-19 22:58:30.000000,-25.4641253467,-49.268935966,POINT (-49.268935966 -25.4641253467)
2014-05-19 22:58:40.000000,-25.4641253467,-49.268935966,POINT (-49.268935966 -25.4641253467)
2014-05-19 22:58:50.000000,-25.4641253467,-49.268935966,POINT (-49.268935966 -25.4641253467)
2014-05-19 22:59:00.000000,-25.4641253467,-49.268935966,POINT (-49.268935966 -25.4641253467)
2014-05-19 22:59:10.000000,-25.4641253467,-49.268935966,POINT (-49.268935966 -25.4641253467)
2014-05-19 22:59:20.000000,-25.4641253467,-49.268935966,POINT (-49.268935966 -25.4641253467)
2014-05-19 22:59:30.000000,-25.4641253467,-49.268935966,POINT (-49.268935966 -25.4641253467)
2014-05-19 22:59:40.000000,-25.4641253467,-49.268935966,POINT (-49.268935966 -25.4641253467)
2014-05-19 22:59:50.000000,-25.4641253467,-49.268935966,POINT (-49.268935966 -25.4641253467)
